id_bips,ministerio,servicio,nombre_programa,presupuesto_2026_m$,variacion_presupuesto_2025_2026_pct,asignacion,antecedentes_generales,poblacion,descripcion,genero_y_cambio_climatico,motivo_variacion_presupuestaria,monitoreo_y_evaluacion
60266,Interior,Subsecretaría Desarrollo Regional y Administrativo,Fortalecimiento de la Gestión Municipal,0,-100.0,"05-05-02-24-03-602 MUNICIPALIDADES (PROGRAMA DE MODERNIZACIÓN)
05-05-02-24-09-034 PROGRAMA DE APOYO AL MEJORAMIENTO DE LA GESTIÓN Y DE SERVICIOS MUNICIPALES","Ministerio: Interior.
Servicio: Subsecretaría Desarrollo Regional y Administrativo.
Variación Presupuesto 2025-2026: -100%.
Presupuesto 2026: M$ 0.",Todos los municipios del país.,"El programa aborda brechas en la gestión y calidad de los servicios municipales, especialmente en comunas semiurbanas y rurales. Lo hace mediante asistencia técnica, financiamiento de proyectos concursables y capacitaciones, priorizando áreas como residuos, seguridad, espacios públicos y trámites. Con estas acciones, municipios y asociaciones mejoran la provisión de servicios, optimizan recursos y fortalecen su capacidad de gestión local.","Perspectiva de género: declara que no incorpora medidas.

Cambio climático: declara que no incorpora acciones.",El cierre del programa se da por una repriorización que realiza el servicio en el marco de un escenario de convergencia fiscal.,"Evaluación ex ante: no tiene en los últimos tres años.

Monitoreo 2024: sin hallazgos.

Evaluación ex post: no tiene en los últimos tres años

"
133148,Interior,Subsecretaría Desarrollo Regional y Administrativo,Programa Servicio de Atención Especializada (SATE),0,-100.0,05-05-03-24-09-407 SERVICIO ASISTENCIA TÉCNICA ESPECIALIZADA SATE,"Ministerio: Interior.
Servicio: Subsecretaría Desarrollo Regional y Administrativo.
Variación Presupuesto 2025-2026: -100%.
Presupuesto 2026: M$ 0.","Organismos subnacionales responsables de planificar, gestionar y ejecutar proyectos de inversión local, como municipalidades y gobiernos regionales.","El programa aborda el bajo nivel de inversión local en organismos subnacionales. A través del Servicio de Asistencias Técnicas Especializadas (SATE), se asignan profesionales que apoyan a municipios y gobiernos regionales en la formulación de proyectos, gestión y financiamiento de iniciativas. Así, los organismos fortalecen sus capacidades y aumentan sostenidamente su inversión local.","Perspectiva de género: declara que no incorpora medidas.

Cambio climático: declara que no incorpora acciones.",El cierre del programa se da por una repriorización que realiza el servicio en el marco de un escenario de convergencia fiscal.,"Evaluación ex ante: en formulación presupuestaria 2024 Recomendado Favorablemente (RF).

Monitoreo 2024: presentó hallazgos en la dimensión eficiencia.

Evaluación ex post: no tiene en los últimos tres años

"
73069,Educación,Subsecretaría de Educación Parvularia,Fondo Concursable de Fomento a la Innovación en Educación Parvularia,0,-100.0,09-04-01-24-03-025 PROGRAMAS DE APOYO A LA EDUCACIÓN PARVULARIA,"Ministerio: Educación.
Servicio: Subsecretaría de Educación Parvularia.
Variación Presupuesto 2025-2026: -100%.
Presupuesto 2026: M$ 0.",Establecimientos educativos con financiamiento estatal que imparten el nivel de educación parvularia.,"El Fondo busca abordar las deficiencias en innovación educativa en establecimientos que imparten educación parvularia financiados por el Estado, mediante financiamiento concursable para proyectos de innovación diseñados por los equipos pedagógicos y asistencia técnica para su ejecución. Con ello, los establecimientos cuentan con iniciativas pertinentes a su contexto que enriquecen los procesos educativos.","Perspectiva de género: declara que sí incorpora medidas indirectas.

Cambio climático: declara que no incorpora acciones.",La disminución se debe a la supresión del Fondo de Apoyo a la Educación Parvularia.,"Evaluación ex ante: no tiene en los últimos tres años.

Monitoreo 2024: presentó hallazgos en la dimensión eficiencia.

Evaluación ex post: no tiene en los últimos tres años

"
513,Educación,Junta Nacional de Auxilio Escolar y Becas,Beca de Apoyo a la Retención Escolar (Programa de Educación Media),0,-100.0,09-09-03-24-01-260 BECAS DE APOYO Y RETENCIÓN ESCOLAR,"Ministerio: Educación.
Servicio: Junta Nacional de Auxilio Escolar y Becas.
Variación Presupuesto 2025-2026: -100%.
Presupuesto 2026: M$ 0.","Estudiantes de enseñanza media con 70% de índice de vulnerabilidad multidimensional, matriculados en establecimientos subvencionados por el Estado.","El programa busca disminuir la deserción de estudiantes de enseñanza media en situación de vulnerabilidad socioeconómica, matriculados en establecimientos subvencionados por el Estado, a través de la entrega de apoyo económico para su mantención. Además, entrega acompañamiento coordinado con los equipos de los establecimientos, para favorecer la permanencia en el sistema escolar y el desarrollo de trayectorias educativas.","Perspectiva de género: declara que no incorpora medidas.

Cambio climático: declara que no incorpora acciones.",La disminución se debe a que la beca está en extinción.,"Evaluación ex ante: en formulación presupuestaria 2025 Recomendado Favorablemente (RF).

Monitoreo 2024: presentó hallazgos en la dimensión eficiencia.

Evaluación ex post: no tiene en los últimos tres años

"
59995,Educación,Subsecretaría de Educación Superior,Educación Superior Regional,0,-100.0,"09-90-02-24-03-213 EDUCACIÓN SUPERIOR REGIONAL
09-90-02-33-03-404 EDUCACIÓN SUPERIOR REGIONAL
09-90-03-24-01-213 EDUCACIÓN SUPERIOR REGIONAL
09-90-03-33-01-404 EDUCACIÓN SUPERIOR REGIONAL","Ministerio: Educación.
Servicio: Subsecretaría de Educación Superior.
Variación Presupuesto 2025-2026: -100%.
Presupuesto 2026: M$ 0.",Instituciones de educación superior cuya casa central se ubica fuera de la Región Metropolitana.,"El programa busca que instituciones de educación superior con casa central fuera de la Región Metropolitana fortalezcan sus capacidades institucionales mediante convenios focalizados que financian proyectos en investigación, innovación, desarrollo cultural y áreas de pertinencia local. La asignación, definida en la Ley de Presupuestos, se transfiere vía acto administrativo de distribución. Las instituciones deben presentar proyectos con objetivos, hitos y actividades, y suscribir convenio con el Mineduc.","Perspectiva de género: declara que sí incorpora medidas indirectas.

Cambio climático: declara que no incorpora acciones.","El cierre obedece a los hallazgos que surgieron en la evaluación en la línea EPG, entre ellos la ausencia de una definición clara del problema público que busca resolver, así como también aspectos de cobertura, falta de focalización efectiva, entre otros.","Evaluación ex ante: no tiene en los últimos tres años.

Monitoreo 2024: presentó hallazgos en la dimensión eficacia.

Evaluación ex post: EPG en 2025 clasificado en Mal desempeño.

"
63354,Educación,Subsecretaría de Educación Superior,Pasantía de Perfeccionamiento de Competencias Técnicas - Técnicos para Chile,0,-100.0,09-90-03-24-01-204 PASANTÍAS TÉCNICOS NIVEL SUPERIOR,"Ministerio: Educación.
Servicio: Subsecretaría de Educación Superior.
Variación Presupuesto 2025-2026: -100%.
Presupuesto 2026: M$ 0.","Personas con título de técnico de nivel superior o con título profesional sin licenciatura, reconocidos por el sistema de educación superior.","El programa busca que técnicos de nivel superior, profesionales sin licenciatura y docentes de la formación técnico-profesional mejoren sus competencias mediante becas de pasantía en instituciones extranjeras. Se financian pasajes, manutención, matrícula y seguros, además de la etapa de retribución en Chile. Con ello se fortalece la calidad de la formación técnico-profesional y la actualización de capacidades docentes y técnicas a nivel nacional.","Perspectiva de género: declara que no incorpora medidas.

Cambio climático: declara que no incorpora acciones.","Se elimina la asignación por su baja ejecución (10% promedio en 4 años), vinculada a la limitada disponibilidad de convocatorias de pasantías para que los potenciales beneficiarios postulen.","Evaluación ex ante: no tiene en los últimos tres años.

Monitoreo 2024: presentó hallazgos en las dimensiones eficiencia y eficacia.

Evaluación ex post: no tiene en los últimos tres años

"
87110,Seguridad Pública,Subsecretaría de Seguridad Pública,Programa Estadio Seguro,0,-100.0,32-01-01-24-09-018 PROGRAMA ESTADIO SEGURO,"Ministerio: Seguridad Pública.
Servicio: Subsecretaría de Seguridad Pública.
Variación Presupuesto 2025-2026: -100%.
Presupuesto 2026: M$ 0.",Comunas con al menos una asociación o equipo afiliado a la Asociación Nacional de Fútbol Profesional o a la Asociación Nacional de Fútbol Amateur.,"El programa busca supervisar el cumplimiento de la Ley N° 19.327 en espectáculos de fútbol profesional. Para ello refuerza la seguridad y convivencia en los estadios, coordina a organizadores y autoridades, entrega asesoría técnica-jurídica y promueve formación en ciudadanía deportiva. Con estas acciones se favorece una cultura de seguridad, bienestar y respeto en el fútbol profesional.","Perspectiva de género: declara que no incorpora medidas.

Cambio climático: declara que no incorpora acciones.",El cierre de este programa fue solicitado por la Subsecretaría de Seguridad Pública sobre la base de la mala evaluación que ha tenido.,"Evaluación ex ante: no tiene en los últimos tres años.

Monitoreo 2024: presentó hallazgos en la dimensión eficacia.

Evaluación ex post: no tiene en los últimos tres años

"
149589,Seguridad Pública,Subsecretaría de Prevención del Delito,Piloto - Reforzamiento Integral y Preventivo en Barrios,0,-100.0,32-02-01-24-03-201 PROGRAMA PILOTO PREVENCIÓN DE LA VIOLENCIA,"Ministerio: Seguridad Pública.
Servicio: Subsecretaría de Prevención del Delito.
Variación Presupuesto 2025-2026: -100%.
Presupuesto 2026: M$ 0.",Todos los barrios del país.,"El programa busca que barrios del país disminuyan los niveles de delitos vinculados a niñez, adolescencia y juventud, a través de bienes y servicios especializados. Se implementa mediante la integración social, orientado a fortalecer la cohesión comunitaria, y al acompañamiento especializado, que entrega apoyo directo a niños, niñas y jóvenes en riesgo, con lo que contribuye a la reducción sostenida de la delincuencia barrial.","Perspectiva de género: declara que sí incorpora medidas indirectas.

Cambio climático: declara que no incorpora acciones.",La disminución se debe a la priorización que realiza el servicio en el marco de un escenario de convergencia fiscal.,"Evaluación ex ante: en formulación presupuestaria 2025 Recomendado Favorablemente (RF).

Monitoreo 2024: presentó hallazgos en la dimensión eficiencia.

Evaluación ex post: no tiene en los últimos tres años

"
134048,Educación,Subsecretaría de Educación,Plan Nacional de Tutorías,0,-100.0,"09-01-03-24-09-906 PLAN NACIONAL DE TUTORÍAS, APRENDIZAJES FUNDAMENTALES Y CONVIVENCIA ESCOLAR (PLAN DE REACTIVACIÓN EDUCATIVA)","Ministerio: Educación.
Servicio: Subsecretaría de Educación.
Variación Presupuesto 2025-2026: -100%.
Presupuesto 2026: M$ 0.","Niños, niñas y jóvenes estudiantes de 3º básico a IV medio que tengan la categoría de prioritario según la Ley 20.24","El programa busca que estudiantes que presentan rezagos significativos de aprendizaje por la pandemia, mediante tutorías para acelerar sus aprendizajes y capacitación de tutores en acompañamiento personalizado.","Perspectiva de género: declara que sí incorpora medidas directas.

Cambio climático: declara que no incorpora acciones.",La eliminación del programa responde al fin del impulso del plan de reactivación educativa. Parte de los recursos se redistribuye a las asignaciones de Asesoría y Apoyo a la Educación Escolar.,"Evaluación ex ante: en formulación presupuestaria 2024 Recomendado Favorablemente (RF).

Monitoreo 2024: presentó hallazgos en las dimensiones eficiencia y eficacia.

Evaluación ex post: no tiene en los últimos tres años

"
87121,Relaciones Exteriores,Instituto Antártico Chileno,Desarrollo de la Ciencia Antártica Concursable,0,-100.0,"06-04-01-24-03-045 DESARROLLO DE LA CIENCIA ANTÁRTICA CONCURSABLE
06-04-01-24-08-045 DESARROLLO DE LA CIENCIA ANTÁRTICA CONCURSABLE","Ministerio: Relaciones Exteriores.
Servicio: Instituto Antártico Chileno.
Variación Presupuesto 2025-2026: -100%.
Presupuesto 2026: M$ 0.","Científicos de universidades y centros de investigación nacionales y estudiantes de posgrado, interesados en desarrollar investigación sobre temas antárticos. Caracterización.","El programa busca incrementar la investigación científica de calidad vinculada al Territorio Chileno Antártico, generando productos científicos tangibles; tales como publicaciones en revistas científicas de corriente principal (Web of Science, ex ISI), tesis de postgrado, patentes, etc. Con ello, se espera generar nuevos conocimientos y aplicaciones, así como aumentar la cooperación internacional en materia de ciencia antártica.","Perspectiva de género: declara que sí incorpora medidas indirectas.

Cambio climático: declara que sí incorpora acciones de adaptación.","Este programa se fusiona con ""Tesis antártica"" quedando ambos contenidos en la asignación “Desarrollo de la Ciencia Antártica Concursable y Tesis Antárticas” . La Comisión para Reformas Estructurales al Gasto Público incluyó en su propuesta descontinuarlo o fusionarlo.","Evaluación ex ante: en formulación presupuestaria 2026 Recomendado Favorablemente (RF).

Monitoreo 2024: presentó hallazgos en la dimensión eficiencia.

Evaluación ex post: no tiene en los últimos tres años

"
87122,Relaciones Exteriores,Instituto Antártico Chileno,Tesis Antárticas,0,-100.0,"06-04-01-24-03-047 TESIS ANTÁRTICAS
06-04-01-24-08-047 TESIS ANTÁRTICAS","Ministerio: Relaciones Exteriores.
Servicio: Instituto Antártico Chileno.
Variación Presupuesto 2025-2026: -100%.
Presupuesto 2026: M$ 0.",Estudiantes de postgrado de magíster y doctorado de universidades chilenas en programas acreditados. ,"El programa aborda el desarrollo científico sobre temas antárticos para incrementar la masa crítica de científicos especializados, nacionales, menores de 40 años. Para ello, financia la realización de tesis de postgrado (magíster y doctorado) en temáticas antárticas, mediante concurso públicos. Adicionalmente, los y las tesistas que viajan a la Antártica reciben apoyo logístico del INACH para la ejecución de sus actividades.","Perspectiva de género: declara que sí incorpora medidas indirectas.

Cambio climático: declara que sí incorpora acciones de adaptación.","Este programa se fusiona con ""Desarrollo de la Ciencia Antártica Concursable"" quedando ambos contenidos en la asignación “Desarrollo de la Ciencia Antártica Concursable y Tesis Antárticas” . La Comisión para Reformas Estructurales al Gasto Público incluyó en su propuesta descontinuarlo o fusionarlo.","Evaluación ex ante: no tiene en los últimos tres años.

Monitoreo 2024: presentó hallazgos en las dimensiones eficiencia, eficacia y focalización.

Evaluación ex post: no tiene en los últimos tres años

"
87259,Agricultura,Subsecretaria de Agricultura,Agencia Chilena para la Inocuidad Alimentaria,364686,-9.565316583138872,13-01-01-24-01-359 AGENCIA CHILENA PARA LA INOCUIDAD ALIMENTARIA,"Ministerio: Agricultura.
Servicio: Subsecretaria de Agricultura.
Variación Presupuesto 2025-2026: -9,6%
Presupuesto 2026: M$ 364.686.","Organizaciones de la industria alimentaria tales como elaboradores de alimentos, proveedores de insumos o materias primas y prestadores de servicios como laboratorios de análisis y asesorías en aseguramiento de inocuidad y calidad.","La Agencia contribuye a disminuir riesgos alimentarios. Para ello, analiza y genera información sobre la gestión de tales riesgos, diseña e implementa el modelo institucional de articulación e integración del Sistema Nacional de Inocuidad y Calidad Alimentaria, y actúa en representación de Chile en estas materias a nivel internacional.","Perspectiva de género: declara que no incorpora medidas.

Cambio climático: declara que no incorpora acciones.",La disminución se debe al traspaso de un honorario a contrata. La Comisión para Reformas Estructurales al Gasto Público propuso revisar el programa.,"Evaluación ex ante: no tiene en los últimos tres años.

Monitoreo 2024: presentó hallazgos en las dimensiones eficiencia, eficacia y focalización.

Evaluación ex post: no tiene en los últimos tres años

"
66524,Medio Ambiente,Subsecretaría de Medio Ambiente,Fondo del Reciclaje,0,-100.0,25-01-01-24-03-017 FONDO DEL RECICLAJE,"Ministerio: Medio Ambiente.
Servicio: Subsecretaría de Medio Ambiente.
Variación Presupuesto 2025-2026: -100%.
Presupuesto 2026: M$ 0.",Está dirigido a las comunas del país," El programa busca aumentar las acciones de recuperación de residuos en municipios para la reutilización, reciclaje y valorización energética. Para ello, financia proyectos a municipalidades que pueden ser de sensibilización ciudadana, promoción del conocimiento técnico municipal y de recicladores de base e implementación de proyectos de infraestructura y equipamiento para reciclaje.","Perspectiva de género: declara que no incorpora medidas.

Cambio climático: declara que no incorpora acciones.","El cierre de este programa se debe a una subejecución de su presupuesto (49%) y que empeora su indicador (-5%). La Comisión Asesora para Reformas Estructurales al Gasto Público propuso revisar este programa.
","Evaluación ex ante: no tiene en los últimos tres años.

Monitoreo 2024: presentó hallazgos en las dimensiones eficiencia y eficacia.

Evaluación ex post: no tiene en los últimos tres años

"
87177,"Economía, Fomento y Turismo",Corporación de Fomento de la Producción,Acelera,0,-100.0,07-06-01-24-08-021 PROGRAMA TERRITORIAL Y DE REDES,"Ministerio: Economía, Fomento y Turismo.
Servicio: Corporación de Fomento de la Producción.
Variación Presupuesto 2025-2026: -100%.
Presupuesto 2026: M$ 0.",Empresas de giro no comercial ubicadas en territorios funcionales en condición de rezago,"El programa tiene como propósito que empresas ubicadas en territorios funcionales en condición de rezago, aprovechen oportunidades de negocios al integrarlas a la red de fomento productivo, entregarles asesoría empresarial mediante talleres y acompañamiento técnico.","Perspectiva de género: declara que no incorpora medidas.

Cambio climático: declara que no incorpora acciones.",El Servicio decidió descontinuar este programa para el 2026. La Comisión para Reformas Estructurales al Gasto Público incluyó en su propuesta descontinuarlo.,"Evaluación ex ante: no tiene en los últimos tres años.

Monitoreo 2024: sin hallazgos.

Evaluación ex post: no tiene en los últimos tres años

"
57685,Trabajo y Previsión Social,Subsecretaría del Trabajo,Mejora a la empleabilidad para artesanos y artesanas tradicionales de zonas rurales,0,-100.0,15-01-03-24-02-015 FUNDACIÓN ARTESANÍAS DE CHILE,"Ministerio: Trabajo y Previsión Social.
Servicio: Subsecretaría del Trabajo.
Variación Presupuesto 2025-2026: -100%.
Presupuesto 2026: M$ 0.",Artesanos y artesanas tradicionales registrados por la Fundación Artesanías de Chile.,"El programa es para aumentar la inserción en el mercado laboral de los y las artesanas tradicionales registrados en la Fundación Artesanías de Chile a través de la gestión de capacitaciones en competencias de empleabilidad y técnicas del oficio. Una vez capacitados, se gestiona su inserción en plataformas comerciales.","Perspectiva de género: declara que sí incorpora medidas indirectas.

Cambio climático: declara que no incorpora acciones.",El cierre se debe a su baja escala y duplicidad con oferta programática equivalente. La Comisión Asesora para Reformas Estructurales al Gasto Público propuso revisar este programa.,"Evaluación ex ante: no tiene en los últimos tres años.

Monitoreo 2024: presentó hallazgos en las dimensiones eficiencia y eficacia.

Evaluación ex post: no tiene en los últimos tres años

"
5112,Trabajo y Previsión Social,Subsecretaría del Trabajo,Programa Servicios Sociales,0,-100.0,15-01-03-24-03-265 PROGRAMA SERVICIOS SOCIALES,"Ministerio: Trabajo y Previsión Social.
Servicio: Subsecretaría del Trabajo.
Variación Presupuesto 2025-2026: -100%.
Presupuesto 2026: M$ 0.","Personas desempleadas, mayores de 18 años.",El programa es para insertar laboralmente en un puesto de trabajo dependiente a través de capacitación en oficio.,"Perspectiva de género: declara que sí incorpora medidas indirectas.

Cambio climático: declara que no incorpora acciones.",El cierre se debe a la duplicidad con la oferta programática equivalente.,"Evaluación ex ante: en formulación presupuestaria 2026 Recomendado Favorablemente (RF).

Monitoreo 2024: presentó hallazgos en las dimensiones eficiencia y eficacia.

Evaluación ex post: no tiene en los últimos tres años

"
59213,Desarrollo Social y Familia,Subsecretaría de Servicios Sociales,Apoyo a la Atención en Salud Mental,0,-100.0,21-01-01-24-03-358 PROGRAMA APOYO A LA ATENCIÓN DE SALUD MENTAL,"Ministerio: Desarrollo Social y Familia.
Servicio: Subsecretaría de Servicios Sociales.
Variación Presupuesto 2025-2026: -100%.
Presupuesto 2026: M$ 0.","Niñas, niños y adolescentes con adulto significativo privado de libertad, sus cuidadoras, adultos en situación de calle y cuidadoras de personas dependientes, con problemas de salud mental y en Fonasa.",El programa busca mejorar el acceso a atención integral en salud mental en centros de salud pública. Está dirigido a las personas en situación de vulnerabilidad y riesgo biopsicosocial que presentan problemas o trastornos de salud mental. Opera a través de la entrega en atenciones en salud mental y mediante el desarrollo de capacitaciones a los equipos de salud mental.,"Perspectiva de género: declara que sí incorpora medidas indirectas.

Cambio climático: declara que no incorpora acciones.",El cierre se debe a duplicidad de la oferta programática con la de la Subsecretaría de la Niñez. La Comisión Asesora para Reformas Estructurales al Gasto Público propuso revisar este programa.,"Evaluación ex ante: no tiene en los últimos tres años.

Monitoreo 2024: presentó hallazgos en la dimensión eficacia.

Evaluación ex post: no tiene en los últimos tres años

"
63381,Desarrollo Social y Familia,Subsecretaría de Servicios Sociales,Familias - SSyOO,0,-100.0,21-01-05-24-03-345 PROGRAMA EJE (LEY N° 20.595),"Ministerio: Desarrollo Social y Familia.
Servicio: Subsecretaría de Servicios Sociales.
Variación Presupuesto 2025-2026: -100%.
Presupuesto 2026: M$ 0.","Familias en condición de pobreza extrema y vulnerabilidad socioeconómica, de acuerdo con la Ley N° 20.595.","El programa busca contribuir a que las personas y familias superen su situación de pobreza extrema de manera sostenible, mediante el desarrollo de capacidades y la  generación ingresos autónomos por la vía del trabajo. Opera a través de acompañamientos psicosocial, sociolaboral, transferencias monetarias y acceso a servicios y prestaciones.","Perspectiva de género: declara que no incorpora medidas.

Cambio climático: declara que no incorpora acciones.",Esta variación se debe a una redistribución administrativa del gasto y los recursos se asignan directamente al Servicio Nacional del Adulto Mayor (Senama) que es la institución ejecutora del programa. ,"Evaluación ex ante: no tiene en los últimos tres años.

Monitoreo 2024: presentó hallazgos en las dimensiones eficacia y focalización.

Evaluación ex post: EPG en 2025 clasificado en Desempeño medio.

"
1298,Desarrollo Social y Familia,Subsecretaría de Servicios Sociales,Habitabilidad,0,-100.0,21-01-05-24-03-335 PROGRAMA DE HABITABILIDAD CHILE SOLIDARIO,"Ministerio: Desarrollo Social y Familia.
Servicio: Subsecretaría de Servicios Sociales.
Variación Presupuesto 2025-2026: -100%.
Presupuesto 2026: M$ 0.",Familias que forman parte del Subsistema Seguridades y Oportunidades que presenten al menos una condición de habitabilidad que requiera atención.,"El programa busca mejorar las condiciones de habitabilidad mediante la entrega de un conjunto de soluciones integrales para el  mejoramiento de la vivienda y del entorno inmediato, y la asesoría en hábitos saludables para el uso y cuidado de la vivienda.","Perspectiva de género: declara que sí incorpora medidas indirectas.

Cambio climático: declara que sí incorpora acciones de adaptación.","Esta variación se debe a una redistribución administrativa del gasto y los recursos se asignan directamente al Fosis, que es la institución ejecutora del programa. ","Evaluación ex ante: no tiene en los últimos tres años.

Monitoreo 2024: sin hallazgos.

Evaluación ex post: no tiene en los últimos tres años

"
63465,Desarrollo Social y Familia,Fondo de Solidaridad e Inversión Social,Acción Local,0,-100.0,21-02-04-33-03-003 ACCIÓN LOCAL,"Ministerio: Desarrollo Social y Familia.
Servicio: Fondo de Solidaridad e Inversión Social.
Variación Presupuesto 2025-2026: -100%.
Presupuesto 2026: M$ 0.",Barrios que presentan alta concentración de población vulnerable.,El programa busca aumentar las capacidades sociocomunitarias de las comunidades que habitan barrios o territorios vulnerables. ,"Perspectiva de género: declara que no incorpora medidas.

Cambio climático: declara que no incorpora acciones.",El cierre se debe a su limitada escala y alto costo admimistrativo. La Comisión Asesora para Reformas Estructurales al Gasto Público propuso revisar este programa. ,"Evaluación ex ante: en formulación presupuestaria 2024 Objetado Técnicamente (OT).

Monitoreo 2024: presentó hallazgos en las dimensiones eficiencia y eficacia.

Evaluación ex post: no tiene en los últimos tres años

"
5129,Desarrollo Social y Familia,Fondo de Solidaridad e Inversión Social,Educación Financiera,0,-100.0,21-02-04-33-01-009 PROGRAMA DE EDUCACIÓN FINANCIERA,"Ministerio: Desarrollo Social y Familia.
Servicio: Fondo de Solidaridad e Inversión Social.
Variación Presupuesto 2025-2026: -100%.
Presupuesto 2026: M$ 0.",Mujeres jefas de hogar en situación de pobreza y económicamente activas.,"El programa aborda la presencia de un deficiente desarrollo de habilidades financieras por parte de mujeres en situación de pobreza, a través de talleres de formación y asesorías.","Enfoque de género: declara que sí incorpora medidas directas.

Cambio climático: declara que no incorpora acciones.",El cierre se debe a su limitada escala.La Comisión Asesora para Reformas Estructurales al Gasto Público propuso revisar este programa.,"Evaluación ex ante: en formulación presupuestaria 2024 Recomendado Favorablemente (RF).

Monitoreo 2024: presentó hallazgos en la dimensión eficacia.

Evaluación ex post: no tiene en los últimos tres años

"
56207,Desarrollo Social y Familia,Fondo de Solidaridad e Inversión Social,Yo Trabajo - Apoyo a Tu Plan Laboral,0,-100.0,21-02-03-33-01-007 PROGRAMA DE EMPLEABILIDAD,"Ministerio: Desarrollo Social y Familia.
Servicio: Fondo de Solidaridad e Inversión Social.
Variación Presupuesto 2025-2026: -100%.
Presupuesto 2026: M$ 0.",Personas mayores de 18 años en situación de pobreza y/o vulnerabilidad con bajas competencias para insertarse laboralmente y pertenecientes al Subsistema Seguridades y Oportunidades.,El programa busca mejorar las condiciones de empleabilidad de los participantes del Subsistema de Seguridades y Oportunidades.,"Perspectiva de género: declara que sí incorpora medidas directas.

Cambio climático: declara que no incorpora acciones.",El cierre se debe a  la duplicidad con otros programas de empleo. La Comisión Asesora para Reformas Estructurales al Gasto Público propuso revisar este programa. ,"Evaluación ex ante: no tiene en los últimos tres años.

Monitoreo 2024: sin hallazgos.

Evaluación ex post: no tiene en los últimos tres años

"
1733,Desarrollo Social y Familia,Corporación Nacional de Desarrollo Indígena,Microemprendimiento Indígena,0,-100.0,21-01-05-24-03-999 PROGRAMA DE GENERACIÓN DE MICROEMPRENDIMIENTO INDÍGENA URBANO CHILE SOLIDARIO - CONADI,"Ministerio: Desarrollo Social y Familia.
Servicio: Subsecretaría de Servicios Sociales.
Variación Presupuesto 2025-2026: -100%.
Presupuesto 2026: M$ 0.","Personas pertenecientes al Subsistema de Seguridades y Oportunidades, que son mayores de edad y  de  pueblos indígenas reconocidos por la Ley N° 19.253.","El programa es para aumentar la capacidad de generación de recursos autónomos a través de capacitación, financiamiento y asistencia técnica.","Perspectiva de género: declara que sí incorpora medidas indirectas.

Cambio climático: declara que no incorpora acciones.",El cierre se debe a la integración en la oferta de emprendimiento de Fosis.,"Evaluación ex ante: no tiene en los últimos tres años.

Monitoreo 2024: sin hallazgos.

Evaluación ex post: no tiene en los últimos tres años

"
70144,Desarrollo Social y Familia,Servicio Nacional de la Discapacidad,Apoyo a la Inclusión Laboral de Personas en Situación de Discapacidad,0,-100.0,21-07-01-24-03-005 PROGRAMA DE APOYO AL CUMPLIMIENTO A LA LEY DE INSERCIÓN LABORAL DE PERSONAS EN SITUACIÓN DE DISCAPACIDAD,"Ministerio: Desarrollo Social y Familia.
Servicio: Servicio Nacional de la Discapacidad.
Variación Presupuesto 2025-2026: -100%.
Presupuesto 2026: M$ 0.",Instituciones públicas y privadas que no cuentan con procesos laborales inclusivos para la contratación de personas con discapacidad.,"El programa busca apoyar a instituciones públicas y privadas que no cuentan con procesos laborales inclusivos para la contratación de personas con discapacidad, a través de la promoción del derecho al trabajo de personas en situación de discapacidad y fortalecimiento de competencias para su inclusión laboral.","Perspectiva de género: declara que sí incorpora medidas indirectas.

Cambio climático: declara que no incorpora acciones.","El cierre se debe a que se agrupa con los programas de Accesibilidad en Instituciones Públicas y Apoyo a las Instituciones Educativas para la Inclusión de Estudiantes en Situación de Discapacidad, teniendo en consideración sus propósitos, sus estrategias de intervención y que los presupuestos individuales de dos ellos son inferiores a $150 millones.","Evaluación ex ante: no tiene en los últimos tres años.

Monitoreo 2024: sin hallazgos.

Evaluación ex post: no tiene en los últimos tres años

"
58237,Desarrollo Social y Familia,Servicio Nacional del Adulto Mayor,Buen Trato al Adulto Mayor,0,-100.0,21-08-01-24-09-002 PROGRAMA BUEN TRATO AL ADULTO MAYOR,"Ministerio: Desarrollo Social y Familia.
Servicio: Servicio Nacional del Adulto Mayor.
Variación Presupuesto 2025-2026: -100%.
Presupuesto 2026: M$ 0.",Personas mayores que podrían ser víctimas de vulneración de derechos.,El programa busca entregar apoyo a personas mayores para superar situaciones de vulneración de derechos.,"Perspectiva de género: declara que sí incorpora medidas indirectas.

Cambio climático: declara que no incorpora acciones.","El cierre se debe a que se decidió refundir el programa en una nueva asignación de participación de personas mayores, buscando mayor eficiencia en la gestión de los programas. La Comisión Asesora para Reformas Estructurales al Gasto Publico propuso revisar este programa.","Evaluación ex ante: en formulación presupuestaria 2026 Recomendado Favorablemente (RF).

Monitoreo 2024: presentó hallazgos en las dimensiones eficiencia y eficacia.

Evaluación ex post: no tiene en los últimos tres años

"
59434,Desarrollo Social y Familia,Servicio Nacional del Adulto Mayor,Envejecimiento Activo,0,-100.0,21-08-01-24-09-003 PROGRAMA ENVEJECIMIENTO ACTIVO,"Ministerio: Desarrollo Social y Familia.
Servicio: Servicio Nacional del Adulto Mayor.
Variación Presupuesto 2025-2026: -100%.
Presupuesto 2026: M$ 0.","Personas de 60 años o más, autovalentes de hogares con carencia en apoyo y participación social.",El programa busca que personas mayores autovalentes presenten una mayor participación en instancias que fomenten su envejecimiento activo.,"Perspectiva de género: declara que sí incorpora medidas indirectas.

Cambio climático: declara que no incorpora acciones.","El cierre se debe a que se decidió refundir en una nueva asignación de participación de personas mayores, buscando mayor eficiencia en la gestión de los programas.","Evaluación ex ante: en formulación presupuestaria 2024 Recomendado Favorablemente (RF).

Monitoreo 2024: presentó hallazgos en la dimensión eficiencia.

Evaluación ex post: no tiene en los últimos tres años

"
3361,Desarrollo Social y Familia,Subsecretaría de la Niñez,Programa Fortalecimiento Municipal,0,-100.0,21-10-02-24-03-003 PROGRAMA DE FORTALECIMIENTO MUNICIPAL,"Ministerio: Desarrollo Social y Familia.
Servicio: Subsecretaría de la Niñez.
Variación Presupuesto 2025-2026: -100%.
Presupuesto 2026: M$ 0.", Niñas y niños menores de 6 años que presentan y mantienen riesgos biopsicosociales., El programa apoya el desarrollo infantil de niñas y niños biopsicosociales mediante la articulación de servicios y prestaciones disponibles en la comuna.,"Perspectiva de género: declara que no incorpora medidas.

Cambio climático: declara que no incorpora acciones.",El cierre se debe a que se implementaron por completo las Oficinas Locales de la Niñez.,"Evaluación ex ante: no tiene en los últimos tres años.

Monitoreo 2024: presentó hallazgos en la dimensión eficacia.

Evaluación ex post: no tiene en los últimos tres años

"
85144,"Culturas, las Artes y el Patrimonio",Subsecretaría de las Culturas y las Artes,Exportación de Servicios Culturales,0,-100.0,29-01-01-24-09-145 PROGRAMA DE EXPORTACIÓN DE SERVICIOS,"Ministerio: Culturas, las Artes y el Patrimonio.
Servicio: Subsecretaría de las Culturas y las Artes.
Variación Presupuesto 2025-2026: -100%.
Presupuesto 2026: M$ 0.",Agentes culturales (personas naturales y jurídicas) del país.,"El programa es una iniciativa sustentada con recursos del Ministerio de Hacienda para resolver la baja asociatividad y competencias de los agentes culturales de la economía creativa chilena, en el ámbito nacional e internacional, a través de la generación de capacidades empresariales y atracción de inversiones de servicios globales en culturas y artes.","Perspectiva de género: declara que no incorpora medidas.

Cambio climático: declara que no incorpora acciones.",El cierre se debe al cumplimiento del cronograma establecido inicialmente por el Ministerio de Hacienda. La Comisión Asesora para Reformas Estructurales al Gasto Público propuso revisar este programa.,"Evaluación ex ante: no tiene en los últimos tres años.

Monitoreo 2024: presentó hallazgos en la dimensión eficiencia.

Evaluación ex post: no tiene en los últimos tres años

"
622,Desarrollo Social y Familia,Servicio Nacional de Protección Especializada a la Niñez y Adolescencia,Oficinas de Protección de Derechos de la Infancia y Adolescencia (OPD),179657,-96.15149639156597,21-11-01-24-01-006 OFICINAS DE PROTECCIÓN DE DERECHOS,"Ministerio: Desarrollo Social y Familia.
Servicio: Servicio Nacional de Protección Especializada a la Niñez y Adolescencia.
Variación Presupuesto 2025-2026: -96,2%.
Presupuesto 2026: M$ 179.657.","Niños, niñas y adolescentes menores de 18 años, que hayan sufrido una vulneración de derechos de baja, mediana o alta complejidad.","El programa busca prevenir situaciones de vulneraciones de derechosde niños, niñas y adolescente a través de  atención psicosocial, actividades de  promoción y participación  y de un fortalecimiento de las competencias parentales con las familias.","Perspectiva de género: declara que sí incorpora medidas indirectas.

Cambio climático: declara que no incorpora acciones.",La disminución se debe al cierre de convenios asociados a este programa por la implementación completa de las Oficinas Locales de la Niñez.,"Evaluación ex ante: no tiene en los últimos tres años.

Monitoreo 2024: sin hallazgos.

Evaluación ex post: no tiene en los últimos tres años

"
87258,Agricultura,Subsecretaria de Agricultura,Corporación de Fomento de la Producción -FOMPRO-,3213383,-10.60459754190553,13-01-01-24-02-002 CORPORACIÓN DE FOMENTO DE LA PRODUCCIÓN - FOMENTO PRODUCTIVO,"Ministerio: Agricultura.
Servicio: Subsecretaria de Agricultura.
Variación Presupuesto 2025-2026: -10,6%.
Presupuesto 2026: M$ 3.213.383.",Está dirigido a empresas del sector Silvoagropecuario.,"El programa financia proyectos asociativos a través de los distintos instrumentos de fomento productivos de Corfo para aquellos que se refieren a preparación y desarrollo de proveedores, estudios de pre-inversión en riego, consultorías expertas, y adicionalmente actividades de asistencia técnica.","Perspectiva de género: declara que no incorpora medidas.

Cambio climático: declara que sí incorpora acciones mixtas.","La disminución se debe a una subejecución de su presupuesto inicial (75% de ejecución), su indicador bajó por segundo año consecutivo, y en 2024, no aportó información suficiente para evaluar su focalización. ","Evaluación ex ante: no tiene en los últimos tres años.

Monitoreo 2024: presentó hallazgos en las dimensiones eficiencia, eficacia y focalización.

Evaluación ex post: no tiene en los últimos tres años

"
121995,Desarrollo Social y Familia,Instituto Nacional de la Juventud,Compromiso Joven,216510,-83.27581199327665,21-05-01-24-01-014 PROGRAMAS DE DESARROLLO JUVENIL CÍVICO Y SOCIAL,"Ministerio: Desarrollo Social y Familia.
Servicio: Instituto Nacional de la Juventud.
Variación Presupuesto 2025-2026: -83,3%.
Presupuesto 2026: M$ 216.510.",Está dirigido a las y los jóvenes entre 15 y 29 años que viven en comunas que cuentan con oficinas municipales de la Juventud.,El programa busca que las y los jóvenes aumenten su nivel de participación en acciones de desarrollo comunitario.,"Perspectiva de género: declara que sí incorpora medidas indirectas.

Cambio climático: declara que no incorpora acciones.",La disminución se debe al ajuste de financiamiento del convenio suscrito entre Injuv y PNUD.,"Evaluación ex ante: no tiene en los últimos tres años.

Monitoreo 2024: sin hallazgos.

Evaluación ex post: no tiene en los últimos tres años

"
60189,Desarrollo Social y Familia,Subsecretaría de Servicios Sociales,Apoyo Integral al Adulto Mayor Vínculos - SSyOO,5377219,-52.06657562925768,21-01-05-24-03-340 PROGRAMA DE APOYO INTEGRAL AL ADULTO MAYOR CHILE SOLIDARIO,"Ministerio: Desarrollo Social y Familia.
Servicio: Subsecretaría de Servicios Sociales.
Variación Presupuesto 2025-2026: -52,1%.
Presupuesto 2026: M$ 5.377.219.","Personas de 65 años o más que vivan en hogares uni o bipersonales, y que se encuentren en condición de pobreza de acuerdo a su información en el Registro Social de Hogares.","El programa busca aumentar la vinculación social de personas adultas de 65 años o más que estén en situación de pobreza y que vivan solos o con otra persona. El proceso de intervención consiste en entregar apoyo especializado en los ejes psicosocial y socio-ocupacional para generar condiciones que permitan mejorar las condiciones de vida, promover su autonomía y participación social.","Perspectiva de género: declara que sí incorpora medidas indirectas.

Cambio climático: declara que no incorpora acciones.",Esta disminución se debe a la migración gradual del programa al Servicio Nacional del Adulto Mayor (Senama).,"Evaluación ex ante: no tiene en los últimos tres años.

Monitoreo 2024: sin hallazgos.

Evaluación ex post: no tiene en los últimos tres años

"
138688,"Economía, Fomento y Turismo",Subsecretaria de Economía,Observatorio de Datos Económicos,250149,-49.27113644477331,07-01-01-24-09-618 OBSERVATORIO DE DATOS ECONÓMICOS,"Ministerio: Economía, Fomento y Turismo.
Servicio: Subsecretaria de Economía.
Variación Presupuesto 2025-2026: -49,3%.
Presupuesto 2026: M$ 250.149","Micro, Pequeñas y Medianas Empresas (Mipymes) de Chile.",El programa entrega información sobre instrumentos públicos de fomento productivo pertinentes a las características y necesidades de las MiPyme  con recomendaciones personalizadas según las características de la empresa.,"Perspectiva de género: declara que no incorpora medidas.

Cambio climático: declara que no incorpora acciones.",La disminución se debe a que el servicio solicitó un menor presupuesto respecto del año 2025. La Comisión Asesora para Reformas Estructurales al Gasto Público propuso revisar este programa.,"Evaluación ex ante: en formulación presupuestaria 2025 Recomendado Favorablemente (RF).

Monitoreo 2024: sin hallazgos.

Evaluación ex post: no tiene en los últimos tres años

"
86564,Seguridad Pública,Subsecretaría de Prevención del Delito,Innovación y Transferencia Técnica Territorial (Ex Innovación y Tecnología),2312338,-41.25541091448043,32-02-01-24-03-111 INNOVACIÓN Y TRANSFERENCIA DE CAPACIDADES PARA LA PREVENCIÓN DEL DELITO,"Ministerio: Seguridad Pública.
Servicio: Subsecretaría de Prevención del Delito.
Variación Presupuesto 2025-2026: -41,3%.
Presupuesto 2026: M$ 2.312.338.",Todas las regiones del país.,"El programa busca que las regiones del país disminuyan el porcentaje de delitos con imputados no conocidos. Para ellos se implementa la teleprotección o protección tecnológica, que contribuye a mejorar la identificación y persecución de los responsables, fortaleciendo la seguridad y la efectividad investigativa en el territorio.","Perspectiva de género: declara que sí incorpora medidas indirectas.

Cambio climático: declara que no incorpora acciones.","La disminución se debe a los hallazgos que surgieron en la reciente evaluación en la línea de EPG, en que se identifica la importancia del problema público que aborda, pero se evidencian aspectos que deben resolverse en el ámbito de la eficiencia, así como también otros aspectos técnicos.","Evaluación ex ante: en formulación presupuestaria 2025 Recomendado Favorablemente (RF).

Monitoreo 2024: sin hallazgos.

Evaluación ex post: EPG en 2025 clasificado en Mal desempeño.

"
1653,Trabajo y Previsión Social,Servicio Nacional de Capacitación y Empleo,Becas del Fondo de Cesantía Solidario (BFCS),1340300,-40.52637464257252,15-05-01-24-03-003 BECAS,"Ministerio: Trabajo y Previsión Social.
Servicio: Servicio Nacional de Capacitación y Empleo.
Variación Presupuesto 2025-2026: -40,5%.
Presupuesto 2026: M$ 1.340.300.","Beneficiarios del Fondo de Cesantía Solidario, de conformidad a lo establecido en el artículo 28 de la Ley N° 19.728 sobre seguro obligatorio de cesantía.","El programa busca resolver la baja empleabilidad de las personas beneficiarias que no cuentan con los recursos para acceder a capacitación. Para ello, financia cursos para mejorar la inserción laboral a un trabajo dependiente.","Perspectiva de género: declara que sí incorpora medidas indirectas.

Cambio climático: declara que no incorpora acciones.","La disminución responde a una repriorización institucional de los recursos en el marco de un escenario de convergencia fiscal. La Comisión Asesora para Reformas Estructurales al Gasto Público propuso revisar este programa.
","Evaluación ex ante: no tiene en los últimos tres años.

Monitoreo 2024: presentó hallazgos en las dimensiones eficiencia y eficacia.

Evaluación ex post: no tiene en los últimos tres años

"
60097,Medio Ambiente,Subsecretaría de Medio Ambiente,Calefacción Sustentable,2887828,-40.16618960449941,25-01-03-24-09-011 CALEFACCIÓN SUSTENTABLE,"Ministerio: Medio Ambiente.
Servicio: Subsecretaría de Medio Ambiente.
Variación Presupuesto 2025-2026: -40,2%.
Presupuesto 2026: M$ 2.887.828.",Está dirigido las y los habitantes de las zonas del centro - sur de Chile,"El programa brinda soluciones de calefacción más eficiente y menos contaminante a través de soluciones individuales (Programa Recambio Calefactores - PRC) y/o soluciones colectivas (Calefacción Distrital) para reducir los altos niveles de contaminación por material particulado fino (MP2,5) en el centro - sur de Chile.
","Perspectiva de género: declara que no incorpora medidas.

Cambio climático: declara que sí incorpora acciones de mitigación.","La disminución se debe a que el servicio solicitó rebaja de presupuesto por menor demanda y ajustes de eficiencia. Además, presenta persistencia en subejecución inicial por 3 períodos (66%) y cobertura (0,13%) que disminuye por 3er año consecutivo","Evaluación ex ante: no tiene en los últimos tres años.

Monitoreo 2024: presentó hallazgos en la dimensión eficiencia.

Evaluación ex post: no tiene en los últimos tres años

"
585,Educación,Junta Nacional de Auxilio Escolar y Becas,"Servicios Médicos (Asistencia Médica Prebásica, Básica y Media)",3717299,-40.00001614074732,"09-09-02-24-09-168 ASISTENCIA MÉDICA PARVULARIA, BÁSICA Y MEDIA","Ministerio: Educación.
Servicio: Junta Nacional de Auxilio Escolar y Becas.
Variación Presupuesto 2025-2026: -40%.
Presupuesto 2026: M$ 3.717.299.",Estudiantes matriculados en establecimientos educativos con financiamiento del Estado.,"El programa aborda las deficiencias en salud visual, auditiva y postural de estudiantes en establecimientos financiados por el Estado. Para ello actua en cuatro focos: participación y educación; prevención;  atención médica especializada y entrega de tratamiento a través de alianzas intersectoriales. ","Perspectiva de género: declara que no incorpora medidas.

Cambio climático: declara que no incorpora acciones.","La disminución se explica por los hallazgos que surgieron en la evaluación en la línea EPG, en la cual se evidenció una subejecución persistente entre 2021 y 2023 y baja cobertura efectiva.","Evaluación ex ante: no tiene en los últimos tres años.

Monitoreo 2024: presentó hallazgos en la dimensión focalización.

Evaluación ex post: EPG en 2025 clasificado en Desempeño bajo.

"
87143,"Economía, Fomento y Turismo",Corporación de Fomento de la Producción,Fondo y Sociedades de Inversión,31167337,-36.15045859749147,07-06-06-32-04-003 FONDOS Y SOCIEDADES DE INVERSIÓN,"Ministerio: Economía, Fomento y Turismo.
Servicio: Corporación de Fomento de la Producción.
Variación Presupuesto 2025-2026: -36,2%.
Presupuesto 2026: M$ 31.167.337.",Empresas innovadoras y/o de base tecnológica que se encuentran en una etapa temprana de desarrollo o en etapa de crecimiento.,"El programa financia empresas de base tecnológica y/o innovadoras, con alto potencial de crecimiento, por medio de la creación de fondos de inversión que efectuan aportes de capital. ","Perspectiva de género: declara que sí incorpora medidas indirectas.

Cambio climático: declara que sí incorpora acciones de mitigación.",La disminución se debe a que Corfo reoriento estos recursos y le dio prioridad al programa de Crédito Verde.  En el año 2024 presentó subejecución de su presupuesto de 41%.,"Evaluación ex ante: no tiene en los últimos tres años.

Monitoreo 2024: presentó hallazgos en la dimensión eficiencia.

Evaluación ex post: no tiene en los últimos tres años

"
1574,Trabajo y Previsión Social,Servicio Nacional de Capacitación y Empleo,Despega Mipe,1361851,-34.71302708699074,15-05-01-24-03-004 BONO DE CAPACITACIÓN PARA MICRO Y PEQUEÑOS EMPRESARIOS,"Ministerio: Trabajo y Previsión Social.
Servicio: Servicio Nacional de Capacitación y Empleo.
Variación Presupuesto 2025-2026: -34,7%.
Presupuesto 2026: M$ 1.361.851.","Esta dirigido a los y las trabajadora, dueñas, representantes legales y socias mayores de 18 años de micro y pequeñas empresas.",El programa busca mejorar el capital humano de las y los beneficiarios a través de cursos de capacitación.,"Perspectiva de género: declara que sí incorpora medidas indirectas.

Cambio climático: declara que no incorpora acciones.",La disminución se debe a una repriorización de recursos en el marco de un escenario de convergencia fiscal. ,"Evaluación ex ante: no tiene en los últimos tres años.

Monitoreo 2024: presentó hallazgos en la dimensión eficiencia.

Evaluación ex post: EPG en 2022 clasificado en Desempeño bajo.

"
60349,Desarrollo Social y Familia,Subsecretaría de Servicios Sociales,Programa Familia Digital,1031000,-33.62834706902522,21-01-01-24-08-001 FUNDACIÓN DE LAS FAMILIAS - PROGRAMA RED TELECENTROS,"Ministerio: Desarrollo Social y Familia.
Servicio: Subsecretaría de Servicios Sociales.
Variación Presupuesto 2025-2026: -33,6%.
Presupuesto 2026: M$ 1.031.000.","Personas con vulnerabilidad socioeconómica con bajo uso y manejo de las TIC, que habiten en barrios donde exista un Centro Familia Digital.","El programa busca aumentar el uso y manejo de las TIC en la población con vulnerabilidad socioeconómica a través de un enfoque comunitario se ofrecen capacitaciones, asesorías y acompañamiento a las familias, se les brinda formación y capacitación digital junto a acceso y conectividad.","Perspectiva de género: declara que sí incorpora medidas indirectas.

Cambio climático: declara que sí incorpora acciones de mitigación.",La disminución responde a una repriorización de recursos por parte de la Subsecretaría de Servicios Sociales en el marco de un escenario de convergencia fiscal. ,"Evaluación ex ante: no tiene en los últimos tres años.

Monitoreo 2024: presentó hallazgos en las dimensiones eficiencia y eficacia.

Evaluación ex post: no tiene en los últimos tres años

"
87311,Secretaría General de Gobierno,Secretaría General de Gobierno,Observatorio de Participación Ciudadana y No Discriminación,110793,-32.05759525109004,20-01-01-24-09-319 OBSERVATORIO DE  PARTICIPACIÓN CIUDADANA Y NO DISCRIMINACIÓN,"Ministerio: Secretaría General de Gobierno.
Servicio: Secretaría General de Gobierno.
Variación Presupuesto 2025-2026: -32,1%.
Presupuesto 2026: M$ 110.793.","Está dirigido a las 345 municipalidades, 162 ministerios y servicios públicos, 3.400 organizaciones de voluntariado, y organizaciones vinculadas a la promoción de los DDHH.","El Observatorio brinda capacitación, asesoría técnica, instancias de diálogo y elaboración de estudios o campañas para  promover, difundir y sensibilizar sobre temáticas de participación ciudadana y no discriminación. ","Perspectiva de género: declara que sí incorpora medidas indirectas.

Cambio climático: declara que no incorpora acciones.","La disminución se debe a que, en el año 2024, registró un aumento en su gasto por beneficiario sin justificación de un 46% superior respecto del año anterior. La Comisión para Reformas Estructurales al Gasto Público propuso revisar este programa.","Evaluación ex ante: no tiene en los últimos tres años.

Monitoreo 2024: presentó hallazgos en la dimensión eficiencia.

Evaluación ex post: no tiene en los últimos tres años

"
122506,Seguridad Pública,Subsecretaría de Seguridad Pública,Programa Contra el Crimen Organizado (PNCO),60407370,-31.8,"32-01-01-24-03-069 PLAN NACIONAL CONTRA EL CRIMEN ORGANIZADO
32-01-01-33-03-003 PLAN NACIONAL CONTRA EL CRIMEN ORGANIZADO 
32-01-01-33-02-131 PLAN NACIONAL CONTRA EL CRIMEN ORGANIZADO - CARABINEROS DE CHILE
32-01-01-33-02-132 PLAN NACIONAL CONTRA EL CRIMEN ORGANIZADO - POLICÍA DE INVESTIGACIONES DE CHILE
","Ministerio: Seguridad Pública.
Servicio: Subsecretaría de Seguridad Pública.
Variación Presupuesto 2025-2026: -31,8%.
Presupuesto 2026: M$ 60.407.370.",Instituciones del Estado responsables del control y la reducción del crimen organizado en el país.,"El programa busca fortalecer las capacidades de las instituciones para combatir el crimen organizado en el país. Para ello financia equipamiento y tecnologías, capacitación especializada, medidas de control fronterizo y control de armas. La intervención se guía por el Consejo Nacional y las Unidades de Coordinación Estratégica, con lo que se asegura un uso eficiente de recursos y acciones coordinadas. ","Perspectiva de género: declara que sí incorpora medidas indirectas.

Cambio climático: declara que no incorpora acciones.",La disminución se debe a la priorización que realiza el servicio en el marco de un escenario de convergencia fiscal.,"Evaluación ex ante: en formulación presupuestaria 2024 Recomendado Favorablemente (RF).

Monitoreo 2024: presentó hallazgos en la dimensión eficiencia.

Evaluación ex post: no tiene en los últimos tres años

"
87318,Secretaría General de Gobierno,Consejo Nacional de Televisión,Fondo-CNTV,7192304,31.526757761067394,"20-02-01-24-01-560 FONDO DE APOYO A PROGRAMAS CULTURALES
20-02-01-24-09-560 FONDO DE APOYO A PROGRAMAS CULTURALES","Ministerio: Secretaría General de Gobierno.
Servicio: Consejo Nacional de Televisión.
Variación Presupuesto 2025-2026: 35,5%.
Presupuesto 2026: M$ 7.192.304.","Está dirigido a los hogares en Chile, considerando que la televisión digital terrestre es un medio de recepción libre y de acceso universal. ","El programa  financia proyectos televisivos de contenido educativo, que propendan a la difusión de los valores cívicos y democráticos o que promuevan la diversidad en los contenidos televisivos y reflejen la conformación plural de la sociedad.","Perspectiva de género: declara que no incorpora medidas.

Cambio climático: declara que no incorpora acciones.",El aumento es solo para pagar cuotas de compromisos anteriores. No hay nuevas convocatorias y tiene un mal desempeño según los resultados del Sistema de Monitoreo y Evaluación. La Comisión para Reformas Estructurales al Gasto Público propuso revisar este programa.,"Evaluación ex ante: no tiene en los últimos tres años.

Monitoreo 2024: presentó hallazgos en las dimensiones eficiencia y focalización.

Evaluación ex post: EPG en 2025 clasificado en Mal desempeño.

"
80944,Educación,Junta Nacional de Auxilio Escolar y Becas,Becas de Acceso TIC,25000000,-31.45712098687269,09-09-03-33-01-003 PROGRAMAS DE BECAS ACCESO A TICS,"Ministerio: Educación.
Servicio: Junta Nacional de Auxilio Escolar y Becas.
Variación Presupuesto 2025-2026: -31,5%.
Presupuesto 2026: M$ 25.000.000.","Estudiantes de séptimo año de educación escolar en establecimientos con financiamiento público, incluidas sus equivalencias en educación especial y de personas adultas.","El programa busca reducir la brecha digital  a través de la entrega de equipos computacionales con software, contenidos digitales y conectividad. Además, proporciona herramientas para el aprendizaje, promueve el uso educativo de la tecnología y fortalece la equidad de acceso a recursos digitales en el sistema escolar.","Perspectiva de género: declara que no incorpora medidas.

Cambio climático: declara que no incorpora acciones.","La disminución se debe a que en 2026 no se contemplan equipos para establecimientos particular subvencionados, lo que implica una reducción aproximada de 20 mil dispositivos.","Evaluación ex ante: no tiene en los últimos tres años.

Monitoreo 2024: sin hallazgos.

Evaluación ex post: no tiene en los últimos tres años

"
87260,Agricultura,Subsecretaria de Agricultura,Programa de apoyo por medio de laboratorio arbitrador a la implementación de la Ley N° 20.656 que regula las transacciones de productos agropecuarios (Ex Apoyo a la Comercialización de Pequeños Productores de Trigo),394567,-7.374724753628087,13-01-01-24-03-383 APOYO A LA COMERCIALIZACIÓN DE PEQUEÑOS PRODUCTORES DE TRIGO,"Ministerio: Agricultura.
Servicio: Subsecretaria de Agricultura.
Variación Presupuesto 2025-2026: -7,4%.
Presupuesto 2026: M$ 394.567."," Centros de compra de cereales (agroindustrias, molinerías y empresas intermediarias) que participan en la compra directa a productores en el marco de la primera transacción comercial.","Este programa otorga servicios de arbitrajes en calidad de cereales, certifica técnicamente al personal de laboratorios de ensayos, y evalúa el desempeño de esos mismos laboratorios.","Perspectiva de género: declara que no incorpora medidas.

Cambio climático: declara que no incorpora acciones.",La disminución se debe a que registra subejecución de su presupuestos de 89% y carece de un diseño adecuado. La Comisión para Reformas Estructurales al Gasto Público propuso revisarlo dentro de la propuesta de racionalización.,"Evaluación ex ante: en formulación presupuestaria 2026 Objetado Técnicamente (OT).

Monitoreo 2024: presentó hallazgos en las dimensiones eficiencia y eficacia.

Evaluación ex post: no tiene en los últimos tres años

"
87191,"Economía, Fomento y Turismo",Servicio Nacional de Turismo,Programa de Promoción Turística Internacional y Nacional,7337647,-28.91488751581521,07-09-03 PROGRAMA DE ATRACCIÓN TURÍSTICA,"Ministerio: Economía, Fomento y Turismo.
Servicio: Servicio Nacional de Turismo.
Variación Presupuesto 2025-2026: -28,9%.
Presupuesto 2026: M$ 7.337.647.",Prestadores turísticos registrados en asociaciones gremiales vigentes,"El programa es para aumentar y diversificar el conocimiento de la oferta turística de Chile en los mercados nacionales como internacionales. Para esto se realizan acciones de promoción turística dirigida al consumidor final, además de otras para el canal de comercialización.","Perspectiva de género: declara que no incorpora medidas.

Cambio climático: declara que no incorpora acciones.",La disminución se debe a que presenta una calificación de Mal Desempeño en su Evaluación de Programa Gubernamental (EPG).,"Evaluación ex ante: no tiene en los últimos tres años.

Monitoreo 2024: presentó hallazgos en la dimensión eficacia.

Evaluación ex post: EPG en 2024 clasificado en Desempeño bajo.

"
117308,"Economía, Fomento y Turismo",Instituto Nacional Desarrollo Sustentable Pesca Artesanal y Acuicultura,Programa de Bonificación para el Cultivo y Repoblamiento de Algas en la Pesca Artesanal y la Acuicultura de Pequeña Escala,721700,-26.37074173035389,07-26-01-24-01-475 BONIFICACIÓN REPOBLAMIENTO DE ALGAS ART.12 LEY N° 20.925,"Ministerio: Economía, Fomento y Turismo.
Servicio: Instituto Nacional Desarrollo Sustentable Pesca Artesanal y Acuicultura.
Variación Presupuesto 2025-2026: -26,4%.
Presupuesto 2026: M$ 721.700.","Está dirigido a organizaciones de pescadores artesanales titulares de una concesión de acuicultura, de titulares de un area de manejo y a las y los acuicultores de pequeña escala inscritas en el Registro Nacional de Acuicultura de Sernapesca.","El programa aumenta las capacidades productivas para incrementar la cobertura algal a través de la ejecución de proyectos de cultivo o repoblamiento de macroalgas, dentro del contexto legal que busca elevar la biomasa disponible de estos recursos de importancia ecológica y económica existentes en el territorio nacional","Perspectiva de género: declara que sí incorpora medidas indirectas.

Cambio climático: declara que sí incorpora acciones de adaptación.",La disminución se debe a la ejecución histórica que resgistra el programa y a que evidencia un empeoramiento en el resultado de su indicador de propósito (-25%). ,"Evaluación ex ante: no tiene en los últimos tres años.

Monitoreo 2024: presentó hallazgos en la dimensión eficacia.

Evaluación ex post: no tiene en los últimos tres años

"
60394,Desarrollo Social y Familia,Servicio Nacional de la Discapacidad,Tránsito a la Vida Independiente,1804517,-26.31911830396333,21-07-01-24-03-003 PROGRAMA DE TRÁNSITO A LA VIDA INDEPENDIENTE,"Ministerio: Desarrollo Social y Familia.
Servicio: Servicio Nacional de la Discapacidad.
Variación Presupuesto 2025-2026: -26,3%.
Presupuesto 2026: M$ 1.804.517."," Personas con discapacidad entre los 18 y 59 años con discapacidad y dependencia, pertenecientes al 70% más vulnerable de la población.","El programa busca apoyar a personas con discapacidad hacia el tránsito de una vida independiente,  por medio de servicios de apoyo de: cuidados y asistencias,  intermediación, entornos adaptados para personas en situación de discapacidad y dependencia, y capacitación.","Perspectiva de género: declara que sí incorpora medidas indirectas.

Cambio climático: declara que no incorpora acciones.","La disminución del programa se debe a ganancias de eficiencia derivadas de ajustes a la implementación del programa, favoreciendo las intervenciones de modalidad colectiva en relación con las individuales.","Evaluación ex ante: no tiene en los últimos tres años.

Monitoreo 2024: sin hallazgos.

Evaluación ex post: no tiene en los últimos tres años

"
87328,Energía,Subsecretaría de Energía,Apoyo al desarrollo de las Energías Renovables No Convencionales (ERNC),636643,-25.661076638883895,"24-01-03-24-03-003 APOYO AL DESARROLLO DE ENERGÍAS RENOVABLES NO CONVENCIONALES
24-01-03-33-03-003 APOYO AL DESARROLLO DE ENERGÍAS RENOVABLES NO CONVENCIONALES","Ministerio: Energía.
Servicio: Subsecretaría de Energía.
Variación Presupuesto 2025-2026: -25,7%.
Presupuesto 2026: M$636.643.","Empresas que requieren información pública para impulsar proyectos ERNC, con proyectos en trámite ante la SEC o  de riego bonificados por el Estado y que requieren asistencia técnica.","El programa estimula la inversión privada en energías renovables en todas sus escalas y en distintos sectores de la economía. Para ello, genera información pública sobre Eenergías Renovables No Convencionales (ERNC) y perfecciona el marco regulatorio y de gestión de los permisos sectoriales. ","Perspectiva de género: declara que no incorpora medidas.

Cambio climático: declara que sí incorpora acciones mixtas.","La disminución se debe a que no superó problemas de diseño en el proceso ex ante 2026, mantuvo debilidades en diagnóstico, población y estrategia; además, en monitoreo 2024, presentó hallazgos en focalización, gasto por beneficiario y sobre ejecución","Evaluación ex ante: en formulación presupuestaria 2026 Objetado Técnicamente (OT).

Monitoreo 2024: presentó hallazgos en las dimensiones eficiencia y focalización.

Evaluación ex post: no tiene en los últimos tres años

"
87256,Agricultura,Subsecretaria de Agricultura,Programa de Apoyo a la Investigación para la Competitividad Agroalimentaria y Forestal,0,-100.0,13-01-02-24-01-376 PROGRAMA DE APOYO A LA INVESTIGACIÓN PARA LA COMPETITIVIDAD AGROALIMENTARIA Y FORESTAL,"Ministerio: Agricultura.
Servicio: Subsecretaria de Agricultura.
Variación Presupuesto 2025-2026: -100%.
Presupuesto 2026: M$ 0.","Productores y organizaciones del sector silvoagropecuario que enfrentan barreras para acceder a tecnologías, información técnica y mecanismos de articulación comercial, con condiciones que limitan su productividad e inserción en mercados formales.",El programa busca mejorar la productividad y la inserción comercial de pequeños productores silvoagropecuarios con financiamiento proyectos de innovación productiva o comercial.,"Perspectiva de género: declara que no incorpora medidas.

Cambio climático: declara que no incorpora acciones.",La disminución se debe a que los resultados del Sistema de Monitoreo y Evaluación de Programas Públicos detectan debilidades. A lo que se suma que presenta subejecución de su presupuesto inicial (62% de ejecución). ,"Evaluación ex ante: en formulación presupuestaria 2026 Objetado Técnicamente (OT).

Monitoreo 2024: presentó hallazgos en las dimensiones eficiencia, eficacia y focalización.

Evaluación ex post: no tiene en los últimos tres años

"
60186,Deporte,Instituto Nacional de Deporte,Sistema de Capacitación y Certificación Deportiva,182470,-23.58717728595657,26-02-01-24-09-365 SISTEMA NACIONAL DE CAPACITACIÓN Y ACREDITACIÓN DEPORTIVA,"Ministerio: Deporte.
Servicio: Instituto Nacional de Deporte.
Variación Presupuesto 2025-2026: -23,6%.
Presupuesto 2026: M$ 182.470.","Personas dirigentes, técnicas, monitoras, monitores, juezas, jueces, árbitras, árbitros y clasificadoras que gestionan y participan en actividades del Sistema Nacional de Deporte.","El programa busca profesionalizar el Sistema Nacional de Actividad Física y Deporte a través de formación y certificación de dirigentes, técnicos, monitores, jueces, árbitros y clasificadores. Entrega cursos, talleres y certificaciones en gestión, implementación y control de competencias deportivas. Con ello fortalece capacidades, mejora la calidad de la oferta deportiva y contribuye al desarrollo de la actividad física en todo el país.","Perspectiva de género: declara que no incorpora medidas.

Cambio climático: declara que no incorpora acciones.","La disminución se debe a la implementación de la plataforma de capacitación on line, lo que genera menores costos que las capacitaciones presenciales.","Evaluación ex ante: no tiene en los últimos tres años.

Monitoreo 2024: presentó hallazgos en la dimensión eficiencia.

Evaluación ex post: no tiene en los últimos tres años

"
59974,Trabajo y Previsión Social,Instituto de Previsión Social,Subsidio Previsional a los Trabajadores Jóvenes,6838129,-22.96599651652454,15-09-01-24-01-009 SUBSIDIO PREVISIONAL A LOS TRABAJADORES JÓVENES,"Ministerio: Trabajo y Previsión Social.
Servicio: Instituto de Previsión Social.
Variación Presupuesto 2025-2026: -23%.
Presupuesto 2026: M$ 6.838.129.",Trabajadores entre 18 y 35 años con menos de 24 cotizaciones en el Sistema de Pensiones establecido en el Decreto Ley 3.500 de 1980.,El programa incentiva la cotización previsional de las y los trabajadores jóvenes a través de un subsidio mensual.,"Perspectiva de género: declara que sí incorpora medidas indirectas.

Cambio climático: declara que no incorpora acciones.",La disminución se debe a una reducción de los beneficiarios esperados al año 2026.,"Evaluación ex ante: no tiene en los últimos tres años.

Monitoreo 2024: presentó hallazgos en la dimensión eficiencia.

Evaluación ex post: no tiene en los últimos tres años

"
59231,Interior,Subsecretaría Desarrollo Regional y Administrativo,Mejoramiento de Barrios,45264017,-21.76128548178559,05-05-03-33-03-006 MUNICIPALIDADES (PROGRAMA MEJORAMIENTO DE BARRIOS),"Ministerio: Interior.
Servicio: Subsecretaría Desarrollo Regional y Administrativo.
Variación Presupuesto 2025-2026: -21,8%.
Presupuesto 2026: M$ 45.264.017.",Todas las comunas del país.,"El programa aborda el problema ""Bajo nivel de infraestructura comunitaria en las comunas del país"". Para ello se implementan tres componentes: Asistencia Técnica, Asistencia Legal, Inspección Técnica y/o Saneamiento de Título, Estudios, Diseño y/o Construcción de Obras de Infraestructura Comunitaria, y Adquisición de Terrenos para la Construcción de Obras de Infraestructura Comunitaria.","Perspectiva de género: declara que no incorpora medidas.

Cambio climático: declara que sí incorpora acciones de adaptación.","La disminución se debe a que en el último proceso de monitoreo se identificó un desempeño menor al de años anteriores, en el ámbito de eficacia.","Evaluación ex ante: no tiene en los últimos tres años.

Monitoreo 2024: presentó hallazgos en la dimensión eficacia.

Evaluación ex post: no tiene en los últimos tres años

"
5057,Vivienda y Urbanismo,Subsecretaría de Vivienda y Urbanismo,Programa de Asentamientos Precarios (Ex Campamentos),26287026,-21.27860760031577,18-01-02 ASENTAMIENTOS PRECARIOS,"Ministerio: Vivienda y Urbanismo.
Servicio: Subsecretaría de Vivienda y Urbanismo.
Variación Presupuesto 2025-2026: -21,3%.
Presupuesto 2026: M$ 26.287.026.",Familias que viven en campamentos identificados en el Catastro de Campamentos del Ministerio de Vivienda y Urbanismo.,"El programa aborda las condiciones de precariedad y vulnerabilidad social de familias que habitan territorios de manera irregular con carencia de, al menos, uno de los tres servicios básicos, mediante el acompañamiento, diseño y ejecución de planes de acción social y comunitaria, de prevención, de gestión urbano-habitacional, y de gestión intersectorial.","Perspectiva de género: declara que no incorpora medidas.

Cambio climático: declara que no incorpora acciones.","La disminución se debe a que se financia la continuidad del programa, sin considerar nuevas iniciativas de inversión. La estimación del presupuesto se realiza en función de la ejecución histórica y la proyección de la ejecución 2025.","Evaluación ex ante: en formulación presupuestaria 2025 Recomendado Favorablemente (RF).

Monitoreo 2024: presentó hallazgos en la dimensión eficiencia.

Evaluación ex post: no tiene en los últimos tres años

"
59931,Educación,Junta Nacional de Auxilio Escolar y Becas,Útiles Escolares,10903856,-20.99469743083739,09-09-03-24-09-235 PROGRAMA ESPECIAL DE ÚTILES ESCOLARES,"Ministerio: Educación.
Servicio: Junta Nacional de Auxilio Escolar y Becas.
Variación Presupuesto 2025-2026: -21%.
Presupuesto 2026: M$ 10.903.856.",Estudiantes que cursan educación escolar en establecimientos con financiamiento público.,"El programa busca apoyar a estudiantes de la educación escolar gratuita con financiamiento público que enfrentan falta de insumos básicos para el estudio, a través de la entrega de sets de útiles escolares pertinentes a cada ciclo. Estos sets se distribuyen en versiones regular y diferenciada, lo que permite que las y los alumnos cuenten con materiales esenciales para su aprendizaje y desarrollo educativo.","Perspectiva de género: declara que no incorpora medidas.

Cambio climático: declara que no incorpora acciones.","La disminución responde a la reasignación de recursos hacia otras prioridades presupuestarias, principalmente de carácter legal u obligatorio, vinculadas al financiamiento de convenios vigentes.","Evaluación ex ante: no tiene en los últimos tres años.

Monitoreo 2024: presentó hallazgos en la dimensión eficacia.

Evaluación ex post: no tiene en los últimos tres años

"
59450,Educación,Dirección de Educación Pública,Infraestructura y equipamiento para la Educación Pública del siglo XXI,120600260,-20.63271933572914,"09-17-02-33-01-104 MEJORAMIENTO DE INFRAESTRUCTURA ESCOLAR PÚBLICA
09-17-02-33-02-104 MEJORAMIENTO DE INFRAESTRUCTURA ESCOLAR PÚBLICA - SERVICIOS LOCALES
09-17-02-33-03-104 MEJORAMIENTO DE INFRAESTRUCTURA ESCOLAR PÚBLICA","Ministerio: Educación.
Servicio: Dirección de Educación Pública.
Variación Presupuesto 2025-2026: -20,6%.
Presupuesto 2026: M$ 120.600.260.",Establecimientos educacionales públicos.,"El programa busca que los establecimientos educacionales que reciben subvención del Estado mejoren la infraestructura que propicia las condiciones para el aprendizaje. Para ello, entrega asistencia técnica para la formulación de proyectos y financia iniciativas de conservación, reposición, emergencia e intervenciones de contingencia en infraestructura. Con esto, permite a los establecimientos recuperar, mantener y reponer espacios, asegurando la continuidad y calidad en la provisión del servicio educativo.","Perspectiva de género: declara que no incorpora medidas.

Cambio climático: declara que no incorpora acciones.","La disminución responde al pago de compromisos de arrastre y a un gasto anual según calendario de costos, ajustando los recursos a niveles de ejecución recientes en la línea municipal y SLEP.","Evaluación ex ante: en formulación presupuestaria 2026 Recomendado Favorablemente (RF).

Monitoreo 2024: presentó hallazgos en la dimensión eficiencia.

Evaluación ex post: no tiene en los últimos tres años

"
1569,Trabajo y Previsión Social,Servicio Nacional de Capacitación y Empleo,Transferencias al Sector Público,2371300,-19.68027921035821,15-05-01-24-03-257 PROGRAMA DE BECAS,"Ministerio: Trabajo y Previsión Social.
Servicio: Servicio Nacional de Capacitación y Empleo.
Variación Presupuesto 2025-2026: -19,7%.
Presupuesto 2026: M$ 2.371.300.","Personas dependientes de instituciones públicas (como Fuerzas Armadas, Gendarmería y Fosis, entre otras) que presentan bajos niveles de empleabilidad y que no logran acceder a la oferta pública regular de programas de empleo.",El programa de Transferencias al Sector Público buscar mejorar la empleabilidad de personas dependientes de instituciones públicas mediante la entrega de capacitación,"Perspectiva de género: declara que no incorpora medidas.

Cambio climático: declara que no incorpora acciones.",La disminución se debe a una repriorización de recursos en el marco de un escenario de convergencia fiscal. ,"Evaluación ex ante: en formulación presupuestaria 2025 Recomendado Favorablemente (RF).

Monitoreo 2024: presentó hallazgos en la dimensión eficiencia.

Evaluación ex post: no tiene en los últimos tres años

"
93400,Secretaría General de Gobierno,Secretaría General de Gobierno,Portal Único de Fondos Concursables del Estado,89003,-19.40980994032905,20-01-01-24-09-320 PORTLAL ÚNICO DE FONDOS CONCURSABLES,"Ministerio: Secretaría General de Gobierno.
Servicio: Secretaría General de Gobierno.
Variación Presupuesto 2025-2026: -19,4%.
Presupuesto 2026: M$ 89.003.","Está dirigido a mayores de 18 años con base en el censo 2017, menos la población atendida por Gendarmería de Chile, y aquella registrada como deudora de pensión de alimentos.","Este portal permite al usuario el acceso en un solo lugar a información completa de las fuentes de financiamiento público de asignación concursable (fondos), con la posibilidad de realizar la  postulación de manera digital. A los servicios públicos que operen con la plataforma, se les permite la gestión de las etapas transversales de los concursos públicos, más allá de la postulación, como por ejemplo; admisibilidad, evaluación, adjudicación y firma de convenios, seguimiento.","Perspectiva de género: declara que no incorpora medidas.

Cambio climático: declara que no incorpora acciones.","La disminución se debe a que en 2024, el programa registra un 43% de gasto administrativo, y 2% de cobertura poblacional. La Comisión para Reformas Estructurales al Gasto Público propuso revisar este programa. ","Evaluación ex ante: no tiene en los últimos tres años.

Monitoreo 2024: presentó hallazgos en la dimensión eficiencia.

Evaluación ex post: no tiene en los últimos tres años

"
87153,"Ciencia, Tecnología, Conocimiento e Innovación",Agencia Nacional de Investigación y Desarrollo,Programa de Transferencia Tecnológica,3519437,-18.742012874524754,"30-02-03-24-01-124 FOMENTO A LA TRANSFERENCIA Y LICENCIAMIENTO
30-02-03-24-03-124 FOMENTO A LA TRANSFERENCIA Y LICENCIAMIENTO","Ministerio: Ciencia, Tecnología, Conocimiento e Innovación.
Servicio: Agencia Nacional de Investigación y Desarrollo.
Variación Presupuesto 2025-2026: -18,7%
Presupuesto 2026: M$ 3.519.437.","Centros o nodos de colaboración científica y tecnológica (Hubs) existentes, Universidades con I+D y Centros de I+D","El programa busca incrementar la cantidad y proyección nacional e internacional de los negocios tecnológicos y de las innovaciones basadas en I+D, para aumentar a largo plazo la productividad y diversificación de la economía.","Perspectiva de género: declara que no incorpora medidas.

Cambio climático: declara que no incorpora acciones.",La disminución se debe a que en reiterados procesos del Sistema de Monitoreo y Evaluación de Programas Públicos ha presentado deficiencias y un bajo desempeño. La Comisión para Reformas Estructurales al Gasto Público propuso revisar este programa.,"Evaluación ex ante: no tiene en los últimos tres años.

Monitoreo 2024: presentó hallazgos en la dimensión eficacia.

Evaluación ex post: EPG en 2025 clasificado en Desempeño bajo.

"
87134,"Economía, Fomento y Turismo",Corporación de Fomento de la Producción,Programas Estratégicos de Desarrollo,3880277,-18.7,"07-06-01-24-01-107 PROGRAMAS ESTRATÉGICOS DE DESARROLLO
07-06-01-24-08-107 PROGRAMAS ESTRATÉGICOS DE DESARROLLO
07-06-07-24-08-107 PROGRAMAS ESTRATÉGICOS DE DESARROLLO
07-06-07-24-09-107 PROGRAMAS ESTRATÉGICOS DE DESARROLLO","Ministerio: Economía, Fomento y Turismo.
Servicio: Corporación de Fomento de la Producción.
Variación Presupuesto 2025-2026: -18,7%.
Presupuesto 2026: M$ 3.880.277.",Subsectores económicos que presentan brechas de competitividad y tecnológicas.,"Estos programas contribuyen a que los subsectores económicos del país, con alto potencial de desarrollo, eleven su competitividad mediante un proceso de diálogo y coordinación público - privada, que identifica brechas y oportunidades,  que  incidan en su crecimiento. ","Perspectiva de género: declara que no incorpora medidas.

Cambio climático: declara que sí incorpora acciones mixtas.",La disminución se debe a que Corfo solicitó un menor presupuesto respecto del año 2025.,"Evaluación ex ante: no tiene en los últimos tres años.

Monitoreo 2024: sin hallazgos.

Evaluación ex post: no tiene en los últimos tres años

"
5111,Trabajo y Previsión Social,Subsecretaría del Trabajo,Programa de Apoyo al empleo Ley N°20.595 y Sistema Chile Solidario,1600265,-18.69956079630754,15-01-03-24-03-290 PROGRAMA A LA EMPLEABILIDAD SOSTENIDA,"Ministerio: Trabajo y Previsión Social.
Servicio: Subsecretaría del Trabajo.
Variación Presupuesto 2025-2026: -18,7%.
Presupuesto 2026: M$ 1.600.265.",Personas entre 26 y 49 años que mantienen su situación de desempleo por un periodo igual o mayor a 6 meses.,"El programa  es para contar con adecuadas competencias para el mercado laboral a través de subsidios a la contratación, formación en el puesto de trabajo y certificación de competencias.","Perspectiva de género: declara que sí incorpora medidas indirectas.

Cambio climático: declara que no incorpora acciones.", La disminución responde a una repriorización institucional de los recursos en el marco de un escenario de convergencia fiscal. ,"Evaluación ex ante: en formulación presupuestaria 2025 Recomendado Favorablemente (RF).

Monitoreo 2024: presentó hallazgos en la dimensión eficiencia.

Evaluación ex post: no tiene en los últimos tres años

"
70623,Educación,Subsecretaría de Educación,Liceos Bicentenario de Excelencia,5504597,-18.48140395813976,"09-01-01-24-01-021 LICEOS BICENTENARIO DE EXCELENCIA
09-01-01-33-01-021 LICEOS BICENTENARIO DE EXCELENCIA","Ministerio: Educación.
Servicio: Subsecretaría de Educación.
Variación Presupuesto 2025-2026: -18,5%.
Presupuesto 2026: M$ 5.504.597.",Establecimientos educacionales con subvención del Estado que imparten educación media.,"El programa busca mejorar los procesos educativos de la educación media científico-humanista y técnico-profesional subvencionada y de administración delegada, a través de aportes para infraestructura y equipamiento, nivelación de aprendizajes, asesoría técnica, capacitación a docentes y directivos, y trabajo en red. Con ello se fortalecen las capacidades institucionales y se elevan los aprendizajes de los estudiantes.","Perspectiva de género: declara que no incorpora medidas.

Cambio climático: declara que no incorpora acciones.","La disminución se debe a que no hubo convocatorias en 2024 y se financia la ejecución temporal de gastos, considerando los recursos comprometidos de convocatorias previas a 2025.","Evaluación ex ante: no tiene en los últimos tres años.

Monitoreo 2024: presentó hallazgos en las dimensiones eficiencia y eficacia.

Evaluación ex post: FEI en 2022 clasificado en Resultados mixtos.

"
72825,Trabajo y Previsión Social,Servicio Nacional de Capacitación y Empleo,Reinvéntate (Ex Reconversión Laboral),9848107,-18.38835830204217,15-05-01-24-03-477 PROGRAMA DE RECONVERSIÓN LABORAL,"Ministerio: Trabajo y Previsión Social.
Servicio: Servicio Nacional de Capacitación y Empleo.
Variación Presupuesto 2025-2026: -18,4%.
Presupuesto 2026: M$ 9.848.107.","Personas mayores de 18 años, que se encuentren cesantes u ocupadas en riesgo de perder su empleo.","El programa busca mejorar la empleabilidad mediante cursos de capacitación que entreguen competencias laborales en áreas identificadas por los Observatorios Laborales, y de un proceso de inserción laboral en el que se acompaña al beneficiario en la búsqueda de trabajo.","Perspectiva de género: declara que sí incorpora medidas indirectas.

Cambio climático: declara que no incorpora acciones.",La disminuciónse debe a una repriorización de recursos en el marco de un escenario de convergencia fiscal. ,"Evaluación ex ante: no tiene en los últimos tres años.

Monitoreo 2024: presentó hallazgos en las dimensiones eficiencia y eficacia.

Evaluación ex post: no tiene en los últimos tres años

"
473,Educación,Junta Nacional de Auxilio Escolar y Becas,Hogares Insulares V Región,696130,-18.17743717529796,09-09-03-24-09-174 HOGARES ESTUDIANTILES JUNAEB,"Ministerio: Educación.
Servicio: Junta Nacional de Auxilio Escolar y Becas.
Variación Presupuesto 2025-2026: -18,2%.
Presupuesto 2026: M$ 696.130.","Estudiantes con domicilio en Isla de Pascua o Juan Fernández que cursan educación media Técnico Profesional, especial o pregrado en comunas distintas a su residencia familiar.
","El programa busca favorecer la continuidad educativa de estudiantes de Isla de Pascua y Juan Fernández que cursan educación técnico profesional, especial o superior, a través de hogares estudiantiles y becas de residencia. Entrega alojamiento, alimentación, apoyo pedagógico y transferencia de recursos para reducir barreras territoriales. Con ello promueve la finalización de trayectorias educativas y la equidad en el acceso a la educación en zonas aisladas.","Perspectiva de género: declara que sí incorpora medidas indirectas.

Cambio climático: declara que no incorpora acciones.",La disminución se debe a reasignaciones hacia otras prioridades presupuestarias. Adicionalmente se destaca que la asignación no ha presentado una buena ejecución los años 2022 a 2024.,"Evaluación ex ante: en formulación presupuestaria 2024 Objetado Técnicamente (OT).

Monitoreo 2024: presentó hallazgos en las dimensiones eficiencia y eficacia.

Evaluación ex post: EPG en 2023 clasificado en Desempeño medio.

"
80604,Medio Ambiente,Subsecretaría de Medio Ambiente,Área Marina Protegida,313503,-18.00027202201286,25-01-01-24-09-022 ÁREAS MARINAS PROTEGIDAS,"Ministerio: Medio Ambiente.
Servicio: Subsecretaría de Medio Ambiente.
Variación Presupuesto 2025-2026: -18%.
Presupuesto 2026: M$ 313.503.","Ecosistemas marinos, y sistemas costeros asociados, que corresponden al universo reconocido para protección que sufren pérdida y degradación de la biodiversidad.",El programa busca conservar los ecosistemas marinos y costeros asociados para reducir su ritmo de pérdida y degradación de la biodiversidad y de los servicios ecosistémicos que entregan a la sociedad. Para ello se generan restricciones al desarrollo de actividades socioeconómicas y se elabora un plan con acciones de conservación para implementarlos en los ecosistemas.,"Perspectiva de género: declara que no incorpora medidas.

Cambio climático: declara que no incorpora acciones.","La disminución se debe a que no contempla transferencia de recursos a Sernapesca como en otros años.
El programa presentó subejecución presupuestaria inicial (58,36%) durante su ejecución en 2024.","Evaluación ex ante: en formulación presupuestaria 2024 Recomendado Favorablemente (RF).

Monitoreo 2024: presentó hallazgos en la dimensión eficiencia.

Evaluación ex post: no tiene en los últimos tres años

"
117806,Desarrollo Social y Familia,Subsecretaría de Servicios Sociales,Plataforma Red Integral de Protección Social (Ex Plataforma reddeproteccion.cl del programa Clase Media Protegida),401952,-17.61522947513404,21-01-01-24-09-005 PROGRAMA RED INTEGRAL DE PROTECCIÓN SOCIAL,"Ministerio: Desarrollo Social y Familia.
Servicio: Subsecretaría de Servicios Sociales.
Variación Presupuesto 2025-2026: -17,6%.
Presupuesto 2026: M$ 401.952.",Toda la población residente en el país que requiera acceso oportuno a la información de prestaciones existentes en el Estado para enfrentar eventos adversos.,El programa busca aumentar el nivel de información clara y personalizada respecto de las prestaciones existentes en el Estado para enfrentar eventos adversos a través de la plataforma reddeproteccion.cl.,"Perspectiva de género: declara que sí incorpora medidas indirectas.

Cambio climático: declara que no incorpora acciones.",La disminución se debe a una repriorización de recursos por parte de la Subsecretaría de Servicios Sociales en el marco de un escenario de convergencia fiscal y considera tener recursos suficientes que aseguren la continuidad operativa del programa.,"Evaluación ex ante: no tiene en los últimos tres años.

Monitoreo 2024: sin hallazgos.

Evaluación ex post: no tiene en los últimos tres años

"
68382,Educación,Subsecretaría de Educación Superior,Plan de Fortalecimiento de Universidades,21623037,-17.55341050831326,"09-90-02-24-03-221 PLAN DE FORTALECIMIENTO UNIVERSIDADES ESTATALES
09-90-02-33-03-417 PLAN DE FORTALECIMIENTO UNIVERSIDADES ESTATALES-INFRAESTRUCTURA","Ministerio: Educación.
Servicio: Subsecretaría de Educación Superior.
Variación Presupuesto 2025-2026: -17,6%.
Presupuesto 2026: M$ 21.623.037.",Universidades estatales.,"El programa busca consolidar capacidades en investigación, vinculación con el medio y formación de profesores, según las leyes 21.091 y 21.094, mediante la entrega de financiamiento regulado por convenios y reglamentos. Con ello, las universidades estatales fortalecen su misión y principios, elevando su aporte académico y social al país.","Perspectiva de género: declara que sí incorpora medidas indirectas.

Cambio climático: declara que no incorpora acciones.","La disminución responde al calendario de gasto del Art. 60 de la Ley 21.094, que fija montos por quinquenios, en este caso para el periodo 2022-2026.","Evaluación ex ante: en formulación presupuestaria 2025 Recomendado Favorablemente (RF).

Monitoreo 2024: sin hallazgos.

Evaluación ex post: no tiene en los últimos tres años

"
87137,"Economía, Fomento y Turismo",Corporación de Fomento de la Producción,Programa de Formación para la Competitividad,2022045,-17.495703506885,"07-06-01-24-08-018 PROGRAMA FORMACIÓN PARA LA COMPETITIVIDAD
07-06-07-24-08-018 PROGRAMA FORMACIÓN PARA LA COMPETITIVIDAD","Ministerio: Economía, Fomento y Turismo.
Servicio: Corporación de Fomento de la Producción.
Variación Presupuesto 2025-2026: -17,5%.
Presupuesto 2026: M$ 2.022.045.",Fuerza de trabajo de sectores productivos priorizados por Corfo que no tienen las competencias laborales necesarias para abordar sus desafíos.," El programa provee becas de capacitación, certificación de competencias laborales y de pasantías escolares en el extranjero para fortalecer el capital humano a través del cierre de brechas, aumento en la calidad y/o cantidad del trabajo calificado, de las competencias y aprendizajes de la fuerza laboral de los sectores productivos.","Perspectiva de género: declara que sí incorpora medidas indirectas.

Cambio climático: declara que sí incorpora acciones de adaptación.",La disminución se debe a que Corfo solicitó un menor presupuesto respecto del año 2025.,"Evaluación ex ante: no tiene en los últimos tres años.

Monitoreo 2024: sin hallazgos.

Evaluación ex post: EPG en 2022 clasificado en Desempeño medio.

"
86563,Seguridad Pública,Subsecretaría de Prevención del Delito,Programa Sistema de Televigilancia (Ex Calle Segura ),5815870,-17.30269369461602,"32-02-01-24-03-112 PLAN CALLE SEGURA
32-02-01-24-09-001 PLAN CALLE SEGURA","Ministerio: Seguridad Pública.
Servicio: Subsecretaría de Prevención del Delito.
Variación Presupuesto 2025-2026: -17,3%.
Presupuesto 2026: M$ 5.815.870.","Puntos críticos en centros urbanos con alta concentración de robos, homicidios, lesiones, amenazas y delitos vinculados a armas y drogas.","El programa busca aumentar la efectividad de la respuesta frente a delitos en puntos críticos mediante la televigilancia fija, con cámaras y pórticos lectores de patentes; y con televigilancia móvil, con drones y vehículos de patrullaje preventivo. Para ejecutar lo anterior se establecen convenios entre los municipios y Carabineros para que se levanten alertas, se generen detenciones y medios de prueba con lo que se mejora la coordinación institucional y el efecto disuasivo.","Perspectiva de género: declara que sí incorpora medidas indirectas.

Cambio climático: declara que no incorpora acciones.",La disminución se debe a la rebaja aplicada por la Subsecretaría de Prevención del Delito para potenciar otros programas.,"Evaluación ex ante: en formulación presupuestaria 2024 Recomendado Favorablemente (RF).

Monitoreo 2024: sin hallazgos.

Evaluación ex post: EFA en 2022 clasificado en Desempeño medio.

"
93821,"Ciencia, Tecnología, Conocimiento e Innovación",Agencia Nacional de Investigación y Desarrollo,Apoyo a la innovación en educación superior,8945717,-17.098851765166405,"30-02-03-24-01-014 APOYO INNOVACIÓN EDUCACIÓN SUPERIOR- INES ;
30-02-03-24-03-014 APOYO INNOVACIÓN EDUCACIÓN SUPERIOR- INES;
30-02-03-33-01-014 APOYO INNOVACIÓN EDUCACIÓN SUPERIOR- INES;
30-02-03-33-03-014 APOYO INNOVACIÓN EDUCACIÓN SUPERIOR- INES","Ministerio: Ciencia, Tecnología, Conocimiento e Innovación.
Servicio: Agencia Nacional de Investigación y Desarrollo.
Variación Presupuesto 2025-2026: -17,1%.
Presupuesto 2026: M$ 8.945.717.",Universidades chilenas estatales y/o privadas reconocidas por el Estado.,"El programa ofrece financiamiento concursable a las instituciones de educación superior (IES) para fortalecer su competitividad en innovación, basada en investigación y desarrollo (I+D) y en transferencia tecnológica. Para ello, deben identificar sus brechas  con diagnósticos y elaborar e implementar planes de trabajo orientados a un mejoramiento institucional significativo.","Perspectiva de género: declara que sí incorpora medidas indirectas.

Cambio climático: declara que no incorpora acciones.",La disminución se debe a que carece de un diseño adecuado y registra una subejecución de su presupuesto persistente entre los años 2022 y 2024.,"Evaluación ex ante: en formulación presupuestaria 2026 Objetado Técnicamente (OT).

Monitoreo 2024: presentó hallazgos en las dimensiones eficiencia y focalización.

Evaluación ex post: no tiene en los últimos tres años

"
59423,Desarrollo Social y Familia,Fondo de Solidaridad e Inversión Social,Acceso al Microcrédito,1031000,-16.72482198012381,21-02-03-33-01-004 ACCESO AL MICROCRÉDITO,"Ministerio: Desarrollo Social y Familia.
Servicio: Fondo de Solidaridad e Inversión Social.
Variación Presupuesto 2025-2026: -16,7%.
Presupuesto 2026: M$ 1.031.000.",Trabajadores por cuenta propia y patrón o empleador que pertenecen a los tres primeros quintiles de ingreso según la encuesta Casen.,"El programa busca que microemprendedores vulnerables que no acceden a créditos productivos formales de instituciones financieras, logren acceder a este tipo de créditos a través de bienes y servicios definidos.","Perspectiva de género: declara que sí incorpora medidas indirectas.

Cambio climático: declara que no incorpora acciones.",La disminución se debe a la reducción de cobertura de acuerdo con la priorización definida por Fosis.,"Evaluación ex ante: no tiene en los últimos tres años.

Monitoreo 2024: sin hallazgos.

Evaluación ex post: no tiene en los últimos tres años

"
87302,Bienes Nacionales,Subsecretaría Bienes Nacionales,Regularización de títulos de dominio y gestión de la propiedad fiscal asociada a Pueblos Indígenas,574493,-15.58959439901851,14-01-04-24-09-016 REGULARIZACIÓN DE TÍTULOS DE DOMINIO Y GESTIÓN DE LA PROPIEDAD FISCAL ASOCIADA A PUEBLOS INDÍGENAS,"Ministerio: Bienes Nacionales.
Servicio: Subsecretaría Bienes Nacionales.
Variación Presupuesto 2025-2026: -15,6%.
Presupuesto 2026: M$ 574.493.","Está dirigido a casos de comunidades, asociaciones o personas naturales indígenas que ingresan una solicitud de regularización de títulos de dominio.","El programa contribuye al desarrollo de políticas públicas territoriales al tramitar oportunamente las solicitudes de pueblos indígena asociadas a los  D.L.1939/1977 y a D.L. 2695/79,  para evitar o resolver conflictos e incumplimientos legales. Asimismo, implementa diálogos institucionales con los pueblos indígenas, consultas indígenas, encuentros participativos y mesas de tierras, para dar respuesta a su demanda declarada y no declarada de uso, administración o dominio sobre propiedad fiscal.","Perspectiva de género: declara que sí incorpora medidas indirectas.

Cambio climático: declara que no incorpora acciones.",La disminución se debe a que se redujo el presupuesto por el traspaso del personal que estaba a honorarios a la calidad jurídica de contrata.,"Evaluación ex ante: en formulación presupuestaria 2024 Recomendado Favorablemente (RF).

Monitoreo 2024: presentó hallazgos en las dimensiones eficiencia y focalización.

Evaluación ex post: no tiene en los últimos tres años

"
59498,Vivienda y Urbanismo,Subsecretaría de Vivienda y Urbanismo,Recuperación de Barrios,36559875,-15.10499337603053,"18-01-04-24-03-002 MUNICIPALIDADES PARA EL PROGRAMA RECUPERACIÓN DE BARRIOS
18-01-04-33-03-002 MUNICIPALIDADES PARA EL PROGRAMA RECUPERACIÓN DE BARRIOS","Ministerio: Vivienda y Urbanismo.
Servicio: Subsecretaría de Vivienda y Urbanismo.
Variación Presupuesto 2025-2026: -15,1%.
Presupuesto 2026: M$ 36.559.875.","Barrios vulnerables que se ubican en áreas urbanas sobre 9.000 habitantes, con déficit y deterioro de espacios públicos y equipamientos de uso comunitario.","El programa interviene espacios públicos y equipamientos de uso comunitario deteriorados, en barrios de áreas urbanas vulnerables, mediante la ejecución de un plan maestro, uno de gestión de obras y de gestión social.","Perspectiva de género: declara que sí incorpora medidas indirectas.

Cambio climático: declara que sí incorpora acciones de adaptación.",La disminución se debe al ajuste del presupuesto en función de las tasas históricas de avance de la ejecución del programa Recuperación de barrios. ,"Evaluación ex ante: no tiene en los últimos tres años.

Monitoreo 2024: presentó hallazgos en las dimensiones eficiencia y focalización.

Evaluación ex post: no tiene en los últimos tres años

"
468,Educación,Junta Nacional de Auxilio Escolar y Becas,Hogares y Residencias Estudiantiles,6642450,-13.88675773845283,09-09-03-24-03-236 RESIDENCIA FAMILIAR ESTUDIANTIL,"Ministerio: Educación.
Servicio: Junta Nacional de Auxilio Escolar y Becas.
Variación Presupuesto 2025-2026: -13,9%.
Presupuesto 2026: M$ 6.642.450.",Estudiantes desde 7° básico a 4° medio de escuelas con financiamiento público de comunas con 50% o más de ruralidad; renovantes de educación superior en instituciones reconocidas por el Estado y hasta 3% para aislamiento geográfico. ,El programa aborda el problema de las y los estudiantes que viven en comunas en condición de ruralidad y que en su lugar de origen ven limitada su trayectoria educativa para que finalicen su ciclo educacional a través de residencias familiares estudiantiles y hogares estudiantiles. ,"Perspectiva de género: declara que sí incorpora medidas indirectas.

Cambio climático: declara que no incorpora acciones.","La disminución se debe a la lenta ejecución de los recursos asignados tras la pandemia, aun cuando, se han mejorado los precios de las prestaciones.","Evaluación ex ante: en formulación presupuestaria 2026 Recomendado Favorablemente (RF).

Monitoreo 2024: presentó hallazgos en la dimensión focalización.

Evaluación ex post: EPG en 2023 clasificado en Desempeño medio.

"
87278,Agricultura,Instituto de Desarrollo Agropecuario,Programa de Gestión y Soporte Organizacional –PROGYSO,1929230,-5.008025840251312,"13-03-01-24-01-407 SERVICIOS DESARROLLO DE CAPACIDADES PRODUCTIVAS Y EMPRESARIALES
13-03-01-24-09-407 SERVICIOS DESARROLLO DE CAPACIDADES PRODUCTIVAS Y EMPRESARIALES","Ministerio: Agricultura.
Servicio: Instituto de Desarrollo Agropecuario.
Variación Presupuesto 2025-2026: -5%.
Presupuesto 2026: M$ 1.929.230.","Organizaciones de representación de la sociedad civil en el mundo rural, sin fines de lucro, autónomas del Estado y con personalidad jurídica.","Este programa está dirigido a organizaciones de representación nacional, regional y local de pequeños productores y campesinos del país, para fortalecer su rol de representación en beneficio de sus asociados. Para ello da financiamiento, no reembolsable, a proyectos de: mejoramiento de gestión organizacional, soporte administrativo para su funcionamiento, articulación con la oferta de recursos público –privada, interlocución e incidencia en políticas públicas.","Perspectiva de género: declara que sí incorpora medidas indirectas.

Cambio climático: declara que no incorpora acciones.", La disminución se debe a que no cuenta con un diseño adecuado.,"Evaluación ex ante: en formulación presupuestaria 2026 Objetado Técnicamente (OT).

Monitoreo 2024: presentó hallazgos en la dimensión eficiencia.

Evaluación ex post: no tiene en los últimos tres años

"
87118,Relaciones Exteriores,Dirección General de Promoción de Exportaciones,Certificación de Origen,853081,-12.56683697261952,06-07-01-24-09-554 CERTIFICACIÓN DE ORIGEN,"Ministerio: Relaciones Exteriores.
Servicio: Dirección General de Promoción de Exportaciones.
Variación Presupuesto 2025-2026: -12,6%.
Presupuesto 2026: M$ 853.081.",Empresas exportadoras con base en Chile.,"El programa tiene como objetivo principal que los exportadores puedan acceder a preferencias arancelarias en los mercados de la Unión Europea y China, a través de la emisión de certificados de origen para las exportaciones nacionales a esos destinos.","Perspectiva de género: declara que no incorpora medidas.

Cambio climático: declara que no incorpora acciones.","La disminución se debe a que la información de monitoreo revela que el gasto por beneficiario ha aumentado un 28% en 2024 y un 26% en 2023, sin una justificación adecuada.","Evaluación ex ante: no tiene en los últimos tres años.

Monitoreo 2024: presentó hallazgos en la dimensión eficiencia.

Evaluación ex post: no tiene en los últimos tres años

"
87104,Interior,Subsecretaría del Interior,"Coordinación, Orden Público y Gestión Territorial",1691917,-12.11186028632576,"05-02-01-24-09-800 PROGRAMA DE COORDINACIÓN, ORDEN PÚBLICO Y GESTIÓN TERRITORIAL","Ministerio: Interior.
Servicio: Subsecretaría del Interior.
Variación Presupuesto 2025-2026: -12,1%.
Presupuesto 2026: M$ 1.691.917.",Todas las comunas del país.,"El programa busca que comunidades disminuyan las barreras de acceso al espacio público en sus comunas. Se implementa mediante actividades de acercamiento de la oferta pública, que facilitan la conexión con servicios e instancias comunitarias, y proyectos para el uso de espacios, que promueven iniciativas concretas de recuperación y aprovechamiento del entorno, con lo que se contribuye a una mayor integración y acceso equitativo.","Perspectiva de género: declara que sí incorpora medidas indirectas.

Cambio climático: declara que no incorpora acciones.",La disminución está asociada a identificar espacios de mayor eficiencia en la entrega del bien o servicio que proporciona el programa.,"Evaluación ex ante: en formulación presupuestaria 2024 Recomendado Favorablemente (RF).

Monitoreo 2024: sin hallazgos.

Evaluación ex post: no tiene en los últimos tres años

"
63343,Vivienda y Urbanismo,Subsecretaría de Vivienda y Urbanismo,Sistema Integrado de Subsidio Habitacional - DS1,311909142,-12.05037820979148,"18-XX-01-33-01-132 SISTEMA INTEGRADO DE SUBSIDIO
DONDE XX CORRESPONDE A LOS CAPÍTULOS: 21, 22, 23, 24, 25, 26, 27, 28, 29, 30, 31, 32, 33, 34, 35, 36.","Ministerio: Vivienda y Urbanismo.
Servicios de Vivienda y Urbanización (Serviu).
Variación Presupuesto 2025-2026: -12,1%.
Presupuesto 2026: M$ 311.909.142.","Hogares no propietarios de vivienda. Para la cuantificación se contabilizan los requerimientos de déficit habitacional, excluyendo a aquellos que son propietarios de vivienda, además de hogares.",El programa busca que familias de sectores medios accedan a una vivienda adecuada para abordar la falta de acceso.,"Perspectiva de género: declara que sí incorpora medidas directas.

Cambio climático: declara que no incorpora acciones.",La disminución se debe al ajuste del presupuesto en función de las tasas de aplicación informadas por la Subsecretaría de Vivienda y Urbanismo y la ejecución presupuestaria en años anteriores.,"Evaluación ex ante: no tiene en los últimos tres años.

Monitoreo 2024: sin hallazgos.

Evaluación ex post: no tiene en los últimos tres años

"
554,Educación,Junta Nacional de Auxilio Escolar y Becas,Escuelas Saludables para el Aprendizaje,1517623,-11.99986779305438,09-09-02-24-03-001 ESCUELAS SALUDABLES PARA EL APRENDIZAJE,"Ministerio: Educación.
Servicio: Junta Nacional de Auxilio Escolar y Becas.
Variación Presupuesto 2025-2026: -12%.
Presupuesto 2026: M$ 1.517.623.","Estudiantes con un índice de vulnerabilidad escolar igual o superior al 50%, con obesidad igual o superior al 25% según el Mapa Nutricional de Junaeb vigente.","El programa busca promover hábitos de vida activa y saludable en estudiantes de establecimientos públicos y subvencionados. Para ello, ofrece espacios recreativos durante el año escolar y en vacaciones que favorezcan una alimentación sana, actividad física, convivencia escolar y prevención del consumo de drogas.","Perspectiva de género: declara que no incorpora medidas.

Cambio climático: declara que no incorpora acciones.","La disminución responde a la reasignación de recursos hacia otras prioridades presupuestarias, principalmente de carácter legal u obligatorio, vinculadas al financiamiento de convenios vigentes.","Evaluación ex ante: no tiene en los últimos tres años.

Monitoreo 2024: presentó hallazgos en las dimensiones eficiencia y eficacia.

Evaluación ex post: no tiene en los últimos tres años

"
63232,Desarrollo Social y Familia,Subsecretaría de Servicios Sociales,"Gestión Social Local - GSL (Ex Apoyo, Monitoreo y Supervisión a la Gestión Territorial)",785688,-11.76902604184213,"21-01-01-24-03-342 APOYO, MONITOREO Y SUPERVISIÓN A LA GESTIÓN TERRITORIAL","Ministerio: Desarrollo Social y Familia.
Servicio: Subsecretaría de Servicios Sociales.
Variación Presupuesto 2025-2026: -11,8%.
Presupuesto 2026: M$ 785.688.","Los 345 municipios, 40 delegaciones presidenciales provinciales y 16 delegaciones presidenciales  regionales, que intervienen en la provisión de beneficios y servicios sociales en los niveles subnacionales.","El programa busca fortalecer la integración entre las distintas instituciones públicas que intervienen en el aprovisionamiento de beneficios sociales en los niveles subnacionales. Para ello, aplica el modelo de Gestión Social Local (GSL) divido en tres módulos: base, provincial y regional, y temáticos. Además, coordina y articula la red provincial.","Perspectiva de género: declara que sí incorpora medidas indirectas.

Cambio climático: declara que no incorpora acciones.","La disminución se debe a que el programa contempla el término de su ejecución en 2025, con el logro de la implementación del modelo de Gestión Social Local (GSL) en la totalidad de las comunas del país.","Evaluación ex ante: no tiene en los últimos tres años.

Monitoreo 2024: sin hallazgos.

Evaluación ex post: no tiene en los últimos tres años

"
60149,Educación,Subsecretaría de Educación,Educación Intercultural Bilingüe,1849281,-11.6785779784966,09-01-03-24-09-385 PROGRAMA DE EDUCACIÓN INTERCULTURAL BILINGUE,"Ministerio: Educación.
Servicio: Subsecretaría de Educación.
Variación Presupuesto 2025-2026: -11,7%.
Presupuesto 2026: M$ 1.849.281.",Establecimientos educacionales que reciben financiamiento estatal a través de la subvención escolar.,"El programa busca hacer frente a la pérdida de la riqueza cultural y lingüística de los pueblos originarios en el sistema educativo. Para ello, incorpora lenguas, culturas, historias y cosmovisiones de los pueblos originarios en los procesos educativos de los establecimientos con subvención del Estado, con lo que contribuye a la revitalización cultural y a una educación más pertinente.","Perspectiva de género: declara que no incorpora medidas.

Cambio climático: declara que no incorpora acciones.","La disminución responde a la reasignación de recursos hacia otras prioridades presupuestarias, principalmente de carácter legal u obligatorio, vinculadas al financiamiento de convenios vigentes.","Evaluación ex ante: no tiene en los últimos tres años.

Monitoreo 2024: sin hallazgos.

Evaluación ex post: no tiene en los últimos tres años

"
60339,Seguridad Pública,Subsecretaría de Prevención del Delito,Somos Barrio (Ex Barrios Prioritarios),7832216,-11.63234654328632,32-02-01-24-03-118 SOMOS BARRIO PRIORITARIO,"Ministerio: Seguridad Pública.
Servicio: Subsecretaría de Prevención del Delito.
Variación Presupuesto 2025-2026: -11,6%.
Presupuesto 2026: M$ 7.832.216.",Barrios residenciales urbanos con alta presencia de delitos seleccionados del programa de seguridad barrial.,"El programa busca disminuir los delitos vinculados a niños, niñas, adolescentes y jóvenes en barrios priorizados, mediante convenios técnico-financieros con municipios. Implementa, por una parte, la integración social, a través de gestores barriales, mesas y hojas de ruta participativas, con enfoque comunitario y de género, Y, por otra, el acompañamiento especializado, que brinda tutorías y planes psicosociales individuales según nivel de riesgo.","Perspectiva de género: declara que sí incorpora medidas indirectas.

Cambio climático: declara que no incorpora acciones.",La disminución se debe a la priorización que realiza el servicio en el marco de un escenario de convergencia fiscal.,"Evaluación ex ante: en formulación presupuestaria 2025 Recomendado Favorablemente (RF).

Monitoreo 2024: presentó hallazgos en la dimensión eficacia.

Evaluación ex post: EFA en 2022 clasificado en Desempeño medio.

"
118520,"Culturas, las Artes y el Patrimonio",Subsecretaría de las Culturas y las Artes,Financiamiento de Infraestructura Cultural Pública y/o Privada,14938336,-10.98712273984745,"29-01-04-33-01-002 PROGRAMA DE FINANCIAMIENTO DE INFRAESTRUCTURA CULTURAL
29-01-04-33-03-002 PROGRAMA DE FINANCIAMIENTO DE INFRAESTRUCTURA CULTURAL","Ministerio: Culturas, las Artes y el Patrimonio.
Servicio: Subsecretaría de las Culturas y las Artes.
Variación Presupuesto 2025-2026: -11%.
Presupuesto 2026: M$ 14.938.336.",Población que vive en comunas del país que presentan déficit de infraestructura cultural.,"Estos recursos son para aumentar la cobertura de infraestructura cultural del país, apoyando a organizaciones culturales privadas sin fines de lucro y a municipalidades, por medio del financiamiento total o parcial de proyectos de diseño, la ejecución de proyectos de construcción y/o habilitación de infraestructura cultural. Se da prioridad a los que se emplacen en territorios que no posean infraestructura cultural o que se encuentren en mal estado.","Perspectiva de género: declara que no incorpora medidas.

Cambio climático: declara que no incorpora acciones.",La disminución se debe a que sólo se ejecutarán obras civiles con diseño aprobado al 2017.,"Evaluación ex ante: no tiene en los últimos tres años.

Monitoreo 2024: sin hallazgos.

Evaluación ex post: no tiene en los últimos tres años

"
93160,"Economía, Fomento y Turismo",Instituto Nacional Desarrollo Sustentable Pesca Artesanal y Acuicultura,Programa de Fomento y Desarrollo Productivo de la Pesca Artesanal y la Acuicultura de Pequeña Escala,10509031,-10.61119933150405,"07-26-01-24-03-003 PROGRAMAS DE APOYO A LA PESCA ARTESANAL
07-26-01-24-03-004 PROGRAMAS DE APOYO A LA ACUICULTURA DE PEQUEÑA ESCALA
07-26-01-33-03-003 PROGRAMAS DE APOYO A LA PESCA ARTESANAL
07-26-01-33-03-004 PROGRAMAS DE APOYO A LA ACUICULTURA DE PEQUEÑA ESCALA","Ministerio: Economía, Fomento y Turismo.
Servicio: Instituto Nacional Desarrollo Sustentable Pesca Artesanal y Acuicultura.
Variación Presupuesto 2025-2026: -10,6%.
Presupuesto 2026: M$ 10.509.031.","Está dirigido a las y los pescadores artesanales, acuicultores de pequeña escala y a sus respectivas organizaciones productivas o empresas con baja capacidad productiva o comercial. ","El programa busca aumentar la capacidad productiva y/o comercial a través de un fondo concursable que provee equipamiento, infraestructura, capacitación y/o asistencia técnica, pertinente y necesaria para llevar a cabo proyectos productivos.
","Perspectiva de género: declara que sí incorpora medidas indirectas.

Cambio climático: declara que sí incorpora acciones de adaptación.",La disminución se debe por un traspaso de recursos al programa de Caletas Artesanales ejecutado también por Indespa.,"Evaluación ex ante: no tiene en los últimos tres años.

Monitoreo 2024: sin hallazgos.

Evaluación ex post: EPG en 2023 clasificado en Mal desempeño.

"
87269,Agricultura,Instituto de Desarrollo Agropecuario,Programa de Alianzas Productivas,3414356,-23.92212523465483,"13-03-01-24-01-420 ALIANZAS PRODUCTIVAS
13-03-01-33-01-009 ALIANZAS PRODUCTIVAS","Ministerio: Agricultura.
Servicio: Instituto de Desarrollo Agropecuario.
Variación Presupuesto 2025-2026: -23,9%.
Presupuesto 2026: M$ 3.414.356.","Pequeños productores agrícolas acreditados por Indap, de hogares calificados sobre el percentil 50 en niveles de ingreso y vulnerabilidad según el Registro Social de Hogares, con potencial encadenamiento.","El programa articula encadenamiento productivo entre poder comprador, proveedores de productos y servicios de las y los usuarios. Con esto, permite acceder a incentivos económicos para cofinanciar asesorías técnicas especializadas y otros servicios que respondan a las exigencias del poder comprador, permitiéndo acceso a mercados de mayor valor agregado.","Perspectiva de género: declara que sí incorpora medidas indirectas.

Cambio climático: declara que no incorpora acciones.",La disminución se debe a que el Indap solicitó menos recursos que el año 2025. En 2024 presentó una subejecución en presupuesto inicial de 73%. ,"Evaluación ex ante: no tiene en los últimos tres años.

Monitoreo 2024: sin hallazgos.

Evaluación ex post: no tiene en los últimos tres años

"
56208,Desarrollo Social y Familia,Servicio Nacional del Adulto Mayor,Fondo Subsidio ELEAM,11016301,-10.1462106977899,21-08-01-24-03-721 PROGRAMA FONDO SUBSIDIO ELEAM,"Ministerio: Desarrollo Social y Familia.
Servicio: Servicio Nacional del Adulto Mayor.
Variación Presupuesto 2025-2026: -10,1%.
Presupuesto 2026: M$ 11.016.301.",Establecimientos de Larga Estadía para Personas Mayores que se encuentren en funcionamiento.,"El programa aborda el problema de los Establecimientos de Larga Estadía para Personas Mayores (Eleam) que se encuentran en funcionamiento y entregan servicios de cuidado con bajos estándares de calidad, a través de subvención mensual, acompañamiento sociosanitario a Eleam informales, acompañamiento técnico y supervisión a los formales y capacitaciones, difusión y educación a la comunidad.","Perspectiva de género: declara que sí incorpora medidas indirectas.

Cambio climático: declara que no incorpora acciones.","La disminución se debe al ajuste en el número de días de prestaciones promedio a la cobertura efectiva, sin afectar el total de plazas disponibles.","Evaluación ex ante: en formulación presupuestaria 2026 Recomendado Favorablemente (RF).

Monitoreo 2024: sin hallazgos.

Evaluación ex post: no tiene en los últimos tres años

"
62650,Mujer y Equidad de Género,Servicio Nacional de la Mujer y la Equidad de Género,Programa de Desarrollo Familiar,1431023,-10.00002515682133,27-02-01-24-01-002 FUNDACIÓN DE LAS FAMILIAS,"Ministerio: Mujer y Equidad de Género.
Servicio: Servicio Nacional de la Mujer y la Equidad de Género.
Variación Presupuesto 2025-2026: -10%.
Presupuesto 2026: M$ 1.431.023.",Familias en situación de vulnerabilidad que presentan dificultades para desarrollar relaciones familiares saludables.,"El programa busca que familias en situación de vulnerabilidad superen dificultades para desarrollar relaciones familiares saludables. Para ello, se realizan evaluaciones iniciales y finales, se fortalecen dinámicas familiares, se promueve el bienestar, buen trato, organización y las redes de apoyo.","Perspectiva de género: declara que sí incorpora medidas directas.

Cambio climático: declara que no incorpora acciones.",La disminución se debe a ajustes en los gastos de operación que no afectan la cobertura del programa.,"Evaluación ex ante: en formulación presupuestaria 2025 Objetado Técnicamente (OT).

Monitoreo 2024: sin hallazgos.

Evaluación ex post: no tiene en los últimos tres años

"
167572,Educación,Dirección de Educación Pública,Contingencia para Mantención y Reparación de Infraestructura Escolar (Plan de Reactivación Educativa),6704772,-10.00000402698239,09-17-02-24-03-062 CONTINGENCIA PARA MANTENCIÓN Y REPARACIÓN DE INFRAESTRUCTURA ESCOLAR (PLAN DE REACTIVACIÓN EDUCATIVA),"Ministerio: Educación.
Servicio: Dirección de Educación Pública.
Variación Presupuesto 2025-2026: -10%.
Presupuesto 2026: M$ 6.704.772.","Servicios Locales de Educación Pública que reciben el servicio educativo en escuelas, liceos, jardines infantiles y salas cuna traspasadas.","El programa busca abordar las contingencias que afectan la continuidad del servicio educativo en establecimientos administrados por SLEP, a través de la asignación de recursos complementarios para reparaciones y mantenimiento. Mediante este financiamiento  cuentan con mecanismos de respuesta rápida que permiten recuperar condiciones básicas y asegurar la prestación del servicio educativo.","Perspectiva de género: declara que no incorpora medidas.

Cambio climático: declara que no incorpora acciones.", La disminución se debe a la baja ejecución evidenciada desde la creación del programa.,"Evaluación ex ante: no tiene en los últimos tres años.

Monitoreo 2024: presentó hallazgos en las dimensiones eficiencia y focalización.

Evaluación ex post: no tiene en los últimos tres años

"
581,Educación,Junta Nacional de Auxilio Escolar y Becas,Salud Oral,10846198,-9.999999170216137,09-09-02-24-09-167 SALUD ORAL,"Ministerio: Educación.
Servicio: Junta Nacional de Auxilio Escolar y Becas.
Variación Presupuesto 2025-2026: -10%.
Presupuesto 2026: M$ 10.846.198.",Estudiantes de prekínder a octavo básico matriculados en establecimientos con financiamiento estatal.,"El programa busca mejorar la salud bucal de estudiantes desde prekínder a 8° básico en establecimientos financiados por el Estado, a través de atención odontológica integral y leche fluorurada en establecimientos rurales. La atención consiste en prestaciones curativas, preventivas y educativas en módulos fijos o móviles y se les deriva a la red pública en el caso de ser necesario. La entrega este tipo de leche se focaliza en zonas rurales sin agua fluorurada. De este modo, se favorece la prevención de caries y se promueven hábitos de higiene oral.","Perspectiva de género: declara que no incorpora medidas.

Cambio climático: declara que no incorpora acciones.","La disminución responde a la reasignación de recursos hacia otras prioridades presupuestarias, principalmente de carácter legal u obligatorio, vinculadas al financiamiento de convenios vigentes.","Evaluación ex ante: no tiene en los últimos tres años.

Monitoreo 2024: sin hallazgos.

Evaluación ex post: no tiene en los últimos tres años

"
87140,"Economía, Fomento y Turismo",Corporación de Fomento de la Producción,Aplicación Fondo Cobertura de Riesgos,45383976,-9.83543346050915,"07-06-06-24-01-068 APLICACIÓN FONDO COBERTURA DE RIESGOS
07-06-06-24-09-068 APLICACIÓN FONDO COBERTURA DE RIESGOS
07-06-07-24-01-068 APLICACIÓN FONDO COBERTURA DE RIESGOS","Ministerio: Economía, Fomento y Turismo.
Servicio: Corporación de Fomento de la Producción.
Variación Presupuesto 2025-2026: -9,8%.
Presupuesto 2026: M$ 45.383.976.",Aquellas empresas y personas que presentan necesidades de financiamiento y que no acceden al que brindan las instituciones bancarias y no bancarias.,"El programa permite pagar subsidios contigentes a los intermediarios financieros de los programas de cobertura de Corfo que han respaldado créditos concedidos a las empresas beneficiarias y estudiantes que no hayan pagado. En empresas, los beneficiarios son aquellas con ventas anuales de hasta UF 600.000 que reciben financiamiento para capital de trabajo, inversión y refinanciamiento. En personas, están asociados a préstamos para estudios de educación superior.","Perspectiva de género: declara que sí incorpora medidas indirectas.

Cambio climático: declara que no incorpora acciones.",La disminución se debe a que se estimó una menor siniestralidad de los fondos de cobertura de los prestamos con garantía vigentes.,"Evaluación ex ante: no tiene en los últimos tres años.

Monitoreo 2024: presentó hallazgos en la dimensión eficacia.

Evaluación ex post: no tiene en los últimos tres años

"
138128,Agricultura,Instituto de Desarrollo Agropecuario,Programa de promoción y fortalecimiento de la producción sustentable de cultivos tradicionales,7296616,-13.73992963824782,"13-03-01-24-09-422 ASESORÍA PRODUCCIÓN SUSTENTABLE DE CULTIVOS TRADICIONALES
13-03-01-33-01-014 INVERSIÓN PRODUCCIÓN SUSTENTABLE DE CULTIVOS TRADICIONALES","Ministerio: Agricultura.
Servicio: Instituto de Desarrollo Agropecuario.
Variación Presupuesto 2025-2026: -13,7%.
Presupuesto 2026: M$ 7.296.616.","Productores familiares y empresariales acreditados por el Indap, según la línea base de personas usuarias. Las y los usuarios deben producir cultivos de cereales, leguminosas y/o papa.","Busca estimular la producción sustentable de cereales y leguminosas para asegurar y/o aumentar la superficie cultivada por las y los usuarios del Indap para el mercado interno. Para ello fomenta paquetes tecnológicos de cultivos sustentables, que aumenten o mantengan la superficie y producción de forma competitiva en distintos escenarios de precios futuros.","Perspectiva de género: declara que sí incorpora medidas indirectas.

Cambio climático: declara que sí incorpora acciones de adaptación.",La disminución se debe a que presenta subejecución de su presupuesto de 80% respecto del inicial durante el 2024.,"Evaluación ex ante: no tiene en los últimos tres años.

Monitoreo 2024: presentó hallazgos en la dimensión eficiencia.

Evaluación ex post: no tiene en los últimos tres años

"
59932,Desarrollo Social y Familia,Servicio Nacional de la Discapacidad,Ayudas Técnicas,6166248,-9.144999838660032,21-07-01-24-09-001 PROGRAMA AYUDAS TÉCNICAS LEY N°20.422,"Ministerio: Desarrollo Social y Familia.
Servicio: Servicio Nacional de la Discapacidad.
Variación Presupuesto 2025-2026: -9,1%.
Presupuesto 2026: M$ 6.166.248.","Personas con discapacidad de 10 años en adelante, que requieren el uso de una ayuda técnica, que pertenezcan hasta al 60% de mayor vulnerabilidad de acuerdo con el Registro Social de Hogares."," El programa buscar apoyar a personas con discapacidad que no poseen los recursos de apoyo necesarios que faciliten la superación de barreras del entorno, a través de financiamiento de ayudas técnicas.","Perspectiva de género: declara que no incorpora medidas.

Cambio climático: declara que no incorpora acciones.","La disminución se debe a una menor cobertura proyectada para el año 2026, lo que permite una programación realista y acorde a la capacidad operativa del programa. ","Evaluación ex ante: en formulación presupuestaria 2024 Recomendado Favorablemente (RF).

Monitoreo 2024: presentó hallazgos en la dimensión eficiencia.

Evaluación ex post: EPG en 2023 clasificado en Desempeño bajo.

"
59976,Desarrollo Social y Familia,Subsecretaría de Servicios Sociales,Bonos Protección (SSyOO y Chile Solidario) y Egreso (Chile Solidario),28399375,-9.027111638523445,"21-01-05-24-01-337 BONOS ART. 2° TRANSITORIO, LEY N° 19.949","Ministerio: Desarrollo Social y Familia.
Servicio: Subsecretaría de Servicios Sociales.
Variación Presupuesto 2025-2026: -9%.
Presupuesto 2026: M$ 28.399.375.","Hogares en pobreza extrema y vulnerabilidad socioeconómica que sean usuarios activos del Subsistema Seguridades y Oportunidades, con carta de compromiso y diagnóstico del programa EJE.","El programa de Bonos de protección y regreso  busca incrementar los ingresos y facilitar la participación de las familias usuarias del subsistema Seguridades y Oportunidades y el programa Chile solidario. El bono es de libre disposición y contribuye al ingreso de las personas. Se entrega mensualmente en cuotas durante 24 meses, acompañado de un proceso de intervención psicosocial.","Perspectiva de género: declara que sí incorpora medidas indirectas.

Cambio climático: declara que no incorpora acciones.","La disminución se deba a menores coberturas proyectadas en los tramos I, II y IV.","Evaluación ex ante: no tiene en los últimos tres años.

Monitoreo 2024: presentó hallazgos en la dimensión eficiencia.

Evaluación ex post: no tiene en los últimos tres años

"
56206,Desarrollo Social y Familia,Fondo de Solidaridad e Inversión Social,Innova FOSIS,821190,-8.71,"21-02-01-24-01-548 INNOVA FOSIS - COMPROMISO PAÍS
21-02-01-24-09-001 APOYO A LA GESTIÓN INNOVA FOSIS - COMPROMISO PAÍS","Ministerio: Desarrollo Social y Familia.
Servicio: Fondo de Solidaridad e Inversión Social.
Variación Presupuesto 2025-2026: -8,7%.
Presupuesto 2026: M$ 821.190.",Personas de 14 y más años que se encuentran en situación de pobreza.,El programa busca resolver las necesidades de personas vinculadas a la pobreza multidimensional  a través de soluciones innovadoras.,"Perspectiva de género: declara que sí incorpora medidas directas.

Cambio climático: declara que no incorpora acciones.",La disminución se debe a un ajuste en la cobertura del programa y a un traspaso de un funcionario a honorarios a la contrata.,"Evaluación ex ante: no tiene en los últimos tres años.

Monitoreo 2024: presentó hallazgos en la dimensión eficacia.

Evaluación ex post: no tiene en los últimos tres años

"
87228,"Ciencia, Tecnología, Conocimiento e Innovación",Agencia Nacional de Investigación y Desarrollo,Becas de postgrado en el extranjero,23717921,-8.536491450748041,30-02-01-24-01-230 BECAS CHILE,"Ministerio: Ciencia, Tecnología, Conocimiento e Innovación.
Servicio: Agencia Nacional de Investigación y Desarrollo.
Variación Presupuesto 2025-2026: -8,5%.
Presupuesto 2026: M$ 23.717.921.","Profesionales con grado académico de licenciado/a o título profesional, dado por las IES chilenas o extranjeras.","El programa financia estudios de postgrado, magíster, doctorado y postdoctorado en instituciones académicas y no académicas extranjeras para mejorar el capital humano avanzado en Chile y fortalecer la capacidad de investigación del país.","Perspectiva de género: declara que sí incorpora medidas indirectas.

Cambio climático: declara que no incorpora acciones.",La disminución se debe a que no tiene un diseño adecuado y se identificó una posible duplicidad con el programa Becas de Postgrado en Chile.,"Evaluación ex ante: en formulación presupuestaria 2026 Objetado Técnicamente (OT).

Monitoreo 2024: sin hallazgos.

Evaluación ex post: no tiene en los últimos tres años

"
59926,Educación,Subsecretaría de Educación Superior,Crédito con Aval del Estado,22794929,-7.707707800923509,09-90-03-24-01-805 APLICACIÓN LEY N° 20.634,"Ministerio: Educación.
Servicio: Subsecretaría de Educación Superior.
Variación Presupuesto 2025-2026: -7,7%.
Presupuesto 2026: M$ 22.794.929.",Estudiantes de educación superior que no son beneficiarios del sistema de gratuidad.,"Esta asignación financia el Crédito con Aval del Estado, el cual busca que estudiantes de educación superior no beneficiarios de gratuidad puedan completar su trayectoria educativa mediante el financiamiento de estudios.Para ello, entrega créditos con garantía estatal, con aporte fiscal y bancario; beneficios de rebaja de tasa al 2% y pago contingente al ingreso; suspensión de pago por cesantía o estudios; y garantía estatal en caso de incumplimiento.","Perspectiva de género: declara que no incorpora medidas.

Cambio climático: declara que no incorpora acciones.","La disminución se explica por una proyección de menor gasto, debido a que menos estudiantes están usando el beneficio en relación con lo proyectado en la Ley de Presupuestos 2025.","Evaluación ex ante: no tiene en los últimos tres años.

Monitoreo 2024: presentó hallazgos en la dimensión eficacia.

Evaluación ex post: no tiene en los últimos tres años

"
87129,"Economía, Fomento y Turismo",Subsecretaria de Economía,Digitaliza tu Pyme (Ex Pymes Digitales),78002,-7.634434981717077,07-01-01-24-09-611 DIGITALIZA TU PYME,"Ministerio: Economía, Fomento y Turismo.
Servicio: Subsecretaria de Economía.
Variación Presupuesto 2025-2026: -7,6%.
Presupuesto 2026: M$ 78.002.","Mipymes y cooperativas con inicio de actividades en primera categoría en el SII, con ventas menores a 100.000 UF al año y con actividad comprobada en el último año.","El programa busca disminuir la brecha digital de las mipymes y cooperativas. Para ello les provee la posibilidad de realizar un autodiagnóstico que mide su nivel de madurez inicial, y posteriormente se establecen potenciales rutas de digitalización. Coordina su implementación, las monitorea para aumentar su nivel de madurez digital y vinculan a instituciones públicas y privadas que promueven la digitalización.","Perspectiva de género: declara que no incorpora medidas.

Cambio climático: declara que no incorpora acciones.",La disminución se debe a que el servicio solicitó un menor presupuesto respecto del año 2025. La Comisión Asesora para Reformas Estructurales al Gasto Público propuso revisar este programa.,"Evaluación ex ante: en formulación presupuestaria 2024 Recomendado Favorablemente (RF).

Monitoreo 2024: presentó hallazgos en la dimensión eficacia.

Evaluación ex post: no tiene en los últimos tres años

"
87127,"Economía, Fomento y Turismo",Subsecretaria de Economía,Pyme Ágil (Ex Escritorio Empresa),250387,-7.537429949030789,07-01-01-24-09-413 PYME ÁGIL,"Ministerio: Economía, Fomento y Turismo.
Servicio: Subsecretaria de Economía.
Variación Presupuesto 2025-2026: -7,5%.
Presupuesto 2026: M$ 250.387.","Todo emprendedor o emprendedora que inicia el proceso de formalización por medio del Sistema Simplificado, que está disponible en la plataforma del ""Registro de Empresas y Sociedades"".","El programa implementa una plataforma para formalizar de manera centralizada la creación de una empresa hasta el inicio de actividades y la solicitud de patente municipal. De esta manera se cumple con los requisitos legales para operar. También, se entrega material educativo sobre la formalización de una empresa.","Perspectiva de género: declara que no incorpora medidas.

Cambio climático: declara que no incorpora acciones.",La disminución se debe a que el servicio solicitó un menor presupuesto respecto del año 2025. ,"Evaluación ex ante: en formulación presupuestaria 2024 Recomendado Favorablemente (RF).

Monitoreo 2024: sin hallazgos.

Evaluación ex post: no tiene en los últimos tres años

"
63415,Interior,Subsecretaría Desarrollo Regional y Administrativo,Tenencia Responsable de Animales de Compañía,3634714,-7.381215024738934,05-05-03-24-03-406 PROGRAMA DE TENENCIA RESPONSABLE DE ANIMALES DE COMPAÑÍA,"Ministerio: Interior.
Servicio: Subsecretaría Desarrollo Regional y Administrativo.
Variación Presupuesto 2025-2026: -7,4%.
Presupuesto 2026: M$ 3.634.714.",Todas las comunas del país.,"El programa aborda la baja convivencia responsable con mascotas en las comunas del país. A través de servicios veterinarios, educación ciudadana, fondos concursables a organizaciones y el desarrollo de registros nacionales, se financian y ejecutan proyectos locales que promueven el cuidado, la identificación y la educación sobre tenencia responsable. Con ello, se aumenta la convivencia responsable entre personas y animales de compañía.","Perspectiva de género: declara que no incorpora medidas.

Cambio climático: declara que no incorpora acciones.","La disminución se debe a que en el último proceso de monitoreo se identificó un desempeño menor que en años anteriores, en relación con el ámbito de eficacia.","Evaluación ex ante: no tiene en los últimos tres años.

Monitoreo 2024: presentó hallazgos en la dimensión eficacia.

Evaluación ex post: no tiene en los últimos tres años

"
125179,Agricultura,Instituto de Desarrollo Agropecuario,Crédito Largo Plazo COBIN,569421,-84.74799359407214,13-03-01-32-04-008 LARGO PLAZO - COBIN,"Ministerio: Agricultura.
Servicio: Instituto de Desarrollo Agropecuario.
Variación Presupuesto 2025-2026: -84,7%.
Presupuesto 2026: M$ 569.421.","Personas naturales, comunidades y/o asociaciones con calidad de indígena, constituidas de acuerdo con la Ley N° 19.253, y  empresas, cooperativas u otras entidades relacionadas, que presentan dificultad de acceso al financiamiento.","Da acceso al financiamiento a pequeños productores agrícolas indígenas que presenten proyectos económicos y socio-culturalmente sustentables que están calificados como “Proyecto de Desarrollo Indígena” por el Comité Indígena de Corfo. El financiamiento considera, la garantía Cobin, que es para créditos de largo plazo del Instituto Nacional de Desarrollo Agrario y Pesquero (INDAP) y, un incentivo para apoyar la gestión del proyecto a través del Programa Asociatividad Económica u otro similar.","Perspectiva de género: declara que sí incorpora medidas directas.

Cambio climático: declara que no incorpora acciones.","La disminución se debe a que su diseño fue objetado en el año 2026, se superpone con el programa de Crédito de Indap, tiene una baja cobertura  y registra subejecución de su presupuesto en los últimos 3 años.  ","Evaluación ex ante: en formulación presupuestaria 2026 Objetado Técnicamente (OT).

Monitoreo 2024: presentó hallazgos en las dimensiones eficiencia y eficacia.

Evaluación ex post: no tiene en los últimos tres años

"
87297,Bienes Nacionales,Subsecretaría Bienes Nacionales,Gestión y Normalización de Ocupaciones Irregulares en Inmuebles Fiscales,220560,-7.342914396380425,14-01-04-24-09-014 GESTIÓN Y NORMALIZACIÓN DE OCUPACIONES ILEGALES E IRREGULARES EN INMUEBLES FISCALES,"Ministerio: Bienes Nacionales.
Servicio: Subsecretaría Bienes Nacionales.
Variación Presupuesto 2025-2026: -7,3%.
Presupuesto 2026: M$ 220.560.","Ocupaciones ilegales e irregulares en inmuebles fiscales. Esto es, la tenencia de inmuebles sin que medie una autorización o que el acto administrativo que la autorizaba, se encuentre vencido.","El programa busca contener el número de ocupaciones ilegales e irregulares de propiedades fiscales, a través de la gestión y/o normalización de dichas ocupaciones. Por normalización se entiende resolver la ocupación mediante un acto administrativo (arriendo, concesión, destinación o venta) y por gestión se entiende el envío de los antecedentes al Consejo de Defensa del Estado para la restitución del inmueble.","Perspectiva de género: declara que sí incorpora medidas indirectas.

Cambio climático: declara que sí incorpora acciones de mitigación.",La disminución se debe a que se redujo el presupuesto por el traspaso del personal que estaba a honorarios a la calidad jurídica de contrata. En términos generales el programa superó sus debilidades de diseño en último proceso de evaluación ex ante.,"Evaluación ex ante: en formulación presupuestaria 2026 Recomendado Favorablemente (RF).

Monitoreo 2024: presentó hallazgos en las dimensiones eficiencia y focalización.

Evaluación ex post: no tiene en los últimos tres años

"
3408,Desarrollo Social y Familia,Fondo de Solidaridad e Inversión Social,Yo Emprendo Semilla,21512084,-7.249093976970598,21-02-03-33-01-006 EMPRENDAMOS SEMILLA,"Ministerio: Desarrollo Social y Familia.
Servicio: Fondo de Solidaridad e Inversión Social.
Variación Presupuesto 2025-2026: -7,2%.
Presupuesto 2026: M$ 21.512.084.",Personas mayores de 18 años en situación de pobreza o vulnerabilidad que se encuentren desocupados o inactivos.,"El programa busca que personas mayores de 18 años, desocupadas o con empleo precario, accedan a financiamiento y formación de capacidades para el desarrollo de un emprendimiento.","Perspectiva de género: declara que sí incorpora medidas directas.

Cambio climático: declara que no incorpora acciones.",La disminución se debe a una reducción de la cobertura de acuerdo con la priorización definida por Fosis.,"Evaluación ex ante: no tiene en los últimos tres años.

Monitoreo 2024: sin hallazgos.

Evaluación ex post: no tiene en los últimos tres años

"
59209,Salud,Subsecretaría de Redes Asistenciales,Programa Especial de Salud y Pueblos Indígenas (PESPI),2488009,-7.0,"16-20-01-24-08-395 PROGRAMA ESPECIAL DE SALUD Y PUEBLOS INDÍGENAS
16-22-01-24-08-395 PROGRAMA ESPECIAL DE SALUD Y PUEBLOS INDÍGENAS
16-23-01-24-08-395 PROGRAMA ESPECIAL DE SALUD Y PUEBLOS INDÍGENAS
16-24-01-24-08-395 PROGRAMA ESPECIAL DE SALUD Y PUEBLOS INDÍGENAS
16-25-01-24-08-395 PROGRAMA ESPECIAL DE SALUD Y PUEBLOS INDÍGENAS
16-26-01-24-08-395 PROGRAMA ESPECIAL DE SALUD Y PUEBLOS INDÍGENAS
16-53-01-24-08-395 PROGRAMA ESPECIAL DE SALUD Y PUEBLOS INDÍGENAS
16-42-01-24-08-395 PROGRAMA ESPECIAL DE SALUD Y PUEBLOS INDÍGENAS
16-43-01-24-08-395 PROGRAMA ESPECIAL DE SALUD Y PUEBLOS INDÍGENAS
16-44-01-24-08-395 PROGRAMA ESPECIAL DE SALUD Y PUEBLOS INDÍGENAS
16-46-01-24-08-395 PROGRAMA ESPECIAL DE SALUD Y PUEBLOS INDÍGENAS
16-47-01-24-08-395 PROGRAMA ESPECIAL DE SALUD Y PUEBLOS INDÍGENAS
16-49-01-24-09-395 PROGRAMA ESPECIAL DE SALUD Y PUEBLOS INDÍGENAS
16-35-01-24-08-395 PROGRAMA ESPECIAL DE SALUD Y PUEBLOS INDÍGENAS
16-36-01-24-08-395 PROGRAMA ESPECIAL DE SALUD Y PUEBLOS INDÍGENAS
16-37-01-24-08-395 PROGRAMA ESPECIAL DE SALUD Y PUEBLOS INDÍGENAS
16-38-01-24-08-395 PROGRAMA ESPECIAL DE SALUD Y PUEBLOS INDÍGENAS
16-39-01-24-08-395 PROGRAMA ESPECIAL DE SALUD Y PUEBLOS INDÍGENAS
16-41-01-24-08-395 PROGRAMA ESPECIAL DE SALUD Y PUEBLOS INDÍGENAS
16-27-01-24-08-395 PROGRAMA ESPECIAL DE SALUD Y PUEBLOS INDÍGENAS
16-28-01-24-08-395 PROGRAMA ESPECIAL DE SALUD Y PUEBLOS INDÍGENAS
16-31-01-24-08-395 PROGRAMA ESPECIAL DE SALUD Y PUEBLOS INDÍGENAS
16-32-01-24-08-395 PROGRAMA ESPECIAL DE SALUD Y PUEBLOS INDÍGENAS
16-33-01-24-08-395 PROGRAMA ESPECIAL DE SALUD Y PUEBLOS INDÍGENAS
16-34-01-24-08-395 PROGRAMA ESPECIAL DE SALUD Y PUEBLOS INDÍGENAS","Ministerio: Salud.
Servicio: Subsecretaría de Redes Asistenciales.
Variación Presupuesto 2025-2026: -7%.
Presupuesto 2026: M$ 2.488.009.",Personas pertenecientes a pueblos indígenas reconocidos en Chile de acuerdo con lo establecido en la Ley 19.253.,"El programa busca aumentar la pertinencia cultural de las acciones de salud dirigidas a pueblos indígenas atendidos en la red pública. Lo hace mediante participación social indígena, facilitadores interculturales en establecimientos, prestaciones de salud indígena y reparación en DD.HH. Con ello, se asegura acceso, calidad, continuidad y adherencia, fortaleciendo la comunicación intercultural y el respeto a sus derechos en salud.","Perspectiva de género: declara que no incorpora medidas.

Cambio climático: declara que no incorpora acciones.",La disminución se explica por la reasignación de gasto  dentro de los Servicios de Salud.,"Evaluación ex ante: no tiene en los últimos tres años.

Monitoreo 2024: sin hallazgos.

Evaluación ex post: no tiene en los últimos tres años

"
3468,Trabajo y Previsión Social,Subsecretaría de Previsión Social,Fondo para la Educación Previsional (FEP),1546500,-6.906608637549774,"15-03-01-24-03-001 FONDO PARA LA EDUCACIÓN PREVISIONAL
15-03-01-24-08-002 FONDO PARA LA EDUCACIÓN PREVISIONAL","Ministerio: Trabajo y Previsión Social.
Servicio: Subsecretaría de Previsión Social.
Variación Presupuesto 2025-2026: -6,9%.
Presupuesto 2026: M$ 1.546.500.","Personas en edad de trabajar, de 15 años y más, desinformadas respecto a los parámetros de funcionamiento del sistema de pensiones.","El Fondo es para mejorar el conocimiento sobre el funcionamiento del Sistema Previsional y especialmente del sistema de pensiones del país, los derechos y deberes de las personas en edad de trabajar, además de los requisitos para acceder a sus beneficios. Para ello, el programa financia proyectos de educación y difusión respecto a los derechos, beneficios y obligaciones del sistema.","Perspectiva de género: declara que sí incorpora medidas indirectas.

Cambio climático: declara que no incorpora acciones.",La disminución se debe a la cobertura estimada de beneficiarios hecha por la Subsecretaria de Prevención Social para el año 2026.,"Evaluación ex ante: no tiene en los últimos tres años.

Monitoreo 2024: presentó hallazgos en la dimensión eficiencia.

Evaluación ex post: no tiene en los últimos tres años

"
3325,Educación,Subsecretaría de Educación Superior,Actividades de Interés Nacional (Ex Transferencia Universidad de Chile),16630053,-6.525221359711386,"09-90-02-24-03-203 UNIVERSIDAD DE CHILE
09-90-02-24-03-858 APORTE PARA EL DESARROLLO DE ACTIVIDADES DE INTERÉS NACIONAL","Ministerio: Educación.
Servicio: Subsecretaría de Educación Superior.
Variación Presupuesto 2025-2026: -6,5%.
Presupuesto 2026: M$ 16.630.053.",Universidades estatales con menor desarrollo en actividades de interés nacional en áreas priorizadas e incluidas en un proyecto presentado al Mineduc.,"El programa financia a las universidades estatales para que realicen actividades de interés nacional establecidas en la Ley 21.094, mediante transferencias de recursos aprobados en convenios anuales. Estas actividades pueden ser: proyectos en arte, cultura, ciencias, medio ambiente y equidad en educación superior para fortalecer el desarrollo de iniciativas académicas y de vinculación con el medio de relevancia nacional.","Perspectiva de género: declara que sí incorpora medidas indirectas.

Cambio climático: declara que no incorpora acciones.",El programa disminuye su presupuesto. Posee recursos de continuidad a la U. de Chile (M$ 13.537.053). El Aporte a Actividades de Interés Nacional baja por reasignación a prioridades legales u obligatorias ligadas al financiamiento de convenios vigentes.,"Evaluación ex ante: no tiene en los últimos tres años.

Monitoreo 2024: presentó hallazgos en la dimensión eficacia.

Evaluación ex post: no tiene en los últimos tres años

"
808,Vivienda y Urbanismo,Subsecretaría de Vivienda y Urbanismo,Subsidio Leasing Habitacional,27338717,-6.268555385626483,"18-XX-01-33-01-127 SUBSIDIOS LEASING
DONDE XX CORRESPONDE A LOS CAPÍTULOS: 22, 23, 24, 25, 26, 27, 28, 29, 30, 33, 35.","Ministerio: Vivienda y Urbanismo.
Servicio: Subsecretaría de Vivienda y Urbanismo.
Variación Presupuesto 2025-2026: -6,3%.
Presupuesto 2026: M$ 27.338.717.","Hogares arrendatarios o allegados, no propietarios de vivienda, pertenecientes al III o IV quintil de ingresos, con intención de acceder a una vivienda y que pagan un arriendo de hasta el 25% de sus ingresos.",El programa entrega un subsidio de arriendo de viviendas con promesa de compraventa._x000D_,"Perspectiva de género: declara que sí incorpora medidas indirectas.

Cambio climático: declara que no incorpora acciones.",La disminución se debe al ajuste solicitado por la Subsecretaría de Vivienda y Urbanismo en el proceso de formulación según los recursos comprometidos proyectos.,"Evaluación ex ante: no tiene en los últimos tres años.

Monitoreo 2024: presentó hallazgos en la dimensión eficiencia.

Evaluación ex post: no tiene en los últimos tres años

"
125327,Transporte y Telecomunicaciones,Subsecretaría de Telecomunicaciones,Fondo de Desarrollo de las Telecomunicaciones / Conectividad para la Educación 2030,17512725,-6.254667132733122,19-02-01-24-08-039 FONDO DE DESARROLLO DE LAS TELECOMUNICACIONES,"Ministerio: Transporte y Telecomunicaciones.
Servicio: Subsecretaría de Telecomunicaciones.
Variación Presupuesto 2025-2026: -6,3%.
Presupuesto 2026: M$ 17.512.725.","Establecimientos educacionales a nivel nacional, los cuales cumplen con los requisitos y fueron invitados a ser beneficiarios del concurso.","El Fondo es un instrumento que promueve el aumento de cobertura de los servicios de telecomunicaciones preferentemente en áreas rurales y urbanas de bajos ingresos. El Proyecto Conectividad para la Educación 2030 es una iniciativa que busca otorgar servicio de transmisión de datos para el acceso a internet en los establecimientos educacionales subvencionados sin acceso a Internet, ubicados en sectores de bajo interés comercial, en zonas aisladas o rurales.","Perspectiva de género: declara que sí incorpora medidas directas.

Cambio climático: declara que no incorpora acciones.","La disminución se debe a una subejecución persistente; en particular el programa Conectividad para la Educación 2030 muestran una subejecución de 90% en 2023 y de 91% en 2024, respecto del presupuesto inicial.","Evaluación ex ante: en formulación presupuestaria 2026 Recomendado Favorablemente (RF).

Monitoreo 2024: presentó hallazgos en la dimensión eficacia.

Evaluación ex post: EPG en 2022 clasificado en Desempeño bajo.

"
3228,Desarrollo Social y Familia,Fondo de Solidaridad e Inversión Social,Yo Emprendo,10994141,-5.928756792675509,21-02-03-33-01-005 EMPRENDAMOS,"Ministerio: Desarrollo Social y Familia.
Servicio: Fondo de Solidaridad e Inversión Social.
Variación Presupuesto 2025-2026: -5,9%.
Presupuesto 2026: M$ 10.994.141.","Personas mayores de 18 años en situación de pobreza, que pertenezcan a los dos primeros quintiles de ingreso de la encuesta Casen, independientes, y que se encuentren en condición de ocupados en actividades económicas precarias.","El programa busca que personas en situación de pobreza o vulnerabilidad y que desarrollan actividades económicas autónomas, perciban mayores ingresos con mayor estabilidad.","Perspectiva de género: declara que sí incorpora medidas directas.

Cambio climático: declara que no incorpora acciones.", La disminución responde a una repriorización institucional de los recursos en el marco de un escenario de convergencia fiscal. Actualmente está un proceso de evaluación ex post.,"Evaluación ex ante: en formulación presupuestaria 2026 Recomendado Favorablemente (RF).

Monitoreo 2024: sin hallazgos.

Evaluación ex post: no tiene en los últimos tres años

"
87293,Agricultura,Servicio Agricola y Ganadero,Controles Fronterizos,29371593,13.789849566122728,13-04-07 PROGRAMA DE CONTROLES FRONTERIZOS,"Ministerio: Agricultura.
Servicio: Servicio Agricola y Ganadero.
Variación Presupuesto 2025-2026: 13,8%.
Presupuesto 2026: M$ 29.371.593.","Unidades que ingresan al país, que incluye inspecciones a pasajeros, camiones y partidas de importación.","El Programa se propone evitar el ingreso de enfermedades exóticas, plagas reglamentadas o especies invasoras de importancia que puedan afectar a los animales o vegetales y dañar gravemente a la agricultura. Actúa en los lugares de entrada al país, ya sea por vía terrestre, aérea o marítima, aplicando controles que son parte de un sistema cuarentenario, que operan en los puntos habilitados y en forma secuencial con otros servicios de frontera. Se implementa en todas las regiones del país.","Perspectiva de género: declara que no incorpora medidas.

Cambio climático: declara que no incorpora acciones.",El aumento se debe a que se financian cuatro pasos planificados en el regimen 24/7 a partir del último trimestre de 2025.,"Evaluación ex ante: no tiene en los últimos tres años.

Monitoreo 2024: presentó hallazgos en la dimensión focalización.

Evaluación ex post: no tiene en los últimos tres años

"
87282,Agricultura,Servicio Agricola y Ganadero,Sistema de Incentivos para la Sustentabilidad Agroambiental de los Suelos Agropecuarios (SIRSD-S),1675392,-29.99996657497067,13-04-08-24-01-404 SISTEMA DE INCENTIVOS LEY N° 20.412,"Ministerio: Agricultura.
Servicio: Servicio Agricola y Ganadero.
Variación Presupuesto 2025-2026: -30%.
Presupuesto 2026: M$ 1.675.392.",Personas naturales o jurídicas que desarrollan actividades en suelos agropecuarios degradados.,El programa financia a través de concursos públicos regionales a iniciativas destinadas  a recuperar el potencial productivo de los suelos agropecuarios degradados y para el mantenimiento de los niveles alcanzados a través de actividades de prácticas y labores consideradas por la Ley Nº 20.412.,"Perspectiva de género: declara que sí incorpora medidas indirectas.

Cambio climático: declara que no incorpora acciones.",La disminución se debe a hallazgos en el proceso de monitoreo 2024. La Comisión para Reformas Estructurales al Gasto Público propuso revisar este programa.,"Evaluación ex ante: en formulación presupuestaria 2026 Recomendado Favorablemente (RF).

Monitoreo 2024: presentó hallazgos en las dimensiones eficiencia y eficacia.

Evaluación ex post: no tiene en los últimos tres años

"
117224,"Ciencia, Tecnología, Conocimiento e Innovación",Agencia Nacional de Investigación y Desarrollo,Centros de Excelencia en Investigación y Desarrollo en Áreas de Focalización Estratégicas,1082550,-4.030701664957177,"30-02-01-24-01-326 FONDO DE FINANCIAMIENTO DE CENTROS DE INVESTIGACIÓN EN ÁREAS PRIORITARIAS (FONDAP)
30-02-01-24-03-326 FONDO DE FINANCIAMIENTO DE CENTROS DE INVESTIGACIÓN EN ÁREAS PRIORITARIAS (FONDAP)","Ministerio: Ciencia, Tecnología, Conocimiento e Innovación.
Servicio: Agencia Nacional de Investigación y Desarrollo.
Variación Presupuesto 2025-2026: -4,0%
Presupuesto 2026: M$ 1.082.550","Investigadores nacionales o extranjeros en Chile que realicen actividades de investigación científica y tecnológica en IES, centros de investigación, organismos públicos, empresas u otras entidades.",El programa financia Centros de Excelencia en Investigación en Áreas Prioritarias (Fondap) y Centros de Investigación y Desarrollo de Excelencia de Interés Nacional (CIN) para fortalecer la investigación básica de excelencia en áreas estratégicas que aborden problemas de gran relevancia para Chile. ,"Perspectiva de género: declara que no incorpora medidas.

Cambio climático: declara que no incorpora acciones.",La disminución se debe a que carece de un diseño adecuado.,"Evaluación ex ante: en formulación presupuestaria 2026 Objetado Técnicamente (OT).

Monitoreo 2024: sin hallazgos.

Evaluación ex post: no tiene en los últimos tres años

"
59519,Agricultura,Corporación Nacional Forestal,Arborización (Ex Ecosistemas y Sociedad),3069284,-5.271263615031371,13-05-06 PROGRAMA DE ARBORIZACIÓN URBANA,"Ministerio: Agricultura.
Servicio: Corporación Nacional Forestal.
Variación Presupuesto 2025-2026: -5,3%.
Presupuesto 2026: M$ 3.069.284.","Comunas con una superficie menor a 9 m2 de áreas verdes por habitante (OMS indica que la superficie mínima por habitante es de 9m2), tanto en zonas urbanas como rurales.","Busca incrementar la cantidad del arbolado urbano en aquellas comunas carentes de m2 de áreas verdes, para ello opera a través de proyectos de arbolado con la comunidad en espacios de uso público, y capacitaciones a la comunidad. Produce árboles en viveros, y gestiona su entrega. ","Perspectiva de género: declara que no incorpora medidas.

Cambio climático: declara que no incorpora acciones.","Hallazgos en monitoreo indica que no mide resultados, por lo que no se informa si ha aumentado el arbolado urbano producto de la intervención .","Evaluación ex ante: no tiene en los últimos tres años.

Monitoreo 2024: presentó hallazgos en la dimensión eficacia.

Evaluación ex post: no tiene en los últimos tres años

"
59404,Seguridad Pública,Subsecretaría de Prevención del Delito,Lazos,19283628,5.097089151235798,"32-02-01-24-03-114 PROGRAMA LAZOS
32-02-01-24-09-002 PROGRAMA LAZOS","Ministerio: Seguridad Pública.
Servicio: Subsecretaría de Prevención del Delito.
Variación Presupuesto 2025-2026: 5,1%.
Presupuesto 2026: M$ 19.283.628.","Niños, niñas y adolescentes en riesgo de participar en actividades delictivas.","El programa busca que niños, niñas y adolescentes entre 10 y 17 años 11 meses disminuyan su participación en actividades delictuales, a través de  la detección temprana, orientación en parentalidad positiva, intervención en parentalidad positiva y terapia multisistémica. Con esto entrega un diagnóstico, da derivación en los casos pertinentes y apoyos diferenciados según el nivel de riesgo, fortalece la parentalidad y aborda las conductas arriesgadas, para reducir factores asociados a la delincuencia juvenil.","Perspectiva de género: declara que sí incorpora medidas indirectas.

Cambio climático: declara que no incorpora acciones.",El aumento se relaciona con un fortalecimiento en la implementación programa.,"Evaluación ex ante: no tiene en los últimos tres años.

Monitoreo 2024: sin hallazgos.

Evaluación ex post: EPG en 2024 clasificado en Buen desempeño.

"
74906,Desarrollo Social y Familia,Instituto Nacional de la Juventud,Hablemos de Todo,310590,5.457767999022124,21-05-01-24-09-002 PROGRAMA HABLEMOS DE TODO,"Ministerio: Desarrollo Social y Familia.
Servicio: Instituto Nacional de la Juventud.
Variación Presupuesto 2025-2026: 5,5%.
Presupuesto 2026: M$ 310.590.",Está dirigido a jóvenes entre 15 y 29 años que no cuenta con información basada en evidencia de manera oportuna y pertinente.,"El programa aborda el problema de la desinformación e información falsa a la que están expuestas las y los de jóvenes, que afecta su bienestar físico, mental y social. Para ello se entrega información sobre temáticas para el bienestar de los jóvenes y estrategias preventivas y activaciones regionales.","Perspectiva de género: declara que sí incorpora medidas indirectas.

Cambio climático: declara que no incorpora acciones.","El aumento se debe a la ejecución directa del componente de actividades regionales del programa, el que anteriormente se implementaba a través de un convenio con el Programa de las Naciones Unidas para el Desarrollo (PNUD).","Evaluación ex ante: no tiene en los últimos tres años.

Monitoreo 2024: sin hallazgos.

Evaluación ex post: no tiene en los últimos tres años

"
59478,Mujer y Equidad de Género,Servicio Nacional de la Mujer y la Equidad de Género,Atención Inicial de las Violencias de Género,12943791,6.716178694443661,"27-02-03-24-03-007 PROGRAMA ATENCIÓN INICIAL EN VIOLENCIA DE GÉNERO
27-02-03-24-08-007 PROGRAMA ATENCIÓN INICIAL EN VIOLENCIA DE GÉNERO
27-02-03-24-09-007 PROGRAMA ATENCIÓN INICIAL EN VIOLENCIA DE GÉNERO","Ministerio: Mujer y Equidad de Género.
Servicio: Servicio Nacional de la Mujer y la Equidad de Género.
Variación Presupuesto 2025-2026: 6,7%.
Presupuesto 2026: M$ 12.943.791.","Mujeres víctimas/sobrevivientes de violencia de género, quienes enfrentan distintos niveles de riesgo y requieren intervenciones de apoyo, protección y acompañamiento integral.","El programa busca que mujeres víctimas/sobrevivientes de violencia de género disminuyan sus niveles de riesgo. Esto lo hace a través de dos tipos de respuestas que les brinda el Estado. Una respuesta inicial integral, que entrega orientación, evaluación, contención y derivación y una respuesta intermedia integral, que ofrece acompañamiento psicosocioeducativo, medidas de protección y representación legal. Ambos componentes articulan acciones dinámicas según el nivel de riesgo para favorecer la autonomía y seguridad.","Perspectiva de género: declara que sí incorpora medidas directas.

Cambio climático: declara que no incorpora acciones.","El aumento se debe a la continuidad de los Centros de la Mujer en Palmilla, Nancagua, Quilpué, Chillán y Porvenir, y a la incorporación de operadoras especializadas para la atención del fono 1455.","Evaluación ex ante: en formulación presupuestaria 2024 Recomendado Favorablemente (RF).

Monitoreo 2024: presentó hallazgos en la dimensión eficiencia.

Evaluación ex post: no tiene en los últimos tres años

"
59992,Educación,Subsecretaría de Educación Superior,Aporte Basal por Desempeño,58202618,6.792019200561547,"09-90-03-24-01-218 BASAL POR DESEMPEÑO UNIVERSIDADES ART. 1° DFL. (ED.) N° 4 DE 1981
09-90-03-33-01-409 BASAL POR DESEMPEÑO UNIVERSIDADES ART. 1° DFL. (ED.) N° 4 DE 1981","Ministerio: Educación.
Servicio: Subsecretaría de Educación Superior.
Variación Presupuesto 2025-2026: 6,8%.
Presupuesto 2026: M$ 58.202.618.",Universidades privadas reconocidas en el Decreto con Fuerza de Ley N°4 de Educación de 1981.,"El programa busca fortalecer las capacidades institucionales de universidades privadas del DFL N°4 de 1981, para cumplir su misión según la Ley 21.091. Lo hace mediante una asignación presupuestaria destinada a apoyar acciones distintas a la docencia, vinculadas al desarrollo de una formación de calidad. Los recursos se distribuyen según el reglamento y acto administrativo, lo que permite que estas universidades fortalezcan su misión institucional.","Perspectiva de género: declara que no incorpora medidas.

Cambio climático: declara que no incorpora acciones.",El aumento responde al compromiso de fortalecer las capacidades institucionales de las universidades.,"Evaluación ex ante: no tiene en los últimos tres años.

Monitoreo 2024: presentó hallazgos en la dimensión eficacia.

Evaluación ex post: no tiene en los últimos tres años

"
122394,"Culturas, las Artes y el Patrimonio",Servicio Nacional del Patrimonio Cultural,"Sitios de Memoria: Reconocimiento, resguardo y sostenibilidad patrimonial",1688953,6.803827085546618,"29-03-05-24-01-228 FONDO PROGRAMA SITIOS DE MEMORIA
29-03-05-33-01-003 FONDO PROGRAMA SITIOS DE MEMORIA","Ministerio: Culturas, las Artes y el Patrimonio.
Servicio: Servicio Nacional del Patrimonio Cultural.
Variación Presupuesto 2025-2026: 6,8%.
Presupuesto 2026: M$ 1.688.953.",Sitios de memoria situados en Chile que cuentan con declaratoria en categoría de Monumento Histórico por la Ley  N° 17.288.,"El programa busca resguardar valores y atributos patrimoniales de los sitios de memoria a través de la entrega de apoyo para la gestión y asistencias técnicas patrimoniales a las organizaciones gestoras de estos sitios, además de la realización de acciones de reconocimiento.","Perspectiva de género: declara que sí incorpora medidas indirectas.

Cambio climático: declara que no incorpora acciones.",El aumento se debe a la entrega de asistencia técnica para fortalecer las competencias de las organizaciones gestoras para desarrollar estrategias de resguardo y obras de manejo patrimonial.,"Evaluación ex ante: no tiene en los últimos tres años.

Monitoreo 2024: presentó hallazgos en la dimensión eficacia.

Evaluación ex post: no tiene en los últimos tres años

"
75003,"Culturas, las Artes y el Patrimonio",Subsecretaría de las Culturas y las Artes,Fomento y Desarrollo de Artes Escénicas,12895442,6.833107965591226,"29-01-02-24-01-522 FONDO NACIONAL DE FOMENTO Y DESARROLLO DE LAS ARTES ESCÉNICAS, LEY N°21.175","Ministerio: Culturas, las Artes y el Patrimonio.
Servicio: Subsecretaría de las Culturas y las Artes.
Variación Presupuesto 2025-2026: 6,8%.
Presupuesto 2026: M$ 12.895.442.",Agentes culturales de todo el país registrados en la plataforma Perfil Cultural.,"El Fondo es para aumentar la oferta de bienes y servicios culturales generados por los agentes culturales del campo de las artes escénicas. En este ámbito cultural convergen el teatro, la danza, el circo, los narradores orales, los titiriteros, la ópera y las múltiples combinaciones del cruce interdisciplinario de los agentes culturales.","Perspectiva de género: declara que sí incorpora medidas indirectas.

Cambio climático: declara que no incorpora acciones.",El aumento se debe a la expansión de la oferta de actividades de circulación y exhibición de las artes escénicas para promover la cobertura territorial nacional y regional. ,"Evaluación ex ante: no tiene en los últimos tres años.

Monitoreo 2024: presentó hallazgos en la dimensión eficacia.

Evaluación ex post: no tiene en los últimos tres años

"
85184,"Culturas, las Artes y el Patrimonio",Servicio Nacional del Patrimonio Cultural,Instituciones Colaboradoras,5507560,6.999840691940955,"29-03-05-24-01-212 MUSEO SAN FRANCISCO
29-03-05-24-01-222 FUNDACIÓN MUSEO DE LA MEMORIA
29-03-05-24-01-229 CORPORACIÓN PARQUE POR LA PAZ VILLA GRIMALDI
29-03-05-24-01-230 FUNDACIÓN ARTE Y SOLIDARIDAD
29-03-05-24-01-231 FUNDACIÓN EDUARDO FREI MONTALVA
29-03-05-24-01-232 LONDRES 38 CASA MEMORIA
29-03-05-24-01-233 MUSEO DEL CARMEN DE MAIPÚ
29-03-05-24-01-234 EL MEMORIAL DE PAINE
29-03-05-24-01-235 CENTRO CULTURAL MUSEO Y MEMORIA DE NELTUME
29-03-05-24-01-236 FUNDACIÓN PATRICIO AYLWIN AZÓCAR
29-03-05-24-01-237 CORPORACIÓN ESTADIO NACIONAL. MEMORIA NACIONAL
29-03-05-24-01-238 FUNDACIÓN DOCUMENTO Y ARCHIVO VICARÍA DE LA SOLIDARIDAD
29-03-05-24-01-239 FUNDACIÓN 1367 CASA MEMORIA JOSÉ DOMINGO CAÑAS
29-03-05-24-01-240 CORPORACIÓN DE EX PRESOS POLÍTICOS DE PISAGUA
29-03-05-24-01-241 FUNDACIÓN SALVADOR ALLENDE
29-03-05-24-01-242 CORPORACIÓN PRO-BASÍLICA SANTUARIO NACIONAL DE MAIPÚ","Ministerio: Culturas, las Artes y el Patrimonio.
Servicio: Servicio Nacional del Patrimonio Cultural.
Variación Presupuesto 2025-2026: 7%.
Presupuesto 2026: M$ 5.507.560.",Instituciones colaboradoras.,"El programa busca resolver la baja sostenibilidad de organizaciones privadas específicas, que resguardan patrimonio relevante de acceso público a través de la transferencia de recursos determinada por convenios.","Perspectiva de género: declara que sí incorpora medidas indirectas.

Cambio climático: declara que no incorpora acciones.",El aumento es para fortalecer la sostenibilidad financiera de las organizaciones privadas específicas que resguardan patrimonio relevante de acceso público. ,"Evaluación ex ante: en formulación presupuestaria 2026 Recomendado Favorablemente (RF).

Monitoreo 2024: sin hallazgos.

Evaluación ex post: no tiene en los últimos tres años

"
62654,"Culturas, las Artes y el Patrimonio",Subsecretaría de las Culturas y las Artes,Parque Cultural Valparaíso,1729665,6.999956696834539,29-01-03-24-01-291 PARQUE CULTURAL VALPARAÍSO,"Ministerio: Culturas, las Artes y el Patrimonio.
Servicio: Subsecretaría de las Culturas y las Artes.
Variación Presupuesto 2025-2026: 7%.
Presupuesto 2026: M$ 1.729.665.",Población general del país. Habitantes de la región de Valparaíso y sus visitantes.,El programa provee acceso de los habitantes de la región de Valparaíso y sus visitantes a manifestaciones artísticas y culturales.,"Perspectiva de género: declara que sí incorpora medidas indirectas.

Cambio climático: declara que sí incorpora acciones de adaptación.","El aumento se debe a la expansión de la oferta de actividades artístico-culturales, como funciones de artes escénicas, conciertos, de convivencia comunitaria y servicios de formación y mediación, entre otras.","Evaluación ex ante: no tiene en los últimos tres años.

Monitoreo 2024: presentó hallazgos en la dimensión eficacia.

Evaluación ex post: no tiene en los últimos tres años

"
1338,"Culturas, las Artes y el Patrimonio",Subsecretaría de las Culturas y las Artes,Apoyo a la Comercialización de Artesanías,1565998,6.999965836493457,29-01-03-24-01-081 FUNDACIÓN ARTESANÍAS DE CHILE,"Ministerio: Culturas, las Artes y el Patrimonio.
Servicio: Subsecretaría de las Culturas y las Artes.
Variación Presupuesto 2025-2026: 7%.
Presupuesto 2026: M$ 1.565.998.",Artesanos y artesanas tradicionales mayores de 18 años.,"El programa busca resolver las dificultades que presentan las y los artesanos tradicionales para establecer su oficio como una opción laboral sostenible, mediante un fondo de compras rotatorio.","Perspectiva de género: declara que sí incorpora medidas indirectas.

Cambio climático: declara que no incorpora acciones.",El aumento es para fortalecer la sostenibilidad a la organización.,"Evaluación ex ante: no tiene en los últimos tres años.

Monitoreo 2024: presentó hallazgos en la dimensión eficacia.

Evaluación ex post: no tiene en los últimos tres años

"
79744,"Culturas, las Artes y el Patrimonio",Subsecretaría de las Culturas y las Artes,Museo Interactivo Mirador de los Conocimientos,5344819,6.999977378097475,29-01-03-24-01-181 FUNDACIÓN TIEMPOS NUEVOS,"Ministerio: Culturas, las Artes y el Patrimonio.
Servicio: Subsecretaría de las Culturas y las Artes.
Variación Presupuesto 2025-2026: 7%.
Presupuesto 2026: M$ 5.344.819.",Población general que tiene interés en participar de actividades culturales y científicas.,"El programa provee acceso a experiencias interactivas científicas y artísticas culturales a través de exhibiciones e itinerancias de muestras interactivas de ciencia, tecnología y artísticas culturales, además de otras actividades de extensión.","Perspectiva de género: declara que sí incorpora medidas indirectas.

Cambio climático: declara que sí incorpora acciones de adaptación.","El aumento se debe a la diversificación de exhibiciones e itinerancias, además de actividades de extensión en otras regiones del país. ","Evaluación ex ante: en formulación presupuestaria 2024 Recomendado Favorablemente (RF).

Monitoreo 2024: sin hallazgos.

Evaluación ex post: no tiene en los últimos tres años

"
62655,"Culturas, las Artes y el Patrimonio",Subsecretaría de las Culturas y las Artes,Teatro Municipal de Santiago (Corporación Cultural de la Municipalidad de Santiago),4291260,6.999983044609633,29-01-03-24-01-188 CORPORACIÓN CULTURAL MUNICIPALIDAD DE SANTIAGO,"Ministerio: Culturas, las Artes y el Patrimonio.
Servicio: Subsecretaría de las Culturas y las Artes.
Variación Presupuesto 2025-2026: 7%.
Presupuesto 2026: M$ 4.291.260.",Población general del país.,"El programa busca el desarrollo de una programación artística de excelencia en artes líricas, musicales y de la representación.","Perspectiva de género: declara que sí incorpora medidas indirectas.

Cambio climático: declara que sí incorpora acciones de adaptación.","El aumento es para la formación y capacitación de artistas en las áreas de ópera, ballet, música sinfónica, y para el desarrollo y formación de audiencias mediante presentaciones, espectáculos y talleres en todas las regiones.
","Evaluación ex ante: no tiene en los últimos tres años.

Monitoreo 2024: presentó hallazgos en la dimensión eficacia.

Evaluación ex post: no tiene en los últimos tres años

"
60031,"Culturas, las Artes y el Patrimonio",Subsecretaría de las Culturas y las Artes,"Centro de las Artes, la Cultura y las Personas Gabriela Mistral (GAM)",4636450,6.999996076739891,29-01-03-24-01-279 CORPORACIÓN CENTRO CULTURAL GABRIELA MISTRAL,"Ministerio: Culturas, las Artes y el Patrimonio.
Servicio: Subsecretaría de las Culturas y las Artes.
Variación Presupuesto 2025-2026: 7%.
Presupuesto 2026: M$ 4.636.450.",Población general que declara interés en participar de actividades culturales y de expresiones de arte popular.,"El programa busca aumentar el acceso a actividades culturales para la población en general, a través de la expansión de la oferta artística, desarrollo de programas y servicios de mediación cultural, y  el conocimiento y formación de las audiencias de diversas disciplinas artísticas. ","Perspectiva de género: declara que sí incorpora medidas indirectas.

Cambio climático: declara que sí incorpora acciones de adaptación.","El aumento se debe a la expansión de la oferta de actividades artístico-culturales, las que incluyen exhibiciones de obras de arte, funciones de artes escénicas, conciertos, festivales y residencias, entre otras.","Evaluación ex ante: no tiene en los últimos tres años.

Monitoreo 2024: sin hallazgos.

Evaluación ex post: no tiene en los últimos tres años

"
3323,Educación,Subsecretaría de Educación Superior,Gratuidad Educación Superior,2583320926,7.1,"09-90-03-24-03-198 FINANCIAMIENTO INSTITUCIONAL PARA LA GRATUIDAD-UNIVERSIDADES
09-90-03-24-03-199 FINANCIAMIENTO INSTITUCIONAL PARA LA GRATUIDAD-INSTITUTOS PROFESIONALES Y CENTROS DE FORMACIÓN TÉCNICA","Ministerio: Educación.
Servicio: Subsecretaría de Educación Superior.
Variación Presupuesto 2025-2026: 7,1%.
Presupuesto 2026: M$ 2.583.320.926.",Estudiantes con vulnerabilidad socioeconómica que pertenecen a los seis primeros deciles.,"El programa busca que estudiantes con vulnerabilidad socioeconómica puedan continuar sus estudios superiores a través de financiamiento que se entrega a las instituciones vía transferencia anual durante la duración formal de la carrera. Las y los estudiantes postulan completando el Formulario Único de Acreditación Socioeconómica y, al cumplir requisitos, acceden al beneficio.","Perspectiva de género: declara que no incorpora medidas.

Cambio climático: declara que no incorpora acciones.","El aumento se debe a 67.312 beneficiarios adicionales, que se explica por el crecimiento natural de estudiantes de primer año como renovantes y por la incorporación del Centro de Formación Técnica Juan Bohón.","Evaluación ex ante: no tiene en los últimos tres años.

Monitoreo 2024: presentó hallazgos en las dimensiones eficacia y focalización.

Evaluación ex post: no tiene en los últimos tres años

"
60159,Educación,Junta Nacional de Auxilio Escolar y Becas,Programa de Alimentación Escolar,1141601222,7.584519874140307,09-09-01-24-09-295 PROGRAMAS DE ALIMENTACIÓN ESCOLAR DE JUNAEB Y JUNJI,"Ministerio: Educación.
Servicio: Junta Nacional de Auxilio Escolar y Becas.
Variación Presupuesto 2025-2026: 7,6%.
Presupuesto 2026: M$ 1.141.601.222.","Estudiantes en establecimientos con financiamiento estatal, Junji, hogares estudiantiles Junaeb y residencias familiares que reciben alimentación saludable para su jornada.","El programa busca asegurar que estudiantes matriculados en establecimientos financiados por el Estado, hogares estudiantiles Junaeb, jardines Junji y residencias familiares Sename reciban una alimentación sana y atractiva que les permita enfrentar su jornada educativa, a través de servicios de desayuno, almuerzo, once, colación y cena adaptados a cada nivel educativo y necesidad nutricional.","Perspectiva de género: declara que no incorpora medidas.

Cambio climático: declara que sí incorpora acciones de mitigación.","El aumento considera factores como reajustes automáticos por salario mínimo y precios de alimentos en licitaciones. Desde 2026 incluye recursos para alimentación de jardines Integra, antes financiados con convenios desde su propio presupuesto.","Evaluación ex ante: en formulación presupuestaria 2024 Objetado Técnicamente (OT).

Monitoreo 2024: presentó hallazgos en la dimensión eficacia.

Evaluación ex post: EFA en 2024 clasificado en Desempeño medio.

"
85148,"Culturas, las Artes y el Patrimonio",Subsecretaría de las Culturas y las Artes,Promoción Internacional de las Culturas y las Artes de Creadores/as Nacionales,1464782,7.882882882882883,29-01-01-24-02-002 MINISTERIO DE RELACIONES EXTERIORES,"Ministerio: Culturas, las Artes y el Patrimonio.
Servicio: Subsecretaría de las Culturas y las Artes.
Variación Presupuesto 2025-2026: 7,9%.
Presupuesto 2026: M$ 1.464.782.",Agentes culturales de todo el país.,El programa busca aumentar la visibilización de agentes culturales nacionales en circuitos culturales internacionales a través del desarrollo de proyectos.,"Perspectiva de género: declara que no incorpora medidas.

Cambio climático: declara que no incorpora acciones.",El aumento se explica por la variación del tipo de cambio estimado.,"Evaluación ex ante: no tiene en los últimos tres años.

Monitoreo 2024: presentó hallazgos en la dimensión eficiencia.

Evaluación ex post: no tiene en los últimos tres años

"
60179,Educación,Subsecretaría de Educación Superior,Aporte Institucional Universidades Estatales,113365900,8.62326799530909,"09-90-02-24-03-807 APORTE INSTITUCIONAL UNIVERSIDADES ESTATALES LEY N° 21.094
09-90-02-33-03-410 APORTE INSTITUCIONAL UNIVERSIDADES ESTATALES LEY N° 21.094","Ministerio: Educación.
Servicio: Subsecretaría de Educación Superior.
Variación Presupuesto 2025-2026: 8,6%.
Presupuesto 2026: M$ 113.365.900.",Universidades estatales.,"El programa fortalece capacidades institucionales de las Universidades Estatales en investigación, vinculación con el medio y formación de profesores, para cumplir su misión y principios según leyes 21.091 y 21.094. A través de financiamiento regulado por convenios y reglamentos, se entrega apoyo diferenciado, permitiendo que estas universidades reduzcan su dependencia de aranceles y servicios, y fortalezcan su rol público.","Perspectiva de género: declara que no incorpora medidas.

Cambio climático: declara que no incorpora acciones.","El aumento se da para fortalecer a las Universidades Estatales, logrando un crecimiento acumulado de 51% en estos fondos entre 2022 y 2026.","Evaluación ex ante: no tiene en los últimos tres años.

Monitoreo 2024: presentó hallazgos en las dimensiones eficiencia y eficacia.

Evaluación ex post: no tiene en los últimos tres años

"
60679,Mujer y Equidad de Género,Servicio Nacional de la Mujer y la Equidad de Género,Programa 4 a 7,8315036,9.90400656856989,"27-02-02-24-03-005 PROGRAMA 4 A 7
27-02-02-24-08-005 PROGRAMA 4 A 7","Ministerio: Mujer y Equidad de Género.
Servicio: Servicio Nacional de la Mujer y la Equidad de Género.
Variación Presupuesto 2025-2026: 9,9%.
Presupuesto 2026: M$ 8.315.036.",Mujeres responsables de niñas y niños entre 6 y 13 años.,"El programa busca apoyar la participación laboral de mujeres responsables de niños y niñas de 6 a 13 años a través de talleres y servicios de cuidado en escuelas para se fortalecer la autonomía femenina y el desarrollo infantil. Con esto se contribuye a que las mujeres mantengan, accedan o mejoren su inserción laboral.","Perspectiva de género: declara que sí incorpora medidas directas.

Cambio climático: declara que no incorpora acciones.","El aumento se debe a la continuidad del programa en Rapa Nui, al financiamiento de 349 establecimientos y a la extensión a 61 en enero y febrero de 2026, beneficiando a 10.690 mujeres y 14.855 niñas, niños y adolescentes.","Evaluación ex ante: en formulación presupuestaria 2025 Recomendado Favorablemente (RF).

Monitoreo 2024: presentó hallazgos en la dimensión focalización.

Evaluación ex post: no tiene en los últimos tres años

"
66324,"Culturas, las Artes y el Patrimonio",Servicio Nacional del Patrimonio Cultural,Sitios de Patrimonio Mundial,1767372,9.99998755214097,29-03-05-24-01-223 SITIOS PATRIMONIO MUNDIAL,"Ministerio: Culturas, las Artes y el Patrimonio.
Servicio: Servicio Nacional del Patrimonio Cultural.
Variación Presupuesto 2025-2026: 10%.
Presupuesto 2026: M$ 1.767.372.",Sitios inscritos por Chile en la lista de patrimonio mundial y en la lista tentativa de patrimonio mundial de Unesco.,El programa plantea disminuir el deterioro de los sitios inscritos por Chile en la lista del patrimonio mundial y en la lista tentativa de patrimonio mundial de la Unesco a través de asistencia técnica y la entrega de subsidios para la gestión.,"Perspectiva de género: declara que sí incorpora medidas indirectas.

Cambio climático: declara que sí incorpora acciones de adaptación.",El aumento es para mejorar las condiciones de mantenimiento de los siete Sitios Patrimonio Mundial a través  de los recursos a las entidades privadas que gestionan de manera directa y permanente estos sitios.,"Evaluación ex ante: en formulación presupuestaria 2024 Objetado Técnicamente (OT).

Monitoreo 2024: presentó hallazgos en la dimensión eficacia.

Evaluación ex post: no tiene en los últimos tres años

"
1567,Trabajo y Previsión Social,Subsecretaría del Trabajo,Inversión en la Comunidad,22159810,10.89238257379323,15-01-03-24-03-264 PROGRAMA INVERSIÓN EN LA COMUNIDAD,"Ministerio: Trabajo y Previsión Social.
Servicio: Subsecretaría del Trabajo.
Variación Presupuesto 2025-2026: 10,9%.
Presupuesto 2026: M$ 22.159.810.",Personas desempleadas mayores de 18 años que viven en regiones o comunas que presentan tasas de desocupación superiores al promedio  nacional.,"El programa busca resolver los bajos niveles de empleo de la población que vive en las regiones de mayor desempleo. Financia proyectos intensivos en el uso de mano de obra, orientados a generar un impacto positivo en la comunidad. Se ejecuta a través de  las delegaciones presidenciales, que actúan como organismos ejecutores y empleadores de los beneficiarios, entregando insumos para los proyectos, y controlando la asistencia y el cumplimiento del contrato de trabajo suscrito.","Perspectiva de género: declara que sí incorpora medidas indirectas.

Cambio climático: declara que no incorpora acciones.",El aumento se debe al incremento del salario mínimo y al pago de pensiones por retiro y gastos de administración.,"Evaluación ex ante: no tiene en los últimos tres años.

Monitoreo 2024: presentó hallazgos en la dimensión eficiencia.

Evaluación ex post: no tiene en los últimos tres años

"
505,Educación,Junta Nacional de Auxilio Escolar y Becas,Beca Integración Territorial (Programa Especial Beca Art. 56 Ley Nº 18.681),7295874,13.44405203775998,09-09-03-24-01-238 PROGRAMA ESPECIAL DE BECAS ART.56 LEY N° 18.681,"Ministerio: Educación.
Servicio: Junta Nacional de Auxilio Escolar y Becas.
Variación Presupuesto 2025-2026: 13,4%.
Presupuesto 2026: M$ 7.295.874.","Estudiantes de enseñanza media, especial o diferencial y superior con residencia familiar en Aysén, Magallanes, Palena, Isla de Pascua o Juan Fernández.","El programa busca que estudiantes en localidades aisladas que se encuentran en la educación media, especial o diferencial y educación superior, continúen y finalicen sus estudios a través de apoyos especiales para su mantención y traslado.","Perspectiva de género: declara que no incorpora medidas.

Cambio climático: declara que no incorpora acciones.",El aumento se debe al compromiso del Gobierno de incorporar nuevos cupos en el programa.,"Evaluación ex ante: en formulación presupuestaria 2026 Recomendado Favorablemente (RF).

Monitoreo 2024: sin hallazgos.

Evaluación ex post: EPG en 2023 clasificado en Desempeño medio.

"
60450,Salud,Subsecretaría de Salud Pública,Programa Nacional de Alimentación Complementaria (PNAC),57507628,13.52783250299891,16-09-01-24-09-001 PROGRAMA NACIONAL DE ALIMENTACIÓN COMPLEMENTARIA,"Ministerio: Salud.
Servicio: Subsecretaría de Salud Pública.
Variación Presupuesto 2025-2026: 13,5%.
Presupuesto 2026: M$ 57.507.628.","Niñas, niños menores de seis años, personas gestantes, mujeres que amamantan y personas mayores de seis años con diagnóstico de error innato del metabolismo.","El programa busca asegurar un estado nutricional normal en menores de 6 años, gestantes, mujeres que amamantan y mayores de 6 años con errores innatos del metabolismo. Entrega gratuita en la  Atención Primaria de Salud alimentos fortificados con lo que se mejora la adherencia a acciones de salud, previniendo deficiencias críticas en crecimiento y desarrollo.","Perspectiva de género: declara que no incorpora medidas.

Cambio climático: declara que no incorpora acciones.","El aumento se debe a los mayores precios de productos derivados de costos de importación, insumos, materias primas, transporte y producción, junto con el incremento de los puntos de distribución.","Evaluación ex ante: no tiene en los últimos tres años.

Monitoreo 2024: sin hallazgos.

Evaluación ex post: no tiene en los últimos tres años

"
63491,Salud,Subsecretaría de Salud Pública,Programa Nacional de Inmunizaciones (PNI),176875532,14.04871253947105,16-09-01-24-09-002 PROGRAMA NACIONAL DE INMUNIZACIONES,"Ministerio: Salud.
Servicio: Subsecretaría de Salud Pública.
Variación Presupuesto 2025-2026: 14%.
Presupuesto 2026: M$ 176.875.532.",Toda la población residente en Chile.,"El programa busca disminuir el riesgo de enfermedades inmunoprevenibles en la población del país, mediante: vacunas programáticas a lactantes, preescolares, escolares y adultos, campañas, vacunas especiales/emergencia y comunicación social. Se ejecuta en vacunatorios públicos/privados y extramurales, asegurando calidad, trazabilidad y alta cobertura para proteger la salud colectiva.","Perspectiva de género: declara que no incorpora medidas.

Cambio climático: declara que no incorpora acciones.",El aumento se debe a los mayores costos de las estrategias contra el virus respiratorio sincicial y meningitis B. Los recursos garantizan la continuidad del esquema anual de vacunación y financian la adquisición de vacunas contra el covid-19 en 2026.,"Evaluación ex ante: en formulación presupuestaria 2024 Recomendado Favorablemente (RF).

Monitoreo 2024: sin hallazgos.

Evaluación ex post: no tiene en los últimos tres años

"
59927,Educación,Subsecretaría de Educación Superior,Fondo Solidario de Crédito Universitario (letra a Art. 71 bis Ley N° 18.591),2065051,14.87228353228277,"09-90-02-33-03-036 APLICACIÓN LETRA A) ART.71 BIS DE LA LEY N° 18.591
09-90-03-33-01-036 APLICACIÓN LETRA A) ART.71 BIS DE LA LEY N° 18.591","Ministerio: Educación.
Servicio: Subsecretaría de Educación Superior.
Variación Presupuesto 2025-2026: 14,9%.
Presupuesto 2026: M$ 2.065.051.",Estudiantes con vulnerabilidad socioeconómica que pertenecen a los ocho primeros deciles.,"Estas asignaciones financian el Fondo Solidario de  Crédito Universitario, el cual busca que estudiantes  con vulnerabilidad socioeconómica continúen estudios  superiores mediante financiamiento. Para ello se transfieren recursos a las instituciones de educación superior, una vez al año y durante la duración formal de la carrera, a favor de los estudiantes que postulan  vía Formulario Único de Acreditación Socioeconómica y cumplen requisitos","Perspectiva de género: declara que no incorpora medidas.

Cambio climático: declara que no incorpora acciones.",El aumento se debe a mayores proyecciones de estudiantes de primer año y renovantes.,"Evaluación ex ante: no tiene en los últimos tres años.

Monitoreo 2024: presentó hallazgos en las dimensiones eficiencia, eficacia y focalización.

Evaluación ex post: no tiene en los últimos tres años

"
133368,Mujer y Equidad de Género,Servicio Nacional de la Mujer y la Equidad de Género,Recuperación del Ejercicio de la Autonomía para Víctimas y Sobrevivientes de Violencias de Género,13634570,16.40313139847897,"27-02-03-24-03-014 PROGRAMA RECUPERACIÓN DEL EJERCICIO DE LA AUTONOMÍA PARA VÍCTIMAS/SOBREVIVIENTES DE VG
27-02-03-24-08-014 PROGRAMA RECUPERACIÓN DEL EJERCICIO DE LA AUTONOMÍA PARA VÍCTIMAS/SOBREVIVIENTES DE VG","Ministerio: Mujer y Equidad de Género.
Servicio: Servicio Nacional de la Mujer y la Equidad de Género.
Variación Presupuesto 2025-2026: 16,4%.
Presupuesto 2026: M$ 13.634.570.",Mujeres víctimas/sobrevivientes de violencia de género grave/extrema que ven vulnerados sus derechos.,"El programa busca disminuir los niveles de riesgo de violencia de género en la diversidad de mujeres víctimas/sobrevivientes desde los 15 años, mediante una respuesta inicial integral que les brinda orientación, evaluación de riesgo, intervención en crisis y derivaciones y una respuesta intermedia integral con acompañamiento psicosocial, talleres, apoyo jurídico y medidas de protección. Con ello se fortalecen redes, autonomías y factores protectores, reduciendo la probabilidad de nuevas agresiones.","Perspectiva de género: declara que sí incorpora medidas directas.

Cambio climático: declara que no incorpora acciones.",El aumento se debe al fortalecimiento de los equipos de los Centros de Atención Especializada en Violencias de Género mediante 22 triadas especializadas y a la operación y mantención de 34 Residencias Transitorias en el país.,"Evaluación ex ante: en formulación presupuestaria 2024 Recomendado Favorablemente (RF).

Monitoreo 2024: presentó hallazgos en las dimensiones eficiencia y eficacia.

Evaluación ex post: no tiene en los últimos tres años

"
68427,Vivienda y Urbanismo,Subsecretaría de Vivienda y Urbanismo,Habitabilidad Rural,252650793,16.96246519382258,"18-XX-01-33-01-136 PROGRAMA HABITABILIDAD RURAL
DONDE XX CORRESPONDE A LOS CAPÍTULOS: 21, 22, 23, 24, 25, 26, 27, 28, 29, 30, 31, 32, 33, 34, 35, 36.","Ministerio: Vivienda y Urbanismo.
Servicio: Servicios de Vivienda y Urbanización (Serviu).
Variación Presupuesto 2025-2026: 17%.
Presupuesto 2026: M$ 252.650.793.","Hogares rurales y urbanos de hasta 5.000 habitantes, afectados por algún déficit habitacional.","El programa busca abordar las condiciones de déficit de habitabilidad en hogares que residen en territorios rurales, mediante el subsidio habitacional para construcción de vivienda nueva en territorios rurales, el subsidio habitacional para el mejoramiento y/o ampliación de viviendas existentes en territorios rurales, y el subsidio habitacional para la construcción y/o mejoramiento del entorno y del equipamiento comunitario territorios rurales.","Perspectiva de género: declara que sí incorpora medidas indirectas.

Cambio climático: declara que no incorpora acciones.",El aumento se debe a la proyección del avance del programa habitacional en función de las tasas de ejecución históricas del subsidio.,"Evaluación ex ante: no tiene en los últimos tres años.

Monitoreo 2024: sin hallazgos.

Evaluación ex post: no tiene en los últimos tres años

"
60435,Salud,Subsecretaría de Salud Pública,Programa de Alimentación Complementaria del Adulto Mayor (PACAM),44394737,19.18641173966398,16-09-01-24-09-003 PROGRAMA DE ALIMENTACIÓN COMPLEMENTARIA PARA EL ADULTO MAYOR,"Ministerio: Salud.
Servicio: Subsecretaría de Salud Pública.
Variación Presupuesto 2025-2026: 19,2%.
Presupuesto 2026: M$ 44.394.737.","Personas de 60 años o más que residen en Chile, sin distinción del sistema previsional al que pertenezcan.","El programa busca mantener el estado nutricional normal de personas mayores de 60 años con la entrega gratuita mensual de alimentos fortificados. Sus componentes son la sopa crema y la bebida láctea Nutra Max, ambos con vitaminas D y B12. Con esto, contribuye a la prevención, recuperación y envejecimiento saludable, especialmente en personas mayores vulnerables.","Perspectiva de género: declara que no incorpora medidas.

Cambio climático: declara que no incorpora acciones.","El aumento se debe a los mayores precios de productos asociados a costos de importación, insumos, materias primas, transporte y producción, además del incremento en la población adulta mayor.","Evaluación ex ante: no tiene en los últimos tres años.

Monitoreo 2024: presentó hallazgos en la dimensión eficacia.

Evaluación ex post: no tiene en los últimos tres años

"
75643,"Culturas, las Artes y el Patrimonio",Subsecretaría de las Culturas y las Artes,Apoyo a Organizaciones Culturales Colaboradoras,20628840,19.70108673577032,29-01-04-24-01-138 APOYO A ORGANIZACIONES CULTURALES COLABORADORAS,"Ministerio: Culturas, las Artes y el Patrimonio.
Servicio: Subsecretaría de las Culturas y las Artes.
Variación Presupuesto 2025-2026: 19,7%.
Presupuesto 2026: M$ 20.628.840."," Organizaciones culturales definidas como personas jurídicas de derecho privado, con o sin fines de lucro, que intermedian en distintas fases del ciclo cultural.","El programa fomenta la sostenibilidad de las organizaciones culturales intermediadoras para que tengan continuidad operacional, mediante el acompañamiento y financiamiento de planes de gestión.","Perspectiva de género: declara que sí incorpora medidas indirectas.

Cambio climático: declara que no incorpora acciones.","El aumento se debe a la expansión de la cobertura de organizaciones culturales con trayectoria, que reciben financiamiento permanente para sus planes de gestión.","Evaluación ex ante: en formulación presupuestaria 2025 Recomendado Favorablemente (RF).

Monitoreo 2024: sin hallazgos.

Evaluación ex post: no tiene en los últimos tres años

"
87165,"Economía, Fomento y Turismo",Corporación de Fomento de la Producción,Agencia de Sustentabilidad y Cambio Climático,717934,21.78528535660245,"07-06-01-24-01-070 COMITÉ AGENCIA DE FOMENTO DE LA PRODUCCIÓN SUSTENTABLE
07-06-07-24-01-070 COMITÉ AGENCIA DE FOMENTO DE LA PRODUCCIÓN SUSTENTABLE","Ministerio: Economía, Fomento y Turismo.
Servicio: Corporación de Fomento de la Producción.
Variación Presupuesto 2025-2026: 21,8%.
Presupuesto 2026: M$ 717.934.","Empresas micro, pequeñas, medianas y grandes que emiten gases de efecto invernadero","La Agencia fomenta la producción sustentable y la mitigación y adaptación al cambio climático en las empresas, con énfasis en las Pyme y territorios, a través del diálogo y la colaboración público-privada. Esta institución aspira a ser un referente en la cooperación público-privada para el desarrollo de una economía sustentable, resiliente y baja en emisiones de carbono.","Perspectiva de género: declara que no incorpora medidas.

Cambio climático: declara que sí incorpora acciones mixtas.",El aumento es para financiar proyectos de carbono neutralidad en el sector de la industria de alimentos.,"Evaluación ex ante: no tiene en los últimos tres años.

Monitoreo 2024: sin hallazgos.

Evaluación ex post: no tiene en los últimos tres años

"
87237,Justicia y Derechos Humanos,Subsecretaría de Derechos Humanos,Programa de Derechos Humanos,2169484,23.3,10-06-01-24-09-001 PROGRAMA DE DERECHOS HUMANOS,"Ministerio: Justicia y Derechos Humanos.
Servicio: Subsecretaría de Derechos Humanos.
Variación Presupuesto 2025-2026: 23,3%.
Presupuesto 2026: M$ 2.169.484.",Víctimas de graves violaciones a los derechos humanos calificadas por comisiones oficiales del Estado y sus familiares directos.,"El programa busca que víctimas de violaciones a DD.HH y sus familiares accedan a verdad, justicia y reparación. Ofrece asistencia jurídica, búsqueda activa de desaparecidos, apoyo psicosocial integral y promoción de memoria histórica. Así, entrega acompañamiento legal, social y simbólico que fortalece garantías de no repetición.","Perspectiva de género: declara que sí incorpora medidas indirectas.

Cambio climático: declara que no incorpora acciones.",El aumento se debe a la implementación del Plan Nacional de Búsqueda de Verdad y Justicia.,"Evaluación ex ante: no tiene en los últimos tres años.

Monitoreo 2024: presentó hallazgos en la dimensión eficacia.

Evaluación ex post: no tiene en los últimos tres años

"
63383,Desarrollo Social y Familia,Subsecretaría de Servicios Sociales,Red Local de Apoyos y Cuidados - RLAC,54800900,23.63946925786672,21-01-08-24-03-351 RED LOCAL DE APOYOS Y CUIDADOS,"Ministerio: Desarrollo Social y Familia.
Servicio: Subsecretaría de Servicios Sociales.
Variación Presupuesto 2025-2026: 23,6%.
Presupuesto 2026: M$ 54.800.900.","Díada de personas en situación de dependencia funcional moderada o severa y sus personas cuidadoras principales, que pertenecen al 60% de menor calificación socioeconómica (CSE) en el Registro Social de Hogares (RSH).","El programa busca disminuir la vulnerabilidad biopsicosocial de la persona en situación de dependencia funcional moderada o severa y de su cuidador principal. A través de un plan de cuidados, un servicio de atención domiciliaria y de otros especializados, se espera que, por una parte, la persona en situación de dependencia mejore o mantenga su nivel de funcionalidad o retarde su declive y, por otra, que la persona cuidadora principal mantenga o reduzca la sobrecarga.","Perspectiva de género: declara que sí incorpora medidas indirectas.

Cambio climático: declara que no incorpora acciones.",El aumento se debe a la expansión de la cobertura a nivel nacional.,"Evaluación ex ante: en formulación presupuestaria 2025 Recomendado Favorablemente (RF).

Monitoreo 2024: presentó hallazgos en la dimensión eficiencia.

Evaluación ex post: no tiene en los últimos tres años

"
5065,Vivienda y Urbanismo,Subsecretaría de Vivienda y Urbanismo,Fondo Solidario de Elección de Vivienda DS49,1891052792,24.54631694280229,"18-XX-01-33-01-133 FONDO SOLIDARIO DE ELECCIÓN DE VIVIENDA
DONDE XX CORRESPONDE A LOS CAPÍTULOS: 21, 22, 23, 24, 25, 26, 27, 28, 29, 30, 31, 32, 33, 34, 35, 36.","Ministerio: Vivienda y Urbanismo.
Servicio: Servicios de Vivienda y Urbanización (Serviu).
Variación Presupuesto 2025-2026: 24,5%.
Presupuesto 2026: M$ 1.891.052.792.","Familias pertenecientes al 40% más vulnerable de la población nacional, no propietarias de vivienda, con requerimiento habitacional.","El programa aborda la falta de acceso a una vivienda adecuada en familias vulnerables, mediante la entrega de subsidios para la asistencia técnica-constructiva, jurídica y social; para la adquisición o construcción de viviendas; y para la fiscalización técnica de construcción de viviendas.","Perspectiva de género: declara que sí incorpora medidas indirectas.

Cambio climático: declara que sí incorpora acciones de mitigación.",El aumento se debe a la proyección del avance del programa habitacional en función de las tasas de ejecución históricas del subsidio.,"Evaluación ex ante: en formulación presupuestaria 2026 Recomendado Favorablemente (RF).

Monitoreo 2024: presentó hallazgos en las dimensiones eficacia y focalización.

Evaluación ex post: no tiene en los últimos tres años

"
5072,Medio Ambiente,Subsecretaría de Medio Ambiente,Fondo de Protección Ambiental,924761,27.63616087140749,"25-01-01-24-01-003 FONDO DE PROTECCIÓN AMBIENTAL
25-01-01-24-09-003 FONDO DE PROTECCIÓN AMBIENTAL","Ministerio: Medio Ambiente.
Servicio: Subsecretaría de Medio Ambiente.
Variación Presupuesto 2025-2026: 27,6%.
Presupuesto 2026: M$ 924.761.","Está dirigido a todas las organizaciones comunitarias con reconocimiento del Estado a través de la validez de su personalidad jurídica, existentes en Chile.","El programa busca permear los hábitos y conductas de la ciudadanía para impulsar acciones concretas de preservación, conservación, reparación y cuidado del medio ambiente. Para ello apoya iniciativas ciudadanas y financia total o parcialmente proyectos o actividades orientados a la protección o reparación del medio ambiente, el desarrollo sustentable, la preservación de la naturaleza o la conservación del patrimonio ambiental. ","Perspectiva de género: declara que no incorpora medidas.

Cambio climático: declara que sí incorpora acciones mixtas.","El aumento  se debe a que aborda funciones del Fondo de Reciclaje. 
","Evaluación ex ante: en formulación presupuestaria 2025 Recomendado Favorablemente (RF).

Monitoreo 2024: presentó hallazgos en la dimensión eficiencia.

Evaluación ex post: no tiene en los últimos tres años

"
59235,Educación,Junta Nacional de Jardines Infantiles,Jardín Infantil Clásico de Administración Directa,5342433,31.02413228686024,"09-11-01-24-09-171 PROGRAMA DE MATERIAL DE ENSEÑANZA
09-11-01-24-09-178 PLAN FOMENTO DE LECTURA PRIMERA INFANCIA
09-11-01-24-09-180 CAPACITACIÓN A TERCEROS","Ministerio: Educación.
Servicio: Junta Nacional de Jardines Infantiles.
Variación Presupuesto 2025-2026: 31%.
Presupuesto 2026: M$ 5.342.433.","Niñas y niños de 0 a 4 años en territorios vulnerables, con alta demanda educativa y jardines con ocupación superior al 85% y continuidad de cuatro años o más.","El programa busca abordar el bajo acceso a oportunidades de aprendizaje de niñas y niños entre 0 y 4 años con demanda potencial de establecimientos de educación parvularia. Para ello, genera condiciones que permitan ampliar y facilitar el acceso a servicios educativos en esta etapa para promover aprendizajes tempranos y de calidad. ","Perspectiva de género: declara que no incorpora medidas.

Cambio climático: declara que no incorpora acciones.",El incremento en el presupuesto se debe a un mejoramiento en la cobertura del programa.,"Evaluación ex ante: en formulación presupuestaria 2026 Recomendado Favorablemente (RF).

Monitoreo 2024: presentó hallazgos en la dimensión eficacia.

Evaluación ex post: no tiene en los últimos tres años

"
87248,Justicia y Derechos Humanos,Gendarmería de Chile,Centros de Educación y Trabajo Cerrados (CET),4194444,32.59106214619257,10-04-02-24-09-008 PROGRAMA CENTROS DE EDUCACIÓN Y TRABAJO CERRADOS,"Ministerio: Justicia y Derechos Humanos.
Servicio: Gendarmería de Chile.
Variación Presupuesto 2025-2026: 32,6%.
Presupuesto 2026: M$ 4.194.444.","Personas condenadas en establecimientos penitenciarios que han cumplido al menos dos tercios del tiempo mínimo para optar a beneficios, según DS 943 de 2011.","El programa busca que personas condenadas privadas de libertad en recintos tradicionales mejoren su empleabilidad y disminuyan factores de reincidencia delictual, mediante inducción, trabajo productivo y formación/capacitación laboral. Los internos desarrollan competencias técnicas, transversales y hábitos laborales que facilitan su reinserción al egreso de su condena a través de evaluaciones periódicas, planes de trabajo y certificación de oficios. ","Perspectiva de género: declara que sí incorpora medidas indirectas.

Cambio climático: declara que no incorpora acciones.",El aumento se debe al reconocimiento de ingresos autogenerados por los Centros de Educación y Trabajo.,"Evaluación ex ante: en formulación presupuestaria 2024 Recomendado Favorablemente (RF).

Monitoreo 2024: sin hallazgos.

Evaluación ex post: no tiene en los últimos tres años

"
59934,Educación,Junta Nacional de Auxilio Escolar y Becas,Tarjeta Nacional Estudiantil (TNE),10598126,32.91011116886896,09-09-03-24-09-257 TARJETA NACIONAL DEL ESTUDIANTE,"Ministerio: Educación.
Servicio: Junta Nacional de Auxilio Escolar y Becas.
Variación Presupuesto 2025-2026: 32,9%.
Presupuesto 2026: M$ 10.598.126.",Estudiantes que cursan educación escolar y educación superior en el sistema educativo nacional.,"El programa busca facilitar el acceso al transporte público de estudiantes de educación escolar y superior, a través de la entrega y revalidación de la TNE. Para ello financia servicios de captura fotográfica, impresión, sellos, control y oficinas de la TNE. Además, mediante tarjeta nueva, reposición o revalidación, se asegura que las y los estudiantes accedan a tarifas preferenciales en el transporte público durante su trayectoria educativa.","Perspectiva de género: declara que no incorpora medidas.

Cambio climático: declara que no incorpora acciones.","El aumento se debe a mayores costos de operación (fabricación, capturas fotográficas, distribución, validación, entre otros) de la tarjeta.","Evaluación ex ante: no tiene en los últimos tres años.

Monitoreo 2024: presentó hallazgos en las dimensiones eficiencia y eficacia.

Evaluación ex post: no tiene en los últimos tres años

"
71423,Desarrollo Social y Familia,Subsecretaría de la Niñez,Oficina Local de la Niñez,40790484,33.67047561285006,21-10-02-24-03-004 OFICINA LOCAL DE LA NIÑEZ,"Ministerio: Desarrollo Social y Familia.
Servicio: Subsecretaría de la Niñez.
Variación Presupuesto 2025-2026: 33,7%.
Presupuesto 2026: M$ 40.790.484.","Niños, niñas y adolescentes menores de 18 años que podrían presentar riesgos y / o vulneración de derechos."," Las Oficinas Locales de la Niñez son las instituciones municipales encargada de la promoción de derechos, la prevención de situaciones de riesgo y vulneraciones y de la protección de los derechos de los niños, niñas y adolescentes. Para esto, cuentan con un equipo de profesionales compuesto por un o una coordinadora general, terapeutas familiares, gestores(as) de casos y gestores(as) comunitarios(as), que en su conjunto llevan a cabo dos líneas de acción: prevención y promoción.","Perspectiva de género: declara que sí incorpora medidas indirectas.

Cambio climático: declara que no incorpora acciones.",El aumento se debe a la implementación completa de las Oficinas Locales de la Niñez en 345 comunas.,"Evaluación ex ante: no tiene en los últimos tres años.

Monitoreo 2024: presentó hallazgos en la dimensión eficiencia.

Evaluación ex post: no tiene en los últimos tres años

"
1566,Trabajo y Previsión Social,Servicio Nacional de Capacitación y Empleo,Formación en el Puesto de Trabajo,2062000,34.35964467021614,15-05-04-24-08-090 PROGRAMA DE FORMACIÓN EN EL PUESTO DE TRABAJO,"Ministerio: Trabajo y Previsión Social.
Servicio: Servicio Nacional de Capacitación y Empleo.
Variación Presupuesto 2025-2026: 34,4%.
Presupuesto 2026: M$ 2.062.000.",Personas desocupadas entre 15 y 24 años  o mayores de 50 años.,"El programa  busca aumentar la inserción laboral, mediante la entrega de incentivos de contratación y capacitación. Para esto, da una bonificación al empleador por cada persona contratada y financiamiento para la formación del trabajador en la empresa.","Perspectiva de género: declara que no incorpora medidas.

Cambio climático: declara que no incorpora acciones.", El aumento se debe a una expansión programada de la cobertura.,"Evaluación ex ante: no tiene en los últimos tres años.

Monitoreo 2024: presentó hallazgos en las dimensiones eficiencia y eficacia.

Evaluación ex post: no tiene en los últimos tres años

"
59567,"Culturas, las Artes y el Patrimonio",Servicio Nacional del Patrimonio Cultural,Mejoramiento Integral de Bibliotecas Públicas,2280805,36.70686307945799,29-03-02-33-03-005 PROGRAMA DE MEJORAMIENTO INTEGRAL DE BIBLIOTECAS PÚBLICAS,"Ministerio: Culturas, las Artes y el Patrimonio.
Servicio: Servicio Nacional del Patrimonio Cultural.
Variación Presupuesto 2025-2026: 36,7%.
Presupuesto 2026: M$ 2.280.805.",Bibliotecas públicas municipales,El programa apoya a bibliotecas públicas que presentan deficiencias materiales.,"Perspectiva de género: declara que sí incorpora medidas indirectas.

Cambio climático: declara que sí incorpora acciones de mitigación.", El aumento se debe a una expansión programada en la cobertura de proyectos a financiar.,"Evaluación ex ante: en formulación presupuestaria 2026 Recomendado Favorablemente (RF).

Monitoreo 2024: presentó hallazgos en las dimensiones eficiencia y eficacia.

Evaluación ex post: no tiene en los últimos tres años

"
87213,"Economía, Fomento y Turismo",Subsecretaría de Turismo,Desarrollo Turístico Sustentable,659297,-39.946367754341,07-24-01-24-03-002 DESARROLLO TURÍSTICO SUSTENTABLE,"Ministerio: Economía, Fomento y Turismo.
Servicio: Subsecretaría de Turismo.
Variación Presupuesto 2025-2026: -39,9%.
Presupuesto 2026: M$ 659.297.",Está dirigdo a destinos turísticos que se encuentran en fases tempranas de desarrollo.,"El programa contribuye con el desarrollo turístico sustentable con acciones que generen un impacto positivo en los ámbitos económico, social y ambiental. En particular, contempla intervención en aquellos que presentan brechas en su planificación turística, oferta e infraestructura habilitante.","Perspectiva de género: declara que no incorpora medidas.

Cambio climático: declara que no incorpora acciones.","La disminución se debe a que en el año 2025  hubo un aumento para el evento ATTA Summit 2025, lo que corresponde a un gasto por una vez","Evaluación ex ante: en formulación presupuestaria 2026 Recomendado Favorablemente (RF).

Monitoreo 2024: sin hallazgos.

Evaluación ex post: no tiene en los últimos tres años

"
133088,Desarrollo Social y Familia,Subsecretaría de Servicios Sociales,Centros Comunitarios de Cuidados,7000152,43.51634892495262,21-01-08-24-03-354 CENTROS COMUNITARIOS DE CUIDADO,"Ministerio: Desarrollo Social y Familia.
Servicio: Subsecretaría de Servicios Sociales.
Variación Presupuesto 2025-2026: 43,5%.
Presupuesto 2026: M$ 7.000.152.","Personas cuidadoras no remuneradas de personas con dependencia funcional y/o niñas, niños y adolescentes que residen en las comunas donde están emplazados los Centros Comunitarios de Cuidados.","El programa busca aumentar el nivel de bienestar subjetivo de las y los cuidadores no remuneradas de personas con dependencia funcional y/o niñas, niños y adolescentes. Realiza esto, a través de un diagnóstico y plan de atención, la entrega de servicios de gestión social, promoción del bienestar psicoemocional, servicios de cuidados, y  promoción de la participación social y comunitaria.","Perspectiva de género: declara que sí incorpora medidas indirectas.

Cambio climático: declara que no incorpora acciones.",El aumento es para dar continuidad a los 70 centros que se proyecta entren en funcionamiento durante el 2025 y para la incorporación de otros 30 en el 2026. Con esto se alcanza los 100 comprometidos.,"Evaluación ex ante: en formulación presupuestaria 2025 Recomendado Favorablemente (RF).

Monitoreo 2024: sin hallazgos.

Evaluación ex post: no tiene en los últimos tres años

"
87175,"Economía, Fomento y Turismo",Corporación de Fomento de la Producción,Comité de Desarrollo y Fomento Indígena,448925,-43.87230754612242,07-06-01-24-03-412 COMITÉ DE DESARROLLO Y FOMENTO INDÍGENA,"Ministerio: Economía, Fomento y Turismo.
Servicio: Corporación de Fomento de la Producción.
Variación Presupuesto 2025-2026: -43,9%.
Presupuesto 2026: M$ 448.925.",El programa está dirgido a organizaciones empresariales indígenas,"El Comité  contribuye al desarrollo productivo indígena, con enfoque territorial, de manera pertinente y representativa de las comunidades interesadas, mediante un mecanismo innovador de apoyo a iniciativas empresariales, económica y socioculturalmente sostenible.","Perspectiva de género: declara que no incorpora medidas.

Cambio climático: declara que no incorpora acciones.","La disminución se debe, a un ajuste a la baja hecho por Corfo y a que se superpone con otras instituciones como Indap y Conadi. La Comisión para Reformas Estructurales al Gasto Público propuso revisar este programa.","Evaluación ex ante: en formulación presupuestaria 2026 Recomendado Favorablemente (RF).

Monitoreo 2024: presentó hallazgos en la dimensión focalización.

Evaluación ex post: no tiene en los últimos tres años

"
5144,Educación,Subsecretaría de Educación,Fortalecimiento del Aprendizaje del Inglés,656613,44.3622660425603,09-01-03-24-09-517 FORTALECIMIENTO DEL APRENDIZAJE DEL INGLÉS,"Ministerio: Educación.
Servicio: Subsecretaría de Educación.
Variación Presupuesto 2025-2026: 44,4%.
Presupuesto 2026: M$ 656.613.",Está dirigido a las y los docentes que imparten inglés desde 5° básico a 4° medio en establecimientos educacionales con subvención del Estado.,"El programa busca fortalecer las capacidades de las y los docentes para mejorar la enseñanza del inglés en establecimientos subvencionados a través de capacitaciones diferenciadas, liderazgo pedagógico y actividades prácticas.","Perspectiva de género: declara que no incorpora medidas.

Cambio climático: declara que no incorpora acciones.",El aumento se debe a un mayor gasto en la temporalidad de los convenios vigentes.,"Evaluación ex ante: en formulación presupuestaria 2025 Recomendado Favorablemente (RF).

Monitoreo 2024: sin hallazgos.

Evaluación ex post: no tiene en los últimos tres años

"
1901,Salud,Fondo Nacional de Salud,Segundo Prestador,58579783,48.38673536219467,16-02-01-24-09-011 BONO AUGE,"Ministerio: Salud.
Servicio: Fondo Nacional de Salud.
Variación Presupuesto 2025-2026: 48,4%.
Presupuesto 2026: M$ 58.579.783.",Personas beneficiarias de Fonasa con garantías GES incumplidas que pueden presentar reclamos en los canales habilitados.,"El programa busca garantizar el cumplimiento de los plazos del GES. Si Fonasa verifica incumplimiento de la garantía de oportunidad, designa un prestador alternativo público o privado tras el reclamo del asegurado. Este prestador debe otorgar la prestación en un máximo de 10 días, asegurando la atención oportuna de las patologías cubiertas.","Perspectiva de género: declara que no incorpora medidas.

Cambio climático: declara que no incorpora acciones.",El aumento se debe al incremento sostenido de derivaciones GES hacia un segundo prestador por garantías incumplidas y reclamadas. El mandato legal exige derivar en dos días si la red pública no entrega la prestación.,"Evaluación ex ante: no tiene en los últimos tres años.

Monitoreo 2024: sin hallazgos.

Evaluación ex post: no tiene en los últimos tres años

"
87220,"Ciencia, Tecnología, Conocimiento e Innovación",Agencia Nacional de Investigación y Desarrollo,Fondo de Equipamiento Científico y Tecnológico - FONDEQUIP,15526660,49.22728234704564,30-02-01-33-01-002 FONDO DE EQUIPAMIENTO CIENTÍFICO Y TECNOLÓGICO (FONDEQUIP),"Ministerio: Ciencia, Tecnología, Conocimiento e Innovación.
Servicio: Agencia Nacional de Investigación y Desarrollo.
Variación Presupuesto 2025-2026: 49,2%.
Presupuesto 2026: M$ 15.526.660.","Universidades, centros, institutos y laboratorios localizados en las diferentes regiones del país, que realicen actividades de I+D. ","El programa busca incrementar el número de proyectos que acceden a equipamiento científico y tecnológico de nivel internacional, para mejorar la calidad de sus resultados de investigación. Para ello financia proyectos que se seleccionan según la calidad de la propuesta científica, el uso compartido del equipamiento y los antecedentes académicos de los investigadores participantes. ","Perspectiva de género: declara que no incorpora medidas.

Cambio climático: declara que no incorpora acciones.",El aumento se debe a que posee un diseño adecuado.,"Evaluación ex ante: en formulación presupuestaria 2026 Recomendado Favorablemente (RF).

Monitoreo 2024: presentó hallazgos en las dimensiones eficacia y focalización.

Evaluación ex post: no tiene en los últimos tres años

"
63408,Educación,Subsecretaría de Educación,Sistema Nacional de Inducción y Mentoría,1356752,62.7,09-01-04-24-01-616 INDUCCIÓN AL EJERCICIO PROFESIONAL DOCENTE Y MENTORÍA A DOCENTES PRINCIPIANTES,"Ministerio: Educación.
Servicio: Subsecretaría de Educación.
Variación Presupuesto 2025-2026: 62,7%.
Presupuesto 2026: M$ 1.356.752.","Está dirigido a las y los docentes con título profesional de profesor o profesora, o de educador o educadora.","El programa busca disminuir la deserción de docentes principiantes del sistema subvencionado, mediante la formación de mentores y el acompañamiento en los dos primeros años de ejercicio profesional. Esto se hace a través de planes de inducción, visitas, reuniones y retroalimentaciónn para fortalecer su inserción en la comunidad educativa con lo que se contribuye a su permanencia en la profesión.","Perspectiva de género: declara que sí incorpora medidas indirectas.

Cambio climático: declara que no incorpora acciones.",Se incrementa el presupuesto del programa por el impulso al sistema de Inducción al Ejercicio Profesional Docente y la Mentoría a Docentes.,"Evaluación ex ante: no tiene en los últimos tres años.

Monitoreo 2024: presentó hallazgos en las dimensiones eficiencia y eficacia.

Evaluación ex post: no tiene en los últimos tres años

"
126289,Trabajo y Previsión Social,Instituto de Previsión Social,Pensión Garantizada Universal,10077953,65.47615665959255,"15-09-01-24-01-012 LEY N° 21.419, PENSIÓN GARANTIZADA UNIVERSAL","Ministerio: Trabajo y Previsión Social.
Servicio: Instituto de Previsión Social.
Variación Presupuesto 2025-2026: 65,5%.
Presupuesto 2026: M$ 10.077.953.","Personas de 65 años o más, que pertenecen al 90% más pobre de la población mayor de 65 años o más.",La Pensión Garantizada Universal es para asegurar un monto mínimo de pensión para la vejez a través de un aporte económico mensual.,"Perspectiva de género: declara que sí incorpora medidas indirectas.

Cambio climático: declara que no incorpora acciones.","El aumento se debe a más beneficiarios, compuesto por los que cumplen requisitos y los incluidos por leyes de reparación y a un mayor valor de la PGU para los mayores de 82 y 75 años en septiembre de 2025 y 2026, respectivamente.
","Evaluación ex ante: no tiene en los últimos tres años.

Monitoreo 2024: sin hallazgos.

Evaluación ex post: no tiene en los últimos tres años

"
63329,Vivienda y Urbanismo,Subsecretaría de Vivienda y Urbanismo,Subsidio para el Arriendo,121758883,74.12433326507586,18-01-01-33-01-134 SUBSIDIO AL ARRIENDO,"Ministerio: Vivienda y Urbanismo.
Servicio: Subsecretaría de Vivienda y Urbanismo.
Variación Presupuesto 2025-2026: 74,1%.
Presupuesto 2026: M$ 121.758.883.","Familias no propietarias de viviendas dentro del 70% más vulnerables de la población nacional, que no cuenten con un beneficio vigente del programa ni con estar postulando a otro programa habitacional.","El programa facilita el acceso a viviendas en arriendo formal mediante la entrega de un subsidio que cubre parte de su valor  mensual, así como el mes de garantía.","Perspectiva de género: declara que sí incorpora medidas indirectas.

Cambio climático: declara que no incorpora acciones.",El aumento se debe a la proyección del avance del programa habitacional en función de las tasas de ejecución históricas del subsidio.,"Evaluación ex ante: en formulación presupuestaria 2026 Recomendado Favorablemente (RF).

Monitoreo 2024: presentó hallazgos en las dimensiones eficiencia y focalización.

Evaluación ex post: no tiene en los últimos tres años

"
68447,Vivienda y Urbanismo,Subsecretaría de Vivienda y Urbanismo,Programa para Pequeñas Localidades,35054334,82.12345487614097,"18-01-04-24-03-106 MUNICIPALIDADES PARA PEQUEÑAS LOCALIDADES
18-01-04-33-03-106 MUNICIPALIDADES PARA PEQUEÑAS LOCALIDADES","Ministerio: Vivienda y Urbanismo.
Servicio: Subsecretaría de Vivienda y Urbanismo.
Variación Presupuesto 2025-2026: 82,1%.
Presupuesto 2026: M$ 35.054.334.","Localidades de hasta 20.000 habitantes con servicio de educación básica y salud de atención permanente, y que son centros proveedores de servicios de otras localidades menores.",El programa financia obras de inversión en infraestructura urbana y el mejoramiento de la capacidad de gestión municipal a través de un plan de desarrollo de la localidad.,"Perspectiva de género: declara que sí incorpora medidas indirectas.

Cambio climático: declara que sí incorpora acciones de adaptación.",El aumento se debe al ajuste del presupuesto en función de las tasas históricas de avance de la ejecución del programa Pequeñas localidades.,"Evaluación ex ante: en formulación presupuestaria 2024 Recomendado Favorablemente (RF).

Monitoreo 2024: presentó hallazgos en la dimensión eficiencia.

Evaluación ex post: no tiene en los últimos tres años

"
85147,"Culturas, las Artes y el Patrimonio",Subsecretaría de las Culturas y las Artes,Orquestas Regionales Profesionales,5713280,89.6,29-01-03-24-01-292 PROGRAMA DE ORQUESTAS REGIONALES PROFESIONALES,"Ministerio: Culturas, las Artes y el Patrimonio.
Servicio: Subsecretaría de las Culturas y las Artes.
Variación Presupuesto 2025-2026: 89,6%.
Presupuesto 2026: M$ 5.713.280.",Orquestas profesionales regionales que funcionan en el territorio nacional.,"El programa busca resolver la baja sostenibilidad de las orquestas regionales profesionales del país, a través de la entrega de financiamiento.","Perspectiva de género: declara que sí incorpora medidas indirectas.

Cambio climático: declara que no incorpora acciones.","El aumento es para ir expandiendo el programa a todas las regiones del país, pasando de 9 orquestas a 16 orquestas con financiamiento.","Evaluación ex ante: no tiene en los últimos tres años.

Monitoreo 2024: presentó hallazgos en la dimensión eficacia.

Evaluación ex post: no tiene en los últimos tres años

"
113502,"Culturas, las Artes y el Patrimonio",Servicio Nacional del Patrimonio Cultural,Fondo de Fortalecimiento para Organizaciones Patrimoniales,3426006,98.31668444721782,29-03-05-24-01-225 FONDO CONCURSABLE DEL PATRIMONIO,"Ministerio: Culturas, las Artes y el Patrimonio.
Servicio: Servicio Nacional del Patrimonio Cultural.
Variación Presupuesto 2025-2026: 98,3%.
Presupuesto 2026: M$ 3.426.006.",Organizaciones patrimoniales del ámbito privado.,"El programa busca resolver la baja sostenibilidad de las organizaciones patrimoniales privadas, a través del financiamiento para gastos operacionales  y  para gastos en personal para dichas organizaciones. ","Perspectiva de género: declara que sí incorpora medidas indirectas.

Cambio climático: declara que no incorpora acciones.", El aumento es para fortalecer la sostenibilidad financiera de organizaciones privadas que resguardan patrimonio relevante de acceso público. El traspaso de recursos se realiza mediante convenios que establecen un plan de gestión institucional.,"Evaluación ex ante: en formulación presupuestaria 2026 Recomendado Favorablemente (RF).

Monitoreo 2024: sin hallazgos.

Evaluación ex post: no tiene en los últimos tres años

"
69963,"Culturas, las Artes y el Patrimonio",Servicio Nacional del Patrimonio Cultural,Fondo de Mejoramiento Integral de Museos,3418018,104.5742268954438,"29-03-04-33-01-001 FONDO DE MEJORAMIENTO INTEGRAL DE MUSEOS
29-03-04-33-03-006 FONDO DE MEJORAMIENTO INTEGRAL DE MUSEOS","Ministerio: Culturas, las Artes y el Patrimonio.
Servicio: Servicio Nacional del Patrimonio Cultural.
Variación Presupuesto 2025-2026: 104,6%.
Presupuesto 2026: M$ 3.418.018.","Museos en el territorio chileno, que estén inscritos en el Registro de Museos de Chile que no son administrados por el Servicio Nacional del Patrimonio Cultural.","El programa busca resolver la baja calidad en la generación de contenidos de los museos de Chile que no son administrados por el Servicio Nacional del Patrimonio Cultural. Para esto se proveen fondos concursables que financian equipamiento museográfico, puesta en valor de colecciones, y para la capacitación a trabajadores de museos.","Perspectiva de género: declara que sí incorpora medidas indirectas.

Cambio climático: declara que no incorpora acciones.",El aumento se debe a una expansión programada en la cobertura de proyectos a financiar.,"Evaluación ex ante: no tiene en los últimos tres años.

Monitoreo 2024: sin hallazgos.

Evaluación ex post: no tiene en los últimos tres años

"
1786,Desarrollo Social y Familia,Servicio Nacional del Adulto Mayor,Participación y Formación de Dirigentes Mayores,1240715,131.5336985974158,21-08-01-24-09-001 PROGRAMAS DE FORMACIÓN Y PARTICIPACIÓN DE PERSONAS MAYORES,"Ministerio: Desarrollo Social y Familia.
Servicio: Servicio Nacional del Adulto Mayor.
Variación Presupuesto 2025-2026: 131,5%
Presupuesto 2026: M$ 1.240.715.",Adultos mayores organizados,"El programa busca apoyar a personas adultas mayores organizadas, que carecen de información sobre políticas y oferta pública dirigida a ellas dado que esto les impide el conocimiento y ejercicio de sus derechos y limita el desarrollo de organizaciones participativas.","Perspectiva de género: declara que sí incorpora medidas indirectas.

Cambio climático: declara que no incorpora acciones.","El aumento se debe a que en este nuevo programa se integran los actuales programas Escuela de formación de dirigentes mayores, Buen trato al adulto mayor, Envejecimiento activo y Voluntariado país de mayores.","Evaluación ex ante: en formulación presupuestaria 2025 Recomendado Favorablemente (RF).

Monitoreo 2024: presentó hallazgos en las dimensiones eficiencia y eficacia.

Evaluación ex post: no tiene en los últimos tres años

"
59402,Interior,Subsecretaría Desarrollo Regional y Administrativo,Academia de Capacitación Municipal y Regional,4091849,152.3583299824107,"05-05-02-24-03-026 PROGRAMA ACADEMIA CAPACITACIÓN MUNICIPAL Y REGIONAL
05-05-02-24-01-030 FONDO CONCURSABLE BECAS - LEY N°20.742","Ministerio: Interior.
Servicio: Subsecretaría Desarrollo Regional y Administrativo.
Variación Presupuesto 2025-2026: 152,4%.
Presupuesto 2026: M$ 4.091.849.",Funcionarias y funcionarios de los gobiernos subnacionales del país.,"El programa implementa capacitación directiva y diplomados, aprendizaje a distancia, certificación laboral, talleres de extensión y becas concursables  para que los funcionarios de gobiernos subnacionales adquieran formación y especialización que fortalezca su gestión.","Perspectiva de género: declara que sí incorpora medidas indirectas.

Cambio climático: declara que sí incorpora acciones de adaptación.",El aumento se relaciona con un fortalecimiento en la implementación programa.,"Evaluación ex ante: no tiene en los últimos tres años.

Monitoreo 2024: sin hallazgos.

Evaluación ex post: no tiene en los últimos tres años

"
74507,"Culturas, las Artes y el Patrimonio",Servicio Nacional del Patrimonio Cultural,Fondo del Patrimonio Cultural,9501288,340.2160194669568,"29-03-05-33-01-007 FONDO DEL PATRIMONIO LEY N° 21.045
29-03-05-33-03-007 FONDO DEL PATRIMONIO LEY N° 21.045","Ministerio: Culturas, las Artes y el Patrimonio.
Servicio: Servicio Nacional del Patrimonio Cultural.
Variación Presupuesto 2025-2026: 340,2%.
Presupuesto 2026: M$ 9.501.288.",Agentes culturales del ámbito patrimonial.,"El programa busca aumentar las iniciativas de preservación de bienes patrimoniales y salvaguardia de saberes, prácticas y manifestaciones desarrolladas por agentes culturales del ámbito patrimonial a través del financiamiento de proyectos de alcance nacional y regional.","Perspectiva de género: declara que sí incorpora medidas indirectas.

Cambio climático: declara que no incorpora acciones.","El aumento se debe a una expansión programada en la cobertura de proyectos destinados al diseño o ejecución de obras en inmuebles, contemplando las categorías de monumentos históricos, zonas típicas, monumentos públicos y/o monumentos arqueológicos.","Evaluación ex ante: no tiene en los últimos tres años.

Monitoreo 2024: presentó hallazgos en las dimensiones eficiencia y eficacia.

Evaluación ex post: no tiene en los últimos tres años

"
