Partida;Capitulo;Programa;Subtitulo;Ítem;Asignacion;Denominacion;Monto Pesos;Monto Dolar
01;01;01;05;00;000;TRANSFERENCIAS CORRIENTES;10;0
01;01;01;05;02;000;Del Gobierno Central;10;0
01;01;01;05;02;201;Recuperación de Licencias Médicas - FONASA;10;0
01;01;01;08;00;000;OTROS INGRESOS CORRIENTES;20;0
01;01;01;08;01;000;Recuperaciones y Reembolsos por Licencias Médicas;10;0
01;01;01;08;99;000;Otros;10;0
01;01;01;09;00;000;APORTE FISCAL;22806302;0
01;01;01;09;01;000;Libre;22806302;0
01;01;01;12;00;000;RECUPERACIÓN DE PRÉSTAMOS;10;0
01;01;01;12;10;000;Ingresos por Percibir;10;0
01;01;01;15;00;000;SALDO INICIAL DE CAJA;1000;0
01;01;01;21;00;000;GASTOS EN PERSONAL;11270115;0
01;01;01;22;00;000;BIENES Y SERVICIOS DE CONSUMO;7131498;0
01;01;01;23;00;000;PRESTACIONES DE SEGURIDAD SOCIAL;10;0
01;01;01;23;03;000;Prestaciones Sociales del Empleador;10;0
01;01;01;24;00;000;TRANSFERENCIAS CORRIENTES;4159377;0
01;01;01;24;09;000;A Unidades o Programas del Servicio;4159377;0
01;01;01;24;09;701;Apoyo Actividades Presidenciales;4159377;0
01;01;01;25;00;000;INTEGROS AL FISCO;10;0
01;01;01;25;99;000;Otros Integros al Fisco;10;0
01;01;01;29;00;000;ADQUISICIÓN DE ACTIVOS NO FINANCIEROS;245322;0
01;01;01;29;04;000;Mobiliario y Otros;20576;0
01;01;01;29;05;000;Máquinas y Equipos;24593;0
01;01;01;29;06;000;Equipos Informáticos;5144;0
01;01;01;29;07;000;Programas Informáticos;195009;0
01;01;01;34;00;000;SERVICIO DE LA DEUDA;10;0
01;01;01;34;07;000;Deuda Flotante;10;0
01;01;01;35;00;000;SALDO FINAL DE CAJA;1000;0
02;01;01;05;00;000;TRANSFERENCIAS CORRIENTES;10;0
02;01;01;05;02;000;Del Gobierno Central;10;0
02;01;01;05;02;201;Recuperación de Licencias Médicas - FONASA;10;0
02;01;01;08;00;000;OTROS INGRESOS CORRIENTES;504366;0
02;01;01;08;01;000;Recuperaciones y Reembolsos por Licencias Médicas;433283;0
02;01;01;08;99;000;Otros;71083;0
02;01;01;09;00;000;APORTE FISCAL;65081427;0
02;01;01;09;01;000;Libre;65081427;0
02;01;01;15;00;000;SALDO INICIAL DE CAJA;10;0
02;01;01;21;00;000;GASTOS EN PERSONAL;32101976;0
02;01;01;22;00;000;BIENES Y SERVICIOS DE CONSUMO;9630597;0
02;01;01;23;00;000;PRESTACIONES DE SEGURIDAD SOCIAL;133759;0
02;01;01;23;01;000;Prestaciones Previsionales;133759;0
02;01;01;24;00;000;TRANSFERENCIAS CORRIENTES;21897606;0
02;01;01;24;01;000;Al Sector Privado;1292887;0
02;01;01;24;01;001;Becas Postgrado;61728;0
02;01;01;24;01;009;Aplicación Ley N° 19.672;915745;0
02;01;01;24;01;010;Consejo de Futuro;315414;0
02;01;01;24;03;000;A Otras Entidades Públicas;20499859;0
02;01;01;24;03;001;Personal Apoyo Senadores;7040787;0
02;01;01;24;03;002;Asesoría Externa Senadores;2745798;0
02;01;01;24;03;003;Gastos Operacionales Senadores;6972787;0
02;01;01;24;03;004;Personal Apoyo Comités;1176480;0
02;01;01;24;03;005;Asesoría Externa Comités;1016888;0
02;01;01;24;03;006;Gastos Operacionales Comités;26526;0
02;01;01;24;03;007;Otras Transferencias;1520593;0
02;01;01;24;07;000;A Organismos Internacionales;104860;0
02;01;01;24;07;001;Asociación de Congresos;104860;0
02;01;01;25;00;000;INTEGROS AL FISCO;10;0
02;01;01;25;99;000;Otros Integros al Fisco;10;0
02;01;01;29;00;000;ADQUISICIÓN DE ACTIVOS NO FINANCIEROS;1821835;0
02;01;01;29;04;000;Mobiliario y Otros;30864;0
02;01;01;29;05;000;Máquinas y Equipos;360442;0
02;01;01;29;06;000;Equipos Informáticos;538309;0
02;01;01;29;07;000;Programas Informáticos;892220;0
02;01;01;31;00;000;INICIATIVAS DE INVERSIÓN;10;0
02;01;01;31;02;000;Proyectos;10;0
02;01;01;34;00;000;SERVICIO DE LA DEUDA;10;0
02;01;01;34;07;000;Deuda Flotante;10;0
02;01;01;35;00;000;SALDO FINAL DE CAJA;10;0
02;02;01;05;00;000;TRANSFERENCIAS CORRIENTES;10;0
02;02;01;05;02;000;Del Gobierno Central;10;0
02;02;01;05;02;201;Recuperación de Licencias Médicas - FONASA;10;0
02;02;01;08;00;000;OTROS INGRESOS CORRIENTES;422303;0
02;02;01;08;01;000;Recuperaciones y Reembolsos por Licencias Médicas;345143;0
02;02;01;08;99;000;Otros;77160;0
02;02;01;09;00;000;APORTE FISCAL;101699236;0
02;02;01;09;01;000;Libre;101699236;0
02;02;01;15;00;000;SALDO INICIAL DE CAJA;10;0
02;02;01;21;00;000;GASTOS EN PERSONAL;52699501;0
02;02;01;22;00;000;BIENES Y SERVICIOS DE CONSUMO;10859555;0
02;02;01;23;00;000;PRESTACIONES DE SEGURIDAD SOCIAL;10;0
02;02;01;23;01;000;Prestaciones Previsionales;10;0
02;02;01;24;00;000;TRANSFERENCIAS CORRIENTES;36841552;0
02;02;01;24;01;000;Al Sector Privado;67333;0
02;02;01;24;01;001;Becas PostGrado;67333;0
02;02;01;24;03;000;A Otras Entidades Públicas;36657543;0
02;02;01;24;03;001;Personal Apoyo Labor Parlamentaria;15361526;0
02;02;01;24;03;002;Asesoría Externa Labor Parlamentaria;2354581;0
02;02;01;24;03;003;Gastos Operacionales Labor Parlamentaria;13623522;0
02;02;01;24;03;004;Personal Apoyo Comités;3515330;0
02;02;01;24;03;005;Asesoría Externa Comités;11;0
02;02;01;24;03;006;Gastos Operacionales Comités;41823;0
02;02;01;24;03;007;Otras Transferencias;1760750;0
02;02;01;24;07;000;A Organismos Internacionales;116676;0
02;02;01;24;07;002;Organismos Internacionales;116676;0
02;02;01;25;00;000;INTEGROS AL FISCO;10;0
02;02;01;25;99;000;Otros Integros al Fisco;10;0
02;02;01;29;00;000;ADQUISICIÓN DE ACTIVOS NO FINANCIEROS;1720901;0
02;02;01;29;04;000;Mobiliario y Otros;56546;0
02;02;01;29;05;000;Máquinas y Equipos;132425;0
02;02;01;29;06;000;Equipos Informáticos;621525;0
02;02;01;29;07;000;Programas Informáticos;910405;0
02;02;01;31;00;000;INICIATIVAS DE INVERSIÓN;10;0
02;02;01;31;02;000;Proyectos;10;0
02;02;01;34;00;000;SERVICIO DE LA DEUDA;10;0
02;02;01;34;07;000;Deuda Flotante;10;0
02;02;01;35;00;000;SALDO FINAL DE CAJA;10;0
02;03;01;05;00;000;TRANSFERENCIAS CORRIENTES;10;0
02;03;01;05;02;000;Del Gobierno Central;10;0
02;03;01;05;02;201;Recuperación de Licencias Médicas - FONASA;10;0
02;03;01;09;00;000;APORTE FISCAL;18653104;0
02;03;01;09;01;000;Libre;18653104;0
02;03;01;15;00;000;SALDO INICIAL DE CAJA;10;0
02;03;01;21;00;000;GASTOS EN PERSONAL;15494239;0
02;03;01;22;00;000;BIENES Y SERVICIOS DE CONSUMO;2348491;0
02;03;01;23;00;000;PRESTACIONES DE SEGURIDAD SOCIAL;116286;0
02;03;01;23;03;000;Prestaciones Sociales del Empleador;116286;0
02;03;01;24;00;000;TRANSFERENCIAS CORRIENTES;208533;0
02;03;01;24;09;000;A Unidades o Programas del Servicio;208533;0
02;03;01;24;09;001;Programa Formación Cívica;166105;0
02;03;01;24;09;002;Programa de Inclusión;42428;0
02;03;01;25;00;000;INTEGROS AL FISCO;10;0
02;03;01;25;99;000;Otros Integros al Fisco;10;0
02;03;01;29;00;000;ADQUISICIÓN DE ACTIVOS NO FINANCIEROS;485545;0
02;03;01;29;03;000;Vehículos;42171;0
02;03;01;29;04;000;Mobiliario y Otros;12940;0
02;03;01;29;05;000;Máquinas y Equipos;67458;0
02;03;01;29;06;000;Equipos Informáticos;74487;0
02;03;01;29;07;000;Programas Informáticos;288489;0
02;03;01;34;00;000;SERVICIO DE LA DEUDA;10;0
02;03;01;34;07;000;Deuda Flotante;10;0
02;03;01;35;00;000;SALDO FINAL DE CAJA;10;0
02;04;01;05;00;000;TRANSFERENCIAS CORRIENTES;10;0
02;04;01;05;02;000;Del Gobierno Central;10;0
02;04;01;05;02;201;Recuperación de Licencias Médicas - FONASA;10;0
02;04;01;09;00;000;APORTE FISCAL;771640;0
02;04;01;09;01;000;Libre;771640;0
02;04;01;15;00;000;SALDO INICIAL DE CAJA;10;0
02;04;01;21;00;000;GASTOS EN PERSONAL;702706;0
02;04;01;22;00;000;BIENES Y SERVICIOS DE CONSUMO;60307;0
02;04;01;25;00;000;INTEGROS AL FISCO;10;0
02;04;01;25;99;000;Otros Integros al Fisco;10;0
02;04;01;29;00;000;ADQUISICIÓN DE ACTIVOS NO FINANCIEROS;8617;0
02;04;01;29;06;000;Equipos Informáticos;8617;0
02;04;01;34;00;000;SERVICIO DE LA DEUDA;10;0
02;04;01;34;07;000;Deuda Flotante;10;0
02;04;01;35;00;000;SALDO FINAL DE CAJA;10;0
02;04;02;05;00;000;TRANSFERENCIAS CORRIENTES;10;0
02;04;02;05;02;000;Del Gobierno Central;10;0
02;04;02;05;02;201;Recuperación de Licencias Médicas - FONASA;10;0
02;04;02;09;00;000;APORTE FISCAL;1097005;0
02;04;02;09;01;000;Libre;1097005;0
02;04;02;15;00;000;SALDO INICIAL DE CAJA;10;0
02;04;02;21;00;000;GASTOS EN PERSONAL;1040808;0
02;04;02;22;00;000;BIENES Y SERVICIOS DE CONSUMO;56187;0
02;04;02;25;00;000;INTEGROS AL FISCO;10;0
02;04;02;25;99;000;Otros Integros al Fisco;10;0
02;04;02;34;00;000;SERVICIO DE LA DEUDA;10;0
02;04;02;34;07;000;Deuda Flotante;10;0
02;04;02;35;00;000;SALDO FINAL DE CAJA;10;0
03;01;01;05;00;000;TRANSFERENCIAS CORRIENTES;10;0
03;01;01;05;02;000;Del Gobierno Central;10;0
03;01;01;05;02;201;Recuperación de Licencias Médicas - FONASA;10;0
03;01;01;08;00;000;OTROS INGRESOS CORRIENTES;9918795;0
03;01;01;08;01;000;Recuperaciones y Reembolsos por Licencias Médicas;9842765;0
03;01;01;08;99;000;Otros;76030;0
03;01;01;09;00;000;APORTE FISCAL;585108215;0
03;01;01;09;01;000;Libre;585108215;0
03;01;01;21;00;000;GASTOS EN PERSONAL;595027000;0
03;01;01;25;00;000;INTEGROS AL FISCO;10;0
03;01;01;25;99;000;Otros Integros al Fisco;10;0
03;01;01;35;00;000;SALDO FINAL DE CAJA;10;0
03;01;02;05;00;000;TRANSFERENCIAS CORRIENTES;10;0
03;01;02;05;02;000;Del Gobierno Central;10;0
03;01;02;05;02;201;Recuperación de Licencias Médicas - FONASA;10;0
03;01;02;08;00;000;OTROS INGRESOS CORRIENTES;10;0
03;01;02;08;01;000;Recuperaciones y Reembolsos por Licencias Médicas;10;0
03;01;02;09;00;000;APORTE FISCAL;39958063;0
03;01;02;09;01;000;Libre;39958063;0
03;01;02;21;00;000;GASTOS EN PERSONAL;39958053;0
03;01;02;25;00;000;INTEGROS AL FISCO;20;0
03;01;02;25;99;000;Otros Integros al Fisco;20;0
03;01;02;35;00;000;SALDO FINAL DE CAJA;10;0
03;03;01;05;00;000;TRANSFERENCIAS CORRIENTES;10;0
03;03;01;05;02;000;Del Gobierno Central;10;0
03;03;01;05;02;201;Recuperación de Licencias Médicas - FONASA;10;0
03;03;01;06;00;000;RENTAS DE LA PROPIEDAD;149385;0
03;03;01;06;01;000;Arriendo de Activos No Financieros;149385;0
03;03;01;07;00;000;INGRESOS DE OPERACIÓN;155901;0
03;03;01;07;02;000;Venta de Servicios;155901;0
03;03;01;08;00;000;OTROS INGRESOS CORRIENTES;24606827;0
03;03;01;08;01;000;Recuperaciones y Reembolsos por Licencias Médicas;448623;0
03;03;01;08;02;000;Multas y Sanciones Pecuniarias;450899;0
03;03;01;08;99;000;Otros;23707305;0
03;03;01;09;00;000;APORTE FISCAL;167989668;0
03;03;01;09;01;000;Libre;167989668;0
03;03;01;12;00;000;RECUPERACIÓN DE PRÉSTAMOS;262416;0
03;03;01;12;07;000;Por Anticipos por Cambio de Residencia;262416;0
03;03;01;15;00;000;SALDO INICIAL DE CAJA;10;0
03;03;01;21;00;000;GASTOS EN PERSONAL;27901419;0
03;03;01;22;00;000;BIENES Y SERVICIOS DE CONSUMO;104000157;0
03;03;01;23;00;000;PRESTACIONES DE SEGURIDAD SOCIAL;10;0
03;03;01;23;03;000;Prestaciones Sociales del Empleador;10;0
03;03;01;24;00;000;TRANSFERENCIAS CORRIENTES;15275415;0
03;03;01;24;01;000;Al Sector Privado;172555;0
03;03;01;24;01;002;Becas Postgrado;172555;0
03;03;01;24;02;000;Al Gobierno Central;15101967;0
03;03;01;24;02;001;Programa de Concesiones Ministerio de Justicia;15101967;0
03;03;01;24;07;000;A Organismos Internacionales;893;0
03;03;01;24;07;001;Organismo Internacional I.A.S.A.J.;368;0
03;03;01;24;07;002;Asociación Iberoamericana de Tribunales de Justicia Fiscal o Administrativa;525;0
03;03;01;25;00;000;INTEGROS AL FISCO;10;0
03;03;01;25;99;000;Otros Integros al Fisco;10;0
03;03;01;29;00;000;ADQUISICIÓN DE ACTIVOS NO FINANCIEROS;10759842;0
03;03;01;29;04;000;Mobiliario y Otros;184694;0
03;03;01;29;05;000;Máquinas y Equipos;1092117;0
03;03;01;29;06;000;Equipos Informáticos;1827670;0
03;03;01;29;07;000;Programas Informáticos;7655361;0
03;03;01;31;00;000;INICIATIVAS DE INVERSIÓN;34964928;0
03;03;01;31;02;000;Proyectos;34964928;0
03;03;01;32;00;000;PRÉSTAMOS;262416;0
03;03;01;32;07;000;Por Anticipos por Cambio de Residencia;262416;0
03;03;01;34;00;000;SERVICIO DE LA DEUDA;10;0
03;03;01;34;07;000;Deuda Flotante;10;0
03;03;01;35;00;000;SALDO FINAL DE CAJA;10;0
03;04;01;05;00;000;TRANSFERENCIAS CORRIENTES;10;0
03;04;01;05;02;000;Del Gobierno Central;10;0
03;04;01;05;02;201;Recuperación de Licencias Médicas - FONASA;10;0
03;04;01;08;00;000;OTROS INGRESOS CORRIENTES;1175;0
03;04;01;08;01;000;Recuperaciones y Reembolsos por Licencias Médicas;1175;0
03;04;01;09;00;000;APORTE FISCAL;4958452;0
03;04;01;09;01;000;Libre;4958452;0
03;04;01;15;00;000;SALDO INICIAL DE CAJA;10;0
03;04;01;21;00;000;GASTOS EN PERSONAL;1557576;0
03;04;01;22;00;000;BIENES Y SERVICIOS DE CONSUMO;624352;0
03;04;01;24;00;000;TRANSFERENCIAS CORRIENTES;2776514;0
03;04;01;24;09;000;A Unidades o Programas del Servicio;2776514;0
03;04;01;24;09;017;Programa de Formación;1206319;0
03;04;01;24;09;018;Programa de Perfeccionamiento;1447248;0
03;04;01;24;09;019;Programa de Habilitación;86050;0
03;04;01;24;09;020;Programa de Perfeccionamiento Extraordinario;36897;0
03;04;01;25;00;000;INTEGROS AL FISCO;1185;0
03;04;01;25;99;000;Otros Integros al Fisco;1185;0
03;04;01;34;00;000;SERVICIO DE LA DEUDA;10;0
03;04;01;34;07;000;Deuda Flotante;10;0
03;04;01;35;00;000;SALDO FINAL DE CAJA;10;0
04;01;01;05;00;000;TRANSFERENCIAS CORRIENTES;10;0
04;01;01;05;02;000;Del Gobierno Central;10;0
04;01;01;05;02;201;Recuperación de Licencias Médicas - FONASA;10;0
04;01;01;08;00;000;OTROS INGRESOS CORRIENTES;423675;0
04;01;01;08;01;000;Recuperaciones y Reembolsos por Licencias Médicas;20;0
04;01;01;08;02;000;Multas y Sanciones Pecuniarias;1216;0
04;01;01;08;99;000;Otros;422439;0
04;01;01;09;00;000;APORTE FISCAL;130344569;0
04;01;01;09;01;000;Libre;130344569;0
04;01;01;10;00;000;VENTA DE ACTIVOS NO FINANCIEROS;7332;0
04;01;01;10;03;000;Vehículos;7302;0
04;01;01;10;04;000;Mobiliario y Otros;10;0
04;01;01;10;05;000;Máquinas y Equipos;10;0
04;01;01;10;99;000;Otros Activos no Financieros;10;0
04;01;01;12;00;000;RECUPERACIÓN DE PRÉSTAMOS;183969;0
04;01;01;12;10;000;Ingresos por Percibir;183969;0
04;01;01;15;00;000;SALDO INICIAL DE CAJA;1000;0
04;01;01;21;00;000;GASTOS EN PERSONAL;103407753;0
04;01;01;22;00;000;BIENES Y SERVICIOS DE CONSUMO;16177269;0
04;01;01;23;00;000;PRESTACIONES DE SEGURIDAD SOCIAL;10;0
04;01;01;23;03;000;Prestaciones Sociales del Empleador;10;0
04;01;01;24;00;000;TRANSFERENCIAS CORRIENTES;30297;0
04;01;01;24;03;000;A Otras Entidades Públicas;19585;0
04;01;01;24;03;006;Otras Transferencias;19585;0
04;01;01;24;07;000;A Organismos Internacionales;10712;0
04;01;01;24;07;002;A Organismos Internacionales;10712;0
04;01;01;25;00;000;INTEGROS AL FISCO;4179;0
04;01;01;25;01;000;Impuestos;3041;0
04;01;01;25;99;000;Otros Integros al Fisco;1138;0
04;01;01;29;00;000;ADQUISICIÓN DE ACTIVOS NO FINANCIEROS;5979916;0
04;01;01;29;03;000;Vehículos;154320;0
04;01;01;29;04;000;Mobiliario y Otros;105216;0
04;01;01;29;05;000;Máquinas y Equipos;16170;0
04;01;01;29;06;000;Equipos Informáticos;1945592;0
04;01;01;29;07;000;Programas Informáticos;3758618;0
04;01;01;31;00;000;INICIATIVAS DE INVERSIÓN;5361111;0
04;01;01;31;02;000;Proyectos;5361111;0
04;01;01;34;00;000;SERVICIO DE LA DEUDA;10;0
04;01;01;34;07;000;Deuda Flotante;10;0
04;01;01;35;00;000;SALDO FINAL DE CAJA;10;0
05;02;01;05;00;000;TRANSFERENCIAS CORRIENTES;20;0
05;02;01;05;01;000;Del Sector Privado;10;0
05;02;01;05;01;001;Donaciones;10;0
05;02;01;05;02;000;Del Gobierno Central;10;0
05;02;01;05;02;201;Recuperación de Licencias Médicas - FONASA;10;0
05;02;01;06;00;000;RENTAS DE LA PROPIEDAD;10;0
05;02;01;06;01;000;Arriendo de Activos No Financieros;10;0
05;02;01;08;00;000;OTROS INGRESOS CORRIENTES;30;0
05;02;01;08;01;000;Recuperaciones y Reembolsos por Licencias Médicas;10;0
05;02;01;08;02;000;Multas y Sanciones Pecuniarias;10;0
05;02;01;08;99;000;Otros;10;0
05;02;01;09;00;000;APORTE FISCAL;57329216;0
05;02;01;09;01;000;Libre;57329216;0
05;02;01;15;00;000;SALDO INICIAL DE CAJA;10;0
05;02;01;21;00;000;GASTOS EN PERSONAL;46452195;0
05;02;01;22;00;000;BIENES Y SERVICIOS DE CONSUMO;7741654;0
05;02;01;23;00;000;PRESTACIONES DE SEGURIDAD SOCIAL;10;0
05;02;01;23;03;000;Prestaciones Sociales del Empleador;10;0
05;02;01;24;00;000;TRANSFERENCIAS CORRIENTES;2285751;0
05;02;01;24;09;000;A Unidades o Programas del Servicio;2285751;0
05;02;01;24;09;800;Programa de Coordinación, Orden Público y Gestión Territorial;1671557;0
05;02;01;24;09;801;Programa Barrios Transitorios de Emergencia;614194;0
05;02;01;25;00;000;INTEGROS AL FISCO;10;0
05;02;01;25;99;000;Otros Integros al Fisco;10;0
05;02;01;29;00;000;ADQUISICIÓN DE ACTIVOS NO FINANCIEROS;849646;0
05;02;01;29;03;000;Vehículos;446499;0
05;02;01;29;06;000;Equipos Informáticos;258494;0
05;02;01;29;07;000;Programas Informáticos;144653;0
05;02;01;34;00;000;SERVICIO DE LA DEUDA;10;0
05;02;01;34;07;000;Deuda Flotante;10;0
05;02;01;35;00;000;SALDO FINAL DE CAJA;10;0
05;02;03;09;00;000;APORTE FISCAL;33161061;0
05;02;03;09;01;000;Libre;33161061;0
05;02;03;21;00;000;GASTOS EN PERSONAL;2776423;0
05;02;03;22;00;000;BIENES Y SERVICIOS DE CONSUMO;19685072;0
05;02;03;23;00;000;PRESTACIONES DE SEGURIDAD SOCIAL;10;0
05;02;03;23;03;000;Prestaciones Sociales del Empleador;10;0
05;02;03;29;00;000;ADQUISICIÓN DE ACTIVOS NO FINANCIEROS;269179;0
05;02;03;29;05;000;Máquinas y Equipos;59876;0
05;02;03;29;06;000;Equipos Informáticos;209303;0
05;02;03;31;00;000;INICIATIVAS DE INVERSIÓN;10385426;0
05;02;03;31;02;000;Proyectos;10385426;0
05;02;03;33;00;000;TRANSFERENCIAS DE CAPITAL;44931;0
05;02;03;33;01;000;Al Sector Privado;44931;0
05;02;03;33;01;002;Reintegro Crédito IVA  Concesiones;44931;0
05;02;03;34;00;000;SERVICIO DE LA DEUDA;10;0
05;02;03;34;07;000;Deuda Flotante;10;0
05;02;03;35;00;000;SALDO FINAL DE CAJA;10;0
05;04;01;05;00;000;TRANSFERENCIAS CORRIENTES;20;0
05;04;01;05;02;000;Del Gobierno Central;20;0
05;04;01;05;02;005;Subsecretaría del Interior;10;0
05;04;01;05;02;201;Recuperación de Licencias Médicas - FONASA;10;0
05;04;01;08;00;000;OTROS INGRESOS CORRIENTES;22457;0
05;04;01;08;01;000;Recuperaciones y Reembolsos por Licencias Médicas;10;0
05;04;01;08;99;000;Otros;22447;0
05;04;01;09;00;000;APORTE FISCAL;31242645;0
05;04;01;09;01;000;Libre;31242645;0
05;04;01;15;00;000;SALDO INICIAL DE CAJA;10;0
05;04;01;21;00;000;GASTOS EN PERSONAL;17308305;0
05;04;01;22;00;000;BIENES Y SERVICIOS DE CONSUMO;8623428;0
05;04;01;24;00;000;TRANSFERENCIAS CORRIENTES;4922016;0
05;04;01;24;02;000;Al Gobierno Central;304757;0
05;04;01;24;02;001;Red de Respaldo de Telecomunicaciones - Ejército de Chile;304757;0
05;04;01;24;03;000;A Otras Entidades Públicas;3932465;0
05;04;01;24;03;018;Universidad de Chile - Red Sismológica;3321405;0
05;04;01;24;03;019;Programa de Gestión del Riesgo de Desastres;584311;0
05;04;01;24;03;022;Universidad de Santiago de Chile;26749;0
05;04;01;24;09;000;A Unidades o Programas del Servicio;684794;0
05;04;01;24;09;017;Capacitación en Protección Civil;140366;0
05;04;01;24;09;041;Al Sector Privado;544428;0
05;04;01;25;00;000;INTEGROS AL FISCO;10;0
05;04;01;25;99;000;Otros Integros al Fisco;10;0
05;04;01;29;00;000;ADQUISICIÓN DE ACTIVOS NO FINANCIEROS;411353;0
05;04;01;29;05;000;Máquinas y Equipos;84855;0
05;04;01;29;07;000;Programas Informáticos;326498;0
05;04;01;34;00;000;SERVICIO DE LA DEUDA;10;0
05;04;01;34;07;000;Deuda Flotante;10;0
05;04;01;35;00;000;SALDO FINAL DE CAJA;10;0
05;05;01;05;00;000;TRANSFERENCIAS CORRIENTES;10;0
05;05;01;05;02;000;Del Gobierno Central;10;0
05;05;01;05;02;201;Recuperación de Licencias Médicas - FONASA;10;0
05;05;01;08;00;000;OTROS INGRESOS CORRIENTES;183918;0
05;05;01;08;01;000;Recuperaciones y Reembolsos por Licencias Médicas;183898;0
05;05;01;08;02;000;Multas y Sanciones Pecuniarias;10;0
05;05;01;08;99;000;Otros;10;0
05;05;01;09;00;000;APORTE FISCAL;34340565;0
05;05;01;09;01;000;Libre;34059799;0
05;05;01;09;03;000;Servicio de la Deuda Externa;280766;0
05;05;01;10;00;000;VENTA DE ACTIVOS NO FINANCIEROS;10;0
05;05;01;10;03;000;Vehículos;10;0
05;05;01;12;00;000;RECUPERACIÓN DE PRÉSTAMOS;10;0
05;05;01;12;10;000;Ingresos por Percibir;10;0
05;05;01;15;00;000;SALDO INICIAL DE CAJA;10;0
05;05;01;21;00;000;GASTOS EN PERSONAL;21074168;0
05;05;01;22;00;000;BIENES Y SERVICIOS DE CONSUMO;2156646;0
05;05;01;23;00;000;PRESTACIONES DE SEGURIDAD SOCIAL;10;0
05;05;01;23;03;000;Prestaciones Sociales del Empleador;10;0
05;05;01;25;00;000;INTEGROS AL FISCO;183908;0
05;05;01;25;99;000;Otros Integros al Fisco;183908;0
05;05;01;29;00;000;ADQUISICIÓN DE ACTIVOS NO FINANCIEROS;222077;0
05;05;01;29;03;000;Vehículos;29426;0
05;05;01;29;07;000;Programas Informáticos;192651;0
05;05;01;33;00;000;TRANSFERENCIAS DE CAPITAL;10606928;0
05;05;01;33;03;000;A Otras Entidades Públicas;10606928;0
05;05;01;33;03;432;Fondo de Apoyo Contingencia Regional;10606928;0
05;05;01;34;00;000;SERVICIO DE LA DEUDA;280776;0
05;05;01;34;02;000;Amortización Deuda Externa;240107;0
05;05;01;34;04;000;Intereses Deuda Externa;40659;0
05;05;01;34;07;000;Deuda Flotante;10;0
05;05;01;35;00;000;SALDO FINAL DE CAJA;10;0
05;05;02;08;00;000;OTROS INGRESOS CORRIENTES;20;0
05;05;02;08;02;000;Multas y Sanciones Pecuniarias;10;0
05;05;02;08;99;000;Otros;10;0
05;05;02;09;00;000;APORTE FISCAL;5595838;0
05;05;02;09;01;000;Libre;5595838;0
05;05;02;15;00;000;SALDO INICIAL DE CAJA;10;0
05;05;02;24;00;000;TRANSFERENCIAS CORRIENTES;4345836;0
05;05;02;24;01;000;Al Sector Privado;2471321;0
05;05;02;24;01;030;Fondo Concursable Becas - Ley N°20.742;2471321;0
05;05;02;24;03;000;A Otras Entidades Públicas;1874515;0
05;05;02;24;03;026;Programa Academia Capacitación Municipal y Regional;1236659;0
05;05;02;24;03;602;Municipalidades (Programa de Modernización);637856;0
05;05;02;25;00;000;INTEGROS AL FISCO;20;0
05;05;02;25;99;000;Otros Integros al Fisco;20;0
05;05;02;33;00;000;TRANSFERENCIAS DE CAPITAL;1249992;0
05;05;02;33;03;000;A Otras Entidades Públicas;1249992;0
05;05;02;33;03;602;Municipalidades (Programa de Modernización);1249992;0
05;05;02;34;00;000;SERVICIO DE LA DEUDA;10;0
05;05;02;34;07;000;Deuda Flotante;10;0
05;05;02;35;00;000;SALDO FINAL DE CAJA;10;0
05;05;03;08;00;000;OTROS INGRESOS CORRIENTES;10;0
05;05;03;08;99;000;Otros;10;0
05;05;03;09;00;000;APORTE FISCAL;234211440;0
05;05;03;09;01;000;Libre;234211440;0
05;05;03;13;00;000;TRANSFERENCIAS PARA GASTOS DE CAPITAL;9875486;0
05;05;03;13;02;000;Del Gobierno Central;9875486;0
05;05;03;13;02;029;Servicio Nacional del Patrimonio Cultural, Programa 01;9875486;0
05;05;03;15;00;000;SALDO INICIAL DE CAJA;10;0
05;05;03;24;00;000;TRANSFERENCIAS CORRIENTES;92617381;0
05;05;03;24;03;000;A Otras Entidades Públicas;92588091;0
05;05;03;24;03;403;Municipalidades (Compensación por Predios Exentos);79461973;0
05;05;03;24;03;406;Programa de Tenencia Responsable de Animales de Compañía;514400;0
05;05;03;24;03;410;Pensiones Cuenca del Carbón - Ley 19.129 de 1992;12611718;0
05;05;03;24;09;000;A Unidades o Programas del Servicio;29290;0
05;05;03;24;09;409;Oficina Revitalización de Barrios e Infraestructura Patrimonial;29290;0
05;05;03;25;00;000;INTEGROS AL FISCO;10;0
05;05;03;25;99;000;Otros Integros al Fisco;10;0
05;05;03;32;00;000;PRÉSTAMOS;7559180;0
05;05;03;32;04;000;De Fomento;7559180;0
05;05;03;32;04;002;Municipalidades;7559180;0
05;05;03;33;00;000;TRANSFERENCIAS DE CAPITAL;143910355;0
05;05;03;33;03;000;A Otras Entidades Públicas;143910355;0
05;05;03;33;03;005;Municipalidades (Programa de Mejoramiento Urbano y Equipamiento Comunal);59375050;0
05;05;03;33;03;006;Municipalidades (Programa Mejoramiento de Barrios);46101553;0
05;05;03;33;03;100;Municipalidades (Fondo Recuperación de Ciudades);9425169;0
05;05;03;33;03;110;Municipalidades (Fondo de Incentivo al Mejoramiento de la Gestión Municipal);18047007;0
05;05;03;33;03;111;Municipalidades (Programa Revitalización de Barrios e Infraestructura Patrimonial Emblemática);9875486;0
05;05;03;33;03;112;Municipalidades (Programa Recuperación Espacios de Alto Valor Social);1086090;0
05;05;03;34;00;000;SERVICIO DE LA DEUDA;10;0
05;05;03;34;07;000;Deuda Flotante;10;0
05;05;03;35;00;000;SALDO FINAL DE CAJA;10;0
05;07;01;05;00;000;TRANSFERENCIAS CORRIENTES;10;0
05;07;01;05;02;000;Del Gobierno Central;10;0
05;07;01;05;02;201;Recuperación de Licencias Médicas - FONASA;10;0
05;07;01;08;00;000;OTROS INGRESOS CORRIENTES;67396;0
05;07;01;08;01;000;Recuperaciones y Reembolsos por Licencias Médicas;65877;0
05;07;01;08;99;000;Otros;1519;0
05;07;01;09;00;000;APORTE FISCAL;11144958;0
05;07;01;09;01;000;Libre;11144958;0
05;07;01;15;00;000;SALDO INICIAL DE CAJA;10;0
05;07;01;21;00;000;GASTOS EN PERSONAL;9509425;0
05;07;01;22;00;000;BIENES Y SERVICIOS DE CONSUMO;1380686;0
05;07;01;25;00;000;INTEGROS AL FISCO;67353;0
05;07;01;25;99;000;Otros Integros al Fisco;67353;0
05;07;01;29;00;000;ADQUISICIÓN DE ACTIVOS NO FINANCIEROS;254890;0
05;07;01;29;04;000;Mobiliario y Otros;12855;0
05;07;01;29;05;000;Máquinas y Equipos;14837;0
05;07;01;29;06;000;Equipos Informáticos;38000;0
05;07;01;29;07;000;Programas Informáticos;189198;0
05;07;01;34;00;000;SERVICIO DE LA DEUDA;10;0
05;07;01;34;07;000;Deuda Flotante;10;0
05;07;01;35;00;000;SALDO FINAL DE CAJA;10;0
05;09;01;05;00;000;TRANSFERENCIAS CORRIENTES;10;0
05;09;01;05;02;000;Del Gobierno Central;10;0
05;09;01;05;02;201;Recuperación de Licencias Médicas - FONASA;10;0
05;09;01;08;00;000;OTROS INGRESOS CORRIENTES;5374094;0
05;09;01;08;01;000;Recuperaciones y Reembolsos por Licencias Médicas;10;0
05;09;01;08;02;000;Multas y Sanciones Pecuniarias;10;0
05;09;01;08;99;000;Otros;5374074;0
05;09;01;09;00;000;APORTE FISCAL;91828449;0
05;09;01;09;01;000;Libre;91828449;0
05;09;01;15;00;000;SALDO INICIAL DE CAJA;10;0
05;09;01;21;00;000;GASTOS EN PERSONAL;14241104;0
05;09;01;22;00;000;BIENES Y SERVICIOS DE CONSUMO;3449185;0
05;09;01;24;00;000;TRANSFERENCIAS CORRIENTES;79486777;0
05;09;01;24;03;000;A Otras Entidades Públicas;39915287;0
05;09;01;24;03;001;Programa de Tratamiento y Rehabilitación;24670997;0
05;09;01;24;03;003;Programa de Prevención;15244290;0
05;09;01;24;08;000;A Instituciones Privadas Ejecutoras de Políticas Públicas;37458754;0
05;09;01;24;08;001;Programa de Tratamiento y Rehabilitación;37458754;0
05;09;01;24;09;000;A Unidades o Programas del Servicio;2112736;0
05;09;01;24;09;002;Programa de Capacitación;471411;0
05;09;01;24;09;004;Programa Tolerancia Cero;1641325;0
05;09;01;25;00;000;INTEGROS AL FISCO;10;0
05;09;01;25;99;000;Otros Integros al Fisco;10;0
05;09;01;26;00;000;OTROS GASTOS CORRIENTES;10;0
05;09;01;26;01;000;Devoluciones;10;0
05;09;01;29;00;000;ADQUISICIÓN DE ACTIVOS NO FINANCIEROS;25457;0
05;09;01;29;07;000;Programas Informáticos;25457;0
05;09;01;34;00;000;SERVICIO DE LA DEUDA;10;0
05;09;01;34;07;000;Deuda Flotante;10;0
05;09;01;35;00;000;SALDO FINAL DE CAJA;10;0
05;10;01;05;00;000;TRANSFERENCIAS CORRIENTES;10;0
05;10;01;05;02;000;Del Gobierno Central;10;0
05;10;01;05;02;201;Recuperación de Licencias Médicas - FONASA;10;0
05;10;01;07;00;000;INGRESOS DE OPERACIÓN;5042334;0
05;10;01;07;02;000;Venta de Servicios;5042334;0
05;10;01;08;00;000;OTROS INGRESOS CORRIENTES;364005;0
05;10;01;08;01;000;Recuperaciones y Reembolsos por Licencias Médicas;363995;0
05;10;01;08;99;000;Otros;10;0
05;10;01;09;00;000;APORTE FISCAL;65570287;0
05;10;01;09;01;000;Libre;65570287;0
05;10;01;15;00;000;SALDO INICIAL DE CAJA;10;0
05;10;01;21;00;000;GASTOS EN PERSONAL;17459903;0
05;10;01;22;00;000;BIENES Y SERVICIOS DE CONSUMO;2049759;0
05;10;01;23;00;000;PRESTACIONES DE SEGURIDAD SOCIAL;10;0
05;10;01;23;03;000;Prestaciones Sociales del Empleador;10;0
05;10;01;24;00;000;TRANSFERENCIAS CORRIENTES;50578580;0
05;10;01;24;01;000;Al Sector Privado;2616872;0
05;10;01;24;01;002;Asistencia Social (ORASMI);2616872;0
05;10;01;24;02;000;Al Gobierno Central;10;0
05;10;01;24;02;001;SENAPRED - Emergencias;10;0
05;10;01;24;03;000;A Otras Entidades Públicas;47388692;0
05;10;01;24;03;002;Para Atender Situaciones de Emergencia;41137688;0
05;10;01;24;03;066;Programa de Violencia Rural;6251004;0
05;10;01;24;09;000;A Unidades o Programas del Servicio;573006;0
05;10;01;24;09;041;Programa Diario Oficial;573006;0
05;10;01;25;00;000;INTEGROS AL FISCO;697841;0
05;10;01;25;01;000;Impuestos;333836;0
05;10;01;25;99;000;Otros Integros al Fisco;364005;0
05;10;01;29;00;000;ADQUISICIÓN DE ACTIVOS NO FINANCIEROS;190523;0
05;10;01;29;07;000;Programas Informáticos;190523;0
05;10;01;33;00;000;TRANSFERENCIAS DE CAPITAL;10;0
05;10;01;33;03;000;A Otras Entidades Públicas;10;0
05;10;01;33;03;001;Para Atender Situaciones de Emergencia;10;0
05;10;01;34;00;000;SERVICIO DE LA DEUDA;10;0
05;10;01;34;07;000;Deuda Flotante;10;0
05;10;01;35;00;000;SALDO FINAL DE CAJA;10;0
05;10;02;08;00;000;OTROS INGRESOS CORRIENTES;10;0
05;10;02;08;99;000;Otros;10;0
05;10;02;09;00;000;APORTE FISCAL;5220504;0
05;10;02;09;01;000;Libre;5220504;0
05;10;02;15;00;000;SALDO INICIAL DE CAJA;10;0
05;10;02;21;00;000;GASTOS EN PERSONAL;1197647;0
05;10;02;22;00;000;BIENES Y SERVICIOS DE CONSUMO;3635420;0
05;10;02;25;00;000;INTEGROS AL FISCO;10;0
05;10;02;25;99;000;Otros Integros al Fisco;10;0
05;10;02;29;00;000;ADQUISICIÓN DE ACTIVOS NO FINANCIEROS;387427;0
05;10;02;29;07;000;Programas Informáticos;387427;0
05;10;02;34;00;000;SERVICIO DE LA DEUDA;10;0
05;10;02;34;07;000;Deuda Flotante;10;0
05;10;02;35;00;000;SALDO FINAL DE CAJA;10;0
05;10;03;09;00;000;APORTE FISCAL;2340803;0
05;10;03;09;01;000;Libre;2340803;0
05;10;03;15;00;000;SALDO INICIAL DE CAJA;20;0
05;10;03;24;00;000;TRANSFERENCIAS CORRIENTES;548169;0
05;10;03;24;01;000;Al Sector Privado;548169;0
05;10;03;24;01;997;Fondo Social;548169;0
05;10;03;33;00;000;TRANSFERENCIAS DE CAPITAL;1792634;0
05;10;03;33;01;000;Al Sector Privado;1792634;0
05;10;03;33;01;995;Fondo Social;1792634;0
05;10;03;34;00;000;SERVICIO DE LA DEUDA;10;0
05;10;03;34;07;000;Deuda Flotante;10;0
05;10;03;35;00;000;SALDO FINAL DE CAJA;10;0
05;10;04;09;00;000;APORTE FISCAL;61369020;0
05;10;04;09;01;000;Libre;61369020;0
05;10;04;15;00;000;SALDO INICIAL DE CAJA;20;0
05;10;04;24;00;000;TRANSFERENCIAS CORRIENTES;40697988;0
05;10;04;24;01;000;Al Sector Privado;40697988;0
05;10;04;24;01;024;Gastos de Operación de Cuerpo de Bomberos;29735726;0
05;10;04;24;01;026;Funcionamiento de la Junta Nacional y Organismos Dependientes;6357760;0
05;10;04;24;01;027;Capacitación de Bomberos de Chile;4244422;0
05;10;04;24;01;028;Gastos Sistema Nacional de Operaciones (SNO);360080;0
05;10;04;33;00;000;TRANSFERENCIAS DE CAPITAL;20671032;0
05;10;04;33;01;000;Al Sector Privado;20671032;0
05;10;04;33;01;001;Inversiones de Cuerpos de Bomberos;5279284;0
05;10;04;33;01;002;Importaciones y Compromisos en Moneda Extranjera para Cuerpos de Bomberos;9016817;0
05;10;04;33;01;003;Adquisiciones y Compromisos en Moneda Nacional para Cuerpos de Bomberos;6374931;0
05;10;04;34;00;000;SERVICIO DE LA DEUDA;10;0
05;10;04;34;07;000;Deuda Flotante;10;0
05;10;04;35;00;000;SALDO FINAL DE CAJA;10;0
05;10;07;09;00;000;APORTE FISCAL;2199674;0
05;10;07;09;01;000;Libre;2199674;0
05;10;07;15;00;000;SALDO INICIAL DE CAJA;10;0
05;10;07;21;00;000;GASTOS EN PERSONAL;278131;0
05;10;07;24;00;000;TRANSFERENCIAS CORRIENTES;1921533;0
05;10;07;24;09;000;A Unidades o Programas del Servicio;1921533;0
05;10;07;24;09;042;Plan Buen Vivir;1082191;0
05;10;07;24;09;044;Unidad de Coordinación de Asuntos Indígenas;839342;0
05;10;07;34;00;000;SERVICIO DE LA DEUDA;10;0
05;10;07;34;07;000;Deuda Flotante;10;0
05;10;07;35;00;000;SALDO FINAL DE CAJA;10;0
05;35;01;05;00;000;TRANSFERENCIAS CORRIENTES;10;0
05;35;01;05;02;000;Del Gobierno Central;10;0
05;35;01;05;02;201;Recuperación de Licencias Médicas - FONASA;10;0
05;35;01;07;00;000;INGRESOS DE OPERACIÓN;13784033;0
05;35;01;07;02;000;Venta de Servicios;13784033;0
05;35;01;08;00;000;OTROS INGRESOS CORRIENTES;9721857;0
05;35;01;08;01;000;Recuperaciones y Reembolsos por Licencias Médicas;20;0
05;35;01;08;02;000;Multas y Sanciones Pecuniarias;9721837;0
05;35;01;09;00;000;APORTE FISCAL;11935440;0
05;35;01;09;01;000;Libre;11935440;0
05;35;01;15;00;000;SALDO INICIAL DE CAJA;10;0
05;35;01;21;00;000;GASTOS EN PERSONAL;18631065;0
05;35;01;22;00;000;BIENES Y SERVICIOS DE CONSUMO;16510064;0
05;35;01;25;00;000;INTEGROS AL FISCO;20;0
05;35;01;25;99;000;Otros Integros al Fisco;20;0
05;35;01;26;00;000;OTROS GASTOS CORRIENTES;20;0
05;35;01;26;01;000;Devoluciones;10;0
05;35;01;26;02;000;Compensaciones por Daños a Terceros y/o a la Propiedad;10;0
05;35;01;29;00;000;ADQUISICIÓN DE ACTIVOS NO FINANCIEROS;300161;0
05;35;01;29;04;000;Mobiliario y Otros;25691;0
05;35;01;29;05;000;Máquinas y Equipos;12846;0
05;35;01;29;06;000;Equipos Informáticos;30864;0
05;35;01;29;07;000;Programas Informáticos;230760;0
05;35;01;34;00;000;SERVICIO DE LA DEUDA;10;0
05;35;01;34;07;000;Deuda Flotante;10;0
05;35;01;35;00;000;SALDO FINAL DE CAJA;10;0
06;01;01;05;00;000;TRANSFERENCIAS CORRIENTES;2021120;0
06;01;01;05;02;000;Del Gobierno Central;2021120;0
06;01;01;05;02;005;Secretaría y Administración General de Hacienda (Programa 01);556328;0
06;01;01;05;02;007;Subsecretaría de las Culturas y las Artes;1464782;0
06;01;01;05;02;201;Recuperación de Licencias Médicas - FONASA;10;0
06;01;01;07;00;000;INGRESOS DE OPERACIÓN;641070;0
06;01;01;07;02;000;Venta de Servicios;641070;0
06;01;01;08;00;000;OTROS INGRESOS CORRIENTES;30;438
06;01;01;08;01;000;Recuperaciones y Reembolsos por Licencias Médicas;10;0
06;01;01;08;02;000;Multas y Sanciones Pecuniarias;10;1
06;01;01;08;99;000;Otros;10;437
06;01;01;09;00;000;APORTE FISCAL;46349663;184105
06;01;01;09;01;000;Libre;46349663;184105
06;01;01;10;00;000;VENTA DE ACTIVOS NO FINANCIEROS;0;10
06;01;01;10;03;000;Vehículos;0;10
06;01;01;11;00;000;VENTA DE ACTIVOS FINANCIEROS;-2021110;2221
06;01;01;11;03;000;Operaciones de Cambio;-2021110;2221
06;01;01;12;00;000;RECUPERACIÓN DE PRÉSTAMOS;10;0
06;01;01;12;10;000;Ingresos por Percibir;10;0
06;01;01;15;00;000;SALDO INICIAL DE CAJA;10;1
06;01;01;21;00;000;GASTOS EN PERSONAL;35140604;88192
06;01;01;22;00;000;BIENES Y SERVICIOS DE CONSUMO;6971777;44340
06;01;01;23;00;000;PRESTACIONES DE SEGURIDAD SOCIAL;10;310
06;01;01;23;01;000;Prestaciones Previsionales;0;10
06;01;01;23;03;000;Prestaciones Sociales del Empleador;10;300
06;01;01;24;00;000;TRANSFERENCIAS CORRIENTES;549030;51583
06;01;01;24;01;000;Al Sector Privado;0;203
06;01;01;24;01;003;Comunidades de Chilenos en el Exterior;0;33
06;01;01;24;01;004;Consejo Chile - California;0;114
06;01;01;24;01;008;Consejo Chile - Massachusetts;0;56
06;01;01;24;03;000;A Otras Entidades Públicas;10;0
06;01;01;24;03;009;Política Exterior y Relaciones Internacionales;10;0
06;01;01;24;07;000;A Organismos Internacionales;0;47450
06;01;01;24;07;001;Cuotas a Organismos Internacionales_RR.EE;0;22912
06;01;01;24;07;002;Cuotas a Organismos Internacionales_Otros Ministerios;0;24538
06;01;01;24;08;000;A Instituciones Privadas Ejecutoras de Políticas Públicas;92565;0
06;01;01;24;08;009;Política Exterior y Relaciones Internacionales;92565;0
06;01;01;24;09;000;A Unidades o Programas del Servicio;456455;3930
06;01;01;24;09;037;Programa de Actividades Específicas en el Exterior;0;400
06;01;01;24;09;038;Programa Académico en Relaciones Internacionales;156644;0
06;01;01;24;09;039;Programa de Reuniones Internacionales;184105;0
06;01;01;24;09;561;Unidad de Procesos Internacionales;0;1584
06;01;01;24;09;597;Integración Vecinal con Zonas Fronterizas;26517;0
06;01;01;24;09;609;Inserción Internacional de las Regiones;41545;0
06;01;01;24;09;614;Programa Posicionamiento de Chile en Asociaciones Estratégicas con Países Afines;0;13
06;01;01;24;09;617;Programa Oficina de Desarrollo Organizacional;47644;0
06;01;01;24;09;619;Modernización de la Gestión Consular;0;214
06;01;01;24;09;625;Acercamientos Políticos y Estratégicos;0;29
06;01;01;24;09;627;Programa de Fortalecimiento de la Política Consular y Migratoria;0;80
06;01;01;24;09;629;Establecimiento y Desarrollo de Política Cultural con Visión Global al Exterior;0;1610
06;01;01;25;00;000;INTEGROS AL FISCO;10;0
06;01;01;25;99;000;Otros Integros al Fisco;10;0
06;01;01;26;00;000;OTROS GASTOS CORRIENTES;0;110
06;01;01;26;02;000;Compensaciones por Daños a Terceros y/o a la Propiedad;0;110
06;01;01;29;00;000;ADQUISICIÓN DE ACTIVOS NO FINANCIEROS;3992162;1772
06;01;01;29;02;000;Edificios;3954510;0
06;01;01;29;03;000;Vehículos;37652;146
06;01;01;29;04;000;Mobiliario y Otros;0;45
06;01;01;29;05;000;Máquinas y Equipos;0;100
06;01;01;29;06;000;Equipos Informáticos;0;527
06;01;01;29;07;000;Programas Informáticos;0;846
06;01;01;29;99;000;Otros Activos no Financieros;0;108
06;01;01;31;00;000;INICIATIVAS DE INVERSIÓN;337180;467
06;01;01;31;02;000;Proyectos;337180;467
06;01;01;34;00;000;SERVICIO DE LA DEUDA;10;0
06;01;01;34;07;000;Deuda Flotante;10;0
06;01;01;35;00;000;SALDO FINAL DE CAJA;10;1
06;03;01;05;00;000;TRANSFERENCIAS CORRIENTES;10;0
06;03;01;05;02;000;Del Gobierno Central;10;0
06;03;01;05;02;201;Recuperación de Licencias Médicas - FONASA;10;0
06;03;01;08;00;000;OTROS INGRESOS CORRIENTES;30;0
06;03;01;08;01;000;Recuperaciones y Reembolsos por Licencias Médicas;10;0
06;03;01;08;02;000;Multas y Sanciones Pecuniarias;10;0
06;03;01;08;99;000;Otros;10;0
06;03;01;09;00;000;APORTE FISCAL;6402447;0
06;03;01;09;01;000;Libre;6402447;0
06;03;01;12;00;000;RECUPERACIÓN DE PRÉSTAMOS;10;0
06;03;01;12;10;000;Ingresos por Percibir;10;0
06;03;01;15;00;000;SALDO INICIAL DE CAJA;10;0
06;03;01;21;00;000;GASTOS EN PERSONAL;3707485;0
06;03;01;22;00;000;BIENES Y SERVICIOS DE CONSUMO;378308;0
06;03;01;23;00;000;PRESTACIONES DE SEGURIDAD SOCIAL;10;0
06;03;01;23;03;000;Prestaciones Sociales del Empleador;10;0
06;03;01;24;00;000;TRANSFERENCIAS CORRIENTES;2231369;0
06;03;01;24;09;000;A Unidades o Programas del Servicio;2231369;0
06;03;01;24;09;045;Programas Especiales de Fronteras y Límites;2231369;0
06;03;01;25;00;000;INTEGROS AL FISCO;10;0
06;03;01;25;99;000;Otros Integros al Fisco;10;0
06;03;01;29;00;000;ADQUISICIÓN DE ACTIVOS NO FINANCIEROS;85305;0
06;03;01;29;06;000;Equipos Informáticos;10288;0
06;03;01;29;07;000;Programas Informáticos;75017;0
06;03;01;34;00;000;SERVICIO DE LA DEUDA;10;0
06;03;01;34;07;000;Deuda Flotante;10;0
06;03;01;35;00;000;SALDO FINAL DE CAJA;10;0
06;04;01;05;00;000;TRANSFERENCIAS CORRIENTES;617290;0
06;04;01;05;02;000;Del Gobierno Central;617290;0
06;04;01;05;02;019;Subsecretaría de Ciencia, Tecnología, Conocimiento e Innovación;617280;0
06;04;01;05;02;201;Recuperación de Licencias Médicas - FONASA;10;0
06;04;01;08;00;000;OTROS INGRESOS CORRIENTES;30;0
06;04;01;08;01;000;Recuperaciones y Reembolsos por Licencias Médicas;10;0
06;04;01;08;02;000;Multas y Sanciones Pecuniarias;10;0
06;04;01;08;99;000;Otros;10;0
06;04;01;09;00;000;APORTE FISCAL;7635766;0
06;04;01;09;01;000;Libre;7635766;0
06;04;01;12;00;000;RECUPERACIÓN DE PRÉSTAMOS;10;0
06;04;01;12;10;000;Ingresos por Percibir;10;0
06;04;01;15;00;000;SALDO INICIAL DE CAJA;10;0
06;04;01;21;00;000;GASTOS EN PERSONAL;3936208;0
06;04;01;22;00;000;BIENES Y SERVICIOS DE CONSUMO;352342;0
06;04;01;23;00;000;PRESTACIONES DE SEGURIDAD SOCIAL;10;0
06;04;01;23;03;000;Prestaciones Sociales del Empleador;10;0
06;04;01;24;00;000;TRANSFERENCIAS CORRIENTES;3388273;0
06;04;01;24;03;000;A Otras Entidades Públicas;21;0
06;04;01;24;03;040;Desarrollo de la Ciencia Antártica Concursable y Tesis Antárticas;21;0
06;04;01;24;08;000;A Instituciones Privadas Ejecutoras de Políticas Públicas;548495;0
06;04;01;24;08;040;Desarrollo de la Ciencia Antártica Concursable y Tesis Antárticas;548495;0
06;04;01;24;09;000;A Unidades o Programas del Servicio;2839757;0
06;04;01;24;09;044;Feria Antártica Escolar;68764;0
06;04;01;24;09;046;Plataforma Logística para Apoyo de Actividades Antárticas;1975004;0
06;04;01;24;09;049;Aligamiento Científico Internacional;25720;0
06;04;01;24;09;050;Plataformas Científicas Antárticas;85461;0
06;04;01;24;09;052;Áreas Marinas Protegidas;74228;0
06;04;01;24;09;058;Sensores Latitudinales;610580;0
06;04;01;25;00;000;INTEGROS AL FISCO;10;0
06;04;01;25;99;000;Otros Integros al Fisco;10;0
06;04;01;29;00;000;ADQUISICIÓN DE ACTIVOS NO FINANCIEROS;85328;0
06;04;01;29;06;000;Equipos Informáticos;12013;0
06;04;01;29;07;000;Programas Informáticos;73315;0
06;04;01;31;00;000;INICIATIVAS DE INVERSIÓN;490915;0
06;04;01;31;02;000;Proyectos;490915;0
06;04;01;34;00;000;SERVICIO DE LA DEUDA;10;0
06;04;01;34;07;000;Deuda Flotante;10;0
06;04;01;35;00;000;SALDO FINAL DE CAJA;10;0
06;05;01;05;00;000;TRANSFERENCIAS CORRIENTES;10;0
06;05;01;05;02;000;Del Gobierno Central;10;0
06;05;01;05;02;201;Recuperación de Licencias Médicas - FONASA;10;0
06;05;01;08;00;000;OTROS INGRESOS CORRIENTES;20;0
06;05;01;08;01;000;Recuperaciones y Reembolsos por Licencias Médicas;5;0
06;05;01;08;02;000;Multas y Sanciones Pecuniarias;10;0
06;05;01;08;99;000;Otros;5;0
06;05;01;09;00;000;APORTE FISCAL;8713359;0
06;05;01;09;01;000;Libre;8713359;0
06;05;01;12;00;000;RECUPERACIÓN DE PRÉSTAMOS;10;0
06;05;01;12;10;000;Ingresos por Percibir;10;0
06;05;01;15;00;000;SALDO INICIAL DE CAJA;10;0
06;05;01;21;00;000;GASTOS EN PERSONAL;4645219;0
06;05;01;22;00;000;BIENES Y SERVICIOS DE CONSUMO;210532;0
06;05;01;23;00;000;PRESTACIONES DE SEGURIDAD SOCIAL;10;0
06;05;01;23;03;000;Prestaciones Sociales del Empleador;10;0
06;05;01;24;00;000;TRANSFERENCIAS CORRIENTES;3804031;0
06;05;01;24;03;000;A Otras Entidades Públicas;3804031;0
06;05;01;24;03;548;Cooperación Sur-Sur;3804031;0
06;05;01;25;00;000;INTEGROS AL FISCO;10;0
06;05;01;25;99;000;Otros Integros al Fisco;10;0
06;05;01;29;00;000;ADQUISICIÓN DE ACTIVOS NO FINANCIEROS;53587;0
06;05;01;29;04;000;Mobiliario y Otros;432;0
06;05;01;29;07;000;Programas Informáticos;53155;0
06;05;01;34;00;000;SERVICIO DE LA DEUDA;10;0
06;05;01;34;07;000;Deuda Flotante;10;0
06;05;01;35;00;000;SALDO FINAL DE CAJA;10;0
06;06;01;05;00;000;TRANSFERENCIAS CORRIENTES;10;0
06;06;01;05;02;000;Del Gobierno Central;10;0
06;06;01;05;02;201;Recuperación de Licencias Médicas - FONASA;10;0
06;06;01;08;00;000;OTROS INGRESOS CORRIENTES;30;1
06;06;01;08;01;000;Recuperaciones y Reembolsos por Licencias Médicas;10;0
06;06;01;08;02;000;Multas y Sanciones Pecuniarias;10;0
06;06;01;08;99;000;Otros;10;1
06;06;01;09;00;000;APORTE FISCAL;12312633;3195
06;06;01;09;01;000;Libre;12312633;3195
06;06;01;12;00;000;RECUPERACIÓN DE PRÉSTAMOS;10;0
06;06;01;12;10;000;Ingresos por Percibir;10;0
06;06;01;15;00;000;SALDO INICIAL DE CAJA;10;1
06;06;01;21;00;000;GASTOS EN PERSONAL;11183791;1034
06;06;01;22;00;000;BIENES Y SERVICIOS DE CONSUMO;908620;553
06;06;01;23;00;000;PRESTACIONES DE SEGURIDAD SOCIAL;10;0
06;06;01;23;03;000;Prestaciones Sociales del Empleador;10;0
06;06;01;24;00;000;TRANSFERENCIAS CORRIENTES;128991;1300
06;06;01;24;01;000;Al Sector Privado;0;150
06;06;01;24;01;065;Fundación Chilena del Pacifico;0;150
06;06;01;24;07;000;A Organismos Internacionales;0;24
06;06;01;24;07;001;Cooperación Técnica a Organismos Internacionales;0;24
06;06;01;24;09;000;A Unidades o Programas del Servicio;128991;1126
06;06;01;24;09;554;Negociaciones y Administración de Acuerdos;128991;1071
06;06;01;24;09;557;Defensa Comercial;0;55
06;06;01;25;00;000;INTEGROS AL FISCO;10;1
06;06;01;25;99;000;Otros Integros al Fisco;10;1
06;06;01;29;00;000;ADQUISICIÓN DE ACTIVOS NO FINANCIEROS;91251;308
06;06;01;29;03;000;Vehículos;32680;0
06;06;01;29;04;000;Mobiliario y Otros;4115;0
06;06;01;29;06;000;Equipos Informáticos;0;77
06;06;01;29;07;000;Programas Informáticos;54456;231
06;06;01;34;00;000;SERVICIO DE LA DEUDA;10;0
06;06;01;34;07;000;Deuda Flotante;10;0
06;06;01;35;00;000;SALDO FINAL DE CAJA;10;1
06;07;01;05;00;000;TRANSFERENCIAS CORRIENTES;10262032;0
06;07;01;05;02;000;Del Gobierno Central;10262032;0
06;07;01;05;02;001;Subsecretaría de Agricultura;7409614;0
06;07;01;05;02;005;Agencia de Promoción de la Inversión Extranjera;650169;0
06;07;01;05;02;009;Fondos Culturales y Artísticos – Feria del Libro de Frankfurt 2027;2202249;0
06;07;01;07;00;000;INGRESOS DE OPERACIÓN;718186;0
06;07;01;07;02;000;Venta de Servicios;718186;0
06;07;01;08;00;000;OTROS INGRESOS CORRIENTES;30;1
06;07;01;08;01;000;Recuperaciones y Reembolsos por Licencias Médicas;10;0
06;07;01;08;02;000;Multas y Sanciones Pecuniarias;10;0
06;07;01;08;99;000;Otros;10;1
06;07;01;09;00;000;APORTE FISCAL;24329194;17146
06;07;01;09;01;000;Libre;24329194;17146
06;07;01;11;00;000;VENTA DE ACTIVOS FINANCIEROS;-6730360;7396
06;07;01;11;03;000;Operaciones de Cambio;-6730360;7396
06;07;01;12;00;000;RECUPERACIÓN DE PRÉSTAMOS;10;0
06;07;01;12;10;000;Ingresos por Percibir;10;0
06;07;01;15;00;000;SALDO INICIAL DE CAJA;10;1
06;07;01;21;00;000;GASTOS EN PERSONAL;18826347;12857
06;07;01;22;00;000;BIENES Y SERVICIOS DE CONSUMO;1744141;2300
06;07;01;23;00;000;PRESTACIONES DE SEGURIDAD SOCIAL;10;0
06;07;01;23;03;000;Prestaciones Sociales del Empleador;10;0
06;07;01;24;00;000;TRANSFERENCIAS CORRIENTES;7889004;8076
06;07;01;24;01;000;Al Sector Privado;1797246;0
06;07;01;24;01;003;Fundación Imagen de Chile;1797246;0
06;07;01;24;03;000;A Otras Entidades Públicas;5373143;7958
06;07;01;24;03;003;Promoción de Exportaciones Agricultura;2438642;2219
06;07;01;24;03;004;Exportación de Servicios Hacienda;166836;0
06;07;01;24;03;006;Promoción de Exportaciones PROCHILE;2168654;5109
06;07;01;24;03;007;Pymes Estrategias Sectoriales;599011;630
06;07;01;24;09;000;A Unidades o Programas del Servicio;718615;118
06;07;01;24;09;002;Estrategia de Fomento y Promoción de la Inversión Extranjera;429;118
06;07;01;24;09;554;Certificación de Origen;718186;0
06;07;01;25;00;000;INTEGROS AL FISCO;10;0
06;07;01;25;99;000;Otros Integros al Fisco;10;0
06;07;01;29;00;000;ADQUISICIÓN DE ACTIVOS NO FINANCIEROS;119570;1310
06;07;01;29;04;000;Mobiliario y Otros;514;2
06;07;01;29;06;000;Equipos Informáticos;0;11
06;07;01;29;07;000;Programas Informáticos;119056;1297
06;07;01;34;00;000;SERVICIO DE LA DEUDA;10;0
06;07;01;34;07;000;Deuda Flotante;10;0
06;07;01;35;00;000;SALDO FINAL DE CAJA;10;1
07;01;01;05;00;000;TRANSFERENCIAS CORRIENTES;25084651;0
07;01;01;05;02;000;Del Gobierno Central;25084651;0
07;01;01;05;02;001;Subsecretaría de Pesca y Acuicultura;21893624;0
07;01;01;05;02;014;Corporación de Fomento de la Producción;3191017;0
07;01;01;05;02;201;Recuperación de Licencias Médicas - FONASA;10;0
07;01;01;07;00;000;INGRESOS DE OPERACIÓN;1234560;0
07;01;01;08;00;000;OTROS INGRESOS CORRIENTES;477192;0
07;01;01;08;01;000;Recuperaciones y Reembolsos por Licencias Médicas;477182;0
07;01;01;08;99;000;Otros;10;0
07;01;01;09;00;000;APORTE FISCAL;19710279;0
07;01;01;09;01;000;Libre;18423118;0
07;01;01;09;02;000;Servicio de la Deuda Interna;1287161;0
07;01;01;15;00;000;SALDO INICIAL DE CAJA;10;0
07;01;01;21;00;000;GASTOS EN PERSONAL;12663284;0
07;01;01;22;00;000;BIENES Y SERVICIOS DE CONSUMO;2521747;0
07;01;01;24;00;000;TRANSFERENCIAS CORRIENTES;29552144;0
07;01;01;24;01;000;Al Sector Privado;23779886;0
07;01;01;24;01;008;Instituto Nacional de Normalización;385248;0
07;01;01;24;01;009;Instituto de Fomento Pesquero;22981060;0
07;01;01;24;01;012;ITREND - Instituto para la Resiliencia ante Desastres;413578;0
07;01;01;24;02;000;Al Gobierno Central;1870601;0
07;01;01;24;02;004;Instituto Nacional de Estadísticas;606069;0
07;01;01;24;02;039;Fondo de Innovación, Ciencia y Tecnología;1264532;0
07;01;01;24;03;000;A Otras Entidades Públicas;2696264;0
07;01;01;24;03;472;Tribunal Arbitral de Propiedad Industrial;588797;0
07;01;01;24;03;625;Agencia Protección de Datos Personales, Ley N° 21.719;2107467;0
07;01;01;24;09;000;A Unidades o Programas del Servicio;1205393;0
07;01;01;24;09;413;Pyme Ágil;249516;0
07;01;01;24;09;613;Oficina de Competencia y Mejora Regulatoria;370284;0
07;01;01;24;09;618;Observatorio de Datos Económicos;218053;0
07;01;01;24;09;624;Secretaría Ejecutiva Desarrollo Productivo Sostenible;367540;0
07;01;01;25;00;000;INTEGROS AL FISCO;477192;0
07;01;01;25;99;000;Otros Integros al Fisco;477192;0
07;01;01;29;00;000;ADQUISICIÓN DE ACTIVOS NO FINANCIEROS;5144;0
07;01;01;29;05;000;Máquinas y Equipos;5144;0
07;01;01;34;00;000;SERVICIO DE LA DEUDA;1287171;0
07;01;01;34;01;000;Amortización Deuda Interna;1281628;0
07;01;01;34;03;000;Intereses Deuda Interna;5533;0
07;01;01;34;07;000;Deuda Flotante;10;0
07;01;01;35;00;000;SALDO FINAL DE CAJA;10;0
07;01;07;05;00;000;TRANSFERENCIAS CORRIENTES;10;0
07;01;07;05;02;000;Del Gobierno Central;10;0
07;01;07;05;02;201;Recuperación de Licencias Médicas - FONASA;10;0
07;01;07;09;00;000;APORTE FISCAL;26269478;0
07;01;07;09;01;000;Libre;26269478;0
07;01;07;15;00;000;SALDO INICIAL DE CAJA;10;0
07;01;07;21;00;000;GASTOS EN PERSONAL;151174;0
07;01;07;24;00;000;TRANSFERENCIAS CORRIENTES;26118294;0
07;01;07;24;01;000;Al Sector Privado;974049;0
07;01;07;24;01;003;Instituto Nacional de Normalización;974049;0
07;01;07;24;02;000;Al Gobierno Central;25144245;0
07;01;07;24;02;020;Emprendimiento Start Up - CORFO;1651224;0
07;01;07;24;02;022;Emprendimiento Semilla Flexible - CORFO;1034677;0
07;01;07;24;02;023;Redes y Competitividad - CORFO;3898622;0
07;01;07;24;02;025;Innovación Empresarial - INNOVA;1500865;0
07;01;07;24;02;027;Crea y Valida Innovación - INNOVA;4819967;0
07;01;07;24;02;028;Escala Innovación - INNOVA;7266066;0
07;01;07;24;02;029;Programas y Consorcios Tecnológicos - CORFO;4878469;0
07;01;07;24;02;030;Comité CORFO INAC;94355;0
07;01;07;25;00;000;INTEGROS AL FISCO;10;0
07;01;07;25;99;000;Otros Integros al Fisco;10;0
07;01;07;34;00;000;SERVICIO DE LA DEUDA;10;0
07;01;07;34;07;000;Deuda Flotante;10;0
07;01;07;35;00;000;SALDO FINAL DE CAJA;10;0
07;01;14;05;00;000;TRANSFERENCIAS CORRIENTES;10;0
07;01;14;05;02;000;Del Gobierno Central;10;0
07;01;14;05;02;201;Recuperación de Licencias Médicas - FONASA;10;0
07;01;14;08;00;000;OTROS INGRESOS CORRIENTES;10;0
07;01;14;08;01;000;Recuperaciones y Reembolsos por Licencias Médicas;10;0
07;01;14;09;00;000;APORTE FISCAL;3393565;0
07;01;14;09;01;000;Libre;3393565;0
07;01;14;15;00;000;SALDO INICIAL DE CAJA;10;0
07;01;14;21;00;000;GASTOS EN PERSONAL;1782712;0
07;01;14;22;00;000;BIENES Y SERVICIOS DE CONSUMO;205502;0
07;01;14;24;00;000;TRANSFERENCIAS CORRIENTES;1112133;0
07;01;14;24;03;000;A Otras Entidades Públicas;1112133;0
07;01;14;24;03;623;Integración y reforzamiento de autorizaciones;1112133;0
07;01;14;25;00;000;INTEGROS AL FISCO;20;0
07;01;14;25;99;000;Otros Integros al Fisco;20;0
07;01;14;29;00;000;ADQUISICIÓN DE ACTIVOS NO FINANCIEROS;293208;0
07;01;14;29;07;000;Programas Informáticos;293208;0
07;01;14;34;00;000;SERVICIO DE LA DEUDA;10;0
07;01;14;34;07;000;Deuda Flotante;10;0
07;01;14;35;00;000;SALDO FINAL DE CAJA;10;0
07;02;01;05;00;000;TRANSFERENCIAS CORRIENTES;18833;0
07;02;01;05;02;000;Del Gobierno Central;18833;0
07;02;01;08;00;000;OTROS INGRESOS CORRIENTES;30;0
07;02;01;08;01;000;Recuperaciones y Reembolsos por Licencias Médicas;10;0
07;02;01;08;02;000;Multas y Sanciones Pecuniarias;10;0
07;02;01;08;99;000;Otros;10;0
07;02;01;09;00;000;APORTE FISCAL;19406525;0
07;02;01;09;01;000;Libre;19406525;0
07;02;01;15;00;000;SALDO INICIAL DE CAJA;10;0
07;02;01;21;00;000;GASTOS EN PERSONAL;15396042;0
07;02;01;22;00;000;BIENES Y SERVICIOS DE CONSUMO;3464138;0
07;02;01;23;00;000;PRESTACIONES DE SEGURIDAD SOCIAL;10;0
07;02;01;23;03;000;Prestaciones Sociales del Empleador;10;0
07;02;01;24;00;000;TRANSFERENCIAS CORRIENTES;389032;0
07;02;01;24;01;000;Al Sector Privado;314813;0
07;02;01;24;01;002;Fondo Concursable Aplicación Ley N°19.955;314813;0
07;02;01;24;02;000;Al Gobierno Central;74219;0
07;02;01;24;02;013;Secretaría y Administración General -Ministerio de Justicia y Derechos Humanos;74219;0
07;02;01;25;00;000;INTEGROS AL FISCO;40;0
07;02;01;25;99;000;Otros Integros al Fisco;40;0
07;02;01;29;00;000;ADQUISICIÓN DE ACTIVOS NO FINANCIEROS;176116;0
07;02;01;29;07;000;Programas Informáticos;176116;0
07;02;01;34;00;000;SERVICIO DE LA DEUDA;10;0
07;02;01;34;07;000;Deuda Flotante;10;0
07;02;01;35;00;000;SALDO FINAL DE CAJA;10;0
07;03;01;05;00;000;TRANSFERENCIAS CORRIENTES;10;0
07;03;01;05;02;000;Del Gobierno Central;10;0
07;03;01;05;02;201;Recuperación de Licencias Médicas - FONASA;10;0
07;03;01;08;00;000;OTROS INGRESOS CORRIENTES;6906763;0
07;03;01;08;01;000;Recuperaciones y Reembolsos por Licencias Médicas;49585;0
07;03;01;08;99;000;Otros;6857178;0
07;03;01;09;00;000;APORTE FISCAL;46008222;0
07;03;01;09;01;000;Libre;46008222;0
07;03;01;15;00;000;SALDO INICIAL DE CAJA;10;0
07;03;01;21;00;000;GASTOS EN PERSONAL;8562758;0
07;03;01;22;00;000;BIENES Y SERVICIOS DE CONSUMO;2377262;0
07;03;01;23;00;000;PRESTACIONES DE SEGURIDAD SOCIAL;10;0
07;03;01;23;03;000;Prestaciones Sociales del Empleador;10;0
07;03;01;24;00;000;TRANSFERENCIAS CORRIENTES;31737774;0
07;03;01;24;01;000;Al Sector Privado;7716483;0
07;03;01;24;01;085;IFOP - Apoyo Operacional Plataforma Científica;7604680;0
07;03;01;24;01;284;Cumplimiento Art. 173 del Decreto N° 430, de 1992, Ministerio de Economía, Fomento y Turismo;111803;0
07;03;01;24;02;000;Al Gobierno Central;21945101;0
07;03;01;24;02;012;Subsecretaría de Economia y Empresas de Menor Tamaño;21893624;0
07;03;01;24;02;013;Subsecretaria para las Fuerzas Armadas;51477;0
07;03;01;24;03;000;A Otras Entidades Públicas;63135;0
07;03;01;24;03;501;Comités Científicos Técnicos;63135;0
07;03;01;24;09;000;A Unidades o Programas del Servicio;2013055;0
07;03;01;24;09;054;Fondo de Investigación Pesquera;1653489;0
07;03;01;24;09;502;Apoyo Comités de Manejo;359566;0
07;03;01;25;00;000;INTEGROS AL FISCO;49595;0
07;03;01;25;99;000;Otros Integros al Fisco;49595;0
07;03;01;29;00;000;ADQUISICIÓN DE ACTIVOS NO FINANCIEROS;10187586;0
07;03;01;29;03;000;Vehículos;10000000;0
07;03;01;29;07;000;Programas Informáticos;187586;0
07;03;01;34;00;000;SERVICIO DE LA DEUDA;10;0
07;03;01;34;07;000;Deuda Flotante;10;0
07;03;01;35;00;000;SALDO FINAL DE CAJA;10;0
07;04;01;05;00;000;TRANSFERENCIAS CORRIENTES;10;0
07;04;01;05;02;000;Del Gobierno Central;10;0
07;04;01;05;02;201;Recuperación de Licencias Médicas - FONASA;10;0
07;04;01;07;00;000;INGRESOS DE OPERACIÓN;11817766;0
07;04;01;08;00;000;OTROS INGRESOS CORRIENTES;468769;0
07;04;01;08;01;000;Recuperaciones y Reembolsos por Licencias Médicas;452849;0
07;04;01;08;02;000;Multas y Sanciones Pecuniarias;15910;0
07;04;01;08;99;000;Otros;10;0
07;04;01;09;00;000;APORTE FISCAL;38656257;0
07;04;01;09;01;000;Libre;38656257;0
07;04;01;10;00;000;VENTA DE ACTIVOS NO FINANCIEROS;25267;0
07;04;01;10;03;000;Vehículos;25267;0
07;04;01;15;00;000;SALDO INICIAL DE CAJA;10;0
07;04;01;21;00;000;GASTOS EN PERSONAL;38656247;0
07;04;01;22;00;000;BIENES Y SERVICIOS DE CONSUMO;5802861;0
07;04;01;23;00;000;PRESTACIONES DE SEGURIDAD SOCIAL;10;0
07;04;01;23;03;000;Prestaciones Sociales del Empleador;10;0
07;04;01;24;00;000;TRANSFERENCIAS CORRIENTES;1577568;0
07;04;01;24;09;000;A Unidades o Programas del Servicio;1577568;0
07;04;01;24;09;004;Informes Ambientales, Artículo 122 bis Ley General de Pesca y Acuicultura.;1577568;0
07;04;01;25;00;000;INTEGROS AL FISCO;4488004;0
07;04;01;25;01;000;Impuestos;1792527;0
07;04;01;25;99;000;Otros Integros al Fisco;2695477;0
07;04;01;29;00;000;ADQUISICIÓN DE ACTIVOS NO FINANCIEROS;443369;0
07;04;01;29;04;000;Mobiliario y Otros;29592;0
07;04;01;29;05;000;Máquinas y Equipos;16436;0
07;04;01;29;07;000;Programas Informáticos;397341;0
07;04;01;34;00;000;SERVICIO DE LA DEUDA;10;0
07;04;01;34;07;000;Deuda Flotante;10;0
07;04;01;35;00;000;SALDO FINAL DE CAJA;10;0
07;06;01;05;00;000;TRANSFERENCIAS CORRIENTES;89012300;0
07;06;01;05;02;000;Del Gobierno Central;89012300;0
07;06;01;05;02;002;Subsecretaría de Agricultura (Fomento Productivo);1128066;0
07;06;01;05;02;005;Subsecretaría de Agricultura (Seguro Agrícola);8771699;0
07;06;01;05;02;009;Fondo de Innovación para la Competitividad - Emprendimiento;11557347;0
07;06;01;05;02;029;Fondos Culturales y Artísticos;2386559;0
07;06;01;05;02;145;Préstamo BID Hidrógeno Verde;3410285;0
07;06;01;05;02;148;Préstamo BID para Mipymes;56172480;0
07;06;01;05;02;201;Recuperación de Licencias Médicas - FONASA;10;0
07;06;01;05;02;992;Préstamo KfW H2V;5414574;0
07;06;01;05;02;999;CONADI - Comité de Desarrollo y Fomento Indígena;171280;0
07;06;01;06;00;000;RENTAS DE LA PROPIEDAD;1016927783;0
07;06;01;08;00;000;OTROS INGRESOS CORRIENTES;10435773;0
07;06;01;08;01;000;Recuperaciones y Reembolsos por Licencias Médicas;10;0
07;06;01;08;02;000;Multas y Sanciones Pecuniarias;10;0
07;06;01;08;99;000;Otros;10435753;0
07;06;01;09;00;000;APORTE FISCAL;15207374;0
07;06;01;09;01;000;Libre;1543200;0
07;06;01;09;03;000;Servicio de la Deuda Externa;13664174;0
07;06;01;10;00;000;VENTA DE ACTIVOS NO FINANCIEROS;468591;0
07;06;01;10;02;000;Edificios;468591;0
07;06;01;11;00;000;VENTA DE ACTIVOS FINANCIEROS;588099625;0
07;06;01;11;01;000;Venta o Rescate de Títulos y Valores;588099625;0
07;06;01;12;00;000;RECUPERACIÓN DE PRÉSTAMOS;40194612;0
07;06;01;12;04;000;De Fomento;40194602;0
07;06;01;12;10;000;Ingresos por Percibir;10;0
07;06;01;15;00;000;SALDO INICIAL DE CAJA;10;0
07;06;01;21;00;000;GASTOS EN PERSONAL;38862198;0
07;06;01;22;00;000;BIENES Y SERVICIOS DE CONSUMO;10315014;0
07;06;01;23;00;000;PRESTACIONES DE SEGURIDAD SOCIAL;726030;0
07;06;01;23;01;000;Prestaciones Previsionales;726020;0
07;06;01;23;03;000;Prestaciones Sociales del Empleador;10;0
07;06;01;24;00;000;TRANSFERENCIAS CORRIENTES;338861238;0
07;06;01;24;01;000;Al Sector Privado;56232751;0
07;06;01;24;01;004;Fundación Chile;1234646;0
07;06;01;24;01;022;Convenios de Colaboración (Lota);1036166;0
07;06;01;24;01;069;Comité Agroseguros;8043783;0
07;06;01;24;01;070;Comité Agencia de Fomento de la Producción Sustentable;300293;0
07;06;01;24;01;090;Programas de Fomento;154320;0
07;06;01;24;01;110;Instituto Nacional de Normalización;445642;0
07;06;01;24;01;111;Instituto de Fomento Pesquero;514436;0
07;06;01;24;01;118;Emprendimiento;13982835;0
07;06;01;24;01;121;Transferencia Tecnológica;30072136;0
07;06;01;24;01;128;Instituto Tecnológico y de Investigación Público de Litio y Salares;448494;0
07;06;01;24;02;000;Al Gobierno Central;229110135;0
07;06;01;24;02;001;SERCOTEC;55560874;0
07;06;01;24;02;009;Comité Innova Chile;7397806;0
07;06;01;24;02;016;Inversión y Financiamiento- CORFO Prog. 06;162960438;0
07;06;01;24;02;036;Subsecretaría de Economía y Empresas de Menor Tamaño;3191017;0
07;06;01;24;03;000;A Otras Entidades Públicas;29795132;0
07;06;01;24;03;090;Programas de Fomento;10;0
07;06;01;24;03;118;Emprendimiento;10;0
07;06;01;24;03;121;Transferencia Tecnológica;10;0
07;06;01;24;03;405;Comité Desarrollo Productivo Regional de Antofagasta;2988283;0
07;06;01;24;03;406;Comité Desarrollo Productivo Regional de Biobío;4359037;0
07;06;01;24;03;407;Comité Desarrollo Productivo Regional de Los Ríos;2826257;0
07;06;01;24;03;412;Comité de Desarrollo y Fomento Indígena;216543;0
07;06;01;24;03;422;Comité Desarrollo Productivo Regional de Atacama;1186868;0
07;06;01;24;03;423;Comité Desarrollo Productivo Regional de Valparaíso;2327907;0
07;06;01;24;03;424;Comité Desarrollo Productivo Regional de O'Higgins;1412479;0
07;06;01;24;03;425;Comité Desarrollo Productivo Regional de Los Lagos;1960859;0
07;06;01;24;03;426;Comité Desarrollo Productivo Regional de Arica y Parinacota;1051107;0
07;06;01;24;03;427;Comité Desarrollo Productivo Regional de Coquimbo;1841326;0
07;06;01;24;03;428;Comité Desarrollo Productivo Regional de Magallanes;1057201;0
07;06;01;24;03;991;Comité Desarrollo Productivo Regional de Tarapacá;1224422;0
07;06;01;24;03;992;Comité Desarrollo Productivo Regional Metropolitano;2034973;0
07;06;01;24;03;993;Comité Desarrollo Productivo Regional de Ñuble;1357039;0
07;06;01;24;03;994;Comité Desarrollo Productivo Regional de La Araucanía;1304542;0
07;06;01;24;03;995;Comité Desarrollo Productivo Regional de Aysén del General Carlos Ibáñez del Campo;1177842;0
07;06;01;24;03;997;Comité Desarrollo Productivo Regional de Maule;1468417;0
07;06;01;24;08;000;A Instituciones Privadas Ejecutoras de Políticas Públicas;18634938;0
07;06;01;24;08;017;Programa Promoción de Inversiones;3088504;0
07;06;01;24;08;090;Programas de Fomento;3673737;0
07;06;01;24;08;095;Fomento Productivo Agropecuario;1128066;0
07;06;01;24;08;107;Programas Estratégicos de Desarrollo;3687979;0
07;06;01;24;08;118;Emprendimiento;7056642;0
07;06;01;24;08;121;Transferencia Tecnológica;10;0
07;06;01;24;09;000;A Unidades o Programas del Servicio;5088282;0
07;06;01;24;09;069;Comité Agroseguros;726922;0
07;06;01;24;09;090;Programas de Fomento;963239;0
07;06;01;24;09;107;Programas Estratégicos de Desarrollo;717843;0
07;06;01;24;09;118;Emprendimiento;230790;0
07;06;01;24;09;397;Comité Sistema de Empresas;1829288;0
07;06;01;24;09;412;Comité de Desarrollo y Fomento Indígena;246710;0
07;06;01;24;09;996;Comité para el Fomento de la Economía Asociativa y el Cooperativismo (INAC);93198;0
07;06;01;24;09;999;Comité de Construcción Naval;280292;0
07;06;01;25;00;000;INTEGROS AL FISCO;1226682611;0
07;06;01;25;01;000;Impuestos;10;0
07;06;01;25;03;000;Excedentes de Caja;1225139401;0
07;06;01;25;99;000;Otros Integros al Fisco;1543200;0
07;06;01;26;00;000;OTROS GASTOS CORRIENTES;20;0
07;06;01;26;01;000;Devoluciones;10;0
07;06;01;26;02;000;Compensaciones por Daños a Terceros y/o a la Propiedad;10;0
07;06;01;29;00;000;ADQUISICIÓN DE ACTIVOS NO FINANCIEROS;1078692;0
07;06;01;29;05;000;Máquinas y Equipos;15432;0
07;06;01;29;07;000;Programas Informáticos;1063260;0
07;06;01;30;00;000;ADQUISICIÓN DE ACTIVOS FINANCIEROS;129731503;0
07;06;01;30;01;000;Compra de Títulos y Valores;129731483;0
07;06;01;30;02;000;Compra de Acciones y Participaciones de Capital;20;0
07;06;01;30;02;001;SURALIS S.A.;10;0
07;06;01;30;02;004;METRO S.A.;10;0
07;06;01;31;00;000;INICIATIVAS DE INVERSIÓN;424568;0
07;06;01;31;02;000;Proyectos;424568;0
07;06;01;34;00;000;SERVICIO DE LA DEUDA;13664184;0
07;06;01;34;04;000;Intereses Deuda Externa;12599380;0
07;06;01;34;06;000;Otros Gastos Financieros Deuda Externa;1064794;0
07;06;01;34;07;000;Deuda Flotante;10;0
07;06;01;35;00;000;SALDO FINAL DE CAJA;10;0
07;06;06;05;00;000;TRANSFERENCIAS CORRIENTES;162960448;0
07;06;06;05;02;000;Del Gobierno Central;162960448;0
07;06;06;05;02;137;CORFO;162960438;0
07;06;06;05;02;201;Recuperación de Licencias Médicas - FONASA;10;0
07;06;06;08;00;000;OTROS INGRESOS CORRIENTES;10;0
07;06;06;08;01;000;Recuperaciones y Reembolsos por Licencias Médicas;10;0
07;06;06;09;00;000;APORTE FISCAL;6689874;0
07;06;06;09;01;000;Libre;10;0
07;06;06;09;03;000;Servicio de la Deuda Externa;6689864;0
07;06;06;15;00;000;SALDO INICIAL DE CAJA;10;0
07;06;06;21;00;000;GASTOS EN PERSONAL;2130178;0
07;06;06;22;00;000;BIENES Y SERVICIOS DE CONSUMO;283763;0
07;06;06;23;00;000;PRESTACIONES DE SEGURIDAD SOCIAL;28869;0
07;06;06;23;01;000;Prestaciones Previsionales;28869;0
07;06;06;24;00;000;TRANSFERENCIAS CORRIENTES;44830094;0
07;06;06;24;01;000;Al Sector Privado;43725054;0
07;06;06;24;01;068;Aplicación Fondo Cobertura de Riesgos;43639983;0
07;06;06;24;01;117;Compensación Intereses Créditos;85071;0
07;06;06;24;02;000;Al Gobierno Central;10;0
07;06;06;24;02;013;Instituto de Desarrollo Agropecuario;10;0
07;06;06;24;09;000;A Unidades o Programas del Servicio;1105030;0
07;06;06;24;09;068;Aplicación Fondo Cobertura de Riesgos;902748;0
07;06;06;24;09;117;Compensación Intereses Créditos;202282;0
07;06;06;25;00;000;INTEGROS AL FISCO;4881827;0
07;06;06;25;03;000;Excedentes de Caja;20;0
07;06;06;25;99;000;Otros Integros al Fisco;4881807;0
07;06;06;32;00;000;PRÉSTAMOS;110805727;0
07;06;06;32;04;000;De Fomento;110805727;0
07;06;06;32;04;003;Fondos y Sociedades de Inversión;25382338;0
07;06;06;32;04;007;Refinanciamiento Crédito Mipyme;63209600;0
07;06;06;32;04;008;Refinanciamiento Verde Sustentable;22213789;0
07;06;06;34;00;000;SERVICIO DE LA DEUDA;6689874;0
07;06;06;34;02;000;Amortización Deuda Externa;957894;0
07;06;06;34;04;000;Intereses Deuda Externa;5731970;0
07;06;06;34;07;000;Deuda Flotante;10;0
07;06;06;35;00;000;SALDO FINAL DE CAJA;10;0
07;07;01;05;00;000;TRANSFERENCIAS CORRIENTES;10;0
07;07;01;05;02;000;Del Gobierno Central;10;0
07;07;01;05;02;201;Recuperación de Licencias Médicas - FONASA;10;0
07;07;01;08;00;000;OTROS INGRESOS CORRIENTES;10;0
07;07;01;08;01;000;Recuperaciones y Reembolsos por Licencias Médicas;10;0
07;07;01;09;00;000;APORTE FISCAL;58990486;0
07;07;01;09;01;000;Libre;58990486;0
07;07;01;15;00;000;SALDO INICIAL DE CAJA;10;0
07;07;01;21;00;000;GASTOS EN PERSONAL;51002427;0
07;07;01;22;00;000;BIENES Y SERVICIOS DE CONSUMO;6999413;0
07;07;01;23;00;000;PRESTACIONES DE SEGURIDAD SOCIAL;10;0
07;07;01;23;03;000;Prestaciones Sociales del Empleador;10;0
07;07;01;25;00;000;INTEGROS AL FISCO;20;0
07;07;01;25;99;000;Otros Integros al Fisco;20;0
07;07;01;29;00;000;ADQUISICIÓN DE ACTIVOS NO FINANCIEROS;988626;0
07;07;01;29;07;000;Programas Informáticos;988626;0
07;07;01;34;00;000;SERVICIO DE LA DEUDA;10;0
07;07;01;34;07;000;Deuda Flotante;10;0
07;07;01;35;00;000;SALDO FINAL DE CAJA;10;0
07;07;02;05;00;000;TRANSFERENCIAS CORRIENTES;10;0
07;07;02;05;02;000;Del Gobierno Central;10;0
07;07;02;05;02;201;Recuperación de Licencias Médicas - FONASA;10;0
07;07;02;08;00;000;OTROS INGRESOS CORRIENTES;10;0
07;07;02;08;01;000;Recuperaciones y Reembolsos por Licencias Médicas;10;0
07;07;02;09;00;000;APORTE FISCAL;913030;0
07;07;02;09;01;000;Libre;913030;0
07;07;02;15;00;000;SALDO INICIAL DE CAJA;10;0
07;07;02;21;00;000;GASTOS EN PERSONAL;866827;0
07;07;02;22;00;000;BIENES Y SERVICIOS DE CONSUMO;32510;0
07;07;02;25;00;000;INTEGROS AL FISCO;20;0
07;07;02;25;99;000;Otros Integros al Fisco;20;0
07;07;02;29;00;000;ADQUISICIÓN DE ACTIVOS NO FINANCIEROS;13683;0
07;07;02;29;07;000;Programas Informáticos;13683;0
07;07;02;34;00;000;SERVICIO DE LA DEUDA;10;0
07;07;02;34;07;000;Deuda Flotante;10;0
07;07;02;35;00;000;SALDO FINAL DE CAJA;10;0
07;07;03;05;00;000;TRANSFERENCIAS CORRIENTES;6150970;0
07;07;03;05;02;000;Del Gobierno Central;6150970;0
07;07;03;05;02;003;Oficina de Estudios y Políticas Agrarias;1323249;0
07;07;03;05;02;009;Subsecretaría de Economía;606069;0
07;07;03;05;02;010;Fondo de Innovación, Ciencia y Tecnología;547322;0
07;07;03;05;02;016;Subsecretaría de Evaluación Social;160978;0
07;07;03;05;02;118;Encuesta Nacional Urbana de Seguridad Ciudadana;3513352;0
07;07;03;09;00;000;APORTE FISCAL;20;0
07;07;03;09;01;000;Libre;20;0
07;07;03;21;00;000;GASTOS EN PERSONAL;5333692;0
07;07;03;22;00;000;BIENES Y SERVICIOS DE CONSUMO;761886;0
07;07;03;29;00;000;ADQUISICIÓN DE ACTIVOS NO FINANCIEROS;55402;0
07;07;03;29;06;000;Equipos Informáticos;2245;0
07;07;03;29;07;000;Programas Informáticos;53157;0
07;07;03;35;00;000;SALDO FINAL DE CAJA;10;0
07;08;01;05;00;000;TRANSFERENCIAS CORRIENTES;10;0
07;08;01;05;02;000;Del Gobierno Central;10;0
07;08;01;05;02;201;Recuperación de Licencias Médicas - FONASA;10;0
07;08;01;08;00;000;OTROS INGRESOS CORRIENTES;60520;0
07;08;01;08;01;000;Recuperaciones y Reembolsos por Licencias Médicas;60510;0
07;08;01;08;99;000;Otros;10;0
07;08;01;09;00;000;APORTE FISCAL;9346038;0
07;08;01;09;01;000;Libre;9346038;0
07;08;01;12;00;000;RECUPERACIÓN DE PRÉSTAMOS;10;0
07;08;01;12;10;000;Ingresos por Percibir;10;0
07;08;01;15;00;000;SALDO INICIAL DE CAJA;10;0
07;08;01;21;00;000;GASTOS EN PERSONAL;7839814;0
07;08;01;22;00;000;BIENES Y SERVICIOS DE CONSUMO;1279567;0
07;08;01;23;00;000;PRESTACIONES DE SEGURIDAD SOCIAL;10;0
07;08;01;23;03;000;Prestaciones Sociales del Empleador;10;0
07;08;01;25;00;000;INTEGROS AL FISCO;60540;0
07;08;01;25;99;000;Otros Integros al Fisco;60540;0
07;08;01;29;00;000;ADQUISICIÓN DE ACTIVOS NO FINANCIEROS;226637;0
07;08;01;29;06;000;Equipos Informáticos;43210;0
07;08;01;29;07;000;Programas Informáticos;183427;0
07;08;01;34;00;000;SERVICIO DE LA DEUDA;10;0
07;08;01;34;07;000;Deuda Flotante;10;0
07;08;01;35;00;000;SALDO FINAL DE CAJA;10;0
07;09;01;05;00;000;TRANSFERENCIAS CORRIENTES;10;0
07;09;01;05;02;000;Del Gobierno Central;10;0
07;09;01;05;02;201;Recuperación de Licencias Médicas - FONASA;10;0
07;09;01;09;00;000;APORTE FISCAL;25661113;0
07;09;01;09;01;000;Libre;25661113;0
07;09;01;15;00;000;SALDO INICIAL DE CAJA;10;0
07;09;01;21;00;000;GASTOS EN PERSONAL;12873144;0
07;09;01;22;00;000;BIENES Y SERVICIOS DE CONSUMO;2596225;0
07;09;01;24;00;000;TRANSFERENCIAS CORRIENTES;9877942;0
07;09;01;24;01;000;Al Sector Privado;9877942;0
07;09;01;24;01;132;Programa Vacaciones Tercera y Cuarta Edad;5906810;0
07;09;01;24;01;133;Programa Giras de Estudio;2279641;0
07;09;01;24;01;135;Programa Turismo Familiar;1691491;0
07;09;01;25;00;000;INTEGROS AL FISCO;10;0
07;09;01;25;99;000;Otros Integros al Fisco;10;0
07;09;01;29;00;000;ADQUISICIÓN DE ACTIVOS NO FINANCIEROS;313792;0
07;09;01;29;04;000;Mobiliario y Otros;10288;0
07;09;01;29;07;000;Programas Informáticos;303504;0
07;09;01;34;00;000;SERVICIO DE LA DEUDA;10;0
07;09;01;34;07;000;Deuda Flotante;10;0
07;09;01;35;00;000;SALDO FINAL DE CAJA;10;0
07;09;03;05;00;000;TRANSFERENCIAS CORRIENTES;10;0
07;09;03;05;02;000;Del Gobierno Central;10;0
07;09;03;05;02;201;Recuperación de Licencias Médicas - FONASA;10;0
07;09;03;09;00;000;APORTE FISCAL;6995868;0
07;09;03;09;01;000;Libre;6995868;0
07;09;03;15;00;000;SALDO INICIAL DE CAJA;10;0
07;09;03;21;00;000;GASTOS EN PERSONAL;1112605;0
07;09;03;22;00;000;BIENES Y SERVICIOS DE CONSUMO;5805354;0
07;09;03;25;00;000;INTEGROS AL FISCO;10;0
07;09;03;25;99;000;Otros Integros al Fisco;10;0
07;09;03;29;00;000;ADQUISICIÓN DE ACTIVOS NO FINANCIEROS;77899;0
07;09;03;29;07;000;Programas Informáticos;77899;0
07;09;03;34;00;000;SERVICIO DE LA DEUDA;10;0
07;09;03;34;07;000;Deuda Flotante;10;0
07;09;03;35;00;000;SALDO FINAL DE CAJA;10;0
07;16;01;05;00;000;TRANSFERENCIAS CORRIENTES;59733141;0
07;16;01;05;02;000;Del Gobierno Central;59733141;0
07;16;01;05;02;004;Corporación de Fomento de la Producción;55560874;0
07;16;01;05;02;141;Ministerio de la Mujer y la Equidad de Género;4172257;0
07;16;01;05;02;201;Recuperación de Licencias Médicas - FONASA;10;0
07;16;01;08;00;000;OTROS INGRESOS CORRIENTES;142796;0
07;16;01;08;01;000;Recuperaciones y Reembolsos por Licencias Médicas;142796;0
07;16;01;09;00;000;APORTE FISCAL;20136760;0
07;16;01;09;01;000;Libre;20136760;0
07;16;01;15;00;000;SALDO INICIAL DE CAJA;10;0
07;16;01;21;00;000;GASTOS EN PERSONAL;13435033;0
07;16;01;22;00;000;BIENES Y SERVICIOS DE CONSUMO;2296258;0
07;16;01;23;00;000;PRESTACIONES DE SEGURIDAD SOCIAL;186363;0
07;16;01;23;01;000;Prestaciones Previsionales;186363;0
07;16;01;24;00;000;TRANSFERENCIAS CORRIENTES;63125921;0
07;16;01;24;01;000;Al Sector Privado;1119590;0
07;16;01;24;01;131;Programa Mejoramiento Competitividad de la MIPE;90159;0
07;16;01;24;01;132;Programa Emprendedores;1029431;0
07;16;01;24;08;000;A Instituciones Privadas Ejecutoras de Políticas Públicas;61235702;0
07;16;01;24;08;131;Programa Mejoramiento Competitividad de la MIPE;16458139;0
07;16;01;24;08;132;Programa Emprendedores;18678129;0
07;16;01;24;08;133;Programa Dirigido a Grupos de Empresas Asociatividad;6466648;0
07;16;01;24;08;134;Programa Desarrollo Empresarial en los Territorios;19632776;0
07;16;01;24;08;152;Programas Especiales;10;0
07;16;01;24;09;000;A Unidades o Programas del Servicio;770629;0
07;16;01;24;09;131;Programa Mejoramiento Competitividad de la MIPE;122500;0
07;16;01;24;09;133;Programa Dirigido a Grupos de Empresas Asociatividad;144145;0
07;16;01;24;09;134;Programa Desarrollo Empresarial en los Territorios;503984;0
07;16;01;25;00;000;INTEGROS AL FISCO;142806;0
07;16;01;25;99;000;Otros Integros al Fisco;142806;0
07;16;01;29;00;000;ADQUISICIÓN DE ACTIVOS NO FINANCIEROS;826306;0
07;16;01;29;07;000;Programas Informáticos;826306;0
07;16;01;34;00;000;SERVICIO DE LA DEUDA;10;0
07;16;01;34;07;000;Deuda Flotante;10;0
07;16;01;35;00;000;SALDO FINAL DE CAJA;10;0
07;19;01;05;00;000;TRANSFERENCIAS CORRIENTES;25594801;0
07;19;01;05;02;000;Del Gobierno Central;25594801;0
07;19;01;05;02;003;CORFO;7397806;0
07;19;01;05;02;006;Fondo de Innovación, Ciencia y Tecnología;4610087;0
07;19;01;05;02;011;Fondo de Innovación para la Competitividad - Emprendimiento;13586898;0
07;19;01;05;02;201;Recuperación de Licencias Médicas - FONASA;10;0
07;19;01;08;00;000;OTROS INGRESOS CORRIENTES;2438946;0
07;19;01;08;99;000;Otros;2438946;0
07;19;01;09;00;000;APORTE FISCAL;10;0
07;19;01;09;01;000;Libre;10;0
07;19;01;15;00;000;SALDO INICIAL DE CAJA;10;0
07;19;01;21;00;000;GASTOS EN PERSONAL;2875539;0
07;19;01;22;00;000;BIENES Y SERVICIOS DE CONSUMO;652423;0
07;19;01;23;00;000;PRESTACIONES DE SEGURIDAD SOCIAL;52865;0
07;19;01;23;01;000;Prestaciones Previsionales;52865;0
07;19;01;24;00;000;TRANSFERENCIAS CORRIENTES;24452900;0
07;19;01;24;01;000;Al Sector Privado;22439801;0
07;19;01;24;01;005;Innovación Empresarial;5090279;0
07;19;01;24;01;006;Fomento de la Ciencia y la Tecnología;3216702;0
07;19;01;24;01;009;Crea y Valida Innovación;6687743;0
07;19;01;24;01;010;Escala Innovación;7445077;0
07;19;01;24;03;000;A Otras Entidades Públicas;10;0
07;19;01;24;03;005;Innovación Empresarial;10;0
07;19;01;24;08;000;A Instituciones Privadas Ejecutoras de Políticas Públicas;1724010;0
07;19;01;24;08;005;Innovación Empresarial;1724010;0
07;19;01;24;09;000;A Unidades o Programas del Servicio;289079;0
07;19;01;24;09;005;Innovación Empresarial;289079;0
07;19;01;25;00;000;INTEGROS AL FISCO;10;0
07;19;01;25;03;000;Excedentes de Caja;10;0
07;19;01;26;00;000;OTROS GASTOS CORRIENTES;10;0
07;19;01;26;01;000;Devoluciones;10;0
07;19;01;34;00;000;SERVICIO DE LA DEUDA;10;0
07;19;01;34;07;000;Deuda Flotante;10;0
07;19;01;35;00;000;SALDO FINAL DE CAJA;10;0
07;21;01;05;00;000;TRANSFERENCIAS CORRIENTES;10;0
07;21;01;05;02;000;Del Gobierno Central;10;0
07;21;01;05;02;201;Recuperación de Licencias Médicas - FONASA;10;0
07;21;01;08;00;000;OTROS INGRESOS CORRIENTES;10;0
07;21;01;08;01;000;Recuperaciones y Reembolsos por Licencias Médicas;5;0
07;21;01;08;02;000;Multas y Sanciones Pecuniarias;5;0
07;21;01;09;00;000;APORTE FISCAL;5926207;0
07;21;01;09;01;000;Libre;5926207;0
07;21;01;15;00;000;SALDO INICIAL DE CAJA;10;0
07;21;01;21;00;000;GASTOS EN PERSONAL;3982700;0
07;21;01;22;00;000;BIENES Y SERVICIOS DE CONSUMO;1245650;0
07;21;01;23;00;000;PRESTACIONES DE SEGURIDAD SOCIAL;10;0
07;21;01;23;03;000;Prestaciones Sociales del Empleador;10;0
07;21;01;24;00;000;TRANSFERENCIAS CORRIENTES;650169;0
07;21;01;24;02;000;Al Gobierno Central;650169;0
07;21;01;24;02;002;Programa Promoción de Exportaciones - PROCHILE;650169;0
07;21;01;25;00;000;INTEGROS AL FISCO;20;0
07;21;01;25;99;000;Otros Integros al Fisco;20;0
07;21;01;29;00;000;ADQUISICIÓN DE ACTIVOS NO FINANCIEROS;47668;0
07;21;01;29;07;000;Programas Informáticos;47668;0
07;21;01;34;00;000;SERVICIO DE LA DEUDA;10;0
07;21;01;34;07;000;Deuda Flotante;10;0
07;21;01;35;00;000;SALDO FINAL DE CAJA;10;0
07;23;01;05;00;000;TRANSFERENCIAS CORRIENTES;10;0
07;23;01;05;02;000;Del Gobierno Central;10;0
07;23;01;05;02;201;Recuperación de Licencias Médicas - FONASA;10;0
07;23;01;07;00;000;INGRESOS DE OPERACIÓN;51440;0
07;23;01;08;00;000;OTROS INGRESOS CORRIENTES;20;0
07;23;01;08;01;000;Recuperaciones y Reembolsos por Licencias Médicas;10;0
07;23;01;08;99;000;Otros;10;0
07;23;01;09;00;000;APORTE FISCAL;8802282;0
07;23;01;09;01;000;Libre;8802282;0
07;23;01;15;00;000;SALDO INICIAL DE CAJA;10;0
07;23;01;21;00;000;GASTOS EN PERSONAL;7883912;0
07;23;01;22;00;000;BIENES Y SERVICIOS DE CONSUMO;828854;0
07;23;01;25;00;000;INTEGROS AL FISCO;10;0
07;23;01;25;99;000;Otros Integros al Fisco;10;0
07;23;01;29;00;000;ADQUISICIÓN DE ACTIVOS NO FINANCIEROS;140966;0
07;23;01;29;03;000;Vehículos;25720;0
07;23;01;29;04;000;Mobiliario y Otros;5144;0
07;23;01;29;07;000;Programas Informáticos;110102;0
07;23;01;34;00;000;SERVICIO DE LA DEUDA;10;0
07;23;01;34;07;000;Deuda Flotante;10;0
07;23;01;35;00;000;SALDO FINAL DE CAJA;10;0
07;24;01;05;00;000;TRANSFERENCIAS CORRIENTES;10;0
07;24;01;05;02;000;Del Gobierno Central;10;0
07;24;01;05;02;201;Recuperación de Licencias Médicas - FONASA;10;0
07;24;01;09;00;000;APORTE FISCAL;2592614;0
07;24;01;09;01;000;Libre;2592614;0
07;24;01;15;00;000;SALDO INICIAL DE CAJA;10;0
07;24;01;21;00;000;GASTOS EN PERSONAL;1760606;0
07;24;01;22;00;000;BIENES Y SERVICIOS DE CONSUMO;159883;0
07;24;01;24;00;000;TRANSFERENCIAS CORRIENTES;665222;0
07;24;01;24;03;000;A Otras Entidades Públicas;144032;0
07;24;01;24;03;002;Desarrollo Turístico Sustentable;144032;0
07;24;01;24;09;000;A Unidades o Programas del Servicio;521190;0
07;24;01;24;09;002;Desarrollo Turístico Sustentable;521190;0
07;24;01;25;00;000;INTEGROS AL FISCO;10;0
07;24;01;25;99;000;Otros Integros al Fisco;10;0
07;24;01;29;00;000;ADQUISICIÓN DE ACTIVOS NO FINANCIEROS;6893;0
07;24;01;29;07;000;Programas Informáticos;6893;0
07;24;01;34;00;000;SERVICIO DE LA DEUDA;10;0
07;24;01;34;07;000;Deuda Flotante;10;0
07;24;01;35;00;000;SALDO FINAL DE CAJA;10;0
07;25;01;05;00;000;TRANSFERENCIAS CORRIENTES;10;0
07;25;01;05;02;000;Del Gobierno Central;10;0
07;25;01;05;02;201;Recuperación de Licencias Médicas - FONASA;10;0
07;25;01;08;00;000;OTROS INGRESOS CORRIENTES;41361;0
07;25;01;08;01;000;Recuperaciones y Reembolsos por Licencias Médicas;41361;0
07;25;01;09;00;000;APORTE FISCAL;9603809;0
07;25;01;09;01;000;Libre;9603809;0
07;25;01;15;00;000;SALDO INICIAL DE CAJA;10;0
07;25;01;21;00;000;GASTOS EN PERSONAL;7018569;0
07;25;01;22;00;000;BIENES Y SERVICIOS DE CONSUMO;1020981;0
07;25;01;23;00;000;PRESTACIONES DE SEGURIDAD SOCIAL;10;0
07;25;01;23;03;000;Prestaciones Sociales del Empleador;10;0
07;25;01;24;00;000;TRANSFERENCIAS CORRIENTES;1457774;0
07;25;01;24;01;000;Al Sector Privado;1243;0
07;25;01;24;01;283;Para Cumplimiento Artículo 37 del Libro IV del Código de Comercio;1243;0
07;25;01;24;09;000;A Unidades o Programas del Servicio;1456531;0
07;25;01;24;09;285;Para Cumplimiento Artículo 40, Ley N° 20.720;1456531;0
07;25;01;25;00;000;INTEGROS AL FISCO;41371;0
07;25;01;25;99;000;Otros Integros al Fisco;41371;0
07;25;01;29;00;000;ADQUISICIÓN DE ACTIVOS NO FINANCIEROS;106465;0
07;25;01;29;04;000;Mobiliario y Otros;2556;0
07;25;01;29;06;000;Equipos Informáticos;88477;0
07;25;01;29;07;000;Programas Informáticos;15432;0
07;25;01;34;00;000;SERVICIO DE LA DEUDA;10;0
07;25;01;34;07;000;Deuda Flotante;10;0
07;25;01;35;00;000;SALDO FINAL DE CAJA;10;0
07;26;01;05;00;000;TRANSFERENCIAS CORRIENTES;20;0
07;26;01;05;02;000;Del Gobierno Central;20;0
07;26;01;05;02;001;Operaciones Complementarias - Tesoro Público;10;0
07;26;01;05;02;201;Recuperación de Licencias Médicas - FONASA;10;0
07;26;01;08;00;000;OTROS INGRESOS CORRIENTES;30;0
07;26;01;08;01;000;Recuperaciones y Reembolsos por Licencias Médicas;10;0
07;26;01;08;02;000;Multas y Sanciones Pecuniarias;10;0
07;26;01;08;99;000;Otros;10;0
07;26;01;09;00;000;APORTE FISCAL;13896106;0
07;26;01;09;01;000;Libre;13896106;0
07;26;01;15;00;000;SALDO INICIAL DE CAJA;10;0
07;26;01;21;00;000;GASTOS EN PERSONAL;2809939;0
07;26;01;22;00;000;BIENES Y SERVICIOS DE CONSUMO;673230;0
07;26;01;24;00;000;TRANSFERENCIAS CORRIENTES;6688680;0
07;26;01;24;01;000;Al Sector Privado;154320;0
07;26;01;24;01;475;Bonificación Repoblamiento de Algas Art.12 Ley N° 20.925;154320;0
07;26;01;24;03;000;A Otras Entidades Públicas;6534360;0
07;26;01;24;03;003;Programas de Apoyo a la Pesca Artesanal;4604476;0
07;26;01;24;03;004;Programas de Apoyo a la Acuicultura de Pequeña Escala;571354;0
07;26;01;24;03;006;Programa Desarrollo de Caletas Pesqueras;530346;0
07;26;01;24;03;007;Áreas de Manejo y Explotación de Recursos Bentónicos (AMERB);751024;0
07;26;01;24;03;008;Programa de Apoyo a las Actividades Conexas de la Pesca Artesanal;77160;0
07;26;01;25;00;000;INTEGROS AL FISCO;50;0
07;26;01;25;99;000;Otros Integros al Fisco;50;0
07;26;01;29;00;000;ADQUISICIÓN DE ACTIVOS NO FINANCIEROS;83831;0
07;26;01;29;06;000;Equipos Informáticos;2469;0
07;26;01;29;07;000;Programas Informáticos;81362;0
07;26;01;33;00;000;TRANSFERENCIAS DE CAPITAL;3640416;0
07;26;01;33;03;000;A Otras Entidades Públicas;3640416;0
07;26;01;33;03;003;Programas de Apoyo a la Pesca Artesanal;3441625;0
07;26;01;33;03;004;Programas de Apoyo a la Acuicultura de Pequeña Escala;198791;0
07;26;01;34;00;000;SERVICIO DE LA DEUDA;10;0
07;26;01;34;07;000;Deuda Flotante;10;0
07;26;01;35;00;000;SALDO FINAL DE CAJA;10;0
08;01;01;05;00;000;TRANSFERENCIAS CORRIENTES;10;0
08;01;01;05;02;000;Del Gobierno Central;10;0
08;01;01;05;02;201;Recuperación de Licencias Médicas - FONASA;10;0
08;01;01;08;00;000;OTROS INGRESOS CORRIENTES;69190;0
08;01;01;08;01;000;Recuperaciones y Reembolsos por Licencias Médicas;60282;0
08;01;01;08;99;000;Otros;8908;0
08;01;01;09;00;000;APORTE FISCAL;12966432;0
08;01;01;09;01;000;Libre;12966432;0
08;01;01;12;00;000;RECUPERACIÓN DE PRÉSTAMOS;10;0
08;01;01;12;10;000;Ingresos por Percibir;10;0
08;01;01;15;00;000;SALDO INICIAL DE CAJA;10;0
08;01;01;21;00;000;GASTOS EN PERSONAL;8124821;0
08;01;01;22;00;000;BIENES Y SERVICIOS DE CONSUMO;2697384;0
08;01;01;23;00;000;PRESTACIONES DE SEGURIDAD SOCIAL;10;0
08;01;01;23;03;000;Prestaciones Sociales del Empleador;10;0
08;01;01;24;00;000;TRANSFERENCIAS CORRIENTES;1997248;0
08;01;01;24;01;000;Al Sector Privado;110905;0
08;01;01;24;01;004;Consejo Superior de la Hípica Nacional;110905;0
08;01;01;24;02;000;Al Gobierno Central;556328;0
08;01;01;24;02;002;Secretaría y Administración General y Servicio Exterior - RREE;556328;0
08;01;01;24;03;000;A Otras Entidades Públicas;1330015;0
08;01;01;24;03;005;Comisión Nacional de Evaluación y Productividad;1200695;0
08;01;01;24;03;007;Comité Tasas de Intercambio;129320;0
08;01;01;25;00;000;INTEGROS AL FISCO;60292;0
08;01;01;25;99;000;Otros Integros al Fisco;60292;0
08;01;01;29;00;000;ADQUISICIÓN DE ACTIVOS NO FINANCIEROS;155877;0
08;01;01;29;03;000;Vehículos;39546;0
08;01;01;29;05;000;Máquinas y Equipos;9259;0
08;01;01;29;06;000;Equipos Informáticos;20576;0
08;01;01;29;07;000;Programas Informáticos;86496;0
08;01;01;34;00;000;SERVICIO DE LA DEUDA;10;0
08;01;01;34;07;000;Deuda Flotante;10;0
08;01;01;35;00;000;SALDO FINAL DE CAJA;10;0
08;01;06;05;00;000;TRANSFERENCIAS CORRIENTES;10;0
08;01;06;05;02;000;Del Gobierno Central;10;0
08;01;06;05;02;201;Recuperación de Licencias Médicas - FONASA;10;0
08;01;06;08;00;000;OTROS INGRESOS CORRIENTES;65863;0
08;01;06;08;01;000;Recuperaciones y Reembolsos por Licencias Médicas;65853;0
08;01;06;08;99;000;Otros;10;0
08;01;06;09;00;000;APORTE FISCAL;14589311;0
08;01;06;09;01;000;Libre;14589311;0
08;01;06;12;00;000;RECUPERACIÓN DE PRÉSTAMOS;10;0
08;01;06;12;10;000;Ingresos por Percibir;10;0
08;01;06;15;00;000;SALDO INICIAL DE CAJA;10;0
08;01;06;21;00;000;GASTOS EN PERSONAL;2168947;0
08;01;06;22;00;000;BIENES Y SERVICIOS DE CONSUMO;100520;0
08;01;06;23;00;000;PRESTACIONES DE SEGURIDAD SOCIAL;10;0
08;01;06;23;03;000;Prestaciones Sociales del Empleador;10;0
08;01;06;24;00;000;TRANSFERENCIAS CORRIENTES;12319833;0
08;01;06;24;03;000;A Otras Entidades Públicas;12319833;0
08;01;06;24;03;001;Tribunales Tributarios y Aduaneros;10707738;0
08;01;06;24;03;032;Tribunal de Contratación Pública;1612095;0
08;01;06;25;00;000;INTEGROS AL FISCO;65874;0
08;01;06;25;99;000;Otros Integros al Fisco;65874;0
08;01;06;34;00;000;SERVICIO DE LA DEUDA;10;0
08;01;06;34;07;000;Deuda Flotante;10;0
08;01;06;35;00;000;SALDO FINAL DE CAJA;10;0
08;01;07;08;00;000;OTROS INGRESOS CORRIENTES;20;0
08;01;07;08;01;000;Recuperaciones y Reembolsos por Licencias Médicas;10;0
08;01;07;08;99;000;Otros;10;0
08;01;07;09;00;000;APORTE FISCAL;2822473;0
08;01;07;09;01;000;Libre;2822473;0
08;01;07;12;00;000;RECUPERACIÓN DE PRÉSTAMOS;10;0
08;01;07;12;10;000;Ingresos por Percibir;10;0
08;01;07;15;00;000;SALDO INICIAL DE CAJA;10;0
08;01;07;21;00;000;GASTOS EN PERSONAL;415158;0
08;01;07;22;00;000;BIENES Y SERVICIOS DE CONSUMO;2407315;0
08;01;07;23;00;000;PRESTACIONES DE SEGURIDAD SOCIAL;10;0
08;01;07;23;03;000;Prestaciones Sociales del Empleador;10;0
08;01;07;25;00;000;INTEGROS AL FISCO;10;0
08;01;07;25;99;000;Otros Integros al Fisco;10;0
08;01;07;34;00;000;SERVICIO DE LA DEUDA;10;0
08;01;07;34;07;000;Deuda Flotante;10;0
08;01;07;35;00;000;SALDO FINAL DE CAJA;10;0
08;01;08;05;00;000;TRANSFERENCIAS CORRIENTES;10;0
08;01;08;05;02;000;Del Gobierno Central;10;0
08;01;08;05;02;201;Recuperación de Licencias Médicas - FONASA;10;0
08;01;08;08;00;000;OTROS INGRESOS CORRIENTES;20;0
08;01;08;08;01;000;Recuperaciones y Reembolsos por Licencias Médicas;10;0
08;01;08;08;99;000;Otros;10;0
08;01;08;09;00;000;APORTE FISCAL;5510018;0
08;01;08;09;01;000;Libre;1800893;0
08;01;08;09;03;000;Servicio de la Deuda Externa;3709125;0
08;01;08;12;00;000;RECUPERACIÓN DE PRÉSTAMOS;10;0
08;01;08;12;10;000;Ingresos por Percibir;10;0
08;01;08;15;00;000;SALDO INICIAL DE CAJA;10;0
08;01;08;21;00;000;GASTOS EN PERSONAL;480069;0
08;01;08;22;00;000;BIENES Y SERVICIOS DE CONSUMO;96502;0
08;01;08;23;00;000;PRESTACIONES DE SEGURIDAD SOCIAL;10;0
08;01;08;23;03;000;Prestaciones Sociales del Empleador;10;0
08;01;08;24;00;000;TRANSFERENCIAS CORRIENTES;1224322;0
08;01;08;24;03;000;A Otras Entidades Públicas;1174316;0
08;01;08;24;03;252;A Instituciones Ejecutoras;1174316;0
08;01;08;24;07;000;A Organismos Internacionales;50006;0
08;01;08;24;07;008;A la OCDE;50006;0
08;01;08;25;00;000;INTEGROS AL FISCO;20;0
08;01;08;25;99;000;Otros Integros al Fisco;20;0
08;01;08;34;00;000;SERVICIO DE LA DEUDA;3709135;0
08;01;08;34;02;000;Amortización Deuda Externa;3214626;0
08;01;08;34;04;000;Intereses Deuda Externa;494499;0
08;01;08;34;07;000;Deuda Flotante;10;0
08;01;08;35;00;000;SALDO FINAL DE CAJA;10;0
08;01;09;08;00;000;OTROS INGRESOS CORRIENTES;20;0
08;01;09;08;01;000;Recuperaciones y Reembolsos por Licencias Médicas;10;0
08;01;09;08;99;000;Otros;10;0
08;01;09;09;00;000;APORTE FISCAL;2591894;0
08;01;09;09;01;000;Libre;1024262;0
08;01;09;09;03;000;Servicio de la Deuda Externa;1567632;0
08;01;09;12;00;000;RECUPERACIÓN DE PRÉSTAMOS;10;0
08;01;09;12;10;000;Ingresos por Percibir;10;0
08;01;09;15;00;000;SALDO INICIAL DE CAJA;10;0
08;01;09;21;00;000;GASTOS EN PERSONAL;174874;0
08;01;09;22;00;000;BIENES Y SERVICIOS DE CONSUMO;7549;0
08;01;09;23;00;000;PRESTACIONES DE SEGURIDAD SOCIAL;10;0
08;01;09;23;03;000;Prestaciones Sociales del Empleador;10;0
08;01;09;24;00;000;TRANSFERENCIAS CORRIENTES;841839;0
08;01;09;24;08;000;A Instituciones Privadas Ejecutoras de Políticas Públicas;841839;0
08;01;09;24;08;005;Fundación Chile;841839;0
08;01;09;25;00;000;INTEGROS AL FISCO;10;0
08;01;09;25;99;000;Otros Integros al Fisco;10;0
08;01;09;34;00;000;SERVICIO DE LA DEUDA;1567642;0
08;01;09;34;04;000;Intereses Deuda Externa;1538707;0
08;01;09;34;06;000;Otros Gastos Financieros Deuda Externa;28925;0
08;01;09;34;07;000;Deuda Flotante;10;0
08;01;09;35;00;000;SALDO FINAL DE CAJA;10;0
08;01;11;05;00;000;TRANSFERENCIAS CORRIENTES;10;0
08;01;11;05;02;000;Del Gobierno Central;10;0
08;01;11;05;02;201;Recuperación de Licencias Médicas - FONASA;10;0
08;01;11;08;00;000;OTROS INGRESOS CORRIENTES;20;0
08;01;11;08;01;000;Recuperaciones y Reembolsos por Licencias Médicas;10;0
08;01;11;08;99;000;Otros;10;0
08;01;11;09;00;000;APORTE FISCAL;1470688;0
08;01;11;09;01;000;Libre;1470688;0
08;01;11;12;00;000;RECUPERACIÓN DE PRÉSTAMOS;10;0
08;01;11;12;10;000;Ingresos por Percibir;10;0
08;01;11;15;00;000;SALDO INICIAL DE CAJA;10;0
08;01;11;21;00;000;GASTOS EN PERSONAL;1105619;0
08;01;11;22;00;000;BIENES Y SERVICIOS DE CONSUMO;365079;0
08;01;11;23;00;000;PRESTACIONES DE SEGURIDAD SOCIAL;10;0
08;01;11;23;03;000;Prestaciones Sociales del Empleador;10;0
08;01;11;25;00;000;INTEGROS AL FISCO;10;0
08;01;11;25;99;000;Otros Integros al Fisco;10;0
08;01;11;34;00;000;SERVICIO DE LA DEUDA;10;0
08;01;11;34;07;000;Deuda Flotante;10;0
08;01;11;35;00;000;SALDO FINAL DE CAJA;10;0
08;01;12;05;00;000;TRANSFERENCIAS CORRIENTES;10;0
08;01;12;05;02;000;Del Gobierno Central;10;0
08;01;12;05;02;201;Recuperación de Licencias Médicas - FONASA;10;0
08;01;12;08;00;000;OTROS INGRESOS CORRIENTES;20;0
08;01;12;08;01;000;Recuperaciones y Reembolsos por Licencias Médicas;10;0
08;01;12;08;99;000;Otros;10;0
08;01;12;09;00;000;APORTE FISCAL;11663689;0
08;01;12;09;01;000;Libre;9580244;0
08;01;12;09;03;000;Servicio de la Deuda Externa;2083445;0
08;01;12;12;00;000;RECUPERACIÓN DE PRÉSTAMOS;10;0
08;01;12;12;10;000;Ingresos por Percibir;10;0
08;01;12;14;00;000;ENDEUDAMIENTO;10;0
08;01;12;14;02;000;Endeudamiento Externo;10;0
08;01;12;15;00;000;SALDO INICIAL DE CAJA;10;0
08;01;12;21;00;000;GASTOS EN PERSONAL;4772272;0
08;01;12;22;00;000;BIENES Y SERVICIOS DE CONSUMO;4704053;0
08;01;12;23;00;000;PRESTACIONES DE SEGURIDAD SOCIAL;10;0
08;01;12;23;03;000;Prestaciones Sociales del Empleador;10;0
08;01;12;25;00;000;INTEGROS AL FISCO;20;0
08;01;12;25;99;000;Otros Integros al Fisco;20;0
08;01;12;29;00;000;ADQUISICIÓN DE ACTIVOS NO FINANCIEROS;103929;0
08;01;12;29;07;000;Programas Informáticos;103929;0
08;01;12;34;00;000;SERVICIO DE LA DEUDA;2083455;0
08;01;12;34;04;000;Intereses Deuda Externa;1874438;0
08;01;12;34;06;000;Otros Gastos Financieros Deuda Externa;209007;0
08;01;12;34;07;000;Deuda Flotante;10;0
08;01;12;35;00;000;SALDO FINAL DE CAJA;10;0
08;02;01;05;00;000;TRANSFERENCIAS CORRIENTES;10;0
08;02;01;05;02;000;Del Gobierno Central;10;0
08;02;01;05;02;201;Recuperación de Licencias Médicas - FONASA;10;0
08;02;01;08;00;000;OTROS INGRESOS CORRIENTES;259746;0
08;02;01;08;01;000;Recuperaciones y Reembolsos por Licencias Médicas;247345;0
08;02;01;08;02;000;Multas y Sanciones Pecuniarias;6200;0
08;02;01;08;99;000;Otros;6201;0
08;02;01;09;00;000;APORTE FISCAL;20652698;0
08;02;01;09;01;000;Libre;20652698;0
08;02;01;12;00;000;RECUPERACIÓN DE PRÉSTAMOS;10;0
08;02;01;12;10;000;Ingresos por Percibir;10;0
08;02;01;15;00;000;SALDO INICIAL DE CAJA;10;0
08;02;01;21;00;000;GASTOS EN PERSONAL;18080348;0
08;02;01;22;00;000;BIENES Y SERVICIOS DE CONSUMO;2375598;0
08;02;01;23;00;000;PRESTACIONES DE SEGURIDAD SOCIAL;10;0
08;02;01;23;03;000;Prestaciones Sociales del Empleador;10;0
08;02;01;24;00;000;TRANSFERENCIAS CORRIENTES;209143;0
08;02;01;24;03;000;A Otras Entidades Públicas;25448;0
08;02;01;24;03;001;Evaluación de Programas de los Servicios Públicos;25448;0
08;02;01;24;08;000;A Instituciones Privadas Ejecutoras de Políticas Públicas;183695;0
08;02;01;24;08;001;Evaluación de Programas  de los Servicios Públicos;183695;0
08;02;01;25;00;000;INTEGROS AL FISCO;247355;0
08;02;01;25;99;000;Otros Integros al Fisco;247355;0
08;02;01;34;00;000;SERVICIO DE LA DEUDA;10;0
08;02;01;34;07;000;Deuda Flotante;10;0
08;02;01;35;00;000;SALDO FINAL DE CAJA;10;0
08;02;02;05;00;000;TRANSFERENCIAS CORRIENTES;10;0
08;02;02;05;02;000;Del Gobierno Central;10;0
08;02;02;05;02;201;Recuperación de Licencias Médicas - FONASA;10;0
08;02;02;08;00;000;OTROS INGRESOS CORRIENTES;47199;0
08;02;02;08;01;000;Recuperaciones y Reembolsos por Licencias Médicas;47179;0
08;02;02;08;02;000;Multas y Sanciones Pecuniarias;10;0
08;02;02;08;99;000;Otros;10;0
08;02;02;09;00;000;APORTE FISCAL;5552072;0
08;02;02;09;01;000;Libre;5552072;0
08;02;02;12;00;000;RECUPERACIÓN DE PRÉSTAMOS;10;0
08;02;02;12;10;000;Ingresos por Percibir;10;0
08;02;02;15;00;000;SALDO INICIAL DE CAJA;10;0
08;02;02;21;00;000;GASTOS EN PERSONAL;2880982;0
08;02;02;22;00;000;BIENES Y SERVICIOS DE CONSUMO;2671100;0
08;02;02;23;00;000;PRESTACIONES DE SEGURIDAD SOCIAL;10;0
08;02;02;23;03;000;Prestaciones Sociales del Empleador;10;0
08;02;02;25;00;000;INTEGROS AL FISCO;47189;0
08;02;02;25;99;000;Otros Integros al Fisco;47189;0
08;02;02;34;00;000;SERVICIO DE LA DEUDA;10;0
08;02;02;34;07;000;Deuda Flotante;10;0
08;02;02;35;00;000;SALDO FINAL DE CAJA;10;0
08;03;01;05;00;000;TRANSFERENCIAS CORRIENTES;10;0
08;03;01;05;02;000;Del Gobierno Central;10;0
08;03;01;05;02;201;Recuperación de Licencias Médicas - FONASA;10;0
08;03;01;07;00;000;INGRESOS DE OPERACIÓN;745273;0
08;03;01;08;00;000;OTROS INGRESOS CORRIENTES;5668836;0
08;03;01;08;01;000;Recuperaciones y Reembolsos por Licencias Médicas;5527754;0
08;03;01;08;02;000;Multas y Sanciones Pecuniarias;141072;0
08;03;01;08;99;000;Otros;10;0
08;03;01;09;00;000;APORTE FISCAL;290235074;0
08;03;01;09;01;000;Libre;290235074;0
08;03;01;12;00;000;RECUPERACIÓN DE PRÉSTAMOS;10;0
08;03;01;12;10;000;Ingresos por Percibir;10;0
08;03;01;15;00;000;SALDO INICIAL DE CAJA;10;0
08;03;01;21;00;000;GASTOS EN PERSONAL;244886432;0
08;03;01;22;00;000;BIENES Y SERVICIOS DE CONSUMO;36806655;0
08;03;01;23;00;000;PRESTACIONES DE SEGURIDAD SOCIAL;10;0
08;03;01;23;03;000;Prestaciones Sociales del Empleador;10;0
08;03;01;24;00;000;TRANSFERENCIAS CORRIENTES;279494;0
08;03;01;24;03;000;A Otras Entidades Públicas;279494;0
08;03;01;24;03;001;Consejo Asesor Tributario - Ley N°21.713;279494;0
08;03;01;25;00;000;INTEGROS AL FISCO;5527764;0
08;03;01;25;99;000;Otros Integros al Fisco;5527764;0
08;03;01;29;00;000;ADQUISICIÓN DE ACTIVOS NO FINANCIEROS;9148838;0
08;03;01;29;03;000;Vehículos;52967;0
08;03;01;29;06;000;Equipos Informáticos;2507547;0
08;03;01;29;07;000;Programas Informáticos;6588324;0
08;03;01;34;00;000;SERVICIO DE LA DEUDA;10;0
08;03;01;34;07;000;Deuda Flotante;10;0
08;03;01;35;00;000;SALDO FINAL DE CAJA;10;0
08;04;01;05;00;000;TRANSFERENCIAS CORRIENTES;10;0
08;04;01;05;02;000;Del Gobierno Central;10;0
08;04;01;05;02;201;Recuperación de Licencias Médicas - FONASA;10;0
08;04;01;06;00;000;RENTAS DE LA PROPIEDAD;11797;0
08;04;01;08;00;000;OTROS INGRESOS CORRIENTES;8004165;0
08;04;01;08;01;000;Recuperaciones y Reembolsos por Licencias Médicas;1132812;0
08;04;01;08;02;000;Multas y Sanciones Pecuniarias;25033;0
08;04;01;08;99;000;Otros;6846320;0
08;04;01;09;00;000;APORTE FISCAL;101606819;0
08;04;01;09;01;000;Libre;101606819;0
08;04;01;12;00;000;RECUPERACIÓN DE PRÉSTAMOS;10;0
08;04;01;12;10;000;Ingresos por Percibir;10;0
08;04;01;15;00;000;SALDO INICIAL DE CAJA;10;0
08;04;01;21;00;000;GASTOS EN PERSONAL;90306791;0
08;04;01;22;00;000;BIENES Y SERVICIOS DE CONSUMO;14131368;0
08;04;01;23;00;000;PRESTACIONES DE SEGURIDAD SOCIAL;10;0
08;04;01;23;03;000;Prestaciones Sociales del Empleador;10;0
08;04;01;25;00;000;INTEGROS AL FISCO;1337710;0
08;04;01;25;01;000;Impuestos;204888;0
08;04;01;25;99;000;Otros Integros al Fisco;1132822;0
08;04;01;29;00;000;ADQUISICIÓN DE ACTIVOS NO FINANCIEROS;3846912;0
08;04;01;29;03;000;Vehículos;308226;0
08;04;01;29;04;000;Mobiliario y Otros;229925;0
08;04;01;29;05;000;Máquinas y Equipos;760350;0
08;04;01;29;06;000;Equipos Informáticos;342170;0
08;04;01;29;07;000;Programas Informáticos;2206241;0
08;04;01;34;00;000;SERVICIO DE LA DEUDA;10;0
08;04;01;34;07;000;Deuda Flotante;10;0
08;04;01;35;00;000;SALDO FINAL DE CAJA;10;0
08;04;02;09;00;000;APORTE FISCAL;5282248;0
08;04;02;09;01;000;Libre;5282248;0
08;04;02;12;00;000;RECUPERACIÓN DE PRÉSTAMOS;10;0
08;04;02;12;10;000;Ingresos por Percibir;10;0
08;04;02;15;00;000;SALDO INICIAL DE CAJA;10;0
08;04;02;21;00;000;GASTOS EN PERSONAL;3387086;0
08;04;02;22;00;000;BIENES Y SERVICIOS DE CONSUMO;1895162;0
08;04;02;34;00;000;SERVICIO DE LA DEUDA;10;0
08;04;02;34;07;000;Deuda Flotante;10;0
08;04;02;35;00;000;SALDO FINAL DE CAJA;10;0
08;05;01;05;00;000;TRANSFERENCIAS CORRIENTES;10;0
08;05;01;05;02;000;Del Gobierno Central;10;0
08;05;01;05;02;201;Recuperación de Licencias Médicas - FONASA;10;0
08;05;01;08;00;000;OTROS INGRESOS CORRIENTES;1406742;0
08;05;01;08;01;000;Recuperaciones y Reembolsos por Licencias Médicas;1406722;0
08;05;01;08;02;000;Multas y Sanciones Pecuniarias;10;0
08;05;01;08;99;000;Otros;10;0
08;05;01;09;00;000;APORTE FISCAL;82019256;0
08;05;01;09;01;000;Libre;82019256;0
08;05;01;12;00;000;RECUPERACIÓN DE PRÉSTAMOS;10;0
08;05;01;12;10;000;Ingresos por Percibir;10;0
08;05;01;15;00;000;SALDO INICIAL DE CAJA;10;0
08;05;01;21;00;000;GASTOS EN PERSONAL;63855969;0
08;05;01;22;00;000;BIENES Y SERVICIOS DE CONSUMO;13927241;0
08;05;01;23;00;000;PRESTACIONES DE SEGURIDAD SOCIAL;10;0
08;05;01;23;03;000;Prestaciones Sociales del Empleador;10;0
08;05;01;25;00;000;INTEGROS AL FISCO;1406732;0
08;05;01;25;99;000;Otros Integros al Fisco;1406732;0
08;05;01;29;00;000;ADQUISICIÓN DE ACTIVOS NO FINANCIEROS;4236056;0
08;05;01;29;03;000;Vehículos;83333;0
08;05;01;29;04;000;Mobiliario y Otros;10802;0
08;05;01;29;05;000;Máquinas y Equipos;27808;0
08;05;01;29;06;000;Equipos Informáticos;1481421;0
08;05;01;29;07;000;Programas Informáticos;2632692;0
08;05;01;34;00;000;SERVICIO DE LA DEUDA;10;0
08;05;01;34;07;000;Deuda Flotante;10;0
08;05;01;35;00;000;SALDO FINAL DE CAJA;10;0
08;05;06;07;00;000;INGRESOS DE OPERACIÓN;312528;0
08;05;06;15;00;000;SALDO INICIAL DE CAJA;10;0
08;05;06;21;00;000;GASTOS EN PERSONAL;153847;0
08;05;06;22;00;000;BIENES Y SERVICIOS DE CONSUMO;108014;0
08;05;06;25;00;000;INTEGROS AL FISCO;49114;0
08;05;06;25;01;000;Impuestos;49114;0
08;05;06;29;00;000;ADQUISICIÓN DE ACTIVOS NO FINANCIEROS;1543;0
08;05;06;29;07;000;Programas Informáticos;1543;0
08;05;06;34;00;000;SERVICIO DE LA DEUDA;10;0
08;05;06;34;07;000;Deuda Flotante;10;0
08;05;06;35;00;000;SALDO FINAL DE CAJA;10;0
08;07;01;05;00;000;TRANSFERENCIAS CORRIENTES;10;0
08;07;01;05;02;000;Del Gobierno Central;10;0
08;07;01;05;02;201;Recuperación de Licencias Médicas - FONASA;10;0
08;07;01;07;00;000;INGRESOS DE OPERACIÓN;2260665;0
08;07;01;08;00;000;OTROS INGRESOS CORRIENTES;75636;0
08;07;01;08;01;000;Recuperaciones y Reembolsos por Licencias Médicas;33294;0
08;07;01;08;02;000;Multas y Sanciones Pecuniarias;38086;0
08;07;01;08;99;000;Otros;4256;0
08;07;01;09;00;000;APORTE FISCAL;12928963;0
08;07;01;09;01;000;Libre;12928963;0
08;07;01;12;00;000;RECUPERACIÓN DE PRÉSTAMOS;10;0
08;07;01;12;10;000;Ingresos por Percibir;10;0
08;07;01;15;00;000;SALDO INICIAL DE CAJA;13318;0
08;07;01;21;00;000;GASTOS EN PERSONAL;6990540;0
08;07;01;22;00;000;BIENES Y SERVICIOS DE CONSUMO;7450887;0
08;07;01;23;00;000;PRESTACIONES DE SEGURIDAD SOCIAL;10;0
08;07;01;23;03;000;Prestaciones Sociales del Empleador;10;0
08;07;01;25;00;000;INTEGROS AL FISCO;33304;0
08;07;01;25;99;000;Otros Integros al Fisco;33304;0
08;07;01;26;00;000;OTROS GASTOS CORRIENTES;13328;0
08;07;01;26;01;000;Devoluciones;13328;0
08;07;01;29;00;000;ADQUISICIÓN DE ACTIVOS NO FINANCIEROS;790513;0
08;07;01;29;03;000;Vehículos;30864;0
08;07;01;29;05;000;Máquinas y Equipos;43944;0
08;07;01;29;07;000;Programas Informáticos;715705;0
08;07;01;34;00;000;SERVICIO DE LA DEUDA;10;0
08;07;01;34;07;000;Deuda Flotante;10;0
08;07;01;35;00;000;SALDO FINAL DE CAJA;10;0
08;07;02;09;00;000;APORTE FISCAL;4217629;0
08;07;02;09;01;000;Libre;3650190;0
08;07;02;09;03;000;Servicio de la Deuda Externa;567439;0
08;07;02;12;00;000;RECUPERACIÓN DE PRÉSTAMOS;10;0
08;07;02;12;10;000;Ingresos por Percibir;10;0
08;07;02;15;00;000;SALDO INICIAL DE CAJA;10;0
08;07;02;21;00;000;GASTOS EN PERSONAL;1473308;0
08;07;02;22;00;000;BIENES Y SERVICIOS DE CONSUMO;2160370;0
08;07;02;29;00;000;ADQUISICIÓN DE ACTIVOS NO FINANCIEROS;16512;0
08;07;02;29;07;000;Programas Informáticos;16512;0
08;07;02;34;00;000;SERVICIO DE LA DEUDA;567449;0
08;07;02;34;04;000;Intereses Deuda Externa;544247;0
08;07;02;34;06;000;Otros Gastos Financieros Deuda Externa;23192;0
08;07;02;34;07;000;Deuda Flotante;10;0
08;07;02;35;00;000;SALDO FINAL DE CAJA;10;0
08;15;01;05;00;000;TRANSFERENCIAS CORRIENTES;10;0
08;15;01;05;02;000;Del Gobierno Central;10;0
08;15;01;05;02;201;Recuperación de Licencias Médicas - FONASA;10;0
08;15;01;08;00;000;OTROS INGRESOS CORRIENTES;64736;0
08;15;01;08;01;000;Recuperaciones y Reembolsos por Licencias Médicas;63631;0
08;15;01;08;99;000;Otros;1105;0
08;15;01;09;00;000;APORTE FISCAL;14166724;0
08;15;01;09;01;000;Libre;14166724;0
08;15;01;12;00;000;RECUPERACIÓN DE PRÉSTAMOS;10;0
08;15;01;12;10;000;Ingresos por Percibir;10;0
08;15;01;15;00;000;SALDO INICIAL DE CAJA;10;0
08;15;01;21;00;000;GASTOS EN PERSONAL;8462013;0
08;15;01;22;00;000;BIENES Y SERVICIOS DE CONSUMO;5656559;0
08;15;01;23;00;000;PRESTACIONES DE SEGURIDAD SOCIAL;10;0
08;15;01;23;03;000;Prestaciones Sociales del Empleador;10;0
08;15;01;25;00;000;INTEGROS AL FISCO;63641;0
08;15;01;25;99;000;Otros Integros al Fisco;63641;0
08;15;01;29;00;000;ADQUISICIÓN DE ACTIVOS NO FINANCIEROS;49247;0
08;15;01;29;07;000;Programas Informáticos;49247;0
08;15;01;34;00;000;SERVICIO DE LA DEUDA;10;0
08;15;01;34;07;000;Deuda Flotante;10;0
08;15;01;35;00;000;SALDO FINAL DE CAJA;10;0
08;16;01;05;00;000;TRANSFERENCIAS CORRIENTES;10;0
08;16;01;05;02;000;Del Gobierno Central;10;0
08;16;01;05;02;201;Recuperación de Licencias Médicas - FONASA;10;0
08;16;01;08;00;000;OTROS INGRESOS CORRIENTES;10;0
08;16;01;08;01;000;Recuperaciones y Reembolsos por Licencias Médicas;10;0
08;16;01;09;00;000;APORTE FISCAL;5894057;0
08;16;01;09;01;000;Libre;5894057;0
08;16;01;12;00;000;RECUPERACIÓN DE PRÉSTAMOS;10;0
08;16;01;12;10;000;Ingresos por Percibir;10;0
08;16;01;15;00;000;SALDO INICIAL DE CAJA;10;0
08;16;01;21;00;000;GASTOS EN PERSONAL;4196831;0
08;16;01;22;00;000;BIENES Y SERVICIOS DE CONSUMO;1648566;0
08;16;01;23;00;000;PRESTACIONES DE SEGURIDAD SOCIAL;10;0
08;16;01;23;03;000;Prestaciones Sociales del Empleador;10;0
08;16;01;25;00;000;INTEGROS AL FISCO;20;0
08;16;01;25;99;000;Otros Integros al Fisco;20;0
08;16;01;29;00;000;ADQUISICIÓN DE ACTIVOS NO FINANCIEROS;48650;0
08;16;01;29;04;000;Mobiliario y Otros;6965;0
08;16;01;29;07;000;Programas Informáticos;41685;0
08;16;01;34;00;000;SERVICIO DE LA DEUDA;10;0
08;16;01;34;07;000;Deuda Flotante;10;0
08;16;01;35;00;000;SALDO FINAL DE CAJA;10;0
08;17;01;05;00;000;TRANSFERENCIAS CORRIENTES;10;0
08;17;01;05;02;000;Del Gobierno Central;10;0
08;17;01;05;02;201;Recuperación de Licencias Médicas - FONASA;10;0
08;17;01;07;00;000;INGRESOS DE OPERACIÓN;10;0
08;17;01;08;00;000;OTROS INGRESOS CORRIENTES;10;0
08;17;01;08;01;000;Recuperaciones y Reembolsos por Licencias Médicas;10;0
08;17;01;09;00;000;APORTE FISCAL;5544407;0
08;17;01;09;01;000;Libre;5544407;0
08;17;01;12;00;000;RECUPERACIÓN DE PRÉSTAMOS;10;0
08;17;01;12;10;000;Ingresos por Percibir;10;0
08;17;01;15;00;000;SALDO INICIAL DE CAJA;10;0
08;17;01;21;00;000;GASTOS EN PERSONAL;3689973;0
08;17;01;22;00;000;BIENES Y SERVICIOS DE CONSUMO;1742318;0
08;17;01;23;00;000;PRESTACIONES DE SEGURIDAD SOCIAL;10;0
08;17;01;23;03;000;Prestaciones Sociales del Empleador;10;0
08;17;01;25;00;000;INTEGROS AL FISCO;20;0
08;17;01;25;99;000;Otros Integros al Fisco;20;0
08;17;01;29;00;000;ADQUISICIÓN DE ACTIVOS NO FINANCIEROS;112116;0
08;17;01;29;07;000;Programas Informáticos;112116;0
08;17;01;34;00;000;SERVICIO DE LA DEUDA;10;0
08;17;01;34;07;000;Deuda Flotante;10;0
08;17;01;35;00;000;SALDO FINAL DE CAJA;10;0
08;30;01;05;00;000;TRANSFERENCIAS CORRIENTES;10;0
08;30;01;05;02;000;Del Gobierno Central;10;0
08;30;01;05;02;201;Recuperación de Licencias Médicas - FONASA;10;0
08;30;01;08;00;000;OTROS INGRESOS CORRIENTES;457382;0
08;30;01;08;01;000;Recuperaciones y Reembolsos por Licencias Médicas;330057;0
08;30;01;08;99;000;Otros;127325;0
08;30;01;09;00;000;APORTE FISCAL;32254012;0
08;30;01;09;01;000;Libre;32254012;0
08;30;01;12;00;000;RECUPERACIÓN DE PRÉSTAMOS;10;0
08;30;01;12;10;000;Ingresos por Percibir;10;0
08;30;01;15;00;000;SALDO INICIAL DE CAJA;10;0
08;30;01;21;00;000;GASTOS EN PERSONAL;28082007;0
08;30;01;22;00;000;BIENES Y SERVICIOS DE CONSUMO;3903279;0
08;30;01;23;00;000;PRESTACIONES DE SEGURIDAD SOCIAL;10;0
08;30;01;23;03;000;Prestaciones Sociales del Empleador;10;0
08;30;01;25;00;000;INTEGROS AL FISCO;330057;0
08;30;01;25;99;000;Otros Integros al Fisco;330057;0
08;30;01;29;00;000;ADQUISICIÓN DE ACTIVOS NO FINANCIEROS;396051;0
08;30;01;29;03;000;Vehículos;36073;0
08;30;01;29;04;000;Mobiliario y Otros;15432;0
08;30;01;29;05;000;Máquinas y Equipos;12191;0
08;30;01;29;06;000;Equipos Informáticos;5853;0
08;30;01;29;07;000;Programas Informáticos;326502;0
08;30;01;34;00;000;SERVICIO DE LA DEUDA;10;0
08;30;01;34;07;000;Deuda Flotante;10;0
08;30;01;35;00;000;SALDO FINAL DE CAJA;10;0
08;31;01;05;00;000;TRANSFERENCIAS CORRIENTES;10;0
08;31;01;05;02;000;Del Gobierno Central;10;0
08;31;01;05;02;201;Recuperación de Licencias Médicas - FONASA;10;0
08;31;01;06;00;000;RENTAS DE LA PROPIEDAD;265002;0
08;31;01;07;00;000;INGRESOS DE OPERACIÓN;1324054;0
08;31;01;08;00;000;OTROS INGRESOS CORRIENTES;119726610;0
08;31;01;08;01;000;Recuperaciones y Reembolsos por Licencias Médicas;10;0
08;31;01;08;99;000;Otros;119726600;0
08;31;01;12;00;000;RECUPERACIÓN DE PRÉSTAMOS;10;0
08;31;01;12;10;000;Ingresos por Percibir;10;0
08;31;01;15;00;000;SALDO INICIAL DE CAJA;10;0
08;31;01;21;00;000;GASTOS EN PERSONAL;45741972;0
08;31;01;22;00;000;BIENES Y SERVICIOS DE CONSUMO;9366526;0
08;31;01;23;00;000;PRESTACIONES DE SEGURIDAD SOCIAL;10;0
08;31;01;23;03;000;Prestaciones Sociales del Empleador;10;0
08;31;01;24;00;000;TRANSFERENCIAS CORRIENTES;1872;0
08;31;01;24;01;000;Al Sector Privado;1872;0
08;31;01;24;01;006;Asociación de Supervisores de Seguros de América Latina;1872;0
08;31;01;25;00;000;INTEGROS AL FISCO;66205296;0
08;31;01;25;03;000;Excedentes de Caja;66205276;0
08;31;01;25;99;000;Otros Integros al Fisco;20;0
08;31;01;34;00;000;SERVICIO DE LA DEUDA;10;0
08;31;01;34;07;000;Deuda Flotante;10;0
08;31;01;35;00;000;SALDO FINAL DE CAJA;10;0
08;33;01;05;00;000;TRANSFERENCIAS CORRIENTES;10;0
08;33;01;05;02;000;Del Gobierno Central;10;0
08;33;01;05;02;201;Recuperación de Licencias Médicas - FONASA;10;0
08;33;01;08;00;000;OTROS INGRESOS CORRIENTES;10;0
08;33;01;08;01;000;Recuperaciones y Reembolsos por Licencias Médicas;10;0
08;33;01;09;00;000;APORTE FISCAL;5154042;0
08;33;01;09;01;000;Libre;5154042;0
08;33;01;12;00;000;RECUPERACIÓN DE PRÉSTAMOS;10;0
08;33;01;12;10;000;Ingresos por Percibir;10;0
08;33;01;15;00;000;SALDO INICIAL DE CAJA;10;0
08;33;01;21;00;000;GASTOS EN PERSONAL;4450376;0
08;33;01;22;00;000;BIENES Y SERVICIOS DE CONSUMO;533195;0
08;33;01;23;00;000;PRESTACIONES DE SEGURIDAD SOCIAL;10;0
08;33;01;23;03;000;Prestaciones Sociales del Empleador;10;0
08;33;01;25;00;000;INTEGROS AL FISCO;20;0
08;33;01;25;99;000;Otros Integros al Fisco;20;0
08;33;01;29;00;000;ADQUISICIÓN DE ACTIVOS NO FINANCIEROS;170461;0
08;33;01;29;07;000;Programas Informáticos;170461;0
08;33;01;34;00;000;SERVICIO DE LA DEUDA;10;0
08;33;01;34;07;000;Deuda Flotante;10;0
08;33;01;35;00;000;SALDO FINAL DE CAJA;10;0
09;01;01;05;00;000;TRANSFERENCIAS CORRIENTES;10;0
09;01;01;05;02;000;Del Gobierno Central;10;0
09;01;01;05;02;201;Recuperación de Licencias Médicas - FONASA;10;0
09;01;01;06;00;000;RENTAS DE LA PROPIEDAD;7329;0
09;01;01;07;00;000;INGRESOS DE OPERACIÓN;134330;0
09;01;01;08;00;000;OTROS INGRESOS CORRIENTES;1809542;0
09;01;01;08;01;000;Recuperaciones y Reembolsos por Licencias Médicas;10;0
09;01;01;08;02;000;Multas y Sanciones Pecuniarias;10;0
09;01;01;08;99;000;Otros;1809522;0
09;01;01;09;00;000;APORTE FISCAL;168794535;0
09;01;01;09;01;000;Libre;168794535;0
09;01;01;12;00;000;RECUPERACIÓN DE PRÉSTAMOS;9522;0
09;01;01;12;10;000;Ingresos por Percibir;9522;0
09;01;01;15;00;000;SALDO INICIAL DE CAJA;10;0
09;01;01;21;00;000;GASTOS EN PERSONAL;117698572;0
09;01;01;22;00;000;BIENES Y SERVICIOS DE CONSUMO;12997826;0
09;01;01;23;00;000;PRESTACIONES DE SEGURIDAD SOCIAL;10;0
09;01;01;23;03;000;Prestaciones Sociales del Empleador;10;0
09;01;01;24;00;000;TRANSFERENCIAS CORRIENTES;34928517;0
09;01;01;24;01;000;Al Sector Privado;30859629;0
09;01;01;24;01;002;Premio al Mérito Juan Vilches Jimenez, D.S.(Ed.) N°391/2003;1881;0
09;01;01;24;01;021;Liceos Bicentenario de Excelencia;1671800;0
09;01;01;24;01;184;Instituto de Chile;555217;0
09;01;01;24;01;185;Premios Nacionales y Premio Luis Cruz Martínez;130219;0
09;01;01;24;01;991;Aporte único Ley N° 21.728 (Deuda Histórica);28500512;0
09;01;01;24;02;000;Al Gobierno Central;420;0
09;01;01;24;02;001;Servicios Locales de Educación;420;0
09;01;01;24;03;000;A Otras Entidades Públicas;1772;0
09;01;01;24;03;090;Consejo de Calificación Cinematográfica;1772;0
09;01;01;24;07;000;A Organismos Internacionales;1516825;0
09;01;01;24;07;001;Convenios con Organismos Internacionales;1516825;0
09;01;01;24;09;000;A Unidades o Programas del Servicio;2549871;0
09;01;01;24;09;136;Desarrollo de Capacidades para el Estudio e Investigaciones Pedagógicas;692347;0
09;01;01;24;09;532;Sistema de Información y Gestión Escolar;1857524;0
09;01;01;25;00;000;INTEGROS AL FISCO;1557;0
09;01;01;25;01;000;Impuestos;1547;0
09;01;01;25;99;000;Otros Integros al Fisco;10;0
09;01;01;29;00;000;ADQUISICIÓN DE ACTIVOS NO FINANCIEROS;2975042;0
09;01;01;29;04;000;Mobiliario y Otros;81420;0
09;01;01;29;05;000;Máquinas y Equipos;1137377;0
09;01;01;29;06;000;Equipos Informáticos;587177;0
09;01;01;29;07;000;Programas Informáticos;1169068;0
09;01;01;31;00;000;INICIATIVAS DE INVERSIÓN;251384;0
09;01;01;31;02;000;Proyectos;251384;0
09;01;01;33;00;000;TRANSFERENCIAS DE CAPITAL;1902350;0
09;01;01;33;01;000;Al Sector Privado;1901930;0
09;01;01;33;01;021;Liceos Bicentenario de Excelencia;1901930;0
09;01;01;33;02;000;Al Gobierno Central;420;0
09;01;01;33;02;001;Servicios Locales de Educación;420;0
09;01;01;34;00;000;SERVICIO DE LA DEUDA;10;0
09;01;01;34;07;000;Deuda Flotante;10;0
09;01;01;35;00;000;SALDO FINAL DE CAJA;10;0
09;01;03;05;00;000;TRANSFERENCIAS CORRIENTES;1565345;0
09;01;03;05;02;000;Del Gobierno Central;1565345;0
09;01;03;05;02;008;Servicio Nacional del Patrimonio Cultural;1565335;0
09;01;03;05;02;201;Recuperación de Licencias Médicas - FONASA;10;0
09;01;03;08;00;000;OTROS INGRESOS CORRIENTES;906907;0
09;01;03;08;01;000;Recuperaciones y Reembolsos por Licencias Médicas;10;0
09;01;03;08;02;000;Multas y Sanciones Pecuniarias;10;0
09;01;03;08;99;000;Otros;906887;0
09;01;03;09;00;000;APORTE FISCAL;31353856;0
09;01;03;09;01;000;Libre;31353856;0
09;01;03;15;00;000;SALDO INICIAL DE CAJA;20;0
09;01;03;24;00;000;TRANSFERENCIAS CORRIENTES;29873683;0
09;01;03;24;02;000;Al Gobierno Central;420;0
09;01;03;24;02;001;Servicios Locales de Educación;420;0
09;01;03;24;03;000;A Otras Entidades Públicas;4608115;0
09;01;03;24;03;055;Educación Técnico Profesional Pública;2015083;0
09;01;03;24;03;621;Programa Educación Técnico Profesional;911463;0
09;01;03;24;03;904;Transporte Escolar Rural;1681569;0
09;01;03;24;07;000;A Organismos Internacionales;593442;0
09;01;03;24;07;001;Convenios con Organismos Internacionales;593442;0
09;01;03;24;09;000;A Unidades o Programas del Servicio;24671706;0
09;01;03;24;09;053;Asesoría y Apoyo a la Educación Escolar Pública;5556884;0
09;01;03;24;09;089;Desarrollo Curricular;613271;0
09;01;03;24;09;099;Estándares de Aprendizaje Indicativos y de Gestión;155285;0
09;01;03;24;09;385;Programa de Educación Intercultural Bilingue;1133239;0
09;01;03;24;09;531;Supervisión Técnico Pedagógica;561376;0
09;01;03;24;09;901;Asesoría y Apoyo a la Educación Escolar;2648032;0
09;01;03;24;09;902;Educación de Adultos y Reinserción Escolar;12015887;0
09;01;03;24;09;903;Transversalidad Educativa, Convivencia Escolar y Prevención del Consumo de Drogas;1607076;0
09;01;03;24;09;908;Liceos Emblemáticos;380656;0
09;01;03;25;00;000;INTEGROS AL FISCO;10;0
09;01;03;25;99;000;Otros Integros al Fisco;10;0
09;01;03;33;00;000;TRANSFERENCIAS DE CAPITAL;3952415;0
09;01;03;33;01;000;Al Sector Privado;3951995;0
09;01;03;33;01;105;Equipamiento de Establecimientos de Educación Técnico - Profesional;3951995;0
09;01;03;33;02;000;Al Gobierno Central;420;0
09;01;03;33;02;001;Servicios Locales de Educación;420;0
09;01;03;34;00;000;SERVICIO DE LA DEUDA;10;0
09;01;03;34;07;000;Deuda Flotante;10;0
09;01;03;35;00;000;SALDO FINAL DE CAJA;10;0
09;01;04;05;00;000;TRANSFERENCIAS CORRIENTES;10;0
09;01;04;05;02;000;Del Gobierno Central;10;0
09;01;04;05;02;201;Recuperación de Licencias Médicas - FONASA;10;0
09;01;04;08;00;000;OTROS INGRESOS CORRIENTES;76633;0
09;01;04;08;01;000;Recuperaciones y Reembolsos por Licencias Médicas;10;0
09;01;04;08;02;000;Multas y Sanciones Pecuniarias;10;0
09;01;04;08;99;000;Otros;76613;0
09;01;04;09;00;000;APORTE FISCAL;22906728;0
09;01;04;09;01;000;Libre;22906728;0
09;01;04;15;00;000;SALDO INICIAL DE CAJA;20;0
09;01;04;24;00;000;TRANSFERENCIAS CORRIENTES;22240983;0
09;01;04;24;02;000;Al Gobierno Central;420;0
09;01;04;24;02;001;Servicios Locales de Educación;420;0
09;01;04;24;03;000;A Otras Entidades Públicas;1877095;0
09;01;04;24;03;612;Centro de Liderazgo Educativo;1877095;0
09;01;04;24;07;000;A Organismos Internacionales;28086;0
09;01;04;24;07;001;Convenios con Organismos Internacionales;28086;0
09;01;04;24;09;000;A Unidades o Programas del Servicio;20335382;0
09;01;04;24;09;054;Formación de los Profesionales de la Educación Pública;2129341;0
09;01;04;24;09;133;Formación de los Profesionales de la Educación;1042293;0
09;01;04;24;09;514;Suma Adicional, Red de Maestros de Maestros, Art.17, Ley N°19.715;495873;0
09;01;04;24;09;515;Evaluación de Desempeño Docente;9548041;0
09;01;04;24;09;604;Fomento a la Calidad de la Formación Inicial de Docentes;1578306;0
09;01;04;24;09;611;Plan de Formación de Directores y Liderazgo Educativo;830489;0
09;01;04;24;09;615;Reconocimiento y Promoción del Desarrollo Profesional Docente;3278949;0
09;01;04;24;09;616;Inducción al Ejercicio Profesional Docente y Mentoría a Docentes Principiantes;1432090;0
09;01;04;25;00;000;INTEGROS AL FISCO;10;0
09;01;04;25;99;000;Otros Integros al Fisco;10;0
09;01;04;29;00;000;ADQUISICIÓN DE ACTIVOS NO FINANCIEROS;742378;0
09;01;04;29;07;000;Programas Informáticos;742378;0
09;01;04;34;00;000;SERVICIO DE LA DEUDA;10;0
09;01;04;34;07;000;Deuda Flotante;10;0
09;01;04;35;00;000;SALDO FINAL DE CAJA;10;0
09;01;11;05;00;000;TRANSFERENCIAS CORRIENTES;2940427;0
09;01;11;05;02;000;Del Gobierno Central;2940427;0
09;01;11;05;02;030;Red de Bibliotecas Públicas - Servicio Nacional del Patrimonio Cultural;2940417;0
09;01;11;05;02;201;Recuperación de Licencias Médicas - FONASA;10;0
09;01;11;08;00;000;OTROS INGRESOS CORRIENTES;133535;0
09;01;11;08;01;000;Recuperaciones y Reembolsos por Licencias Médicas;10;0
09;01;11;08;02;000;Multas y Sanciones Pecuniarias;10;0
09;01;11;08;99;000;Otros;133515;0
09;01;11;09;00;000;APORTE FISCAL;50330407;0
09;01;11;09;01;000;Libre;50330407;0
09;01;11;15;00;000;SALDO INICIAL DE CAJA;20;0
09;01;11;24;00;000;TRANSFERENCIAS CORRIENTES;50395235;0
09;01;11;24;02;000;Al Gobierno Central;16394127;0
09;01;11;24;02;001;Servicios Locales de Educación;420;0
09;01;11;24;02;004;Subsecretaría de Telecomunicaciones;16393707;0
09;01;11;24;07;000;A Organismos Internacionales;25720;0
09;01;11;24;07;001;Convenios con Organismos Internacionales;25720;0
09;01;11;24;08;000;A Instituciones Privadas Ejecutoras de Políticas Públicas;550057;0
09;01;11;24;08;001;Fundación Chile;550057;0
09;01;11;24;09;000;A Unidades o Programas del Servicio;33425331;0
09;01;11;24;09;056;Apoyo al Deporte y la Recreación Educación Pública;1142825;0
09;01;11;24;09;091;Centro de Recursos de Lectura, Aprendizaje y Bibliotecas Escolares CRA;2940417;0
09;01;11;24;09;383;Textos para la Educación Escolar;28939849;0
09;01;11;24;09;386;Innovación Educativa;402240;0
09;01;11;25;00;000;INTEGROS AL FISCO;10;0
09;01;11;25;99;000;Otros Integros al Fisco;10;0
09;01;11;33;00;000;TRANSFERENCIAS DE CAPITAL;3009124;0
09;01;11;33;01;000;Al Sector Privado;3008704;0
09;01;11;33;01;026;Innovación Educativa;3008704;0
09;01;11;33;02;000;Al Gobierno Central;420;0
09;01;11;33;02;001;Servicios Locales de Educación;420;0
09;01;11;34;00;000;SERVICIO DE LA DEUDA;10;0
09;01;11;34;07;000;Deuda Flotante;10;0
09;01;11;35;00;000;SALDO FINAL DE CAJA;10;0
09;01;20;08;00;000;OTROS INGRESOS CORRIENTES;11222146;0
09;01;20;08;02;000;Multas y Sanciones Pecuniarias;10;0
09;01;20;08;99;000;Otros;11222136;0
09;01;20;09;00;000;APORTE FISCAL;9490893373;0
09;01;20;09;01;000;Libre;9490893373;0
09;01;20;15;00;000;SALDO INICIAL DE CAJA;30;0
09;01;20;24;00;000;TRANSFERENCIAS CORRIENTES;9502115519;0
09;01;20;24;01;000;Al Sector Privado;5789546092;0
09;01;20;24;01;186;Cumplimiento Convenio D.L. 3.166/80;90754376;0
09;01;20;24;01;190;Aporte Complementario para el pago de cotizaciones, Ley N°21.735;65291030;0
09;01;20;24;01;255;Subvención de Escolaridad;4045798732;0
09;01;20;24;01;256;Subvención de Internado;8812034;0
09;01;20;24;01;257;Subvención de Ruralidad;59357181;0
09;01;20;24;01;259;Subvención de Refuerzo Educativo, Art.39, D.F.L.(Ed) N°2, de 1998;226906;0
09;01;20;24;01;262;Subvención inciso 1° y 2° art. 5 transitorio, D.F.L.(Ed.) N°2, de 1998;41821591;0
09;01;20;24;01;263;Subvención inciso 3°  art. 5° transitorio D.F.L. (Ed.) N° 2, de 1998;140328;0
09;01;20;24;01;264;Subvención Anual de Apoyo al Mantenimiento, Art. 37, DFL(Ed) N°2, de 1998;49091442;0
09;01;20;24;01;265;Subvención Educacional Proretención, Ley  N° 19.873;29811629;0
09;01;20;24;01;266;Subvención Escolar Preferencial, Ley N° 20.248;920982955;0
09;01;20;24;01;268;Subvención por Concentración, Art.16 de la ley N°20.248;152461051;0
09;01;20;24;01;269;Aporte por Gratuidad, Art.49 bis, D.F.L.(Ed.)N°2, de 1998.;324996837;0
09;01;20;24;02;000;Al Gobierno Central;2573527353;0
09;01;20;24;02;181;Bonificación Compensatoria, Art.3°,Ley N° 19.200;165924;0
09;01;20;24;02;184;Asignación de Reconocimiento por Desempeño en Establecimientos de Alta Concentración, Art. 44 y sexto transitorio, Ley N° 21.109.;8845758;0
09;01;20;24;02;187;Subv.Desempeño de Exc.,Art.40,D.F.L.(Ed) N°2, de 1998;21644282;0
09;01;20;24;02;188;Bono de Desempeño Laboral, Art. Cuarto Transitorio, Ley N°21.109;21980983;0
09;01;20;24;02;190;Aporte Complementario para el pago de cotizaciones, Ley N°21.735;18823295;0
09;01;20;24;02;255;Subvención de Escolaridad;1405907902;0
09;01;20;24;02;256;Subvención de Internado;1651553;0
09;01;20;24;02;257;Subvención de Ruralidad;38888323;0
09;01;20;24;02;262;Subv.incis.1° y 2° art. 5 transit., D.F.L.(Ed.) N°2, de 1998;14399536;0
09;01;20;24;02;263;Subv.incis.3°  art. 5° transitorio D.F.L. (Ed.) N° 2, de 1998;26298;0
09;01;20;24;02;264;Subv.Anual Apoyo al Mant., Art. 37, DFL(Ed) N°2/1998;13303931;0
09;01;20;24;02;265;Subvención Educacional Proretención, Ley  N° 19.873;13936532;0
09;01;20;24;02;266;Subvención Escolar Preferencial, Ley N° 20.248;307471874;0
09;01;20;24;02;268;Subvención por Concentración, Art.16 de la ley N°20.248;61778668;0
09;01;20;24;02;269;Ap.Gratuidad,Art.49bis, DFL (Ed.) N°2/98;124316733;0
09;01;20;24;02;387;Bonif. de Profesores Encargados, Ley N°19.715, Art.13;1894793;0
09;01;20;24;02;394;Asig. por Desempeño Colectivo, Art.18, Ley N°19.933;6490169;0
09;01;20;24;02;398;Bonificación de Reconocimiento Profesional BRP, Art. 54 del D.F.L. (Ed.)N°1, de 1997 y la Ley N° 20.158;306020987;0
09;01;20;24;02;700;Subv.Desempeño de Exc., Asistentes Ed.,Ley N° 20.244;1527272;0
09;01;20;24;02;723;Asig por tramo,D.Prof.Art.s 49-63, DFL(Ed.)N°1/97 CD;133193853;0
09;01;20;24;02;724;Asig.Doc.en Est.Alta Conc.Al.Prioritarios, Art.s50y63,DFL(Ed.)N°1/97;70837107;0
09;01;20;24;02;725;Bono al Personal Asistente de Educ., Art.59,ley N° 20.883;421580;0
09;01;20;24;03;000;A Otras Entidades Públicas;1139042074;0
09;01;20;24;03;180;Asignación Desempeño Difícil;8462085;0
09;01;20;24;03;181;Bonificación Compensatoria, Art.3°,Ley N° 19.200;367382;0
09;01;20;24;03;184;Asignación  de Reconocimiento por Desempeño en Establecimientos de Alta Concentración, Art. 44 y sexto transitorio, Ley N° 21.109;6606927;0
09;01;20;24;03;186;Subvención Adicional Especial, Art.41,D.F.L .(Ed) N°2, de 1998 e  inciso final del Art. cuadragésimo octavo transitorio de la Ley N°20.903;20068885;0
09;01;20;24;03;187;Subvención de Desempeño de Excelencia, Art.40,D.F.L.(Ed) N°2, de 1998;72784579;0
09;01;20;24;03;188;Bono de Desempeño Laboral, Art. Cuarto Transitorio, Ley N°21.109;16047503;0
09;01;20;24;03;191;Bono extraordinario Asistentes de la Educación, Art. 11° Transitorio, Ley N°21.819;3892851;0
09;01;20;24;03;387;Bonificación de Profesores Encargados, Ley N°19.715, Art.13;2368373;0
09;01;20;24;03;394;Asignaciones por Desempeño Colectivo, Art.18, Ley N°19.933;7174937;0
09;01;20;24;03;398;Bonificación de Reconocimiento Profesional, Art. 54 del D.F.L. (Ed.)N°1, de 1997 y la Ley N° 20.158;606283074;0
09;01;20;24;03;700;Subvención Desempeño de Excelencia, Asistentes de la Educación, Ley N° 20.244;5135852;0
09;01;20;24;03;711;Bono Especial para Docentes Jubilados, Art.4°, Ley N°20.501;9798;0
09;01;20;24;03;714;Bonificación Adicional por Antigüedad, Art.7°, Ley N°20.964;11750890;0
09;01;20;24;03;720;Aporte Fiscal Extraordinario, Art. 6° y 7° de la Ley N°20.822 y Ley N° 20.976;14149359;0
09;01;20;24;03;721;Aporte Complementario, Art. 6° de la Ley N° 20.822 y la Ley N° 20.976;12347124;0
09;01;20;24;03;723;Asignación por Tramo de Desarrollo Profesional, artículos 49 y 63 del D.F.L. (Ed.) N°1, de 1997;214718942;0
09;01;20;24;03;724;Asignación por Docencia en Establecimientos de Alta Concentración de Alumnos Prioritarios, artículos 50 y 63 del D.F.L.(Ed.) N°1,de 1997.;135940062;0
09;01;20;24;03;725;Bono al Personal Asistente de la Educación, Art.59 de la Ley N° 20.883;933451;0
09;01;20;25;00;000;INTEGROS AL FISCO;10;0
09;01;20;25;99;000;Otros Integros al Fisco;10;0
09;01;20;34;00;000;SERVICIO DE LA DEUDA;10;0
09;01;20;34;07;000;Deuda Flotante;10;0
09;01;20;35;00;000;SALDO FINAL DE CAJA;10;0
09;02;01;05;00;000;TRANSFERENCIAS CORRIENTES;10;0
09;02;01;05;02;000;Del Gobierno Central;10;0
09;02;01;05;02;201;Recuperación de Licencias Médicas - FONASA;10;0
09;02;01;08;00;000;OTROS INGRESOS CORRIENTES;30;0
09;02;01;08;01;000;Recuperaciones y Reembolsos por Licencias Médicas;10;0
09;02;01;08;02;000;Multas y Sanciones Pecuniarias;10;0
09;02;01;08;99;000;Otros;10;0
09;02;01;09;00;000;APORTE FISCAL;45466741;0
09;02;01;09;01;000;Libre;45466741;0
09;02;01;12;00;000;RECUPERACIÓN DE PRÉSTAMOS;10;0
09;02;01;12;10;000;Ingresos por Percibir;10;0
09;02;01;15;00;000;SALDO INICIAL DE CAJA;20;0
09;02;01;21;00;000;GASTOS EN PERSONAL;37553581;0
09;02;01;22;00;000;BIENES Y SERVICIOS DE CONSUMO;7587010;0
09;02;01;23;00;000;PRESTACIONES DE SEGURIDAD SOCIAL;10;0
09;02;01;23;03;000;Prestaciones Sociales del Empleador;10;0
09;02;01;25;00;000;INTEGROS AL FISCO;20;0
09;02;01;25;99;000;Otros Integros al Fisco;20;0
09;02;01;29;00;000;ADQUISICIÓN DE ACTIVOS NO FINANCIEROS;326170;0
09;02;01;29;07;000;Programas Informáticos;326170;0
09;02;01;34;00;000;SERVICIO DE LA DEUDA;10;0
09;02;01;34;07;000;Deuda Flotante;10;0
09;02;01;35;00;000;SALDO FINAL DE CAJA;10;0
09;03;01;05;00;000;TRANSFERENCIAS CORRIENTES;10;0
09;03;01;05;02;000;Del Gobierno Central;10;0
09;03;01;05;02;201;Recuperación de Licencias Médicas - FONASA;10;0
09;03;01;08;00;000;OTROS INGRESOS CORRIENTES;30;0
09;03;01;08;01;000;Recuperaciones y Reembolsos por Licencias Médicas;10;0
09;03;01;08;02;000;Multas y Sanciones Pecuniarias;10;0
09;03;01;08;99;000;Otros;10;0
09;03;01;09;00;000;APORTE FISCAL;46027054;0
09;03;01;09;01;000;Libre;46027054;0
09;03;01;12;00;000;RECUPERACIÓN DE PRÉSTAMOS;10;0
09;03;01;12;10;000;Ingresos por Percibir;10;0
09;03;01;15;00;000;SALDO INICIAL DE CAJA;20;0
09;03;01;21;00;000;GASTOS EN PERSONAL;18188453;0
09;03;01;22;00;000;BIENES Y SERVICIOS DE CONSUMO;1669679;0
09;03;01;23;00;000;PRESTACIONES DE SEGURIDAD SOCIAL;10;0
09;03;01;23;03;000;Prestaciones Sociales del Empleador;10;0
09;03;01;24;00;000;TRANSFERENCIAS CORRIENTES;25576159;0
09;03;01;24;09;000;A Unidades o Programas del Servicio;25576159;0
09;03;01;24;09;001;Evaluación de Logros de Aprendizaje;22161447;0
09;03;01;24;09;002;Evaluación de Desempeño, Párrafo 2° del Título II de la Ley N°20.529;2246341;0
09;03;01;24;09;615;Evaluación del Cumplimiento de Estándares de Desempeño Profesional Docente;1168371;0
09;03;01;25;00;000;INTEGROS AL FISCO;20;0
09;03;01;25;99;000;Otros Integros al Fisco;20;0
09;03;01;29;00;000;ADQUISICIÓN DE ACTIVOS NO FINANCIEROS;592783;0
09;03;01;29;06;000;Equipos Informáticos;27171;0
09;03;01;29;07;000;Programas Informáticos;565612;0
09;03;01;34;00;000;SERVICIO DE LA DEUDA;10;0
09;03;01;34;07;000;Deuda Flotante;10;0
09;03;01;35;00;000;SALDO FINAL DE CAJA;10;0
09;04;01;05;00;000;TRANSFERENCIAS CORRIENTES;1973699;0
09;04;01;05;02;000;Del Gobierno Central;1973699;0
09;04;01;05;02;007;Ley N°20.595 y Sistema Chile Solidario;1973689;0
09;04;01;05;02;201;Recuperación de Licencias Médicas - FONASA;10;0
09;04;01;08;00;000;OTROS INGRESOS CORRIENTES;30;0
09;04;01;08;01;000;Recuperaciones y Reembolsos por Licencias Médicas;10;0
09;04;01;08;02;000;Multas y Sanciones Pecuniarias;10;0
09;04;01;08;99;000;Otros;10;0
09;04;01;09;00;000;APORTE FISCAL;452807388;0
09;04;01;09;01;000;Libre;452807388;0
09;04;01;12;00;000;RECUPERACIÓN DE PRÉSTAMOS;10;0
09;04;01;12;10;000;Ingresos por Percibir;10;0
09;04;01;15;00;000;SALDO INICIAL DE CAJA;20;0
09;04;01;21;00;000;GASTOS EN PERSONAL;5478038;0
09;04;01;22;00;000;BIENES Y SERVICIOS DE CONSUMO;822707;0
09;04;01;23;00;000;PRESTACIONES DE SEGURIDAD SOCIAL;10;0
09;04;01;23;03;000;Prestaciones Sociales del Empleador;10;0
09;04;01;24;00;000;TRANSFERENCIAS CORRIENTES;437947703;0
09;04;01;24;01;000;Al Sector Privado;437947703;0
09;04;01;24;01;024;Convenio Integra;437947703;0
09;04;01;25;00;000;INTEGROS AL FISCO;20;0
09;04;01;25;99;000;Otros Integros al Fisco;20;0
09;04;01;29;00;000;ADQUISICIÓN DE ACTIVOS NO FINANCIEROS;46663;0
09;04;01;29;05;000;Máquinas y Equipos;2121;0
09;04;01;29;06;000;Equipos Informáticos;1019;0
09;04;01;29;07;000;Programas Informáticos;43523;0
09;04;01;33;00;000;TRANSFERENCIAS DE CAPITAL;10485986;0
09;04;01;33;01;000;Al Sector Privado;10485986;0
09;04;01;33;01;024;Convenio INTEGRA;10485986;0
09;04;01;34;00;000;SERVICIO DE LA DEUDA;10;0
09;04;01;34;07;000;Deuda Flotante;10;0
09;04;01;35;00;000;SALDO FINAL DE CAJA;10;0
09;09;01;05;00;000;TRANSFERENCIAS CORRIENTES;6447124;0
09;09;01;05;02;000;Del Gobierno Central;6447124;0
09;09;01;05;02;003;Ministerio de la Mujer y la Equidad de Género;2171618;0
09;09;01;05;02;005;Ley N° 20.595 y Sistema Chile Solidario;4275496;0
09;09;01;05;02;201;Recuperación de Licencias Médicas - FONASA;10;0
09;09;01;08;00;000;OTROS INGRESOS CORRIENTES;11551794;0
09;09;01;08;01;000;Recuperaciones y Reembolsos por Licencias Médicas;10;0
09;09;01;08;02;000;Multas y Sanciones Pecuniarias;4802187;0
09;09;01;08;99;000;Otros;6749597;0
09;09;01;09;00;000;APORTE FISCAL;1206241025;0
09;09;01;09;01;000;Libre;1206241025;0
09;09;01;10;00;000;VENTA DE ACTIVOS NO FINANCIEROS;10;0
09;09;01;10;03;000;Vehículos;10;0
09;09;01;12;00;000;RECUPERACIÓN DE PRÉSTAMOS;158939;0
09;09;01;12;10;000;Ingresos por Percibir;158939;0
09;09;01;15;00;000;SALDO INICIAL DE CAJA;20;0
09;09;01;21;00;000;GASTOS EN PERSONAL;33361419;0
09;09;01;22;00;000;BIENES Y SERVICIOS DE CONSUMO;6049967;0
09;09;01;23;00;000;PRESTACIONES DE SEGURIDAD SOCIAL;10;0
09;09;01;23;03;000;Prestaciones Sociales del Empleador;10;0
09;09;01;24;00;000;TRANSFERENCIAS CORRIENTES;1180265248;0
09;09;01;24;01;000;Al Sector Privado;4031404;0
09;09;01;24;01;292;Bono Manipuladoras Zonas Extremas;4031404;0
09;09;01;24;09;000;A Unidades o Programas del Servicio;1176233844;0
09;09;01;24;09;234;Capacitación a Terceros;212183;0
09;09;01;24;09;239;Control Programas de la JUNAEB;1542324;0
09;09;01;24;09;295;Programa de Alimentación Escolar y Parvularia;1174479337;0
09;09;01;25;00;000;INTEGROS AL FISCO;20;0
09;09;01;25;99;000;Otros Integros al Fisco;20;0
09;09;01;26;00;000;OTROS GASTOS CORRIENTES;2012180;0
09;09;01;26;02;000;Compensaciones por Daños a Terceros y/o a la Propiedad;2012180;0
09;09;01;29;00;000;ADQUISICIÓN DE ACTIVOS NO FINANCIEROS;1215030;0
09;09;01;29;05;000;Máquinas y Equipos;16365;0
09;09;01;29;06;000;Equipos Informáticos;143418;0
09;09;01;29;07;000;Programas Informáticos;1055247;0
09;09;01;31;00;000;INICIATIVAS DE INVERSIÓN;1495018;0
09;09;01;31;02;000;Proyectos;1495018;0
09;09;01;34;00;000;SERVICIO DE LA DEUDA;10;0
09;09;01;34;07;000;Deuda Flotante;10;0
09;09;01;35;00;000;SALDO FINAL DE CAJA;10;0
09;09;02;08;00;000;OTROS INGRESOS CORRIENTES;262309;0
09;09;02;08;99;000;Otros;262309;0
09;09;02;09;00;000;APORTE FISCAL;42866580;0
09;09;02;09;01;000;Libre;42866580;0
09;09;02;15;00;000;SALDO INICIAL DE CAJA;20;0
09;09;02;24;00;000;TRANSFERENCIAS CORRIENTES;43128889;0
09;09;02;24;03;000;A Otras Entidades Públicas;23859758;0
09;09;02;24;03;001;Escuelas Saludables para el Aprendizaje;1363043;0
09;09;02;24;03;169;Habilidades para la vida y escuelas saludables;22496715;0
09;09;02;24;09;000;A Unidades o Programas del Servicio;19269131;0
09;09;02;24;09;167;Salud oral;11425134;0
09;09;02;24;09;168;Asistencia médica parvularia, básica y media;4757597;0
09;09;02;24;09;907;Programa Bienestar Socioemocional, Ley N°21.809;3086400;0
09;09;02;34;00;000;SERVICIO DE LA DEUDA;10;0
09;09;02;34;07;000;Deuda Flotante;10;0
09;09;02;35;00;000;SALDO FINAL DE CAJA;10;0
09;09;03;08;00;000;OTROS INGRESOS CORRIENTES;1440320;0
09;09;03;08;99;000;Otros;1440320;0
09;09;03;09;00;000;APORTE FISCAL;466626571;0
09;09;03;09;01;000;Libre;466626571;0
09;09;03;15;00;000;SALDO INICIAL DE CAJA;20;0
09;09;03;24;00;000;TRANSFERENCIAS CORRIENTES;468066891;0
09;09;03;24;01;000;Al Sector Privado;435705641;0
09;09;03;24;01;189;Programa  de Becas Indígenas;31082407;0
09;09;03;24;01;238;Programa Especial de Becas Art.56 Ley N° 18.681;7505995;0
09;09;03;24;01;250;Programa de Becas Presidente de  la República;35611346;0
09;09;03;24;01;252;Becas de Mantención  para Educación Superior;358405481;0
09;09;03;24;01;259;Bonificación de Prácticas Profesionales, Educación Media Técnico Profesional;1952725;0
09;09;03;24;01;267;Beca Polimetales de Arica - 59936;1147687;0
09;09;03;24;03;000;A Otras Entidades Públicas;6150377;0
09;09;03;24;03;236;Residencia Familiar Estudiantil;6150377;0
09;09;03;24;09;000;A Unidades o Programas del Servicio;26210873;0
09;09;03;24;09;174;Hogares Estudiantiles JUNAEB;716179;0
09;09;03;24;09;189;Programa de Becas Indígenas;3867959;0
09;09;03;24;09;235;Programa Especial de Útiles Escolares;10795399;0
09;09;03;24;09;257;Tarjeta Nacional del Estudiante;10831336;0
09;09;03;34;00;000;SERVICIO DE LA DEUDA;10;0
09;09;03;34;07;000;Deuda Flotante;10;0
09;09;03;35;00;000;SALDO FINAL DE CAJA;10;0
09;11;01;05;00;000;TRANSFERENCIAS CORRIENTES;566335;0
09;11;01;05;02;000;Del Gobierno Central;566335;0
09;11;01;05;02;030;Red de Bibliotecas Públicas - Servicio Nacional del Patrimonio Cultural;566325;0
09;11;01;05;02;201;Recuperación de Licencias Médicas - FONASA;10;0
09;11;01;07;00;000;INGRESOS DE OPERACIÓN;1572;0
09;11;01;08;00;000;OTROS INGRESOS CORRIENTES;1226;0
09;11;01;08;01;000;Recuperaciones y Reembolsos por Licencias Médicas;10;0
09;11;01;08;02;000;Multas y Sanciones Pecuniarias;1206;0
09;11;01;08;99;000;Otros;10;0
09;11;01;09;00;000;APORTE FISCAL;722605295;0
09;11;01;09;01;000;Libre;714842518;0
09;11;01;09;03;000;Servicio de la Deuda Externa;7762777;0
09;11;01;12;00;000;RECUPERACIÓN DE PRÉSTAMOS;10;0
09;11;01;12;10;000;Ingresos por Percibir;10;0
09;11;01;15;00;000;SALDO INICIAL DE CAJA;20;0
09;11;01;21;00;000;GASTOS EN PERSONAL;282903191;0
09;11;01;22;00;000;BIENES Y SERVICIOS DE CONSUMO;36224917;0
09;11;01;23;00;000;PRESTACIONES DE SEGURIDAD SOCIAL;20;0
09;11;01;23;01;000;Prestaciones Previsionales;10;0
09;11;01;23;03;000;Prestaciones Sociales del Empleador;10;0
09;11;01;24;00;000;TRANSFERENCIAS CORRIENTES;358406754;0
09;11;01;24;01;000;Al Sector Privado;54789269;0
09;11;01;24;01;170;Convenios Jardines Infantiles VTF con Instituciones Privadas;54789269;0
09;11;01;24;02;000;Al Gobierno Central;174890496;0
09;11;01;24;02;001;Junta Nacional de Jardines Infantiles - Slep;174890496;0
09;11;01;24;03;000;A Otras Entidades Públicas;123944712;0
09;11;01;24;03;170;Convenios Jardines Infantiles VTF con Municipalidades y Otras Instituciones Públicas;123944712;0
09;11;01;24;09;000;A Unidades o Programas del Servicio;4782277;0
09;11;01;24;09;171;Programa de Material de Enseñanza;3436250;0
09;11;01;24;09;178;Plan Fomento de Lectura Primera Infancia;566325;0
09;11;01;24;09;180;Capacitación a Terceros;779702;0
09;11;01;25;00;000;INTEGROS AL FISCO;20;0
09;11;01;25;01;000;Impuestos;10;0
09;11;01;25;99;000;Otros Integros al Fisco;10;0
09;11;01;26;00;000;OTROS GASTOS CORRIENTES;1359896;0
09;11;01;26;01;000;Devoluciones;10;0
09;11;01;26;02;000;Compensaciones por Daños a Terceros y/o a la Propiedad;1359886;0
09;11;01;29;00;000;ADQUISICIÓN DE ACTIVOS NO FINANCIEROS;1059372;0
09;11;01;29;04;000;Mobiliario y Otros;538337;0
09;11;01;29;05;000;Máquinas y Equipos;265815;0
09;11;01;29;99;000;Otros Activos no Financieros;255220;0
09;11;01;31;00;000;INICIATIVAS DE INVERSIÓN;21947785;0
09;11;01;31;02;000;Proyectos;21947785;0
09;11;01;33;00;000;TRANSFERENCIAS DE CAPITAL;13509706;0
09;11;01;33;01;000;Al Sector Privado;1720667;0
09;11;01;33;01;001;Jardines Infantiles VTF con Instituciones Privadas;1720667;0
09;11;01;33;02;000;Al Gobierno Central;3459224;0
09;11;01;33;02;001;Junta Nacional de Jardines Infantiles - Slep - (TRANSFERENCIAS DE JUNJI);3459224;0
09;11;01;33;03;000;A Otras Entidades Públicas;8329815;0
09;11;01;33;03;005;Jardines Infantiles VTF con Municipalidades y Otras Instituciones Públicas;8329815;0
09;11;01;34;00;000;SERVICIO DE LA DEUDA;7762787;0
09;11;01;34;02;000;Amortización Deuda Externa;6627618;0
09;11;01;34;04;000;Intereses Deuda Externa;1135159;0
09;11;01;34;07;000;Deuda Flotante;10;0
09;11;01;35;00;000;SALDO FINAL DE CAJA;10;0
09;11;02;05;00;000;TRANSFERENCIAS CORRIENTES;115532;0
09;11;02;05;02;000;Del Gobierno Central;115532;0
09;11;02;05;02;030;Red de Bibliotecas Públicas - Servicio Nacional del Patrimonio Cultural;115522;0
09;11;02;05;02;201;Recuperación de Licencias Médicas - FONASA;10;0
09;11;02;08;00;000;OTROS INGRESOS CORRIENTES;1226;0
09;11;02;08;01;000;Recuperaciones y Reembolsos por Licencias Médicas;10;0
09;11;02;08;02;000;Multas y Sanciones Pecuniarias;1206;0
09;11;02;08;99;000;Otros;10;0
09;11;02;09;00;000;APORTE FISCAL;25193050;0
09;11;02;09;01;000;Libre;25193050;0
09;11;02;15;00;000;SALDO INICIAL DE CAJA;20;0
09;11;02;21;00;000;GASTOS EN PERSONAL;18740482;0
09;11;02;22;00;000;BIENES Y SERVICIOS DE CONSUMO;1996435;0
09;11;02;23;00;000;PRESTACIONES DE SEGURIDAD SOCIAL;20;0
09;11;02;23;01;000;Prestaciones Previsionales;10;0
09;11;02;23;03;000;Prestaciones Sociales del Empleador;10;0
09;11;02;24;00;000;TRANSFERENCIAS CORRIENTES;4452987;0
09;11;02;24;09;000;A Unidades o Programas del Servicio;4452987;0
09;11;02;24;09;171;Programa de Material de Enseñanza;1049656;0
09;11;02;24;09;172;Programa Conozca a su Hijo y Proyecto Mejoramiento Atención a la Infancia;3287809;0
09;11;02;24;09;178;Plan Fomento de Lectura Primera Infancia;115522;0
09;11;02;25;00;000;INTEGROS AL FISCO;20;0
09;11;02;25;99;000;Otros Integros al Fisco;20;0
09;11;02;29;00;000;ADQUISICIÓN DE ACTIVOS NO FINANCIEROS;119864;0
09;11;02;29;04;000;Mobiliario y Otros;7447;0
09;11;02;29;05;000;Máquinas y Equipos;72016;0
09;11;02;29;99;000;Otros Activos no Financieros;40401;0
09;11;02;34;00;000;SERVICIO DE LA DEUDA;10;0
09;11;02;34;07;000;Deuda Flotante;10;0
09;11;02;35;00;000;SALDO FINAL DE CAJA;10;0
09;11;04;05;00;000;TRANSFERENCIAS CORRIENTES;10;0
09;11;04;05;02;000;Del Gobierno Central;10;0
09;11;04;05;02;201;Recuperación de Licencias Médicas - FONASA;10;0
09;11;04;08;00;000;OTROS INGRESOS CORRIENTES;1226;0
09;11;04;08;01;000;Recuperaciones y Reembolsos por Licencias Médicas;10;0
09;11;04;08;02;000;Multas y Sanciones Pecuniarias;1206;0
09;11;04;08;99;000;Otros;10;0
09;11;04;09;00;000;APORTE FISCAL;109395034;0
09;11;04;09;01;000;Libre;109395034;0
09;11;04;12;00;000;RECUPERACIÓN DE PRÉSTAMOS;10;0
09;11;04;12;10;000;Ingresos por Percibir;10;0
09;11;04;15;00;000;SALDO INICIAL DE CAJA;20;0
09;11;04;21;00;000;GASTOS EN PERSONAL;90436004;0
09;11;04;22;00;000;BIENES Y SERVICIOS DE CONSUMO;16980992;0
09;11;04;23;00;000;PRESTACIONES DE SEGURIDAD SOCIAL;20;0
09;11;04;23;01;000;Prestaciones Previsionales;10;0
09;11;04;23;03;000;Prestaciones Sociales del Empleador;10;0
09;11;04;25;00;000;INTEGROS AL FISCO;20;0
09;11;04;25;99;000;Otros Integros al Fisco;20;0
09;11;04;26;00;000;OTROS GASTOS CORRIENTES;10;0
09;11;04;26;01;000;Devoluciones;10;0
09;11;04;29;00;000;ADQUISICIÓN DE ACTIVOS NO FINANCIEROS;1979234;0
09;11;04;29;05;000;Máquinas y Equipos;1061;0
09;11;04;29;06;000;Equipos Informáticos;54719;0
09;11;04;29;07;000;Programas Informáticos;1923454;0
09;11;04;34;00;000;SERVICIO DE LA DEUDA;10;0
09;11;04;34;07;000;Deuda Flotante;10;0
09;11;04;35;00;000;SALDO FINAL DE CAJA;10;0
09;13;01;05;00;000;TRANSFERENCIAS CORRIENTES;462912;0
09;13;01;05;02;000;Del Gobierno Central;10;0
09;13;01;05;02;201;Recuperación de Licencias Médicas - FONASA;10;0
09;13;01;05;03;000;De Otras Entidades Públicas;462902;0
09;13;01;05;03;001;Universidades;462902;0
09;13;01;08;00;000;OTROS INGRESOS CORRIENTES;10;0
09;13;01;08;01;000;Recuperaciones y Reembolsos por Licencias Médicas;10;0
09;13;01;09;00;000;APORTE FISCAL;98587;0
09;13;01;09;01;000;Libre;98587;0
09;13;01;15;00;000;SALDO INICIAL DE CAJA;10;0
09;13;01;21;00;000;GASTOS EN PERSONAL;478403;0
09;13;01;22;00;000;BIENES Y SERVICIOS DE CONSUMO;78824;0
09;13;01;23;00;000;PRESTACIONES DE SEGURIDAD SOCIAL;10;0
09;13;01;23;03;000;Prestaciones Sociales del Empleador;10;0
09;13;01;25;00;000;INTEGROS AL FISCO;20;0
09;13;01;25;99;000;Otros Integros al Fisco;20;0
09;13;01;29;00;000;ADQUISICIÓN DE ACTIVOS NO FINANCIEROS;4242;0
09;13;01;29;06;000;Equipos Informáticos;2121;0
09;13;01;29;07;000;Programas Informáticos;2121;0
09;13;01;34;00;000;SERVICIO DE LA DEUDA;10;0
09;13;01;34;07;000;Deuda Flotante;10;0
09;13;01;35;00;000;SALDO FINAL DE CAJA;10;0
09;15;01;05;00;000;TRANSFERENCIAS CORRIENTES;10;0
09;15;01;05;02;000;Del Gobierno Central;10;0
09;15;01;05;02;201;Recuperación de Licencias Médicas - FONASA;10;0
09;15;01;07;00;000;INGRESOS DE OPERACIÓN;60008;0
09;15;01;08;00;000;OTROS INGRESOS CORRIENTES;20;0
09;15;01;08;01;000;Recuperaciones y Reembolsos por Licencias Médicas;10;0
09;15;01;08;99;000;Otros;10;0
09;15;01;09;00;000;APORTE FISCAL;2279855;0
09;15;01;09;01;000;Libre;2279855;0
09;15;01;12;00;000;RECUPERACIÓN DE PRÉSTAMOS;10;0
09;15;01;12;10;000;Ingresos por Percibir;10;0
09;15;01;15;00;000;SALDO INICIAL DE CAJA;20;0
09;15;01;21;00;000;GASTOS EN PERSONAL;2098175;0
09;15;01;22;00;000;BIENES Y SERVICIOS DE CONSUMO;230000;0
09;15;01;23;00;000;PRESTACIONES DE SEGURIDAD SOCIAL;10;0
09;15;01;23;01;000;Prestaciones Previsionales;10;0
09;15;01;24;00;000;TRANSFERENCIAS CORRIENTES;10;0
09;15;01;24;03;000;A Otras Entidades Públicas;10;0
09;15;01;24;03;001;Aplicación Art.87, letra g), DFL N°2,  de 2010;10;0
09;15;01;25;00;000;INTEGROS AL FISCO;30;0
09;15;01;25;01;000;Impuestos;10;0
09;15;01;25;99;000;Otros Integros al Fisco;20;0
09;15;01;29;00;000;ADQUISICIÓN DE ACTIVOS NO FINANCIEROS;11678;0
09;15;01;29;05;000;Máquinas y Equipos;2800;0
09;15;01;29;06;000;Equipos Informáticos;3477;0
09;15;01;29;07;000;Programas Informáticos;5401;0
09;15;01;34;00;000;SERVICIO DE LA DEUDA;10;0
09;15;01;34;07;000;Deuda Flotante;10;0
09;15;01;35;00;000;SALDO FINAL DE CAJA;10;0
09;17;01;05;00;000;TRANSFERENCIAS CORRIENTES;10;0
09;17;01;05;02;000;Del Gobierno Central;10;0
09;17;01;05;02;201;Recuperación de Licencias Médicas - FONASA;10;0
09;17;01;08;00;000;OTROS INGRESOS CORRIENTES;20;0
09;17;01;08;01;000;Recuperaciones y Reembolsos por Licencias Médicas;10;0
09;17;01;08;99;000;Otros;10;0
09;17;01;09;00;000;APORTE FISCAL;12614289;0
09;17;01;09;01;000;Libre;12614289;0
09;17;01;12;00;000;RECUPERACIÓN DE PRÉSTAMOS;10;0
09;17;01;12;10;000;Ingresos por Percibir;10;0
09;17;01;15;00;000;SALDO INICIAL DE CAJA;20;0
09;17;01;21;00;000;GASTOS EN PERSONAL;8888485;0
09;17;01;22;00;000;BIENES Y SERVICIOS DE CONSUMO;3282491;0
09;17;01;23;00;000;PRESTACIONES DE SEGURIDAD SOCIAL;10;0
09;17;01;23;03;000;Prestaciones Sociales del Empleador;10;0
09;17;01;24;00;000;TRANSFERENCIAS CORRIENTES;84259;0
09;17;01;24;07;000;A Organismos Internacionales;84259;0
09;17;01;24;07;001;Convenios con Organismos Internacionales;84259;0
09;17;01;25;00;000;INTEGROS AL FISCO;20;0
09;17;01;25;99;000;Otros Integros al Fisco;20;0
09;17;01;29;00;000;ADQUISICIÓN DE ACTIVOS NO FINANCIEROS;359064;0
09;17;01;29;04;000;Mobiliario y Otros;5146;0
09;17;01;29;05;000;Máquinas y Equipos;3855;0
09;17;01;29;06;000;Equipos Informáticos;27046;0
09;17;01;29;07;000;Programas Informáticos;323017;0
09;17;01;34;00;000;SERVICIO DE LA DEUDA;10;0
09;17;01;34;07;000;Deuda Flotante;10;0
09;17;01;35;00;000;SALDO FINAL DE CAJA;10;0
09;17;02;05;00;000;TRANSFERENCIAS CORRIENTES;23045120;0
09;17;02;05;02;000;Del Gobierno Central;23045120;0
09;17;02;05;02;005;Fondo para la Infraestructura Escolar, Ley N° 21.819;23045120;0
09;17;02;08;00;000;OTROS INGRESOS CORRIENTES;10;0
09;17;02;08;99;000;Otros;10;0
09;17;02;09;00;000;APORTE FISCAL;557782451;0
09;17;02;09;01;000;Libre;533609749;0
09;17;02;09;03;000;Servicio de la Deuda Externa;24172702;0
09;17;02;15;00;000;SALDO INICIAL DE CAJA;20;0
09;17;02;24;00;000;TRANSFERENCIAS CORRIENTES;458281878;0
09;17;02;24;02;000;Al Gobierno Central;387609285;0
09;17;02;24;02;051;Fondo de Apoyo a la Educación Pública - Servicios Locales;102667365;0
09;17;02;24;02;078;Déficit Servicios Educativos SLEP;284941920;0
09;17;02;24;03;000;A Otras Entidades Públicas;70672593;0
09;17;02;24;03;051;Fondo de Apoyo a la Educación Pública;45110346;0
09;17;02;24;03;058;Aporte a las Municipalidades;10;0
09;17;02;24;03;061;Fondo para la Reactivación Educativa (Plan de Reactivación Educativa);2517117;0
09;17;02;24;03;070;Fondo para la Infraestructura Escolar, Ley N° 21.819;23045120;0
09;17;02;25;00;000;INTEGROS AL FISCO;10;0
09;17;02;25;99;000;Otros Integros al Fisco;10;0
09;17;02;33;00;000;TRANSFERENCIAS DE CAPITAL;98372991;0
09;17;02;33;02;000;Al Gobierno Central;43399782;0
09;17;02;33;02;104;Mejoramiento de Infraestructura Escolar Pública - Servicios Locales;43399782;0
09;17;02;33;03;000;A Otras Entidades Públicas;54973209;0
09;17;02;33;03;104;Mejoramiento de Infraestructura Escolar Pública;54973209;0
09;17;02;34;00;000;SERVICIO DE LA DEUDA;24172712;0
09;17;02;34;02;000;Amortización Deuda Externa;22790768;0
09;17;02;34;04;000;Intereses Deuda Externa;1381934;0
09;17;02;34;07;000;Deuda Flotante;10;0
09;17;02;35;00;000;SALDO FINAL DE CAJA;10;0
09;18;01;05;00;000;TRANSFERENCIAS CORRIENTES;10;0
09;18;01;05;02;000;Del Gobierno Central;10;0
09;18;01;05;02;201;Recuperación de Licencias Médicas - FONASA;10;0
09;18;01;08;00;000;OTROS INGRESOS CORRIENTES;20;0
09;18;01;08;01;000;Recuperaciones y Reembolsos por Licencias Médicas;10;0
09;18;01;08;99;000;Otros;10;0
09;18;01;09;00;000;APORTE FISCAL;4381628;0
09;18;01;09;01;000;Libre;4381628;0
09;18;01;15;00;000;SALDO INICIAL DE CAJA;20;0
09;18;01;21;00;000;GASTOS EN PERSONAL;3573102;0
09;18;01;22;00;000;BIENES Y SERVICIOS DE CONSUMO;785350;0
09;18;01;23;00;000;PRESTACIONES DE SEGURIDAD SOCIAL;10;0
09;18;01;23;03;000;Prestaciones Sociales del Empleador;10;0
09;18;01;25;00;000;INTEGROS AL FISCO;20;0
09;18;01;25;99;000;Otros Integros al Fisco;20;0
09;18;01;29;00;000;ADQUISICIÓN DE ACTIVOS NO FINANCIEROS;23176;0
09;18;01;29;04;000;Mobiliario y Otros;2058;0
09;18;01;29;05;000;Máquinas y Equipos;2058;0
09;18;01;29;06;000;Equipos Informáticos;3086;0
09;18;01;29;07;000;Programas Informáticos;15974;0
09;18;01;34;00;000;SERVICIO DE LA DEUDA;10;0
09;18;01;34;07;000;Deuda Flotante;10;0
09;18;01;35;00;000;SALDO FINAL DE CAJA;10;0
09;18;02;05;00;000;TRANSFERENCIAS CORRIENTES;72083466;0
09;18;02;05;02;000;Del Gobierno Central;72083466;0
09;18;02;05;02;001;Subvenciones a los Establecimientos Educacionales;59387024;0
09;18;02;05;02;002;Junta Nacional de Jardines Infantiles;6420843;0
09;18;02;05;02;004;Dirección de Educación Pública Programa 02;6275549;0
09;18;02;05;02;005;Subsecretaría de Educación;40;0
09;18;02;05;02;201;Recuperación de Licencias Médicas - FONASA;10;0
09;18;02;08;00;000;OTROS INGRESOS CORRIENTES;10;0
09;18;02;08;01;000;Recuperaciones y Reembolsos por Licencias Médicas;10;0
09;18;02;13;00;000;TRANSFERENCIAS PARA GASTOS DE CAPITAL;2324094;0
09;18;02;13;02;000;Del Gobierno Central;2324094;0
09;18;02;13;02;002;Dirección de Educación Pública;2324064;0
09;18;02;13;02;005;Subsecretaría de Educación;30;0
09;18;02;15;00;000;SALDO INICIAL DE CAJA;20;0
09;18;02;21;00;000;GASTOS EN PERSONAL;65092357;0
09;18;02;22;00;000;BIENES Y SERVICIOS DE CONSUMO;6565990;0
09;18;02;23;00;000;PRESTACIONES DE SEGURIDAD SOCIAL;10;0
09;18;02;23;03;000;Prestaciones Sociales del Empleador;10;0
09;18;02;24;00;000;TRANSFERENCIAS CORRIENTES;10;0
09;18;02;24;03;000;A Otras Entidades Públicas;10;0
09;18;02;24;03;001;Convenios para el Mejoramiento de la Calidad de la Educación;10;0
09;18;02;25;00;000;INTEGROS AL FISCO;20;0
09;18;02;25;99;000;Otros Integros al Fisco;20;0
09;18;02;29;00;000;ADQUISICIÓN DE ACTIVOS NO FINANCIEROS;425089;0
09;18;02;29;04;000;Mobiliario y Otros;172554;0
09;18;02;29;05;000;Máquinas y Equipos;18475;0
09;18;02;29;06;000;Equipos Informáticos;212597;0
09;18;02;29;07;000;Programas Informáticos;21463;0
09;18;02;31;00;000;INICIATIVAS DE INVERSIÓN;2324094;0
09;18;02;31;02;000;Proyectos;2324094;0
09;18;02;34;00;000;SERVICIO DE LA DEUDA;10;0
09;18;02;34;07;000;Deuda Flotante;10;0
09;18;02;35;00;000;SALDO FINAL DE CAJA;10;0
09;19;01;05;00;000;TRANSFERENCIAS CORRIENTES;10;0
09;19;01;05;02;000;Del Gobierno Central;10;0
09;19;01;05;02;201;Recuperación de Licencias Médicas - FONASA;10;0
09;19;01;08;00;000;OTROS INGRESOS CORRIENTES;20;0
09;19;01;08;01;000;Recuperaciones y Reembolsos por Licencias Médicas;10;0
09;19;01;08;99;000;Otros;10;0
09;19;01;09;00;000;APORTE FISCAL;3231330;0
09;19;01;09;01;000;Libre;3231330;0
09;19;01;15;00;000;SALDO INICIAL DE CAJA;20;0
09;19;01;21;00;000;GASTOS EN PERSONAL;3001135;0
09;19;01;22;00;000;BIENES Y SERVICIOS DE CONSUMO;221540;0
09;19;01;23;00;000;PRESTACIONES DE SEGURIDAD SOCIAL;10;0
09;19;01;23;03;000;Prestaciones Sociales del Empleador;10;0
09;19;01;25;00;000;INTEGROS AL FISCO;20;0
09;19;01;25;99;000;Otros Integros al Fisco;20;0
09;19;01;29;00;000;ADQUISICIÓN DE ACTIVOS NO FINANCIEROS;8655;0
09;19;01;29;04;000;Mobiliario y Otros;2058;0
09;19;01;29;05;000;Máquinas y Equipos;2058;0
09;19;01;29;06;000;Equipos Informáticos;3086;0
09;19;01;29;07;000;Programas Informáticos;1453;0
09;19;01;34;00;000;SERVICIO DE LA DEUDA;10;0
09;19;01;34;07;000;Deuda Flotante;10;0
09;19;01;35;00;000;SALDO FINAL DE CAJA;10;0
09;19;02;05;00;000;TRANSFERENCIAS CORRIENTES;55147774;0
09;19;02;05;02;000;Del Gobierno Central;55147774;0
09;19;02;05;02;001;Subvenciones a los Establecimientos Educacionales;50021849;0
09;19;02;05;02;002;Junta Nacional de Jardines Infantiles;1791700;0
09;19;02;05;02;004;Dirección de Educación Pública Programa 02;3334175;0
09;19;02;05;02;005;Subsecretaría de Educación;40;0
09;19;02;05;02;201;Recuperación de Licencias Médicas - FONASA;10;0
09;19;02;08;00;000;OTROS INGRESOS CORRIENTES;10;0
09;19;02;08;01;000;Recuperaciones y Reembolsos por Licencias Médicas;10;0
09;19;02;13;00;000;TRANSFERENCIAS PARA GASTOS DE CAPITAL;1233116;0
09;19;02;13;02;000;Del Gobierno Central;1233116;0
09;19;02;13;02;002;Dirección de Educación Pública;1233086;0
09;19;02;13;02;005;Subsecretaría de Educación;30;0
09;19;02;15;00;000;SALDO INICIAL DE CAJA;20;0
09;19;02;21;00;000;GASTOS EN PERSONAL;47895334;0
09;19;02;22;00;000;BIENES Y SERVICIOS DE CONSUMO;6619594;0
09;19;02;23;00;000;PRESTACIONES DE SEGURIDAD SOCIAL;10;0
09;19;02;23;03;000;Prestaciones Sociales del Empleador;10;0
09;19;02;24;00;000;TRANSFERENCIAS CORRIENTES;10;0
09;19;02;24;03;000;A Otras Entidades Públicas;10;0
09;19;02;24;03;001;Convenios para el Mejoramiento de la Calidad de la Educación;10;0
09;19;02;25;00;000;INTEGROS AL FISCO;20;0
09;19;02;25;99;000;Otros Integros al Fisco;20;0
09;19;02;29;00;000;ADQUISICIÓN DE ACTIVOS NO FINANCIEROS;632816;0
09;19;02;29;04;000;Mobiliario y Otros;267620;0
09;19;02;29;05;000;Máquinas y Equipos;157238;0
09;19;02;29;06;000;Equipos Informáticos;207958;0
09;19;02;31;00;000;INICIATIVAS DE INVERSIÓN;1233116;0
09;19;02;31;02;000;Proyectos;1233116;0
09;19;02;34;00;000;SERVICIO DE LA DEUDA;10;0
09;19;02;34;07;000;Deuda Flotante;10;0
09;19;02;35;00;000;SALDO FINAL DE CAJA;10;0
09;21;01;05;00;000;TRANSFERENCIAS CORRIENTES;10;0
09;21;01;05;02;000;Del Gobierno Central;10;0
09;21;01;05;02;201;Recuperación de Licencias Médicas - FONASA;10;0
09;21;01;08;00;000;OTROS INGRESOS CORRIENTES;20;0
09;21;01;08;01;000;Recuperaciones y Reembolsos por Licencias Médicas;10;0
09;21;01;08;99;000;Otros;10;0
09;21;01;09;00;000;APORTE FISCAL;3188311;0
09;21;01;09;01;000;Libre;3188311;0
09;21;01;15;00;000;SALDO INICIAL DE CAJA;20;0
09;21;01;21;00;000;GASTOS EN PERSONAL;2729489;0
09;21;01;22;00;000;BIENES Y SERVICIOS DE CONSUMO;438684;0
09;21;01;23;00;000;PRESTACIONES DE SEGURIDAD SOCIAL;10;0
09;21;01;23;03;000;Prestaciones Sociales del Empleador;10;0
09;21;01;25;00;000;INTEGROS AL FISCO;20;0
09;21;01;25;99;000;Otros Integros al Fisco;20;0
09;21;01;29;00;000;ADQUISICIÓN DE ACTIVOS NO FINANCIEROS;20138;0
09;21;01;29;04;000;Mobiliario y Otros;2058;0
09;21;01;29;05;000;Máquinas y Equipos;2058;0
09;21;01;29;06;000;Equipos Informáticos;3086;0
09;21;01;29;07;000;Programas Informáticos;12936;0
09;21;01;34;00;000;SERVICIO DE LA DEUDA;10;0
09;21;01;34;07;000;Deuda Flotante;10;0
09;21;01;35;00;000;SALDO FINAL DE CAJA;10;0
09;21;02;05;00;000;TRANSFERENCIAS CORRIENTES;50070910;0
09;21;02;05;02;000;Del Gobierno Central;50070910;0
09;21;02;05;02;001;Subvenciones a los Establecimientos Educacionales;43610887;0
09;21;02;05;02;002;Junta Nacional de Jardines Infantiles;1641424;0
09;21;02;05;02;004;Dirección de Educación Pública Programa 02;4818549;0
09;21;02;05;02;005;Subsecretaría de Educación;40;0
09;21;02;05;02;201;Recuperación de Licencias Médicas - FONASA;10;0
09;21;02;08;00;000;OTROS INGRESOS CORRIENTES;10;0
09;21;02;08;01;000;Recuperaciones y Reembolsos por Licencias Médicas;10;0
09;21;02;13;00;000;TRANSFERENCIAS PARA GASTOS DE CAPITAL;1028830;0
09;21;02;13;02;000;Del Gobierno Central;1028830;0
09;21;02;13;02;002;Dirección de Educación Pública;1028800;0
09;21;02;13;02;005;Subsecretaría de Educación;30;0
09;21;02;15;00;000;SALDO INICIAL DE CAJA;20;0
09;21;02;21;00;000;GASTOS EN PERSONAL;42012974;0
09;21;02;22;00;000;BIENES Y SERVICIOS DE CONSUMO;7797775;0
09;21;02;23;00;000;PRESTACIONES DE SEGURIDAD SOCIAL;10;0
09;21;02;23;03;000;Prestaciones Sociales del Empleador;10;0
09;21;02;24;00;000;TRANSFERENCIAS CORRIENTES;10;0
09;21;02;24;03;000;A Otras Entidades Públicas;10;0
09;21;02;24;03;001;Convenios para el Mejoramiento de la Calidad de la Educación;10;0
09;21;02;25;00;000;INTEGROS AL FISCO;20;0
09;21;02;25;99;000;Otros Integros al Fisco;20;0
09;21;02;29;00;000;ADQUISICIÓN DE ACTIVOS NO FINANCIEROS;260131;0
09;21;02;29;04;000;Mobiliario y Otros;33319;0
09;21;02;29;05;000;Máquinas y Equipos;49929;0
09;21;02;29;06;000;Equipos Informáticos;94290;0
09;21;02;29;07;000;Programas Informáticos;82593;0
09;21;02;31;00;000;INICIATIVAS DE INVERSIÓN;1028830;0
09;21;02;31;02;000;Proyectos;1028830;0
09;21;02;34;00;000;SERVICIO DE LA DEUDA;10;0
09;21;02;34;07;000;Deuda Flotante;10;0
09;21;02;35;00;000;SALDO FINAL DE CAJA;10;0
09;22;01;05;00;000;TRANSFERENCIAS CORRIENTES;10;0
09;22;01;05;02;000;Del Gobierno Central;10;0
09;22;01;05;02;201;Recuperación de Licencias Médicas - FONASA;10;0
09;22;01;08;00;000;OTROS INGRESOS CORRIENTES;20;0
09;22;01;08;01;000;Recuperaciones y Reembolsos por Licencias Médicas;10;0
09;22;01;08;99;000;Otros;10;0
09;22;01;09;00;000;APORTE FISCAL;3658031;0
09;22;01;09;01;000;Libre;3658031;0
09;22;01;15;00;000;SALDO INICIAL DE CAJA;20;0
09;22;01;21;00;000;GASTOS EN PERSONAL;3136228;0
09;22;01;22;00;000;BIENES Y SERVICIOS DE CONSUMO;495657;0
09;22;01;23;00;000;PRESTACIONES DE SEGURIDAD SOCIAL;10;0
09;22;01;23;03;000;Prestaciones Sociales del Empleador;10;0
09;22;01;25;00;000;INTEGROS AL FISCO;20;0
09;22;01;25;99;000;Otros Integros al Fisco;20;0
09;22;01;29;00;000;ADQUISICIÓN DE ACTIVOS NO FINANCIEROS;26146;0
09;22;01;29;04;000;Mobiliario y Otros;2058;0
09;22;01;29;05;000;Máquinas y Equipos;2058;0
09;22;01;29;06;000;Equipos Informáticos;3086;0
09;22;01;29;07;000;Programas Informáticos;18944;0
09;22;01;34;00;000;SERVICIO DE LA DEUDA;10;0
09;22;01;34;07;000;Deuda Flotante;10;0
09;22;01;35;00;000;SALDO FINAL DE CAJA;10;0
09;22;02;05;00;000;TRANSFERENCIAS CORRIENTES;44457346;0
09;22;02;05;02;000;Del Gobierno Central;44457346;0
09;22;02;05;02;001;Subvenciones a los Establecimientos Educacionales;34126819;0
09;22;02;05;02;002;Junta Nacional de Jardines Infantiles;2653272;0
09;22;02;05;02;004;Dirección de Educación Pública Programa 02;7677205;0
09;22;02;05;02;005;Subsecretaría de Educación;40;0
09;22;02;05;02;201;Recuperación de Licencias Médicas - FONASA;10;0
09;22;02;08;00;000;OTROS INGRESOS CORRIENTES;10;0
09;22;02;08;01;000;Recuperaciones y Reembolsos por Licencias Médicas;10;0
09;22;02;13;00;000;TRANSFERENCIAS PARA GASTOS DE CAPITAL;2736010;0
09;22;02;13;02;000;Del Gobierno Central;2736010;0
09;22;02;13;02;002;Dirección de Educación Pública;2735980;0
09;22;02;13;02;005;Subsecretaría de Educación;30;0
09;22;02;15;00;000;SALDO INICIAL DE CAJA;20;0
09;22;02;21;00;000;GASTOS EN PERSONAL;37457292;0
09;22;02;22;00;000;BIENES Y SERVICIOS DE CONSUMO;6793378;0
09;22;02;23;00;000;PRESTACIONES DE SEGURIDAD SOCIAL;10;0
09;22;02;23;03;000;Prestaciones Sociales del Empleador;10;0
09;22;02;24;00;000;TRANSFERENCIAS CORRIENTES;10;0
09;22;02;24;03;000;A Otras Entidades Públicas;10;0
09;22;02;24;03;001;Convenios para el Mejoramiento de la Calidad de la Educación;10;0
09;22;02;25;00;000;INTEGROS AL FISCO;20;0
09;22;02;25;99;000;Otros Integros al Fisco;20;0
09;22;02;29;00;000;ADQUISICIÓN DE ACTIVOS NO FINANCIEROS;206646;0
09;22;02;29;04;000;Mobiliario y Otros;77076;0
09;22;02;29;05;000;Máquinas y Equipos;49485;0
09;22;02;29;06;000;Equipos Informáticos;44489;0
09;22;02;29;07;000;Programas Informáticos;35596;0
09;22;02;31;00;000;INICIATIVAS DE INVERSIÓN;2736010;0
09;22;02;31;02;000;Proyectos;2736010;0
09;22;02;34;00;000;SERVICIO DE LA DEUDA;10;0
09;22;02;34;07;000;Deuda Flotante;10;0
09;22;02;35;00;000;SALDO FINAL DE CAJA;10;0
09;23;01;05;00;000;TRANSFERENCIAS CORRIENTES;10;0
09;23;01;05;02;000;Del Gobierno Central;10;0
09;23;01;05;02;201;Recuperación de Licencias Médicas - FONASA;10;0
09;23;01;08;00;000;OTROS INGRESOS CORRIENTES;20;0
09;23;01;08;01;000;Recuperaciones y Reembolsos por Licencias Médicas;10;0
09;23;01;08;99;000;Otros;10;0
09;23;01;09;00;000;APORTE FISCAL;4155706;0
09;23;01;09;01;000;Libre;4155706;0
09;23;01;15;00;000;SALDO INICIAL DE CAJA;20;0
09;23;01;21;00;000;GASTOS EN PERSONAL;3491115;0
09;23;01;22;00;000;BIENES Y SERVICIOS DE CONSUMO;538458;0
09;23;01;23;00;000;PRESTACIONES DE SEGURIDAD SOCIAL;10;0
09;23;01;23;03;000;Prestaciones Sociales del Empleador;10;0
09;23;01;25;00;000;INTEGROS AL FISCO;20;0
09;23;01;25;99;000;Otros Integros al Fisco;20;0
09;23;01;29;00;000;ADQUISICIÓN DE ACTIVOS NO FINANCIEROS;23253;0
09;23;01;29;04;000;Mobiliario y Otros;2058;0
09;23;01;29;05;000;Máquinas y Equipos;2058;0
09;23;01;29;06;000;Equipos Informáticos;3086;0
09;23;01;29;07;000;Programas Informáticos;16051;0
09;23;01;31;00;000;INICIATIVAS DE INVERSIÓN;102880;0
09;23;01;31;02;000;Proyectos;102880;0
09;23;01;34;00;000;SERVICIO DE LA DEUDA;10;0
09;23;01;34;07;000;Deuda Flotante;10;0
09;23;01;35;00;000;SALDO FINAL DE CAJA;10;0
09;23;02;05;00;000;TRANSFERENCIAS CORRIENTES;79509572;0
09;23;02;05;02;000;Del Gobierno Central;79509572;0
09;23;02;05;02;001;Subvenciones a los Establecimientos Educacionales;70770649;0
09;23;02;05;02;002;Junta Nacional de Jardines Infantiles;2619540;0
09;23;02;05;02;004;Dirección de Educación Pública Programa 02;6119333;0
09;23;02;05;02;005;Subsecretaría de Educación;40;0
09;23;02;05;02;201;Recuperación de Licencias Médicas - FONASA;10;0
09;23;02;08;00;000;OTROS INGRESOS CORRIENTES;10;0
09;23;02;08;01;000;Recuperaciones y Reembolsos por Licencias Médicas;10;0
09;23;02;13;00;000;TRANSFERENCIAS PARA GASTOS DE CAPITAL;2144747;0
09;23;02;13;02;000;Del Gobierno Central;2144747;0
09;23;02;13;02;002;Dirección de Educación Pública;2144717;0
09;23;02;13;02;005;Subsecretaría de Educación;30;0
09;23;02;15;00;000;SALDO INICIAL DE CAJA;20;0
09;23;02;21;00;000;GASTOS EN PERSONAL;68662167;0
09;23;02;22;00;000;BIENES Y SERVICIOS DE CONSUMO;9087939;0
09;23;02;23;00;000;PRESTACIONES DE SEGURIDAD SOCIAL;10;0
09;23;02;23;03;000;Prestaciones Sociales del Empleador;10;0
09;23;02;24;00;000;TRANSFERENCIAS CORRIENTES;10;0
09;23;02;24;03;000;A Otras Entidades Públicas;10;0
09;23;02;24;03;001;Convenios para el Mejoramiento de la Calidad de la Educación;10;0
09;23;02;25;00;000;INTEGROS AL FISCO;20;0
09;23;02;25;99;000;Otros Integros al Fisco;20;0
09;23;02;29;00;000;ADQUISICIÓN DE ACTIVOS NO FINANCIEROS;1759436;0
09;23;02;29;04;000;Mobiliario y Otros;428804;0
09;23;02;29;05;000;Máquinas y Equipos;428804;0
09;23;02;29;06;000;Equipos Informáticos;836167;0
09;23;02;29;07;000;Programas Informáticos;65661;0
09;23;02;31;00;000;INICIATIVAS DE INVERSIÓN;2144747;0
09;23;02;31;02;000;Proyectos;2144747;0
09;23;02;34;00;000;SERVICIO DE LA DEUDA;10;0
09;23;02;34;07;000;Deuda Flotante;10;0
09;23;02;35;00;000;SALDO FINAL DE CAJA;10;0
09;24;01;05;00;000;TRANSFERENCIAS CORRIENTES;10;0
09;24;01;05;02;000;Del Gobierno Central;10;0
09;24;01;05;02;201;Recuperación de Licencias Médicas - FONASA;10;0
09;24;01;08;00;000;OTROS INGRESOS CORRIENTES;20;0
09;24;01;08;01;000;Recuperaciones y Reembolsos por Licencias Médicas;10;0
09;24;01;08;99;000;Otros;10;0
09;24;01;09;00;000;APORTE FISCAL;3349745;0
09;24;01;09;01;000;Libre;3349745;0
09;24;01;15;00;000;SALDO INICIAL DE CAJA;20;0
09;24;01;21;00;000;GASTOS EN PERSONAL;2811536;0
09;24;01;22;00;000;BIENES Y SERVICIOS DE CONSUMO;518798;0
09;24;01;23;00;000;PRESTACIONES DE SEGURIDAD SOCIAL;10;0
09;24;01;23;03;000;Prestaciones Sociales del Empleador;10;0
09;24;01;25;00;000;INTEGROS AL FISCO;20;0
09;24;01;25;99;000;Otros Integros al Fisco;20;0
09;24;01;29;00;000;ADQUISICIÓN DE ACTIVOS NO FINANCIEROS;19411;0
09;24;01;29;04;000;Mobiliario y Otros;2058;0
09;24;01;29;05;000;Máquinas y Equipos;2058;0
09;24;01;29;06;000;Equipos Informáticos;3086;0
09;24;01;29;07;000;Programas Informáticos;12209;0
09;24;01;34;00;000;SERVICIO DE LA DEUDA;10;0
09;24;01;34;07;000;Deuda Flotante;10;0
09;24;01;35;00;000;SALDO FINAL DE CAJA;10;0
09;24;02;05;00;000;TRANSFERENCIAS CORRIENTES;48179586;0
09;24;02;05;02;000;Del Gobierno Central;48179586;0
09;24;02;05;02;001;Subvenciones a los Establecimientos Educacionales;36194904;0
09;24;02;05;02;002;Junta Nacional de Jardines Infantiles;4473875;0
09;24;02;05;02;004;Dirección de Educación Pública Programa 02;7510757;0
09;24;02;05;02;005;Subsecretaría de Educación;40;0
09;24;02;05;02;201;Recuperación de Licencias Médicas - FONASA;10;0
09;24;02;08;00;000;OTROS INGRESOS CORRIENTES;10;0
09;24;02;08;01;000;Recuperaciones y Reembolsos por Licencias Médicas;10;0
09;24;02;13;00;000;TRANSFERENCIAS PARA GASTOS DE CAPITAL;1933485;0
09;24;02;13;02;000;Del Gobierno Central;1933485;0
09;24;02;13;02;002;Dirección de Educación Pública;1933455;0
09;24;02;13;02;005;Subsecretaría de Educación;30;0
09;24;02;15;00;000;SALDO INICIAL DE CAJA;20;0
09;24;02;21;00;000;GASTOS EN PERSONAL;44434076;0
09;24;02;22;00;000;BIENES Y SERVICIOS DE CONSUMO;3480575;0
09;24;02;23;00;000;PRESTACIONES DE SEGURIDAD SOCIAL;10;0
09;24;02;23;03;000;Prestaciones Sociales del Empleador;10;0
09;24;02;24;00;000;TRANSFERENCIAS CORRIENTES;10;0
09;24;02;24;03;000;A Otras Entidades Públicas;10;0
09;24;02;24;03;001;Convenios para el Mejoramiento de la Calidad de la Educación;10;0
09;24;02;25;00;000;INTEGROS AL FISCO;20;0
09;24;02;25;99;000;Otros Integros al Fisco;20;0
09;24;02;29;00;000;ADQUISICIÓN DE ACTIVOS NO FINANCIEROS;264905;0
09;24;02;29;04;000;Mobiliario y Otros;30733;0
09;24;02;29;05;000;Máquinas y Equipos;80172;0
09;24;02;29;06;000;Equipos Informáticos;46038;0
09;24;02;29;07;000;Programas Informáticos;107962;0
09;24;02;31;00;000;INICIATIVAS DE INVERSIÓN;1933485;0
09;24;02;31;02;000;Proyectos;1933485;0
09;24;02;34;00;000;SERVICIO DE LA DEUDA;10;0
09;24;02;34;07;000;Deuda Flotante;10;0
09;24;02;35;00;000;SALDO FINAL DE CAJA;10;0
09;25;01;05;00;000;TRANSFERENCIAS CORRIENTES;10;0
09;25;01;05;02;000;Del Gobierno Central;10;0
09;25;01;05;02;201;Recuperación de Licencias Médicas - FONASA;10;0
09;25;01;08;00;000;OTROS INGRESOS CORRIENTES;20;0
09;25;01;08;01;000;Recuperaciones y Reembolsos por Licencias Médicas;10;0
09;25;01;08;99;000;Otros;10;0
09;25;01;09;00;000;APORTE FISCAL;3822847;0
09;25;01;09;01;000;Libre;3822847;0
09;25;01;15;00;000;SALDO INICIAL DE CAJA;20;0
09;25;01;21;00;000;GASTOS EN PERSONAL;3149563;0
09;25;01;22;00;000;BIENES Y SERVICIOS DE CONSUMO;644863;0
09;25;01;23;00;000;PRESTACIONES DE SEGURIDAD SOCIAL;10;0
09;25;01;23;03;000;Prestaciones Sociales del Empleador;10;0
09;25;01;25;00;000;INTEGROS AL FISCO;20;0
09;25;01;25;99;000;Otros Integros al Fisco;20;0
09;25;01;29;00;000;ADQUISICIÓN DE ACTIVOS NO FINANCIEROS;28421;0
09;25;01;29;04;000;Mobiliario y Otros;2058;0
09;25;01;29;05;000;Máquinas y Equipos;2058;0
09;25;01;29;06;000;Equipos Informáticos;3086;0
09;25;01;29;07;000;Programas Informáticos;21219;0
09;25;01;34;00;000;SERVICIO DE LA DEUDA;10;0
09;25;01;34;07;000;Deuda Flotante;10;0
09;25;01;35;00;000;SALDO FINAL DE CAJA;10;0
09;25;02;05;00;000;TRANSFERENCIAS CORRIENTES;67613860;0
09;25;02;05;02;000;Del Gobierno Central;67613860;0
09;25;02;05;02;001;Subvenciones a los Establecimientos Educacionales;55996441;0
09;25;02;05;02;002;Junta Nacional de Jardines Infantiles;1730454;0
09;25;02;05;02;004;Dirección de Educación Pública Programa 02;9886915;0
09;25;02;05;02;005;Subsecretaría de Educación;40;0
09;25;02;05;02;201;Recuperación de Licencias Médicas - FONASA;10;0
09;25;02;08;00;000;OTROS INGRESOS CORRIENTES;10;0
09;25;02;08;01;000;Recuperaciones y Reembolsos por Licencias Médicas;10;0
09;25;02;13;00;000;TRANSFERENCIAS PARA GASTOS DE CAPITAL;6568886;0
09;25;02;13;02;000;Del Gobierno Central;6568886;0
09;25;02;13;02;002;Dirección de Educación Pública;6291763;0
09;25;02;13;02;003;Junta Nacional de Jardines Infantiles;277093;0
09;25;02;13;02;005;Subsecretaría de Educación;30;0
09;25;02;15;00;000;SALDO INICIAL DE CAJA;20;0
09;25;02;21;00;000;GASTOS EN PERSONAL;62096668;0
09;25;02;22;00;000;BIENES Y SERVICIOS DE CONSUMO;5146757;0
09;25;02;23;00;000;PRESTACIONES DE SEGURIDAD SOCIAL;10;0
09;25;02;23;03;000;Prestaciones Sociales del Empleador;10;0
09;25;02;24;00;000;TRANSFERENCIAS CORRIENTES;10;0
09;25;02;24;03;000;A Otras Entidades Públicas;10;0
09;25;02;24;03;001;Convenios para el Mejoramiento de la Calidad de la Educación;10;0
09;25;02;25;00;000;INTEGROS AL FISCO;20;0
09;25;02;25;99;000;Otros Integros al Fisco;20;0
09;25;02;29;00;000;ADQUISICIÓN DE ACTIVOS NO FINANCIEROS;370405;0
09;25;02;29;04;000;Mobiliario y Otros;67412;0
09;25;02;29;05;000;Máquinas y Equipos;72016;0
09;25;02;29;06;000;Equipos Informáticos;179537;0
09;25;02;29;07;000;Programas Informáticos;51440;0
09;25;02;31;00;000;INICIATIVAS DE INVERSIÓN;6568886;0
09;25;02;31;02;000;Proyectos;6568886;0
09;25;02;34;00;000;SERVICIO DE LA DEUDA;10;0
09;25;02;34;07;000;Deuda Flotante;10;0
09;25;02;35;00;000;SALDO FINAL DE CAJA;10;0
09;26;01;05;00;000;TRANSFERENCIAS CORRIENTES;10;0
09;26;01;05;02;000;Del Gobierno Central;10;0
09;26;01;05;02;201;Recuperación de Licencias Médicas - FONASA;10;0
09;26;01;08;00;000;OTROS INGRESOS CORRIENTES;20;0
09;26;01;08;01;000;Recuperaciones y Reembolsos por Licencias Médicas;10;0
09;26;01;08;99;000;Otros;10;0
09;26;01;09;00;000;APORTE FISCAL;4141297;0
09;26;01;09;01;000;Libre;4141297;0
09;26;01;15;00;000;SALDO INICIAL DE CAJA;20;0
09;26;01;21;00;000;GASTOS EN PERSONAL;3425485;0
09;26;01;22;00;000;BIENES Y SERVICIOS DE CONSUMO;683429;0
09;26;01;23;00;000;PRESTACIONES DE SEGURIDAD SOCIAL;10;0
09;26;01;23;03;000;Prestaciones Sociales del Empleador;10;0
09;26;01;25;00;000;INTEGROS AL FISCO;20;0
09;26;01;25;99;000;Otros Integros al Fisco;20;0
09;26;01;29;00;000;ADQUISICIÓN DE ACTIVOS NO FINANCIEROS;32383;0
09;26;01;29;04;000;Mobiliario y Otros;2058;0
09;26;01;29;05;000;Máquinas y Equipos;2058;0
09;26;01;29;06;000;Equipos Informáticos;3086;0
09;26;01;29;07;000;Programas Informáticos;25181;0
09;26;01;34;00;000;SERVICIO DE LA DEUDA;10;0
09;26;01;34;07;000;Deuda Flotante;10;0
09;26;01;35;00;000;SALDO FINAL DE CAJA;10;0
09;26;02;05;00;000;TRANSFERENCIAS CORRIENTES;107138490;0
09;26;02;05;02;000;Del Gobierno Central;107138490;0
09;26;02;05;02;001;Subvenciones a los Establecimientos Educacionales;82789225;0
09;26;02;05;02;002;Junta Nacional de Jardines Infantiles;4193260;0
09;26;02;05;02;004;Dirección de Educación Pública Programa 02;20155955;0
09;26;02;05;02;005;Subsecretaría de Educación;40;0
09;26;02;05;02;201;Recuperación de Licencias Médicas - FONASA;10;0
09;26;02;08;00;000;OTROS INGRESOS CORRIENTES;10;0
09;26;02;08;01;000;Recuperaciones y Reembolsos por Licencias Médicas;10;0
09;26;02;13;00;000;TRANSFERENCIAS PARA GASTOS DE CAPITAL;1149257;0
09;26;02;13;02;000;Del Gobierno Central;1149257;0
09;26;02;13;02;002;Dirección de Educación Pública;1131681;0
09;26;02;13;02;003;Junta Nacional de Jardines Infantiles;17546;0
09;26;02;13;02;005;Subsecretaría de Educación;30;0
09;26;02;15;00;000;SALDO INICIAL DE CAJA;20;0
09;26;02;21;00;000;GASTOS EN PERSONAL;94415343;0
09;26;02;22;00;000;BIENES Y SERVICIOS DE CONSUMO;11459028;0
09;26;02;23;00;000;PRESTACIONES DE SEGURIDAD SOCIAL;10;0
09;26;02;23;03;000;Prestaciones Sociales del Empleador;10;0
09;26;02;24;00;000;TRANSFERENCIAS CORRIENTES;10;0
09;26;02;24;03;000;A Otras Entidades Públicas;10;0
09;26;02;24;03;001;Convenios para el Mejoramiento de la Calidad de la Educación;10;0
09;26;02;25;00;000;INTEGROS AL FISCO;20;0
09;26;02;25;99;000;Otros Integros al Fisco;20;0
09;26;02;29;00;000;ADQUISICIÓN DE ACTIVOS NO FINANCIEROS;1264089;0
09;26;02;29;04;000;Mobiliario y Otros;222738;0
09;26;02;29;05;000;Máquinas y Equipos;194904;0
09;26;02;29;06;000;Equipos Informáticos;746596;0
09;26;02;29;07;000;Programas Informáticos;99851;0
09;26;02;31;00;000;INICIATIVAS DE INVERSIÓN;1149257;0
09;26;02;31;02;000;Proyectos;1149257;0
09;26;02;34;00;000;SERVICIO DE LA DEUDA;10;0
09;26;02;34;07;000;Deuda Flotante;10;0
09;26;02;35;00;000;SALDO FINAL DE CAJA;10;0
09;27;01;05;00;000;TRANSFERENCIAS CORRIENTES;10;0
09;27;01;05;02;000;Del Gobierno Central;10;0
09;27;01;05;02;201;Recuperación de Licencias Médicas - FONASA;10;0
09;27;01;08;00;000;OTROS INGRESOS CORRIENTES;20;0
09;27;01;08;01;000;Recuperaciones y Reembolsos por Licencias Médicas;10;0
09;27;01;08;99;000;Otros;10;0
09;27;01;09;00;000;APORTE FISCAL;3425095;0
09;27;01;09;01;000;Libre;3425095;0
09;27;01;15;00;000;SALDO INICIAL DE CAJA;20;0
09;27;01;21;00;000;GASTOS EN PERSONAL;2681168;0
09;27;01;22;00;000;BIENES Y SERVICIOS DE CONSUMO;722056;0
09;27;01;23;00;000;PRESTACIONES DE SEGURIDAD SOCIAL;10;0
09;27;01;23;03;000;Prestaciones Sociales del Empleador;10;0
09;27;01;25;00;000;INTEGROS AL FISCO;20;0
09;27;01;25;99;000;Otros Integros al Fisco;20;0
09;27;01;29;00;000;ADQUISICIÓN DE ACTIVOS NO FINANCIEROS;21871;0
09;27;01;29;04;000;Mobiliario y Otros;2058;0
09;27;01;29;05;000;Máquinas y Equipos;2058;0
09;27;01;29;06;000;Equipos Informáticos;3086;0
09;27;01;29;07;000;Programas Informáticos;14669;0
09;27;01;34;00;000;SERVICIO DE LA DEUDA;10;0
09;27;01;34;07;000;Deuda Flotante;10;0
09;27;01;35;00;000;SALDO FINAL DE CAJA;10;0
09;27;02;05;00;000;TRANSFERENCIAS CORRIENTES;70331537;0
09;27;02;05;02;000;Del Gobierno Central;70331537;0
09;27;02;05;02;001;Subvenciones a los Establecimientos Educacionales;53388692;0
09;27;02;05;02;002;Junta Nacional de Jardines Infantiles;2418842;0
09;27;02;05;02;004;Dirección de Educación Pública Programa 02;14523953;0
09;27;02;05;02;005;Subsecretaría de Educación;40;0
09;27;02;05;02;201;Recuperación de Licencias Médicas - FONASA;10;0
09;27;02;08;00;000;OTROS INGRESOS CORRIENTES;10;0
09;27;02;08;01;000;Recuperaciones y Reembolsos por Licencias Médicas;10;0
09;27;02;13;00;000;TRANSFERENCIAS PARA GASTOS DE CAPITAL;1071289;0
09;27;02;13;02;000;Del Gobierno Central;1071289;0
09;27;02;13;02;002;Dirección de Educación Pública;1028800;0
09;27;02;13;02;003;Junta Nacional de Jardines Infantiles;42459;0
09;27;02;13;02;005;Subsecretaría de Educación;30;0
09;27;02;15;00;000;SALDO INICIAL DE CAJA;20;0
09;27;02;21;00;000;GASTOS EN PERSONAL;66577507;0
09;27;02;22;00;000;BIENES Y SERVICIOS DE CONSUMO;3554233;0
09;27;02;23;00;000;PRESTACIONES DE SEGURIDAD SOCIAL;10;0
09;27;02;23;03;000;Prestaciones Sociales del Empleador;10;0
09;27;02;24;00;000;TRANSFERENCIAS CORRIENTES;10;0
09;27;02;24;03;000;A Otras Entidades Públicas;10;0
09;27;02;24;03;001;Convenios para el Mejoramiento de la Calidad de la Educación;10;0
09;27;02;25;00;000;INTEGROS AL FISCO;20;0
09;27;02;25;99;000;Otros Integros al Fisco;20;0
09;27;02;29;00;000;ADQUISICIÓN DE ACTIVOS NO FINANCIEROS;199767;0
09;27;02;29;04;000;Mobiliario y Otros;15432;0
09;27;02;29;05;000;Máquinas y Equipos;15432;0
09;27;02;29;06;000;Equipos Informáticos;149356;0
09;27;02;29;07;000;Programas Informáticos;19547;0
09;27;02;31;00;000;INICIATIVAS DE INVERSIÓN;1071289;0
09;27;02;31;02;000;Proyectos;1071289;0
09;27;02;34;00;000;SERVICIO DE LA DEUDA;10;0
09;27;02;34;07;000;Deuda Flotante;10;0
09;27;02;35;00;000;SALDO FINAL DE CAJA;10;0
09;28;01;05;00;000;TRANSFERENCIAS CORRIENTES;10;0
09;28;01;05;02;000;Del Gobierno Central;10;0
09;28;01;05;02;201;Recuperación de Licencias Médicas - FONASA;10;0
09;28;01;08;00;000;OTROS INGRESOS CORRIENTES;20;0
09;28;01;08;01;000;Recuperaciones y Reembolsos por Licencias Médicas;10;0
09;28;01;08;99;000;Otros;10;0
09;28;01;09;00;000;APORTE FISCAL;3466820;0
09;28;01;09;01;000;Libre;3466820;0
09;28;01;15;00;000;SALDO INICIAL DE CAJA;20;0
09;28;01;21;00;000;GASTOS EN PERSONAL;2824305;0
09;28;01;22;00;000;BIENES Y SERVICIOS DE CONSUMO;601581;0
09;28;01;23;00;000;PRESTACIONES DE SEGURIDAD SOCIAL;10;0
09;28;01;23;03;000;Prestaciones Sociales del Empleador;10;0
09;28;01;25;00;000;INTEGROS AL FISCO;20;0
09;28;01;25;99;000;Otros Integros al Fisco;20;0
09;28;01;29;00;000;ADQUISICIÓN DE ACTIVOS NO FINANCIEROS;40934;0
09;28;01;29;04;000;Mobiliario y Otros;2058;0
09;28;01;29;05;000;Máquinas y Equipos;2058;0
09;28;01;29;06;000;Equipos Informáticos;3086;0
09;28;01;29;07;000;Programas Informáticos;33732;0
09;28;01;34;00;000;SERVICIO DE LA DEUDA;10;0
09;28;01;34;07;000;Deuda Flotante;10;0
09;28;01;35;00;000;SALDO FINAL DE CAJA;10;0
09;28;02;05;00;000;TRANSFERENCIAS CORRIENTES;46935878;0
09;28;02;05;02;000;Del Gobierno Central;46935878;0
09;28;02;05;02;001;Subvenciones a los Establecimientos Educacionales;43205754;0
09;28;02;05;02;002;Junta Nacional de Jardines Infantiles;1373584;0
09;28;02;05;02;004;Dirección de Educación Pública Programa 02;2356490;0
09;28;02;05;02;005;Subsecretaría de Educación;40;0
09;28;02;05;02;201;Recuperación de Licencias Médicas - FONASA;10;0
09;28;02;08;00;000;OTROS INGRESOS CORRIENTES;10;0
09;28;02;08;01;000;Recuperaciones y Reembolsos por Licencias Médicas;10;0
09;28;02;13;00;000;TRANSFERENCIAS PARA GASTOS DE CAPITAL;1076783;0
09;28;02;13;02;000;Del Gobierno Central;1076783;0
09;28;02;13;02;002;Dirección de Educación Pública;1076753;0
09;28;02;13;02;005;Subsecretaría de Educación;30;0
09;28;02;15;00;000;SALDO INICIAL DE CAJA;20;0
09;28;02;21;00;000;GASTOS EN PERSONAL;41754672;0
09;28;02;22;00;000;BIENES Y SERVICIOS DE CONSUMO;4867183;0
09;28;02;23;00;000;PRESTACIONES DE SEGURIDAD SOCIAL;10;0
09;28;02;23;03;000;Prestaciones Sociales del Empleador;10;0
09;28;02;24;00;000;TRANSFERENCIAS CORRIENTES;10;0
09;28;02;24;03;000;A Otras Entidades Públicas;10;0
09;28;02;24;03;001;Convenios para el Mejoramiento de la Calidad de la Educación;10;0
09;28;02;25;00;000;INTEGROS AL FISCO;20;0
09;28;02;25;99;000;Otros Integros al Fisco;20;0
09;28;02;29;00;000;ADQUISICIÓN DE ACTIVOS NO FINANCIEROS;313993;0
09;28;02;29;04;000;Mobiliario y Otros;46007;0
09;28;02;29;05;000;Máquinas y Equipos;45618;0
09;28;02;29;06;000;Equipos Informáticos;103994;0
09;28;02;29;07;000;Programas Informáticos;118374;0
09;28;02;31;00;000;INICIATIVAS DE INVERSIÓN;1076783;0
09;28;02;31;02;000;Proyectos;1076783;0
09;28;02;34;00;000;SERVICIO DE LA DEUDA;10;0
09;28;02;34;07;000;Deuda Flotante;10;0
09;28;02;35;00;000;SALDO FINAL DE CAJA;10;0
09;29;01;05;00;000;TRANSFERENCIAS CORRIENTES;10;0
09;29;01;05;02;000;Del Gobierno Central;10;0
09;29;01;05;02;201;Recuperación de Licencias Médicas - FONASA;10;0
09;29;01;08;00;000;OTROS INGRESOS CORRIENTES;20;0
09;29;01;08;01;000;Recuperaciones y Reembolsos por Licencias Médicas;10;0
09;29;01;08;99;000;Otros;10;0
09;29;01;09;00;000;APORTE FISCAL;3497102;0
09;29;01;09;01;000;Libre;3497102;0
09;29;01;15;00;000;SALDO INICIAL DE CAJA;20;0
09;29;01;21;00;000;GASTOS EN PERSONAL;2805306;0
09;29;01;22;00;000;BIENES Y SERVICIOS DE CONSUMO;535874;0
09;29;01;23;00;000;PRESTACIONES DE SEGURIDAD SOCIAL;10;0
09;29;01;23;03;000;Prestaciones Sociales del Empleador;10;0
09;29;01;25;00;000;INTEGROS AL FISCO;20;0
09;29;01;25;99;000;Otros Integros al Fisco;20;0
09;29;01;29;00;000;ADQUISICIÓN DE ACTIVOS NO FINANCIEROS;155922;0
09;29;01;29;04;000;Mobiliario y Otros;2058;0
09;29;01;29;05;000;Máquinas y Equipos;2058;0
09;29;01;29;06;000;Equipos Informáticos;3086;0
09;29;01;29;07;000;Programas Informáticos;148720;0
09;29;01;34;00;000;SERVICIO DE LA DEUDA;10;0
09;29;01;34;07;000;Deuda Flotante;10;0
09;29;01;35;00;000;SALDO FINAL DE CAJA;10;0
09;29;02;05;00;000;TRANSFERENCIAS CORRIENTES;50333321;0
09;29;02;05;02;000;Del Gobierno Central;50333321;0
09;29;02;05;02;001;Subvenciones a los Establecimientos Educacionales;42391967;0
09;29;02;05;02;002;Junta Nacional de Jardines Infantiles;2274338;0
09;29;02;05;02;004;Dirección de Educación Pública Programa 02;5666966;0
09;29;02;05;02;005;Subsecretaría de Educación;40;0
09;29;02;05;02;201;Recuperación de Licencias Médicas - FONASA;10;0
09;29;02;08;00;000;OTROS INGRESOS CORRIENTES;10;0
09;29;02;08;01;000;Recuperaciones y Reembolsos por Licencias Médicas;10;0
09;29;02;13;00;000;TRANSFERENCIAS PARA GASTOS DE CAPITAL;1105965;0
09;29;02;13;02;000;Del Gobierno Central;1105965;0
09;29;02;13;02;002;Dirección de Educación Pública;1105935;0
09;29;02;13;02;005;Subsecretaría de Educación;30;0
09;29;02;15;00;000;SALDO INICIAL DE CAJA;20;0
09;29;02;21;00;000;GASTOS EN PERSONAL;40692719;0
09;29;02;22;00;000;BIENES Y SERVICIOS DE CONSUMO;8722815;0
09;29;02;23;00;000;PRESTACIONES DE SEGURIDAD SOCIAL;10;0
09;29;02;23;03;000;Prestaciones Sociales del Empleador;10;0
09;29;02;24;00;000;TRANSFERENCIAS CORRIENTES;10;0
09;29;02;24;03;000;A Otras Entidades Públicas;10;0
09;29;02;24;03;001;Convenios para el Mejoramiento de la Calidad de la Educación;10;0
09;29;02;25;00;000;INTEGROS AL FISCO;20;0
09;29;02;25;99;000;Otros Integros al Fisco;20;0
09;29;02;29;00;000;ADQUISICIÓN DE ACTIVOS NO FINANCIEROS;917757;0
09;29;02;29;04;000;Mobiliario y Otros;71910;0
09;29;02;29;05;000;Máquinas y Equipos;197703;0
09;29;02;29;06;000;Equipos Informáticos;257200;0
09;29;02;29;07;000;Programas Informáticos;390944;0
09;29;02;31;00;000;INICIATIVAS DE INVERSIÓN;1105965;0
09;29;02;31;02;000;Proyectos;1105965;0
09;29;02;34;00;000;SERVICIO DE LA DEUDA;10;0
09;29;02;34;07;000;Deuda Flotante;10;0
09;29;02;35;00;000;SALDO FINAL DE CAJA;10;0
09;30;01;05;00;000;TRANSFERENCIAS CORRIENTES;10;0
09;30;01;05;02;000;Del Gobierno Central;10;0
09;30;01;05;02;201;Recuperación de Licencias Médicas - FONASA;10;0
09;30;01;08;00;000;OTROS INGRESOS CORRIENTES;20;0
09;30;01;08;01;000;Recuperaciones y Reembolsos por Licencias Médicas;10;0
09;30;01;08;99;000;Otros;10;0
09;30;01;09;00;000;APORTE FISCAL;3918302;0
09;30;01;09;01;000;Libre;3918302;0
09;30;01;15;00;000;SALDO INICIAL DE CAJA;20;0
09;30;01;21;00;000;GASTOS EN PERSONAL;3206700;0
09;30;01;22;00;000;BIENES Y SERVICIOS DE CONSUMO;694048;0
09;30;01;23;00;000;PRESTACIONES DE SEGURIDAD SOCIAL;10;0
09;30;01;23;03;000;Prestaciones Sociales del Empleador;10;0
09;30;01;25;00;000;INTEGROS AL FISCO;20;0
09;30;01;25;99;000;Otros Integros al Fisco;20;0
09;30;01;29;00;000;ADQUISICIÓN DE ACTIVOS NO FINANCIEROS;17554;0
09;30;01;29;04;000;Mobiliario y Otros;1029;0
09;30;01;29;05;000;Máquinas y Equipos;1029;0
09;30;01;29;06;000;Equipos Informáticos;1029;0
09;30;01;29;07;000;Programas Informáticos;14467;0
09;30;01;34;00;000;SERVICIO DE LA DEUDA;10;0
09;30;01;34;07;000;Deuda Flotante;10;0
09;30;01;35;00;000;SALDO FINAL DE CAJA;10;0
09;30;02;05;00;000;TRANSFERENCIAS CORRIENTES;70858315;0
09;30;02;05;02;000;Del Gobierno Central;70858315;0
09;30;02;05;02;001;Subvenciones a los Establecimientos Educacionales;66666170;0
09;30;02;05;02;002;Junta Nacional de Jardines Infantiles;4192095;0
09;30;02;05;02;005;Subsecretaría de Educación;40;0
09;30;02;05;02;201;Recuperación de Licencias Médicas - FONASA;10;0
09;30;02;08;00;000;OTROS INGRESOS CORRIENTES;10;0
09;30;02;08;01;000;Recuperaciones y Reembolsos por Licencias Médicas;10;0
09;30;02;13;00;000;TRANSFERENCIAS PARA GASTOS DE CAPITAL;1457755;0
09;30;02;13;02;000;Del Gobierno Central;1457755;0
09;30;02;13;02;002;Dirección de Educación Pública;1457725;0
09;30;02;13;02;005;Subsecretaría de Educación;30;0
09;30;02;15;00;000;SALDO INICIAL DE CAJA;20;0
09;30;02;21;00;000;GASTOS EN PERSONAL;55922246;0
09;30;02;22;00;000;BIENES Y SERVICIOS DE CONSUMO;7506689;0
09;30;02;23;00;000;PRESTACIONES DE SEGURIDAD SOCIAL;1720967;0
09;30;02;23;03;000;Prestaciones Sociales del Empleador;1720967;0
09;30;02;24;00;000;TRANSFERENCIAS CORRIENTES;5036309;0
09;30;02;24;01;000;Al Sector Privado;5036299;0
09;30;02;24;01;001;Aplicación Art. 16 Transitorio Ley N° 21.040 Fundación Educacional Collahuasi;5036299;0
09;30;02;24;03;000;A Otras Entidades Públicas;10;0
09;30;02;24;03;001;Convenios para el Mejoramiento de la Calidad de la Educación;10;0
09;30;02;25;00;000;INTEGROS AL FISCO;20;0
09;30;02;25;99;000;Otros Integros al Fisco;20;0
09;30;02;29;00;000;ADQUISICIÓN DE ACTIVOS NO FINANCIEROS;672094;0
09;30;02;29;04;000;Mobiliario y Otros;246134;0
09;30;02;29;05;000;Máquinas y Equipos;115668;0
09;30;02;29;06;000;Equipos Informáticos;276905;0
09;30;02;29;07;000;Programas Informáticos;33387;0
09;30;02;31;00;000;INICIATIVAS DE INVERSIÓN;1457755;0
09;30;02;31;02;000;Proyectos;1457755;0
09;30;02;34;00;000;SERVICIO DE LA DEUDA;10;0
09;30;02;34;07;000;Deuda Flotante;10;0
09;30;02;35;00;000;SALDO FINAL DE CAJA;10;0
09;31;01;05;00;000;TRANSFERENCIAS CORRIENTES;10;0
09;31;01;05;02;000;Del Gobierno Central;10;0
09;31;01;05;02;201;Recuperación de Licencias Médicas - FONASA;10;0
09;31;01;08;00;000;OTROS INGRESOS CORRIENTES;20;0
09;31;01;08;01;000;Recuperaciones y Reembolsos por Licencias Médicas;10;0
09;31;01;08;99;000;Otros;10;0
09;31;01;09;00;000;APORTE FISCAL;4508225;0
09;31;01;09;01;000;Libre;4508225;0
09;31;01;15;00;000;SALDO INICIAL DE CAJA;20;0
09;31;01;21;00;000;GASTOS EN PERSONAL;3806254;0
09;31;01;22;00;000;BIENES Y SERVICIOS DE CONSUMO;652911;0
09;31;01;23;00;000;PRESTACIONES DE SEGURIDAD SOCIAL;10;0
09;31;01;23;03;000;Prestaciones Sociales del Empleador;10;0
09;31;01;25;00;000;INTEGROS AL FISCO;20;0
09;31;01;25;99;000;Otros Integros al Fisco;20;0
09;31;01;29;00;000;ADQUISICIÓN DE ACTIVOS NO FINANCIEROS;49060;0
09;31;01;29;04;000;Mobiliario y Otros;1029;0
09;31;01;29;05;000;Máquinas y Equipos;1029;0
09;31;01;29;06;000;Equipos Informáticos;1029;0
09;31;01;29;07;000;Programas Informáticos;45973;0
09;31;01;34;00;000;SERVICIO DE LA DEUDA;10;0
09;31;01;34;07;000;Deuda Flotante;10;0
09;31;01;35;00;000;SALDO FINAL DE CAJA;10;0
09;31;02;05;00;000;TRANSFERENCIAS CORRIENTES;94967560;0
09;31;02;05;02;000;Del Gobierno Central;94967560;0
09;31;02;05;02;001;Subvenciones a los Establecimientos Educacionales;92440684;0
09;31;02;05;02;002;Junta Nacional de Jardines Infantiles;2526826;0
09;31;02;05;02;005;Subsecretaría de Educación;40;0
09;31;02;05;02;201;Recuperación de Licencias Médicas - FONASA;10;0
09;31;02;08;00;000;OTROS INGRESOS CORRIENTES;10;0
09;31;02;08;01;000;Recuperaciones y Reembolsos por Licencias Médicas;10;0
09;31;02;13;00;000;TRANSFERENCIAS PARA GASTOS DE CAPITAL;514430;0
09;31;02;13;02;000;Del Gobierno Central;514430;0
09;31;02;13;02;002;Dirección de Educación Pública;514400;0
09;31;02;13;02;005;Subsecretaría de Educación;30;0
09;31;02;15;00;000;SALDO INICIAL DE CAJA;20;0
09;31;02;21;00;000;GASTOS EN PERSONAL;78555352;0
09;31;02;22;00;000;BIENES Y SERVICIOS DE CONSUMO;14842951;0
09;31;02;23;00;000;PRESTACIONES DE SEGURIDAD SOCIAL;260103;0
09;31;02;23;03;000;Prestaciones Sociales del Empleador;260103;0
09;31;02;24;00;000;TRANSFERENCIAS CORRIENTES;10;0
09;31;02;24;03;000;A Otras Entidades Públicas;10;0
09;31;02;24;03;001;Convenios para el Mejoramiento de la Calidad de la Educación;10;0
09;31;02;25;00;000;INTEGROS AL FISCO;20;0
09;31;02;25;99;000;Otros Integros al Fisco;20;0
09;31;02;29;00;000;ADQUISICIÓN DE ACTIVOS NO FINANCIEROS;1309134;0
09;31;02;29;04;000;Mobiliario y Otros;499468;0
09;31;02;29;05;000;Máquinas y Equipos;221192;0
09;31;02;29;06;000;Equipos Informáticos;524688;0
09;31;02;29;07;000;Programas Informáticos;63786;0
09;31;02;31;00;000;INICIATIVAS DE INVERSIÓN;514430;0
09;31;02;31;02;000;Proyectos;514430;0
09;31;02;34;00;000;SERVICIO DE LA DEUDA;10;0
09;31;02;34;07;000;Deuda Flotante;10;0
09;31;02;35;00;000;SALDO FINAL DE CAJA;10;0
09;32;01;05;00;000;TRANSFERENCIAS CORRIENTES;10;0
09;32;01;05;02;000;Del Gobierno Central;10;0
09;32;01;05;02;201;Recuperación de Licencias Médicas - FONASA;10;0
09;32;01;08;00;000;OTROS INGRESOS CORRIENTES;20;0
09;32;01;08;01;000;Recuperaciones y Reembolsos por Licencias Médicas;10;0
09;32;01;08;99;000;Otros;10;0
09;32;01;09;00;000;APORTE FISCAL;4204413;0
09;32;01;09;01;000;Libre;4204413;0
09;32;01;15;00;000;SALDO INICIAL DE CAJA;20;0
09;32;01;21;00;000;GASTOS EN PERSONAL;3368413;0
09;32;01;22;00;000;BIENES Y SERVICIOS DE CONSUMO;403233;0
09;32;01;23;00;000;PRESTACIONES DE SEGURIDAD SOCIAL;10;0
09;32;01;23;03;000;Prestaciones Sociales del Empleador;10;0
09;32;01;25;00;000;INTEGROS AL FISCO;20;0
09;32;01;25;99;000;Otros Integros al Fisco;20;0
09;32;01;29;00;000;ADQUISICIÓN DE ACTIVOS NO FINANCIEROS;72687;0
09;32;01;29;04;000;Mobiliario y Otros;1029;0
09;32;01;29;05;000;Máquinas y Equipos;1029;0
09;32;01;29;06;000;Equipos Informáticos;1029;0
09;32;01;29;07;000;Programas Informáticos;69600;0
09;32;01;31;00;000;INICIATIVAS DE INVERSIÓN;360080;0
09;32;01;31;02;000;Proyectos;360080;0
09;32;01;34;00;000;SERVICIO DE LA DEUDA;10;0
09;32;01;34;07;000;Deuda Flotante;10;0
09;32;01;35;00;000;SALDO FINAL DE CAJA;10;0
09;32;02;05;00;000;TRANSFERENCIAS CORRIENTES;61709211;0
09;32;02;05;02;000;Del Gobierno Central;61709211;0
09;32;02;05;02;001;Subvenciones a los Establecimientos Educacionales;52204348;0
09;32;02;05;02;002;Junta Nacional de Jardines Infantiles;1961284;0
09;32;02;05;02;004;Dirección de Educación Pública Programa 02;7543529;0
09;32;02;05;02;005;Subsecretaría de Educación;40;0
09;32;02;05;02;201;Recuperación de Licencias Médicas - FONASA;10;0
09;32;02;08;00;000;OTROS INGRESOS CORRIENTES;10;0
09;32;02;08;01;000;Recuperaciones y Reembolsos por Licencias Médicas;10;0
09;32;02;13;00;000;TRANSFERENCIAS PARA GASTOS DE CAPITAL;873190;0
09;32;02;13;02;000;Del Gobierno Central;873190;0
09;32;02;13;02;002;Dirección de Educación Pública;514400;0
09;32;02;13;02;003;Junta Nacional de Jardines Infantiles;358760;0
09;32;02;13;02;005;Subsecretaría de Educación;30;0
09;32;02;15;00;000;SALDO INICIAL DE CAJA;20;0
09;32;02;21;00;000;GASTOS EN PERSONAL;54662041;0
09;32;02;22;00;000;BIENES Y SERVICIOS DE CONSUMO;6585363;0
09;32;02;23;00;000;PRESTACIONES DE SEGURIDAD SOCIAL;10;0
09;32;02;23;03;000;Prestaciones Sociales del Empleador;10;0
09;32;02;24;00;000;TRANSFERENCIAS CORRIENTES;10;0
09;32;02;24;03;000;A Otras Entidades Públicas;10;0
09;32;02;24;03;001;Convenios para el Mejoramiento de la Calidad de la Educación;10;0
09;32;02;25;00;000;INTEGROS AL FISCO;20;0
09;32;02;25;99;000;Otros Integros al Fisco;20;0
09;32;02;29;00;000;ADQUISICIÓN DE ACTIVOS NO FINANCIEROS;461777;0
09;32;02;29;04;000;Mobiliario y Otros;188034;0
09;32;02;29;05;000;Máquinas y Equipos;102551;0
09;32;02;29;06;000;Equipos Informáticos;171192;0
09;32;02;31;00;000;INICIATIVAS DE INVERSIÓN;873190;0
09;32;02;31;02;000;Proyectos;873190;0
09;32;02;34;00;000;SERVICIO DE LA DEUDA;10;0
09;32;02;34;07;000;Deuda Flotante;10;0
09;32;02;35;00;000;SALDO FINAL DE CAJA;10;0
09;33;01;05;00;000;TRANSFERENCIAS CORRIENTES;10;0
09;33;01;05;02;000;Del Gobierno Central;10;0
09;33;01;05;02;201;Recuperación de Licencias Médicas - FONASA;10;0
09;33;01;08;00;000;OTROS INGRESOS CORRIENTES;20;0
09;33;01;08;01;000;Recuperaciones y Reembolsos por Licencias Médicas;10;0
09;33;01;08;99;000;Otros;10;0
09;33;01;09;00;000;APORTE FISCAL;4073194;0
09;33;01;09;01;000;Libre;4073194;0
09;33;01;15;00;000;SALDO INICIAL DE CAJA;20;0
09;33;01;21;00;000;GASTOS EN PERSONAL;3497207;0
09;33;01;22;00;000;BIENES Y SERVICIOS DE CONSUMO;491825;0
09;33;01;23;00;000;PRESTACIONES DE SEGURIDAD SOCIAL;10;0
09;33;01;23;03;000;Prestaciones Sociales del Empleador;10;0
09;33;01;25;00;000;INTEGROS AL FISCO;20;0
09;33;01;25;99;000;Otros Integros al Fisco;20;0
09;33;01;29;00;000;ADQUISICIÓN DE ACTIVOS NO FINANCIEROS;84162;0
09;33;01;29;04;000;Mobiliario y Otros;1029;0
09;33;01;29;05;000;Máquinas y Equipos;1029;0
09;33;01;29;06;000;Equipos Informáticos;1029;0
09;33;01;29;07;000;Programas Informáticos;81075;0
09;33;01;34;00;000;SERVICIO DE LA DEUDA;10;0
09;33;01;34;07;000;Deuda Flotante;10;0
09;33;01;35;00;000;SALDO FINAL DE CAJA;10;0
09;33;02;05;00;000;TRANSFERENCIAS CORRIENTES;59884566;0
09;33;02;05;02;000;Del Gobierno Central;59884566;0
09;33;02;05;02;001;Subvenciones a los Establecimientos Educacionales;49285954;0
09;33;02;05;02;002;Junta Nacional de Jardines Infantiles;2931525;0
09;33;02;05;02;004;Dirección de Educación Pública Programa 02;7667037;0
09;33;02;05;02;005;Subsecretaría de Educación;40;0
09;33;02;05;02;201;Recuperación de Licencias Médicas - FONASA;10;0
09;33;02;08;00;000;OTROS INGRESOS CORRIENTES;10;0
09;33;02;08;01;000;Recuperaciones y Reembolsos por Licencias Médicas;10;0
09;33;02;13;00;000;TRANSFERENCIAS PARA GASTOS DE CAPITAL;1544097;0
09;33;02;13;02;000;Del Gobierno Central;1544097;0
09;33;02;13;02;002;Dirección de Educación Pública;1544067;0
09;33;02;13;02;005;Subsecretaría de Educación;30;0
09;33;02;15;00;000;SALDO INICIAL DE CAJA;20;0
09;33;02;21;00;000;GASTOS EN PERSONAL;53090045;0
09;33;02;22;00;000;BIENES Y SERVICIOS DE CONSUMO;6412393;0
09;33;02;23;00;000;PRESTACIONES DE SEGURIDAD SOCIAL;10;0
09;33;02;23;03;000;Prestaciones Sociales del Empleador;10;0
09;33;02;24;00;000;TRANSFERENCIAS CORRIENTES;10;0
09;33;02;24;03;000;A Otras Entidades Públicas;10;0
09;33;02;24;03;001;Convenios para el Mejoramiento de la Calidad de la Educación;10;0
09;33;02;25;00;000;INTEGROS AL FISCO;20;0
09;33;02;25;99;000;Otros Integros al Fisco;20;0
09;33;02;29;00;000;ADQUISICIÓN DE ACTIVOS NO FINANCIEROS;382098;0
09;33;02;29;04;000;Mobiliario y Otros;61728;0
09;33;02;29;05;000;Máquinas y Equipos;74074;0
09;33;02;29;06;000;Equipos Informáticos;183126;0
09;33;02;29;07;000;Programas Informáticos;63170;0
09;33;02;31;00;000;INICIATIVAS DE INVERSIÓN;1544097;0
09;33;02;31;02;000;Proyectos;1544097;0
09;33;02;34;00;000;SERVICIO DE LA DEUDA;10;0
09;33;02;34;07;000;Deuda Flotante;10;0
09;33;02;35;00;000;SALDO FINAL DE CAJA;10;0
09;34;01;05;00;000;TRANSFERENCIAS CORRIENTES;10;0
09;34;01;05;02;000;Del Gobierno Central;10;0
09;34;01;05;02;201;Recuperación de Licencias Médicas - FONASA;10;0
09;34;01;08;00;000;OTROS INGRESOS CORRIENTES;20;0
09;34;01;08;01;000;Recuperaciones y Reembolsos por Licencias Médicas;10;0
09;34;01;08;99;000;Otros;10;0
09;34;01;09;00;000;APORTE FISCAL;4243355;0
09;34;01;09;01;000;Libre;4243355;0
09;34;01;15;00;000;SALDO INICIAL DE CAJA;20;0
09;34;01;21;00;000;GASTOS EN PERSONAL;3509128;0
09;34;01;22;00;000;BIENES Y SERVICIOS DE CONSUMO;665248;0
09;34;01;23;00;000;PRESTACIONES DE SEGURIDAD SOCIAL;10;0
09;34;01;23;03;000;Prestaciones Sociales del Empleador;10;0
09;34;01;25;00;000;INTEGROS AL FISCO;20;0
09;34;01;25;99;000;Otros Integros al Fisco;20;0
09;34;01;29;00;000;ADQUISICIÓN DE ACTIVOS NO FINANCIEROS;68979;0
09;34;01;29;04;000;Mobiliario y Otros;1029;0
09;34;01;29;05;000;Máquinas y Equipos;1029;0
09;34;01;29;06;000;Equipos Informáticos;1029;0
09;34;01;29;07;000;Programas Informáticos;65892;0
09;34;01;34;00;000;SERVICIO DE LA DEUDA;10;0
09;34;01;34;07;000;Deuda Flotante;10;0
09;34;01;35;00;000;SALDO FINAL DE CAJA;10;0
09;34;02;05;00;000;TRANSFERENCIAS CORRIENTES;64751127;0
09;34;02;05;02;000;Del Gobierno Central;64751127;0
09;34;02;05;02;001;Subvenciones a los Establecimientos Educacionales;47753277;0
09;34;02;05;02;002;Junta Nacional de Jardines Infantiles;3866039;0
09;34;02;05;02;004;Dirección de Educación Pública Programa 02;13131761;0
09;34;02;05;02;005;Subsecretaría de Educación;40;0
09;34;02;05;02;201;Recuperación de Licencias Médicas - FONASA;10;0
09;34;02;08;00;000;OTROS INGRESOS CORRIENTES;10;0
09;34;02;08;01;000;Recuperaciones y Reembolsos por Licencias Médicas;10;0
09;34;02;13;00;000;TRANSFERENCIAS PARA GASTOS DE CAPITAL;899848;0
09;34;02;13;02;000;Del Gobierno Central;899848;0
09;34;02;13;02;002;Dirección de Educación Pública;864273;0
09;34;02;13;02;003;Junta Nacional de Jardines Infantiles;35545;0
09;34;02;13;02;005;Subsecretaría de Educación;30;0
09;34;02;15;00;000;SALDO INICIAL DE CAJA;20;0
09;34;02;21;00;000;GASTOS EN PERSONAL;58580880;0
09;34;02;22;00;000;BIENES Y SERVICIOS DE CONSUMO;5791968;0
09;34;02;23;00;000;PRESTACIONES DE SEGURIDAD SOCIAL;10;0
09;34;02;23;03;000;Prestaciones Sociales del Empleador;10;0
09;34;02;24;00;000;TRANSFERENCIAS CORRIENTES;10;0
09;34;02;24;03;000;A Otras Entidades Públicas;10;0
09;34;02;24;03;001;Convenios para el Mejoramiento de la Calidad de la Educación;10;0
09;34;02;25;00;000;INTEGROS AL FISCO;20;0
09;34;02;25;99;000;Otros Integros al Fisco;20;0
09;34;02;29;00;000;ADQUISICIÓN DE ACTIVOS NO FINANCIEROS;378249;0
09;34;02;29;04;000;Mobiliario y Otros;61166;0
09;34;02;29;05;000;Máquinas y Equipos;63509;0
09;34;02;29;06;000;Equipos Informáticos;181450;0
09;34;02;29;07;000;Programas Informáticos;72124;0
09;34;02;31;00;000;INICIATIVAS DE INVERSIÓN;899848;0
09;34;02;31;02;000;Proyectos;899848;0
09;34;02;34;00;000;SERVICIO DE LA DEUDA;10;0
09;34;02;34;07;000;Deuda Flotante;10;0
09;34;02;35;00;000;SALDO FINAL DE CAJA;10;0
09;35;01;05;00;000;TRANSFERENCIAS CORRIENTES;10;0
09;35;01;05;02;000;Del Gobierno Central;10;0
09;35;01;05;02;201;Recuperación de Licencias Médicas - FONASA;10;0
09;35;01;08;00;000;OTROS INGRESOS CORRIENTES;20;0
09;35;01;08;01;000;Recuperaciones y Reembolsos por Licencias Médicas;10;0
09;35;01;08;99;000;Otros;10;0
09;35;01;09;00;000;APORTE FISCAL;4303371;0
09;35;01;09;01;000;Libre;4303371;0
09;35;01;15;00;000;SALDO INICIAL DE CAJA;20;0
09;35;01;21;00;000;GASTOS EN PERSONAL;3573197;0
09;35;01;22;00;000;BIENES Y SERVICIOS DE CONSUMO;670976;0
09;35;01;23;00;000;PRESTACIONES DE SEGURIDAD SOCIAL;10;0
09;35;01;23;03;000;Prestaciones Sociales del Empleador;10;0
09;35;01;25;00;000;INTEGROS AL FISCO;20;0
09;35;01;25;99;000;Otros Integros al Fisco;20;0
09;35;01;29;00;000;ADQUISICIÓN DE ACTIVOS NO FINANCIEROS;59198;0
09;35;01;29;04;000;Mobiliario y Otros;1029;0
09;35;01;29;05;000;Máquinas y Equipos;1029;0
09;35;01;29;06;000;Equipos Informáticos;1029;0
09;35;01;29;07;000;Programas Informáticos;56111;0
09;35;01;34;00;000;SERVICIO DE LA DEUDA;10;0
09;35;01;34;07;000;Deuda Flotante;10;0
09;35;01;35;00;000;SALDO FINAL DE CAJA;10;0
09;35;02;05;00;000;TRANSFERENCIAS CORRIENTES;83837326;0
09;35;02;05;02;000;Del Gobierno Central;83837326;0
09;35;02;05;02;001;Subvenciones a los Establecimientos Educacionales;67559094;0
09;35;02;05;02;002;Junta Nacional de Jardines Infantiles;2243941;0
09;35;02;05;02;004;Dirección de Educación Pública Programa 02;14034241;0
09;35;02;05;02;005;Subsecretaría de Educación;40;0
09;35;02;05;02;201;Recuperación de Licencias Médicas - FONASA;10;0
09;35;02;08;00;000;OTROS INGRESOS CORRIENTES;10;0
09;35;02;08;01;000;Recuperaciones y Reembolsos por Licencias Médicas;10;0
09;35;02;13;00;000;TRANSFERENCIAS PARA GASTOS DE CAPITAL;291236;0
09;35;02;13;02;000;Del Gobierno Central;291236;0
09;35;02;13;02;002;Dirección de Educación Pública;291206;0
09;35;02;13;02;005;Subsecretaría de Educación;30;0
09;35;02;15;00;000;SALDO INICIAL DE CAJA;20;0
09;35;02;21;00;000;GASTOS EN PERSONAL;76129208;0
09;35;02;22;00;000;BIENES Y SERVICIOS DE CONSUMO;7192561;0
09;35;02;23;00;000;PRESTACIONES DE SEGURIDAD SOCIAL;10;0
09;35;02;23;03;000;Prestaciones Sociales del Empleador;10;0
09;35;02;24;00;000;TRANSFERENCIAS CORRIENTES;10;0
09;35;02;24;03;000;A Otras Entidades Públicas;10;0
09;35;02;24;03;001;Convenios para el Mejoramiento de la Calidad de la Educación;10;0
09;35;02;25;00;000;INTEGROS AL FISCO;20;0
09;35;02;25;99;000;Otros Integros al Fisco;20;0
09;35;02;29;00;000;ADQUISICIÓN DE ACTIVOS NO FINANCIEROS;515527;0
09;35;02;29;04;000;Mobiliario y Otros;83941;0
09;35;02;29;05;000;Máquinas y Equipos;83739;0
09;35;02;29;06;000;Equipos Informáticos;247025;0
09;35;02;29;07;000;Programas Informáticos;100822;0
09;35;02;31;00;000;INICIATIVAS DE INVERSIÓN;291236;0
09;35;02;31;02;000;Proyectos;291236;0
09;35;02;34;00;000;SERVICIO DE LA DEUDA;10;0
09;35;02;34;07;000;Deuda Flotante;10;0
09;35;02;35;00;000;SALDO FINAL DE CAJA;10;0
09;36;01;05;00;000;TRANSFERENCIAS CORRIENTES;10;0
09;36;01;05;02;000;Del Gobierno Central;10;0
09;36;01;05;02;201;Recuperación de Licencias Médicas - FONASA;10;0
09;36;01;08;00;000;OTROS INGRESOS CORRIENTES;20;0
09;36;01;08;01;000;Recuperaciones y Reembolsos por Licencias Médicas;10;0
09;36;01;08;99;000;Otros;10;0
09;36;01;09;00;000;APORTE FISCAL;2972451;0
09;36;01;09;01;000;Libre;2972451;0
09;36;01;15;00;000;SALDO INICIAL DE CAJA;20;0
09;36;01;21;00;000;GASTOS EN PERSONAL;2509580;0
09;36;01;22;00;000;BIENES Y SERVICIOS DE CONSUMO;414414;0
09;36;01;23;00;000;PRESTACIONES DE SEGURIDAD SOCIAL;10;0
09;36;01;23;03;000;Prestaciones Sociales del Empleador;10;0
09;36;01;25;00;000;INTEGROS AL FISCO;20;0
09;36;01;25;99;000;Otros Integros al Fisco;20;0
09;36;01;29;00;000;ADQUISICIÓN DE ACTIVOS NO FINANCIEROS;48457;0
09;36;01;29;04;000;Mobiliario y Otros;1029;0
09;36;01;29;05;000;Máquinas y Equipos;1029;0
09;36;01;29;06;000;Equipos Informáticos;1029;0
09;36;01;29;07;000;Programas Informáticos;45370;0
09;36;01;34;00;000;SERVICIO DE LA DEUDA;10;0
09;36;01;34;07;000;Deuda Flotante;10;0
09;36;01;35;00;000;SALDO FINAL DE CAJA;10;0
09;36;02;05;00;000;TRANSFERENCIAS CORRIENTES;30385050;0
09;36;02;05;02;000;Del Gobierno Central;30385050;0
09;36;02;05;02;001;Subvenciones a los Establecimientos Educacionales;28491190;0
09;36;02;05;02;002;Junta Nacional de Jardines Infantiles;694863;0
09;36;02;05;02;004;Dirección de Educación Pública Programa 02;1198947;0
09;36;02;05;02;005;Subsecretaría de Educación;40;0
09;36;02;05;02;201;Recuperación de Licencias Médicas - FONASA;10;0
09;36;02;08;00;000;OTROS INGRESOS CORRIENTES;10;0
09;36;02;08;01;000;Recuperaciones y Reembolsos por Licencias Médicas;10;0
09;36;02;13;00;000;TRANSFERENCIAS PARA GASTOS DE CAPITAL;677034;0
09;36;02;13;02;000;Del Gobierno Central;677034;0
09;36;02;13;02;002;Dirección de Educación Pública;677004;0
09;36;02;13;02;005;Subsecretaría de Educación;30;0
09;36;02;15;00;000;SALDO INICIAL DE CAJA;20;0
09;36;02;21;00;000;GASTOS EN PERSONAL;24297248;0
09;36;02;22;00;000;BIENES Y SERVICIOS DE CONSUMO;3533378;0
09;36;02;23;00;000;PRESTACIONES DE SEGURIDAD SOCIAL;10;0
09;36;02;23;03;000;Prestaciones Sociales del Empleador;10;0
09;36;02;24;00;000;TRANSFERENCIAS CORRIENTES;2400060;0
09;36;02;24;01;000;Al Sector Privado;2400050;0
09;36;02;24;01;001;Aplicación Art. 16 Transitorio Ley N° 21.040 Fundación Educacional Collahuasi;2400050;0
09;36;02;24;03;000;A Otras Entidades Públicas;10;0
09;36;02;24;03;001;Convenios para el Mejoramiento de la Calidad de la Educación;10;0
09;36;02;25;00;000;INTEGROS AL FISCO;20;0
09;36;02;25;99;000;Otros Integros al Fisco;20;0
09;36;02;29;00;000;ADQUISICIÓN DE ACTIVOS NO FINANCIEROS;154344;0
09;36;02;29;04;000;Mobiliario y Otros;55578;0
09;36;02;29;05;000;Máquinas y Equipos;27789;0
09;36;02;29;06;000;Equipos Informáticos;50401;0
09;36;02;29;07;000;Programas Informáticos;20576;0
09;36;02;31;00;000;INICIATIVAS DE INVERSIÓN;677034;0
09;36;02;31;02;000;Proyectos;677034;0
09;36;02;34;00;000;SERVICIO DE LA DEUDA;10;0
09;36;02;34;07;000;Deuda Flotante;10;0
09;36;02;35;00;000;SALDO FINAL DE CAJA;10;0
09;37;01;05;00;000;TRANSFERENCIAS CORRIENTES;10;0
09;37;01;05;02;000;Del Gobierno Central;10;0
09;37;01;05;02;201;Recuperación de Licencias Médicas - FONASA;10;0
09;37;01;08;00;000;OTROS INGRESOS CORRIENTES;20;0
09;37;01;08;01;000;Recuperaciones y Reembolsos por Licencias Médicas;10;0
09;37;01;08;99;000;Otros;10;0
09;37;01;09;00;000;APORTE FISCAL;4407181;0
09;37;01;09;01;000;Libre;4407181;0
09;37;01;15;00;000;SALDO INICIAL DE CAJA;20;0
09;37;01;21;00;000;GASTOS EN PERSONAL;3781931;0
09;37;01;22;00;000;BIENES Y SERVICIOS DE CONSUMO;587698;0
09;37;01;23;00;000;PRESTACIONES DE SEGURIDAD SOCIAL;10;0
09;37;01;23;03;000;Prestaciones Sociales del Empleador;10;0
09;37;01;25;00;000;INTEGROS AL FISCO;20;0
09;37;01;25;99;000;Otros Integros al Fisco;20;0
09;37;01;29;00;000;ADQUISICIÓN DE ACTIVOS NO FINANCIEROS;37552;0
09;37;01;29;04;000;Mobiliario y Otros;1029;0
09;37;01;29;05;000;Máquinas y Equipos;1029;0
09;37;01;29;06;000;Equipos Informáticos;1029;0
09;37;01;29;07;000;Programas Informáticos;34465;0
09;37;01;34;00;000;SERVICIO DE LA DEUDA;10;0
09;37;01;34;07;000;Deuda Flotante;10;0
09;37;01;35;00;000;SALDO FINAL DE CAJA;10;0
09;37;02;05;00;000;TRANSFERENCIAS CORRIENTES;81761300;0
09;37;02;05;02;000;Del Gobierno Central;81761300;0
09;37;02;05;02;001;Subvenciones a los Establecimientos Educacionales;64636188;0
09;37;02;05;02;002;Junta Nacional de Jardines Infantiles;6136007;0
09;37;02;05;02;004;Dirección de Educación Pública Programa 02;10989055;0
09;37;02;05;02;005;Subsecretaría de Educación;40;0
09;37;02;05;02;201;Recuperación de Licencias Médicas - FONASA;10;0
09;37;02;08;00;000;OTROS INGRESOS CORRIENTES;10;0
09;37;02;08;01;000;Recuperaciones y Reembolsos por Licencias Médicas;10;0
09;37;02;13;00;000;TRANSFERENCIAS PARA GASTOS DE CAPITAL;759877;0
09;37;02;13;02;000;Del Gobierno Central;759877;0
09;37;02;13;02;002;Dirección de Educación Pública;670323;0
09;37;02;13;02;003;Junta Nacional de Jardines Infantiles;89524;0
09;37;02;13;02;005;Subsecretaría de Educación;30;0
09;37;02;15;00;000;SALDO INICIAL DE CAJA;20;0
09;37;02;21;00;000;GASTOS EN PERSONAL;75447606;0
09;37;02;22;00;000;BIENES Y SERVICIOS DE CONSUMO;5895756;0
09;37;02;23;00;000;PRESTACIONES DE SEGURIDAD SOCIAL;10;0
09;37;02;23;03;000;Prestaciones Sociales del Empleador;10;0
09;37;02;24;00;000;TRANSFERENCIAS CORRIENTES;10;0
09;37;02;24;03;000;A Otras Entidades Públicas;10;0
09;37;02;24;03;001;Convenios para el Mejoramiento de la Calidad de la Educación;10;0
09;37;02;25;00;000;INTEGROS AL FISCO;20;0
09;37;02;25;99;000;Otros Integros al Fisco;20;0
09;37;02;29;00;000;ADQUISICIÓN DE ACTIVOS NO FINANCIEROS;417908;0
09;37;02;29;04;000;Mobiliario y Otros;126758;0
09;37;02;29;05;000;Máquinas y Equipos;121398;0
09;37;02;29;06;000;Equipos Informáticos;154320;0
09;37;02;29;07;000;Programas Informáticos;15432;0
09;37;02;31;00;000;INICIATIVAS DE INVERSIÓN;759877;0
09;37;02;31;02;000;Proyectos;759877;0
09;37;02;34;00;000;SERVICIO DE LA DEUDA;10;0
09;37;02;34;07;000;Deuda Flotante;10;0
09;37;02;35;00;000;SALDO FINAL DE CAJA;10;0
09;38;01;05;00;000;TRANSFERENCIAS CORRIENTES;10;0
09;38;01;05;02;000;Del Gobierno Central;10;0
09;38;01;05;02;201;Recuperación de Licencias Médicas - FONASA;10;0
09;38;01;08;00;000;OTROS INGRESOS CORRIENTES;20;0
09;38;01;08;01;000;Recuperaciones y Reembolsos por Licencias Médicas;10;0
09;38;01;08;99;000;Otros;10;0
09;38;01;09;00;000;APORTE FISCAL;4061482;0
09;38;01;09;01;000;Libre;4061482;0
09;38;01;15;00;000;SALDO INICIAL DE CAJA;20;0
09;38;01;21;00;000;GASTOS EN PERSONAL;3325618;0
09;38;01;22;00;000;BIENES Y SERVICIOS DE CONSUMO;688272;0
09;38;01;23;00;000;PRESTACIONES DE SEGURIDAD SOCIAL;10;0
09;38;01;23;03;000;Prestaciones Sociales del Empleador;10;0
09;38;01;25;00;000;INTEGROS AL FISCO;20;0
09;38;01;25;99;000;Otros Integros al Fisco;20;0
09;38;01;29;00;000;ADQUISICIÓN DE ACTIVOS NO FINANCIEROS;47592;0
09;38;01;29;04;000;Mobiliario y Otros;1029;0
09;38;01;29;05;000;Máquinas y Equipos;1029;0
09;38;01;29;06;000;Equipos Informáticos;1029;0
09;38;01;29;07;000;Programas Informáticos;44505;0
09;38;01;34;00;000;SERVICIO DE LA DEUDA;10;0
09;38;01;34;07;000;Deuda Flotante;10;0
09;38;01;35;00;000;SALDO FINAL DE CAJA;10;0
09;38;02;05;00;000;TRANSFERENCIAS CORRIENTES;87988144;0
09;38;02;05;02;000;Del Gobierno Central;87988144;0
09;38;02;05;02;001;Subvenciones a los Establecimientos Educacionales;66581888;0
09;38;02;05;02;002;Junta Nacional de Jardines Infantiles;5579108;0
09;38;02;05;02;004;Dirección de Educación Pública Programa 02;15827098;0
09;38;02;05;02;005;Subsecretaría de Educación;40;0
09;38;02;05;02;201;Recuperación de Licencias Médicas - FONASA;10;0
09;38;02;08;00;000;OTROS INGRESOS CORRIENTES;10;0
09;38;02;08;01;000;Recuperaciones y Reembolsos por Licencias Médicas;10;0
09;38;02;13;00;000;TRANSFERENCIAS PARA GASTOS DE CAPITAL;862688;0
09;38;02;13;02;000;Del Gobierno Central;862688;0
09;38;02;13;02;002;Dirección de Educación Pública;817896;0
09;38;02;13;02;003;Junta Nacional de Jardines Infantiles;44762;0
09;38;02;13;02;005;Subsecretaría de Educación;30;0
09;38;02;15;00;000;SALDO INICIAL DE CAJA;20;0
09;38;02;21;00;000;GASTOS EN PERSONAL;81492866;0
09;38;02;22;00;000;BIENES Y SERVICIOS DE CONSUMO;6088872;0
09;38;02;23;00;000;PRESTACIONES DE SEGURIDAD SOCIAL;10;0
09;38;02;23;03;000;Prestaciones Sociales del Empleador;10;0
09;38;02;24;00;000;TRANSFERENCIAS CORRIENTES;10;0
09;38;02;24;03;000;A Otras Entidades Públicas;10;0
09;38;02;24;03;001;Convenios para el Mejoramiento de la Calidad de la Educación;10;0
09;38;02;25;00;000;INTEGROS AL FISCO;20;0
09;38;02;25;99;000;Otros Integros al Fisco;20;0
09;38;02;29;00;000;ADQUISICIÓN DE ACTIVOS NO FINANCIEROS;406376;0
09;38;02;29;04;000;Mobiliario y Otros;133744;0
09;38;02;29;05;000;Máquinas y Equipos;51440;0
09;38;02;29;06;000;Equipos Informáticos;195472;0
09;38;02;29;07;000;Programas Informáticos;25720;0
09;38;02;31;00;000;INICIATIVAS DE INVERSIÓN;862688;0
09;38;02;31;02;000;Proyectos;862688;0
09;38;02;34;00;000;SERVICIO DE LA DEUDA;10;0
09;38;02;34;07;000;Deuda Flotante;10;0
09;38;02;35;00;000;SALDO FINAL DE CAJA;10;0
09;39;01;05;00;000;TRANSFERENCIAS CORRIENTES;10;0
09;39;01;05;02;000;Del Gobierno Central;10;0
09;39;01;05;02;201;Recuperación de Licencias Médicas - FONASA;10;0
09;39;01;08;00;000;OTROS INGRESOS CORRIENTES;20;0
09;39;01;08;01;000;Recuperaciones y Reembolsos por Licencias Médicas;10;0
09;39;01;08;99;000;Otros;10;0
09;39;01;09;00;000;APORTE FISCAL;4182445;0
09;39;01;09;01;000;Libre;4182445;0
09;39;01;15;00;000;SALDO INICIAL DE CAJA;20;0
09;39;01;21;00;000;GASTOS EN PERSONAL;3441004;0
09;39;01;22;00;000;BIENES Y SERVICIOS DE CONSUMO;676224;0
09;39;01;23;00;000;PRESTACIONES DE SEGURIDAD SOCIAL;10;0
09;39;01;23;03;000;Prestaciones Sociales del Empleador;10;0
09;39;01;25;00;000;INTEGROS AL FISCO;20;0
09;39;01;25;99;000;Otros Integros al Fisco;20;0
09;39;01;29;00;000;ADQUISICIÓN DE ACTIVOS NO FINANCIEROS;65217;0
09;39;01;29;04;000;Mobiliario y Otros;1029;0
09;39;01;29;05;000;Máquinas y Equipos;1029;0
09;39;01;29;06;000;Equipos Informáticos;1029;0
09;39;01;29;07;000;Programas Informáticos;62130;0
09;39;01;34;00;000;SERVICIO DE LA DEUDA;10;0
09;39;01;34;07;000;Deuda Flotante;10;0
09;39;01;35;00;000;SALDO FINAL DE CAJA;10;0
09;39;02;05;00;000;TRANSFERENCIAS CORRIENTES;70995784;0
09;39;02;05;02;000;Del Gobierno Central;70995784;0
09;39;02;05;02;001;Subvenciones a los Establecimientos Educacionales;58840339;0
09;39;02;05;02;002;Junta Nacional de Jardines Infantiles;3870868;0
09;39;02;05;02;004;Dirección de Educación Pública Programa 02;8284527;0
09;39;02;05;02;005;Subsecretaría de Educación;40;0
09;39;02;05;02;201;Recuperación de Licencias Médicas - FONASA;10;0
09;39;02;08;00;000;OTROS INGRESOS CORRIENTES;10;0
09;39;02;08;01;000;Recuperaciones y Reembolsos por Licencias Médicas;10;0
09;39;02;13;00;000;TRANSFERENCIAS PARA GASTOS DE CAPITAL;661588;0
09;39;02;13;02;000;Del Gobierno Central;661588;0
09;39;02;13;02;002;Dirección de Educación Pública;643533;0
09;39;02;13;02;003;Junta Nacional de Jardines Infantiles;18025;0
09;39;02;13;02;005;Subsecretaría de Educación;30;0
09;39;02;15;00;000;SALDO INICIAL DE CAJA;20;0
09;39;02;21;00;000;GASTOS EN PERSONAL;63987087;0
09;39;02;22;00;000;BIENES Y SERVICIOS DE CONSUMO;6663137;0
09;39;02;23;00;000;PRESTACIONES DE SEGURIDAD SOCIAL;10;0
09;39;02;23;03;000;Prestaciones Sociales del Empleador;10;0
09;39;02;24;00;000;TRANSFERENCIAS CORRIENTES;10;0
09;39;02;24;03;000;A Otras Entidades Públicas;10;0
09;39;02;24;03;001;Convenios para el Mejoramiento de la Calidad de la Educación;10;0
09;39;02;25;00;000;INTEGROS AL FISCO;20;0
09;39;02;25;99;000;Otros Integros al Fisco;20;0
09;39;02;29;00;000;ADQUISICIÓN DE ACTIVOS NO FINANCIEROS;345530;0
09;39;02;29;04;000;Mobiliario y Otros;68251;0
09;39;02;29;05;000;Máquinas y Equipos;36111;0
09;39;02;29;06;000;Equipos Informáticos;138288;0
09;39;02;29;07;000;Programas Informáticos;102880;0
09;39;02;31;00;000;INICIATIVAS DE INVERSIÓN;661588;0
09;39;02;31;02;000;Proyectos;661588;0
09;39;02;34;00;000;SERVICIO DE LA DEUDA;10;0
09;39;02;34;07;000;Deuda Flotante;10;0
09;39;02;35;00;000;SALDO FINAL DE CAJA;10;0
09;40;01;05;00;000;TRANSFERENCIAS CORRIENTES;10;0
09;40;01;05;02;000;Del Gobierno Central;10;0
09;40;01;05;02;201;Recuperación de Licencias Médicas - FONASA;10;0
09;40;01;08;00;000;OTROS INGRESOS CORRIENTES;20;0
09;40;01;08;01;000;Recuperaciones y Reembolsos por Licencias Médicas;10;0
09;40;01;08;99;000;Otros;10;0
09;40;01;09;00;000;APORTE FISCAL;3729575;0
09;40;01;09;01;000;Libre;3729575;0
09;40;01;15;00;000;SALDO INICIAL DE CAJA;20;0
09;40;01;21;00;000;GASTOS EN PERSONAL;3004878;0
09;40;01;22;00;000;BIENES Y SERVICIOS DE CONSUMO;668501;0
09;40;01;23;00;000;PRESTACIONES DE SEGURIDAD SOCIAL;10;0
09;40;01;23;03;000;Prestaciones Sociales del Empleador;10;0
09;40;01;25;00;000;INTEGROS AL FISCO;20;0
09;40;01;25;99;000;Otros Integros al Fisco;20;0
09;40;01;29;00;000;ADQUISICIÓN DE ACTIVOS NO FINANCIEROS;56196;0
09;40;01;29;04;000;Mobiliario y Otros;1029;0
09;40;01;29;05;000;Máquinas y Equipos;1029;0
09;40;01;29;06;000;Equipos Informáticos;1029;0
09;40;01;29;07;000;Programas Informáticos;53109;0
09;40;01;34;00;000;SERVICIO DE LA DEUDA;10;0
09;40;01;34;07;000;Deuda Flotante;10;0
09;40;01;35;00;000;SALDO FINAL DE CAJA;10;0
09;40;02;05;00;000;TRANSFERENCIAS CORRIENTES;53522847;0
09;40;02;05;02;000;Del Gobierno Central;53522847;0
09;40;02;05;02;001;Subvenciones a los Establecimientos Educacionales;39625939;0
09;40;02;05;02;002;Junta Nacional de Jardines Infantiles;5880295;0
09;40;02;05;02;004;Dirección de Educación Pública Programa 02;8016563;0
09;40;02;05;02;005;Subsecretaría de Educación;40;0
09;40;02;05;02;201;Recuperación de Licencias Médicas - FONASA;10;0
09;40;02;08;00;000;OTROS INGRESOS CORRIENTES;10;0
09;40;02;08;01;000;Recuperaciones y Reembolsos por Licencias Médicas;10;0
09;40;02;13;00;000;TRANSFERENCIAS PARA GASTOS DE CAPITAL;847262;0
09;40;02;13;02;000;Del Gobierno Central;847262;0
09;40;02;13;02;002;Dirección de Educación Pública;847232;0
09;40;02;13;02;005;Subsecretaría de Educación;30;0
09;40;02;15;00;000;SALDO INICIAL DE CAJA;20;0
09;40;02;21;00;000;GASTOS EN PERSONAL;49725926;0
09;40;02;22;00;000;BIENES Y SERVICIOS DE CONSUMO;3533624;0
09;40;02;23;00;000;PRESTACIONES DE SEGURIDAD SOCIAL;10;0
09;40;02;23;03;000;Prestaciones Sociales del Empleador;10;0
09;40;02;24;00;000;TRANSFERENCIAS CORRIENTES;10;0
09;40;02;24;03;000;A Otras Entidades Públicas;10;0
09;40;02;24;03;001;Convenios para el Mejoramiento de la Calidad de la Educación;10;0
09;40;02;25;00;000;INTEGROS AL FISCO;20;0
09;40;02;25;99;000;Otros Integros al Fisco;20;0
09;40;02;29;00;000;ADQUISICIÓN DE ACTIVOS NO FINANCIEROS;263267;0
09;40;02;29;04;000;Mobiliario y Otros;133744;0
09;40;02;29;05;000;Máquinas y Equipos;4115;0
09;40;02;29;06;000;Equipos Informáticos;111778;0
09;40;02;29;07;000;Programas Informáticos;13630;0
09;40;02;31;00;000;INICIATIVAS DE INVERSIÓN;847262;0
09;40;02;31;02;000;Proyectos;847262;0
09;40;02;34;00;000;SERVICIO DE LA DEUDA;10;0
09;40;02;34;07;000;Deuda Flotante;10;0
09;40;02;35;00;000;SALDO FINAL DE CAJA;10;0
09;41;01;05;00;000;TRANSFERENCIAS CORRIENTES;10;0
09;41;01;05;02;000;Del Gobierno Central;10;0
09;41;01;05;02;201;Recuperación de Licencias Médicas - FONASA;10;0
09;41;01;08;00;000;OTROS INGRESOS CORRIENTES;20;0
09;41;01;08;01;000;Recuperaciones y Reembolsos por Licencias Médicas;10;0
09;41;01;08;99;000;Otros;10;0
09;41;01;09;00;000;APORTE FISCAL;4160603;0
09;41;01;09;01;000;Libre;4160603;0
09;41;01;15;00;000;SALDO INICIAL DE CAJA;20;0
09;41;01;21;00;000;GASTOS EN PERSONAL;3390537;0
09;41;01;22;00;000;BIENES Y SERVICIOS DE CONSUMO;704973;0
09;41;01;23;00;000;PRESTACIONES DE SEGURIDAD SOCIAL;10;0
09;41;01;23;03;000;Prestaciones Sociales del Empleador;10;0
09;41;01;25;00;000;INTEGROS AL FISCO;20;0
09;41;01;25;99;000;Otros Integros al Fisco;20;0
09;41;01;29;00;000;ADQUISICIÓN DE ACTIVOS NO FINANCIEROS;65093;0
09;41;01;29;04;000;Mobiliario y Otros;1029;0
09;41;01;29;05;000;Máquinas y Equipos;1029;0
09;41;01;29;06;000;Equipos Informáticos;1029;0
09;41;01;29;07;000;Programas Informáticos;62006;0
09;41;01;34;00;000;SERVICIO DE LA DEUDA;10;0
09;41;01;34;07;000;Deuda Flotante;10;0
09;41;01;35;00;000;SALDO FINAL DE CAJA;10;0
09;41;02;05;00;000;TRANSFERENCIAS CORRIENTES;76385247;0
09;41;02;05;02;000;Del Gobierno Central;76385247;0
09;41;02;05;02;001;Subvenciones a los Establecimientos Educacionales;52470089;0
09;41;02;05;02;002;Junta Nacional de Jardines Infantiles;7835730;0
09;41;02;05;02;004;Dirección de Educación Pública Programa 02;16079378;0
09;41;02;05;02;005;Subsecretaría de Educación;40;0
09;41;02;05;02;201;Recuperación de Licencias Médicas - FONASA;10;0
09;41;02;08;00;000;OTROS INGRESOS CORRIENTES;10;0
09;41;02;08;01;000;Recuperaciones y Reembolsos por Licencias Médicas;10;0
09;41;02;13;00;000;TRANSFERENCIAS PARA GASTOS DE CAPITAL;662072;0
09;41;02;13;02;000;Del Gobierno Central;662072;0
09;41;02;13;02;002;Dirección de Educación Pública;617280;0
09;41;02;13;02;003;Junta Nacional de Jardines Infantiles;44762;0
09;41;02;13;02;005;Subsecretaría de Educación;30;0
09;41;02;15;00;000;SALDO INICIAL DE CAJA;20;0
09;41;02;21;00;000;GASTOS EN PERSONAL;71633150;0
09;41;02;22;00;000;BIENES Y SERVICIOS DE CONSUMO;4430997;0
09;41;02;23;00;000;PRESTACIONES DE SEGURIDAD SOCIAL;10;0
09;41;02;23;03;000;Prestaciones Sociales del Empleador;10;0
09;41;02;24;00;000;TRANSFERENCIAS CORRIENTES;10;0
09;41;02;24;03;000;A Otras Entidades Públicas;10;0
09;41;02;24;03;001;Convenios para el Mejoramiento de la Calidad de la Educación;10;0
09;41;02;25;00;000;INTEGROS AL FISCO;20;0
09;41;02;25;99;000;Otros Integros al Fisco;20;0
09;41;02;29;00;000;ADQUISICIÓN DE ACTIVOS NO FINANCIEROS;321070;0
09;41;02;29;04;000;Mobiliario y Otros;124463;0
09;41;02;29;05;000;Máquinas y Equipos;53389;0
09;41;02;29;06;000;Equipos Informáticos;127808;0
09;41;02;29;07;000;Programas Informáticos;15410;0
09;41;02;31;00;000;INICIATIVAS DE INVERSIÓN;662072;0
09;41;02;31;02;000;Proyectos;662072;0
09;41;02;34;00;000;SERVICIO DE LA DEUDA;10;0
09;41;02;34;07;000;Deuda Flotante;10;0
09;41;02;35;00;000;SALDO FINAL DE CAJA;10;0
09;42;01;05;00;000;TRANSFERENCIAS CORRIENTES;10;0
09;42;01;05;02;000;Del Gobierno Central;10;0
09;42;01;05;02;201;Recuperación de Licencias Médicas - FONASA;10;0
09;42;01;08;00;000;OTROS INGRESOS CORRIENTES;20;0
09;42;01;08;01;000;Recuperaciones y Reembolsos por Licencias Médicas;10;0
09;42;01;08;99;000;Otros;10;0
09;42;01;09;00;000;APORTE FISCAL;4193146;0
09;42;01;09;01;000;Libre;4193146;0
09;42;01;15;00;000;SALDO INICIAL DE CAJA;20;0
09;42;01;21;00;000;GASTOS EN PERSONAL;3447968;0
09;42;01;22;00;000;BIENES Y SERVICIOS DE CONSUMO;666080;0
09;42;01;23;00;000;PRESTACIONES DE SEGURIDAD SOCIAL;10;0
09;42;01;23;03;000;Prestaciones Sociales del Empleador;10;0
09;42;01;25;00;000;INTEGROS AL FISCO;20;0
09;42;01;25;99;000;Otros Integros al Fisco;20;0
09;42;01;29;00;000;ADQUISICIÓN DE ACTIVOS NO FINANCIEROS;79098;0
09;42;01;29;04;000;Mobiliario y Otros;1029;0
09;42;01;29;05;000;Máquinas y Equipos;1029;0
09;42;01;29;06;000;Equipos Informáticos;1029;0
09;42;01;29;07;000;Programas Informáticos;76011;0
09;42;01;34;00;000;SERVICIO DE LA DEUDA;10;0
09;42;01;34;07;000;Deuda Flotante;10;0
09;42;01;35;00;000;SALDO FINAL DE CAJA;10;0
09;42;02;05;00;000;TRANSFERENCIAS CORRIENTES;99495101;0
09;42;02;05;02;000;Del Gobierno Central;99495101;0
09;42;02;05;02;001;Subvenciones a los Establecimientos Educacionales;74350116;0
09;42;02;05;02;002;Junta Nacional de Jardines Infantiles;11868538;0
09;42;02;05;02;004;Dirección de Educación Pública Programa 02;13276397;0
09;42;02;05;02;005;Subsecretaría de Educación;40;0
09;42;02;05;02;201;Recuperación de Licencias Médicas - FONASA;10;0
09;42;02;08;00;000;OTROS INGRESOS CORRIENTES;10;0
09;42;02;08;01;000;Recuperaciones y Reembolsos por Licencias Médicas;10;0
09;42;02;13;00;000;TRANSFERENCIAS PARA GASTOS DE CAPITAL;954930;0
09;42;02;13;02;000;Del Gobierno Central;954930;0
09;42;02;13;02;002;Dirección de Educación Pública;865376;0
09;42;02;13;02;003;Junta Nacional de Jardines Infantiles;89524;0
09;42;02;13;02;005;Subsecretaría de Educación;30;0
09;42;02;15;00;000;SALDO INICIAL DE CAJA;20;0
09;42;02;21;00;000;GASTOS EN PERSONAL;91108051;0
09;42;02;22;00;000;BIENES Y SERVICIOS DE CONSUMO;7737423;0
09;42;02;23;00;000;PRESTACIONES DE SEGURIDAD SOCIAL;10;0
09;42;02;23;03;000;Prestaciones Sociales del Empleador;10;0
09;42;02;24;00;000;TRANSFERENCIAS CORRIENTES;10;0
09;42;02;24;03;000;A Otras Entidades Públicas;10;0
09;42;02;24;03;001;Convenios para el Mejoramiento de la Calidad de la Educación;10;0
09;42;02;25;00;000;INTEGROS AL FISCO;20;0
09;42;02;25;99;000;Otros Integros al Fisco;20;0
09;42;02;29;00;000;ADQUISICIÓN DE ACTIVOS NO FINANCIEROS;649597;0
09;42;02;29;04;000;Mobiliario y Otros;226336;0
09;42;02;29;05;000;Máquinas y Equipos;92592;0
09;42;02;29;06;000;Equipos Informáticos;301438;0
09;42;02;29;07;000;Programas Informáticos;29231;0
09;42;02;31;00;000;INICIATIVAS DE INVERSIÓN;954930;0
09;42;02;31;02;000;Proyectos;954930;0
09;42;02;34;00;000;SERVICIO DE LA DEUDA;10;0
09;42;02;34;07;000;Deuda Flotante;10;0
09;42;02;35;00;000;SALDO FINAL DE CAJA;10;0
09;43;01;05;00;000;TRANSFERENCIAS CORRIENTES;10;0
09;43;01;05;02;000;Del Gobierno Central;10;0
09;43;01;05;02;201;Recuperación de Licencias Médicas - FONASA;10;0
09;43;01;08;00;000;OTROS INGRESOS CORRIENTES;20;0
09;43;01;08;01;000;Recuperaciones y Reembolsos por Licencias Médicas;10;0
09;43;01;08;99;000;Otros;10;0
09;43;01;09;00;000;APORTE FISCAL;4745985;0
09;43;01;09;01;000;Libre;4745985;0
09;43;01;15;00;000;SALDO INICIAL DE CAJA;20;0
09;43;01;21;00;000;GASTOS EN PERSONAL;3876781;0
09;43;01;22;00;000;BIENES Y SERVICIOS DE CONSUMO;799923;0
09;43;01;23;00;000;PRESTACIONES DE SEGURIDAD SOCIAL;10;0
09;43;01;23;03;000;Prestaciones Sociales del Empleador;10;0
09;43;01;25;00;000;INTEGROS AL FISCO;20;0
09;43;01;25;99;000;Otros Integros al Fisco;20;0
09;43;01;29;00;000;ADQUISICIÓN DE ACTIVOS NO FINANCIEROS;69281;0
09;43;01;29;04;000;Mobiliario y Otros;1029;0
09;43;01;29;05;000;Máquinas y Equipos;1029;0
09;43;01;29;06;000;Equipos Informáticos;1029;0
09;43;01;29;07;000;Programas Informáticos;66194;0
09;43;01;34;00;000;SERVICIO DE LA DEUDA;10;0
09;43;01;34;07;000;Deuda Flotante;10;0
09;43;01;35;00;000;SALDO FINAL DE CAJA;10;0
09;43;02;05;00;000;TRANSFERENCIAS CORRIENTES;123296186;0
09;43;02;05;02;000;Del Gobierno Central;123296186;0
09;43;02;05;02;001;Subvenciones a los Establecimientos Educacionales;83455187;0
09;43;02;05;02;002;Junta Nacional de Jardines Infantiles;9591110;0
09;43;02;05;02;004;Dirección de Educación Pública Programa 02;30249839;0
09;43;02;05;02;005;Subsecretaría de Educación;40;0
09;43;02;05;02;201;Recuperación de Licencias Médicas - FONASA;10;0
09;43;02;08;00;000;OTROS INGRESOS CORRIENTES;10;0
09;43;02;08;01;000;Recuperaciones y Reembolsos por Licencias Médicas;10;0
09;43;02;13;00;000;TRANSFERENCIAS PARA GASTOS DE CAPITAL;704842;0
09;43;02;13;02;000;Del Gobierno Central;704842;0
09;43;02;13;02;002;Dirección de Educación Pública;704812;0
09;43;02;13;02;005;Subsecretaría de Educación;30;0
09;43;02;15;00;000;SALDO INICIAL DE CAJA;20;0
09;43;02;21;00;000;GASTOS EN PERSONAL;113018799;0
09;43;02;22;00;000;BIENES Y SERVICIOS DE CONSUMO;8013599;0
09;43;02;23;00;000;PRESTACIONES DE SEGURIDAD SOCIAL;10;0
09;43;02;23;03;000;Prestaciones Sociales del Empleador;10;0
09;43;02;24;00;000;TRANSFERENCIAS CORRIENTES;1541495;0
09;43;02;24;01;000;Al Sector Privado;1541485;0
09;43;02;24;01;001;Aplicación Art. 16 Transitorio Ley N° 21.040 Corporación Educacional de la Construcción;1541485;0
09;43;02;24;03;000;A Otras Entidades Públicas;10;0
09;43;02;24;03;001;Convenios para el Mejoramiento de la Calidad de la Educación;10;0
09;43;02;25;00;000;INTEGROS AL FISCO;20;0
09;43;02;25;99;000;Otros Integros al Fisco;20;0
09;43;02;29;00;000;ADQUISICIÓN DE ACTIVOS NO FINANCIEROS;722273;0
09;43;02;29;04;000;Mobiliario y Otros;279990;0
09;43;02;29;05;000;Máquinas y Equipos;120100;0
09;43;02;29;06;000;Equipos Informáticos;287517;0
09;43;02;29;07;000;Programas Informáticos;34666;0
09;43;02;31;00;000;INICIATIVAS DE INVERSIÓN;704842;0
09;43;02;31;02;000;Proyectos;704842;0
09;43;02;34;00;000;SERVICIO DE LA DEUDA;10;0
09;43;02;34;07;000;Deuda Flotante;10;0
09;43;02;35;00;000;SALDO FINAL DE CAJA;10;0
09;44;01;05;00;000;TRANSFERENCIAS CORRIENTES;10;0
09;44;01;05;02;000;Del Gobierno Central;10;0
09;44;01;05;02;201;Recuperación de Licencias Médicas - FONASA;10;0
09;44;01;08;00;000;OTROS INGRESOS CORRIENTES;20;0
09;44;01;08;01;000;Recuperaciones y Reembolsos por Licencias Médicas;10;0
09;44;01;08;99;000;Otros;10;0
09;44;01;09;00;000;APORTE FISCAL;4718352;0
09;44;01;09;01;000;Libre;4718352;0
09;44;01;15;00;000;SALDO INICIAL DE CAJA;20;0
09;44;01;21;00;000;GASTOS EN PERSONAL;3875353;0
09;44;01;22;00;000;BIENES Y SERVICIOS DE CONSUMO;804742;0
09;44;01;23;00;000;PRESTACIONES DE SEGURIDAD SOCIAL;10;0
09;44;01;23;03;000;Prestaciones Sociales del Empleador;10;0
09;44;01;25;00;000;INTEGROS AL FISCO;20;0
09;44;01;25;99;000;Otros Integros al Fisco;20;0
09;44;01;29;00;000;ADQUISICIÓN DE ACTIVOS NO FINANCIEROS;38257;0
09;44;01;29;04;000;Mobiliario y Otros;1029;0
09;44;01;29;05;000;Máquinas y Equipos;1029;0
09;44;01;29;06;000;Equipos Informáticos;1029;0
09;44;01;29;07;000;Programas Informáticos;35170;0
09;44;01;34;00;000;SERVICIO DE LA DEUDA;10;0
09;44;01;34;07;000;Deuda Flotante;10;0
09;44;01;35;00;000;SALDO FINAL DE CAJA;10;0
09;44;02;05;00;000;TRANSFERENCIAS CORRIENTES;88499893;0
09;44;02;05;02;000;Del Gobierno Central;88499893;0
09;44;02;05;02;001;Subvenciones a los Establecimientos Educacionales;68109783;0
09;44;02;05;02;002;Junta Nacional de Jardines Infantiles;5166740;0
09;44;02;05;02;004;Dirección de Educación Pública Programa 02;15223320;0
09;44;02;05;02;005;Subsecretaría de Educación;40;0
09;44;02;05;02;201;Recuperación de Licencias Médicas - FONASA;10;0
09;44;02;08;00;000;OTROS INGRESOS CORRIENTES;10;0
09;44;02;08;01;000;Recuperaciones y Reembolsos por Licencias Médicas;10;0
09;44;02;13;00;000;TRANSFERENCIAS PARA GASTOS DE CAPITAL;2317867;0
09;44;02;13;02;000;Del Gobierno Central;2317867;0
09;44;02;13;02;002;Dirección de Educación Pública;1553769;0
09;44;02;13;02;003;Junta Nacional de Jardines Infantiles;764068;0
09;44;02;13;02;005;Subsecretaría de Educación;30;0
09;44;02;15;00;000;SALDO INICIAL DE CAJA;20;0
09;44;02;21;00;000;GASTOS EN PERSONAL;81007129;0
09;44;02;22;00;000;BIENES Y SERVICIOS DE CONSUMO;7033921;0
09;44;02;23;00;000;PRESTACIONES DE SEGURIDAD SOCIAL;10;0
09;44;02;23;03;000;Prestaciones Sociales del Empleador;10;0
09;44;02;24;00;000;TRANSFERENCIAS CORRIENTES;10;0
09;44;02;24;03;000;A Otras Entidades Públicas;10;0
09;44;02;24;03;001;Convenios para el Mejoramiento de la Calidad de la Educación;10;0
09;44;02;25;00;000;INTEGROS AL FISCO;20;0
09;44;02;25;99;000;Otros Integros al Fisco;20;0
09;44;02;29;00;000;ADQUISICIÓN DE ACTIVOS NO FINANCIEROS;458813;0
09;44;02;29;04;000;Mobiliario y Otros;158264;0
09;44;02;29;05;000;Máquinas y Equipos;81614;0
09;44;02;29;06;000;Equipos Informáticos;195378;0
09;44;02;29;07;000;Programas Informáticos;23557;0
09;44;02;31;00;000;INICIATIVAS DE INVERSIÓN;2317867;0
09;44;02;31;02;000;Proyectos;2317867;0
09;44;02;34;00;000;SERVICIO DE LA DEUDA;10;0
09;44;02;34;07;000;Deuda Flotante;10;0
09;44;02;35;00;000;SALDO FINAL DE CAJA;10;0
09;45;01;05;00;000;TRANSFERENCIAS CORRIENTES;10;0
09;45;01;05;02;000;Del Gobierno Central;10;0
09;45;01;05;02;201;Recuperación de Licencias Médicas - FONASA;10;0
09;45;01;08;00;000;OTROS INGRESOS CORRIENTES;20;0
09;45;01;08;01;000;Recuperaciones y Reembolsos por Licencias Médicas;10;0
09;45;01;08;99;000;Otros;10;0
09;45;01;09;00;000;APORTE FISCAL;4629066;0
09;45;01;09;01;000;Libre;4629066;0
09;45;01;15;00;000;SALDO INICIAL DE CAJA;20;0
09;45;01;21;00;000;GASTOS EN PERSONAL;4017847;0
09;45;01;22;00;000;BIENES Y SERVICIOS DE CONSUMO;541298;0
09;45;01;23;00;000;PRESTACIONES DE SEGURIDAD SOCIAL;10;0
09;45;01;23;03;000;Prestaciones Sociales del Empleador;10;0
09;45;01;25;00;000;INTEGROS AL FISCO;20;0
09;45;01;25;99;000;Otros Integros al Fisco;20;0
09;45;01;29;00;000;ADQUISICIÓN DE ACTIVOS NO FINANCIEROS;69921;0
09;45;01;29;04;000;Mobiliario y Otros;1029;0
09;45;01;29;05;000;Máquinas y Equipos;1029;0
09;45;01;29;06;000;Equipos Informáticos;1029;0
09;45;01;29;07;000;Programas Informáticos;66834;0
09;45;01;34;00;000;SERVICIO DE LA DEUDA;10;0
09;45;01;34;07;000;Deuda Flotante;10;0
09;45;01;35;00;000;SALDO FINAL DE CAJA;10;0
09;45;02;05;00;000;TRANSFERENCIAS CORRIENTES;114123312;0
09;45;02;05;02;000;Del Gobierno Central;114123312;0
09;45;02;05;02;001;Subvenciones a los Establecimientos Educacionales;92799166;0
09;45;02;05;02;002;Junta Nacional de Jardines Infantiles;6413705;0
09;45;02;05;02;004;Dirección de Educación Pública Programa 02;14910391;0
09;45;02;05;02;005;Subsecretaría de Educación;40;0
09;45;02;05;02;201;Recuperación de Licencias Médicas - FONASA;10;0
09;45;02;08;00;000;OTROS INGRESOS CORRIENTES;10;0
09;45;02;08;01;000;Recuperaciones y Reembolsos por Licencias Médicas;10;0
09;45;02;13;00;000;TRANSFERENCIAS PARA GASTOS DE CAPITAL;1101478;0
09;45;02;13;02;000;Del Gobierno Central;1101478;0
09;45;02;13;02;002;Dirección de Educación Pública;823813;0
09;45;02;13;02;003;Junta Nacional de Jardines Infantiles;277635;0
09;45;02;13;02;005;Subsecretaría de Educación;30;0
09;45;02;15;00;000;SALDO INICIAL DE CAJA;20;0
09;45;02;21;00;000;GASTOS EN PERSONAL;102331825;0
09;45;02;22;00;000;BIENES Y SERVICIOS DE CONSUMO;11213761;0
09;45;02;23;00;000;PRESTACIONES DE SEGURIDAD SOCIAL;10;0
09;45;02;23;03;000;Prestaciones Sociales del Empleador;10;0
09;45;02;24;00;000;TRANSFERENCIAS CORRIENTES;10;0
09;45;02;24;03;000;A Otras Entidades Públicas;10;0
09;45;02;24;03;001;Convenios para el Mejoramiento de la Calidad de la Educación;10;0
09;45;02;25;00;000;INTEGROS AL FISCO;20;0
09;45;02;25;99;000;Otros Integros al Fisco;20;0
09;45;02;29;00;000;ADQUISICIÓN DE ACTIVOS NO FINANCIEROS;577696;0
09;45;02;29;04;000;Mobiliario y Otros;198622;0
09;45;02;29;05;000;Máquinas y Equipos;102936;0
09;45;02;29;06;000;Equipos Informáticos;246425;0
09;45;02;29;07;000;Programas Informáticos;29713;0
09;45;02;31;00;000;INICIATIVAS DE INVERSIÓN;1101478;0
09;45;02;31;02;000;Proyectos;1101478;0
09;45;02;34;00;000;SERVICIO DE LA DEUDA;10;0
09;45;02;34;07;000;Deuda Flotante;10;0
09;45;02;35;00;000;SALDO FINAL DE CAJA;10;0
09;46;01;05;00;000;TRANSFERENCIAS CORRIENTES;10;0
09;46;01;05;02;000;Del Gobierno Central;10;0
09;46;01;05;02;201;Recuperación de Licencias Médicas - FONASA;10;0
09;46;01;08;00;000;OTROS INGRESOS CORRIENTES;20;0
09;46;01;08;01;000;Recuperaciones y Reembolsos por Licencias Médicas;10;0
09;46;01;08;99;000;Otros;10;0
09;46;01;09;00;000;APORTE FISCAL;4963617;0
09;46;01;09;01;000;Libre;4963617;0
09;46;01;15;00;000;SALDO INICIAL DE CAJA;20;0
09;46;01;21;00;000;GASTOS EN PERSONAL;3993293;0
09;46;01;22;00;000;BIENES Y SERVICIOS DE CONSUMO;876877;0
09;46;01;23;00;000;PRESTACIONES DE SEGURIDAD SOCIAL;10;0
09;46;01;23;03;000;Prestaciones Sociales del Empleador;10;0
09;46;01;25;00;000;INTEGROS AL FISCO;20;0
09;46;01;25;99;000;Otros Integros al Fisco;20;0
09;46;01;29;00;000;ADQUISICIÓN DE ACTIVOS NO FINANCIEROS;93447;0
09;46;01;29;04;000;Mobiliario y Otros;1029;0
09;46;01;29;05;000;Máquinas y Equipos;1029;0
09;46;01;29;06;000;Equipos Informáticos;1029;0
09;46;01;29;07;000;Programas Informáticos;90360;0
09;46;01;34;00;000;SERVICIO DE LA DEUDA;10;0
09;46;01;34;07;000;Deuda Flotante;10;0
09;46;01;35;00;000;SALDO FINAL DE CAJA;10;0
09;46;02;05;00;000;TRANSFERENCIAS CORRIENTES;152384839;0
09;46;02;05;02;000;Del Gobierno Central;152384839;0
09;46;02;05;02;001;Subvenciones a los Establecimientos Educacionales;128171213;0
09;46;02;05;02;002;Junta Nacional de Jardines Infantiles;3052521;0
09;46;02;05;02;004;Dirección de Educación Pública Programa 02;21161055;0
09;46;02;05;02;005;Subsecretaría de Educación;40;0
09;46;02;05;02;201;Recuperación de Licencias Médicas - FONASA;10;0
09;46;02;08;00;000;OTROS INGRESOS CORRIENTES;10;0
09;46;02;08;01;000;Recuperaciones y Reembolsos por Licencias Médicas;10;0
09;46;02;13;00;000;TRANSFERENCIAS PARA GASTOS DE CAPITAL;295314;0
09;46;02;13;02;000;Del Gobierno Central;295314;0
09;46;02;13;02;002;Dirección de Educación Pública;205760;0
09;46;02;13;02;003;Junta Nacional de Jardines Infantiles;89524;0
09;46;02;13;02;005;Subsecretaría de Educación;30;0
09;46;02;15;00;000;SALDO INICIAL DE CAJA;10;0
09;46;02;21;00;000;GASTOS EN PERSONAL;132447869;0
09;46;02;22;00;000;BIENES Y SERVICIOS DE CONSUMO;17197325;0
09;46;02;23;00;000;PRESTACIONES DE SEGURIDAD SOCIAL;10;0
09;46;02;23;03;000;Prestaciones Sociales del Empleador;10;0
09;46;02;24;00;000;TRANSFERENCIAS CORRIENTES;10;0
09;46;02;24;03;000;A Otras Entidades Públicas;10;0
09;46;02;24;03;001;Convenios para el Mejoramiento de la Calidad de la Educación;10;0
09;46;02;25;00;000;INTEGROS AL FISCO;20;0
09;46;02;25;99;000;Otros Integros al Fisco;20;0
09;46;02;29;00;000;ADQUISICIÓN DE ACTIVOS NO FINANCIEROS;2739615;0
09;46;02;29;04;000;Mobiliario y Otros;830637;0
09;46;02;29;05;000;Máquinas y Equipos;505180;0
09;46;02;29;06;000;Equipos Informáticos;1324882;0
09;46;02;29;07;000;Programas Informáticos;78916;0
09;46;02;31;00;000;INICIATIVAS DE INVERSIÓN;295314;0
09;46;02;31;02;000;Proyectos;295314;0
09;46;02;35;00;000;SALDO FINAL DE CAJA;10;0
09;47;01;05;00;000;TRANSFERENCIAS CORRIENTES;10;0
09;47;01;05;02;000;Del Gobierno Central;10;0
09;47;01;05;02;201;Recuperación de Licencias Médicas - FONASA;10;0
09;47;01;08;00;000;OTROS INGRESOS CORRIENTES;20;0
09;47;01;08;01;000;Recuperaciones y Reembolsos por Licencias Médicas;10;0
09;47;01;08;99;000;Otros;10;0
09;47;01;09;00;000;APORTE FISCAL;4053740;0
09;47;01;09;01;000;Libre;4053740;0
09;47;01;15;00;000;SALDO INICIAL DE CAJA;20;0
09;47;01;21;00;000;GASTOS EN PERSONAL;3294605;0
09;47;01;22;00;000;BIENES Y SERVICIOS DE CONSUMO;650125;0
09;47;01;23;00;000;PRESTACIONES DE SEGURIDAD SOCIAL;10;0
09;47;01;23;03;000;Prestaciones Sociales del Empleador;10;0
09;47;01;25;00;000;INTEGROS AL FISCO;20;0
09;47;01;25;99;000;Otros Integros al Fisco;20;0
09;47;01;29;00;000;ADQUISICIÓN DE ACTIVOS NO FINANCIEROS;109010;0
09;47;01;29;04;000;Mobiliario y Otros;1029;0
09;47;01;29;05;000;Máquinas y Equipos;1029;0
09;47;01;29;06;000;Equipos Informáticos;1029;0
09;47;01;29;07;000;Programas Informáticos;105923;0
09;47;01;34;00;000;SERVICIO DE LA DEUDA;10;0
09;47;01;34;07;000;Deuda Flotante;10;0
09;47;01;35;00;000;SALDO FINAL DE CAJA;10;0
09;47;02;05;00;000;TRANSFERENCIAS CORRIENTES;62830534;0
09;47;02;05;02;000;Del Gobierno Central;62830534;0
09;47;02;05;02;001;Subvenciones a los Establecimientos Educacionales;48920915;0
09;47;02;05;02;002;Junta Nacional de Jardines Infantiles;5130753;0
09;47;02;05;02;004;Dirección de Educación Pública Programa 02;8778816;0
09;47;02;05;02;005;Subsecretaría de Educación;40;0
09;47;02;05;02;201;Recuperación de Licencias Médicas - FONASA;10;0
09;47;02;08;00;000;OTROS INGRESOS CORRIENTES;10;0
09;47;02;08;01;000;Recuperaciones y Reembolsos por Licencias Médicas;10;0
09;47;02;13;00;000;TRANSFERENCIAS PARA GASTOS DE CAPITAL;448158;0
09;47;02;13;02;000;Del Gobierno Central;448158;0
09;47;02;13;02;002;Dirección de Educación Pública;411520;0
09;47;02;13;02;003;Junta Nacional de Jardines Infantiles;36608;0
09;47;02;13;02;005;Subsecretaría de Educación;30;0
09;47;02;15;00;000;SALDO INICIAL DE CAJA;20;0
09;47;02;21;00;000;GASTOS EN PERSONAL;56980594;0
09;47;02;22;00;000;BIENES Y SERVICIOS DE CONSUMO;5519687;0
09;47;02;23;00;000;PRESTACIONES DE SEGURIDAD SOCIAL;10;0
09;47;02;23;03;000;Prestaciones Sociales del Empleador;10;0
09;47;02;24;00;000;TRANSFERENCIAS CORRIENTES;10;0
09;47;02;24;03;000;A Otras Entidades Públicas;10;0
09;47;02;24;03;001;Convenios para el Mejoramiento de la Calidad de la Educación;10;0
09;47;02;25;00;000;INTEGROS AL FISCO;20;0
09;47;02;25;99;000;Otros Integros al Fisco;20;0
09;47;02;29;00;000;ADQUISICIÓN DE ACTIVOS NO FINANCIEROS;330223;0
09;47;02;29;04;000;Mobiliario y Otros;90355;0
09;47;02;29;05;000;Máquinas y Equipos;55027;0
09;47;02;29;06;000;Equipos Informáticos;167755;0
09;47;02;29;07;000;Programas Informáticos;17086;0
09;47;02;31;00;000;INICIATIVAS DE INVERSIÓN;448158;0
09;47;02;31;02;000;Proyectos;448158;0
09;47;02;34;00;000;SERVICIO DE LA DEUDA;10;0
09;47;02;34;07;000;Deuda Flotante;10;0
09;47;02;35;00;000;SALDO FINAL DE CAJA;10;0
09;48;01;05;00;000;TRANSFERENCIAS CORRIENTES;10;0
09;48;01;05;02;000;Del Gobierno Central;10;0
09;48;01;05;02;201;Recuperación de Licencias Médicas - FONASA;10;0
09;48;01;08;00;000;OTROS INGRESOS CORRIENTES;20;0
09;48;01;08;01;000;Recuperaciones y Reembolsos por Licencias Médicas;10;0
09;48;01;08;99;000;Otros;10;0
09;48;01;09;00;000;APORTE FISCAL;3020001;0
09;48;01;09;01;000;Libre;3020001;0
09;48;01;15;00;000;SALDO INICIAL DE CAJA;20;0
09;48;01;21;00;000;GASTOS EN PERSONAL;2488897;0
09;48;01;22;00;000;BIENES Y SERVICIOS DE CONSUMO;513614;0
09;48;01;23;00;000;PRESTACIONES DE SEGURIDAD SOCIAL;10;0
09;48;01;23;03;000;Prestaciones Sociales del Empleador;10;0
09;48;01;25;00;000;INTEGROS AL FISCO;20;0
09;48;01;25;99;000;Otros Integros al Fisco;20;0
09;48;01;29;00;000;ADQUISICIÓN DE ACTIVOS NO FINANCIEROS;17490;0
09;48;01;29;04;000;Mobiliario y Otros;1029;0
09;48;01;29;05;000;Máquinas y Equipos;1029;0
09;48;01;29;06;000;Equipos Informáticos;1029;0
09;48;01;29;07;000;Programas Informáticos;14403;0
09;48;01;34;00;000;SERVICIO DE LA DEUDA;10;0
09;48;01;34;07;000;Deuda Flotante;10;0
09;48;01;35;00;000;SALDO FINAL DE CAJA;10;0
09;48;02;05;00;000;TRANSFERENCIAS CORRIENTES;37652728;0
09;48;02;05;02;000;Del Gobierno Central;37652728;0
09;48;02;05;02;001;Subvenciones a los Establecimientos Educacionales;29273485;0
09;48;02;05;02;002;Junta Nacional de Jardines Infantiles;1840992;0
09;48;02;05;02;004;Dirección de Educación Pública Programa 02;6538201;0
09;48;02;05;02;005;Subsecretaría de Educación;40;0
09;48;02;05;02;201;Recuperación de Licencias Médicas - FONASA;10;0
09;48;02;08;00;000;OTROS INGRESOS CORRIENTES;10;0
09;48;02;08;01;000;Recuperaciones y Reembolsos por Licencias Médicas;10;0
09;48;02;13;00;000;TRANSFERENCIAS PARA GASTOS DE CAPITAL;753890;0
09;48;02;13;02;000;Del Gobierno Central;753890;0
09;48;02;13;02;002;Dirección de Educación Pública;735835;0
09;48;02;13;02;003;Junta Nacional de Jardines Infantiles;18025;0
09;48;02;13;02;005;Subsecretaría de Educación;30;0
09;48;02;15;00;000;SALDO INICIAL DE CAJA;20;0
09;48;02;21;00;000;GASTOS EN PERSONAL;33833339;0
09;48;02;22;00;000;BIENES Y SERVICIOS DE CONSUMO;3601005;0
09;48;02;23;00;000;PRESTACIONES DE SEGURIDAD SOCIAL;10;0
09;48;02;23;03;000;Prestaciones Sociales del Empleador;10;0
09;48;02;24;00;000;TRANSFERENCIAS CORRIENTES;10;0
09;48;02;24;03;000;A Otras Entidades Públicas;10;0
09;48;02;24;03;001;Convenios para el Mejoramiento de la Calidad de la Educación;10;0
09;48;02;25;00;000;INTEGROS AL FISCO;20;0
09;48;02;25;99;000;Otros Integros al Fisco;20;0
09;48;02;29;00;000;ADQUISICIÓN DE ACTIVOS NO FINANCIEROS;218354;0
09;48;02;29;04;000;Mobiliario y Otros;75351;0
09;48;02;29;05;000;Máquinas y Equipos;30864;0
09;48;02;29;06;000;Equipos Informáticos;102880;0
09;48;02;29;07;000;Programas Informáticos;9259;0
09;48;02;31;00;000;INICIATIVAS DE INVERSIÓN;753890;0
09;48;02;31;02;000;Proyectos;753890;0
09;48;02;34;00;000;SERVICIO DE LA DEUDA;10;0
09;48;02;34;07;000;Deuda Flotante;10;0
09;48;02;35;00;000;SALDO FINAL DE CAJA;10;0
09;49;01;05;00;000;TRANSFERENCIAS CORRIENTES;10;0
09;49;01;05;02;000;Del Gobierno Central;10;0
09;49;01;05;02;201;Recuperación de Licencias Médicas - FONASA;10;0
09;49;01;08;00;000;OTROS INGRESOS CORRIENTES;20;0
09;49;01;08;01;000;Recuperaciones y Reembolsos por Licencias Médicas;10;0
09;49;01;08;99;000;Otros;10;0
09;49;01;09;00;000;APORTE FISCAL;3820665;0
09;49;01;09;01;000;Libre;3820665;0
09;49;01;15;00;000;SALDO INICIAL DE CAJA;20;0
09;49;01;21;00;000;GASTOS EN PERSONAL;3055251;0
09;49;01;22;00;000;BIENES Y SERVICIOS DE CONSUMO;681946;0
09;49;01;23;00;000;PRESTACIONES DE SEGURIDAD SOCIAL;10;0
09;49;01;23;03;000;Prestaciones Sociales del Empleador;10;0
09;49;01;25;00;000;INTEGROS AL FISCO;20;0
09;49;01;25;99;000;Otros Integros al Fisco;20;0
09;49;01;29;00;000;ADQUISICIÓN DE ACTIVOS NO FINANCIEROS;83468;0
09;49;01;29;04;000;Mobiliario y Otros;1029;0
09;49;01;29;05;000;Máquinas y Equipos;1029;0
09;49;01;29;06;000;Equipos Informáticos;1029;0
09;49;01;29;07;000;Programas Informáticos;80381;0
09;49;01;34;00;000;SERVICIO DE LA DEUDA;10;0
09;49;01;34;07;000;Deuda Flotante;10;0
09;49;01;35;00;000;SALDO FINAL DE CAJA;10;0
09;49;02;05;00;000;TRANSFERENCIAS CORRIENTES;39315020;0
09;49;02;05;02;000;Del Gobierno Central;39315020;0
09;49;02;05;02;001;Subvenciones a los Establecimientos Educacionales;37343112;0
09;49;02;05;02;002;Junta Nacional de Jardines Infantiles;1971858;0
09;49;02;05;02;005;Subsecretaría de Educación;40;0
09;49;02;05;02;201;Recuperación de Licencias Médicas - FONASA;10;0
09;49;02;08;00;000;OTROS INGRESOS CORRIENTES;10;0
09;49;02;08;01;000;Recuperaciones y Reembolsos por Licencias Médicas;10;0
09;49;02;13;00;000;TRANSFERENCIAS PARA GASTOS DE CAPITAL;595934;0
09;49;02;13;02;000;Del Gobierno Central;595934;0
09;49;02;13;02;002;Dirección de Educación Pública;595904;0
09;49;02;13;02;005;Subsecretaría de Educación;30;0
09;49;02;15;00;000;SALDO INICIAL DE CAJA;20;0
09;49;02;21;00;000;GASTOS EN PERSONAL;33148920;0
09;49;02;22;00;000;BIENES Y SERVICIOS DE CONSUMO;3719460;0
09;49;02;23;00;000;PRESTACIONES DE SEGURIDAD SOCIAL;2207500;0
09;49;02;23;03;000;Prestaciones Sociales del Empleador;2207500;0
09;49;02;24;00;000;TRANSFERENCIAS CORRIENTES;10;0
09;49;02;24;03;000;A Otras Entidades Públicas;10;0
09;49;02;24;03;001;Convenios para el Mejoramiento de la Calidad de la Educación;10;0
09;49;02;25;00;000;INTEGROS AL FISCO;20;0
09;49;02;25;99;000;Otros Integros al Fisco;20;0
09;49;02;29;00;000;ADQUISICIÓN DE ACTIVOS NO FINANCIEROS;239120;0
09;49;02;29;04;000;Mobiliario y Otros;65314;0
09;49;02;29;05;000;Máquinas y Equipos;39778;0
09;49;02;29;06;000;Equipos Informáticos;121678;0
09;49;02;29;07;000;Programas Informáticos;12350;0
09;49;02;31;00;000;INICIATIVAS DE INVERSIÓN;595934;0
09;49;02;31;02;000;Proyectos;595934;0
09;49;02;34;00;000;SERVICIO DE LA DEUDA;10;0
09;49;02;34;07;000;Deuda Flotante;10;0
09;49;02;35;00;000;SALDO FINAL DE CAJA;10;0
09;50;01;05;00;000;TRANSFERENCIAS CORRIENTES;10;0
09;50;01;05;02;000;Del Gobierno Central;10;0
09;50;01;05;02;201;Recuperación de Licencias Médicas - FONASA;10;0
09;50;01;08;00;000;OTROS INGRESOS CORRIENTES;20;0
09;50;01;08;01;000;Recuperaciones y Reembolsos por Licencias Médicas;10;0
09;50;01;08;99;000;Otros;10;0
09;50;01;09;00;000;APORTE FISCAL;3947217;0
09;50;01;09;01;000;Libre;3947217;0
09;50;01;15;00;000;SALDO INICIAL DE CAJA;20;0
09;50;01;21;00;000;GASTOS EN PERSONAL;3149137;0
09;50;01;22;00;000;BIENES Y SERVICIOS DE CONSUMO;733265;0
09;50;01;23;00;000;PRESTACIONES DE SEGURIDAD SOCIAL;10;0
09;50;01;23;03;000;Prestaciones Sociales del Empleador;10;0
09;50;01;25;00;000;INTEGROS AL FISCO;20;0
09;50;01;25;99;000;Otros Integros al Fisco;20;0
09;50;01;29;00;000;ADQUISICIÓN DE ACTIVOS NO FINANCIEROS;64815;0
09;50;01;29;04;000;Mobiliario y Otros;1029;0
09;50;01;29;05;000;Máquinas y Equipos;1029;0
09;50;01;29;06;000;Equipos Informáticos;1029;0
09;50;01;29;07;000;Programas Informáticos;61728;0
09;50;01;34;00;000;SERVICIO DE LA DEUDA;10;0
09;50;01;34;07;000;Deuda Flotante;10;0
09;50;01;35;00;000;SALDO FINAL DE CAJA;10;0
09;50;02;05;00;000;TRANSFERENCIAS CORRIENTES;56458541;0
09;50;02;05;02;000;Del Gobierno Central;56458541;0
09;50;02;05;02;001;Subvenciones a los Establecimientos Educacionales;45507826;0
09;50;02;05;02;002;Junta Nacional de Jardines Infantiles;5557425;0
09;50;02;05;02;004;Dirección de Educación Pública Programa 02;5393240;0
09;50;02;05;02;005;Subsecretaría de Educación;40;0
09;50;02;05;02;201;Recuperación de Licencias Médicas - FONASA;10;0
09;50;02;08;00;000;OTROS INGRESOS CORRIENTES;10;0
09;50;02;08;01;000;Recuperaciones y Reembolsos por Licencias Médicas;10;0
09;50;02;13;00;000;TRANSFERENCIAS PARA GASTOS DE CAPITAL;911477;0
09;50;02;13;02;000;Del Gobierno Central;911477;0
09;50;02;13;02;002;Dirección de Educación Pública;538456;0
09;50;02;13;02;003;Junta Nacional de Jardines Infantiles;372991;0
09;50;02;13;02;005;Subsecretaría de Educación;30;0
09;50;02;15;00;000;SALDO INICIAL DE CAJA;20;0
09;50;02;21;00;000;GASTOS EN PERSONAL;51245130;0
09;50;02;22;00;000;BIENES Y SERVICIOS DE CONSUMO;4837333;0
09;50;02;23;00;000;PRESTACIONES DE SEGURIDAD SOCIAL;10;0
09;50;02;23;03;000;Prestaciones Sociales del Empleador;10;0
09;50;02;24;00;000;TRANSFERENCIAS CORRIENTES;10;0
09;50;02;24;03;000;A Otras Entidades Públicas;10;0
09;50;02;24;03;001;Convenios para el Mejoramiento de la Calidad de la Educación;10;0
09;50;02;25;00;000;INTEGROS AL FISCO;20;0
09;50;02;25;99;000;Otros Integros al Fisco;20;0
09;50;02;29;00;000;ADQUISICIÓN DE ACTIVOS NO FINANCIEROS;376048;0
09;50;02;29;04;000;Mobiliario y Otros;92020;0
09;50;02;29;05;000;Máquinas y Equipos;63939;0
09;50;02;29;06;000;Equipos Informáticos;199307;0
09;50;02;29;07;000;Programas Informáticos;20782;0
09;50;02;31;00;000;INICIATIVAS DE INVERSIÓN;911477;0
09;50;02;31;02;000;Proyectos;911477;0
09;50;02;34;00;000;SERVICIO DE LA DEUDA;10;0
09;50;02;34;07;000;Deuda Flotante;10;0
09;50;02;35;00;000;SALDO FINAL DE CAJA;10;0
09;51;01;05;00;000;TRANSFERENCIAS CORRIENTES;10;0
09;51;01;05;02;000;Del Gobierno Central;10;0
09;51;01;05;02;201;Recuperación de Licencias Médicas - FONASA;10;0
09;51;01;08;00;000;OTROS INGRESOS CORRIENTES;20;0
09;51;01;08;01;000;Recuperaciones y Reembolsos por Licencias Médicas;10;0
09;51;01;08;99;000;Otros;10;0
09;51;01;09;00;000;APORTE FISCAL;4534801;0
09;51;01;09;01;000;Libre;4534801;0
09;51;01;15;00;000;SALDO INICIAL DE CAJA;20;0
09;51;01;21;00;000;GASTOS EN PERSONAL;3702593;0
09;51;01;22;00;000;BIENES Y SERVICIOS DE CONSUMO;644481;0
09;51;01;23;00;000;PRESTACIONES DE SEGURIDAD SOCIAL;10;0
09;51;01;23;03;000;Prestaciones Sociales del Empleador;10;0
09;51;01;25;00;000;INTEGROS AL FISCO;20;0
09;51;01;25;99;000;Otros Integros al Fisco;20;0
09;51;01;29;00;000;ADQUISICIÓN DE ACTIVOS NO FINANCIEROS;187727;0
09;51;01;29;04;000;Mobiliario y Otros;1029;0
09;51;01;29;05;000;Máquinas y Equipos;1029;0
09;51;01;29;06;000;Equipos Informáticos;1029;0
09;51;01;29;07;000;Programas Informáticos;184640;0
09;51;01;34;00;000;SERVICIO DE LA DEUDA;10;0
09;51;01;34;07;000;Deuda Flotante;10;0
09;51;01;35;00;000;SALDO FINAL DE CAJA;10;0
09;51;02;05;00;000;TRANSFERENCIAS CORRIENTES;87253102;0
09;51;02;05;02;000;Del Gobierno Central;87253102;0
09;51;02;05;02;001;Subvenciones a los Establecimientos Educacionales;71094924;0
09;51;02;05;02;004;Dirección de Educación Pública Programa 02;16158128;0
09;51;02;05;02;005;Subsecretaría de Educación;40;0
09;51;02;05;02;201;Recuperación de Licencias Médicas - FONASA;10;0
09;51;02;08;00;000;OTROS INGRESOS CORRIENTES;10;0
09;51;02;08;01;000;Recuperaciones y Reembolsos por Licencias Médicas;10;0
09;51;02;13;00;000;TRANSFERENCIAS PARA GASTOS DE CAPITAL;1080913;0
09;51;02;13;02;000;Del Gobierno Central;1080913;0
09;51;02;13;02;002;Dirección de Educación Pública;1080883;0
09;51;02;13;02;005;Subsecretaría de Educación;30;0
09;51;02;15;00;000;SALDO INICIAL DE CAJA;20;0
09;51;02;21;00;000;GASTOS EN PERSONAL;78425427;0
09;51;02;22;00;000;BIENES Y SERVICIOS DE CONSUMO;8384232;0
09;51;02;23;00;000;PRESTACIONES DE SEGURIDAD SOCIAL;10;0
09;51;02;23;03;000;Prestaciones Sociales del Empleador;10;0
09;51;02;24;00;000;TRANSFERENCIAS CORRIENTES;10;0
09;51;02;24;03;000;A Otras Entidades Públicas;10;0
09;51;02;24;03;001;Convenios para el Mejoramiento de la Calidad de la Educación;10;0
09;51;02;25;00;000;INTEGROS AL FISCO;20;0
09;51;02;25;99;000;Otros Integros al Fisco;20;0
09;51;02;29;00;000;ADQUISICIÓN DE ACTIVOS NO FINANCIEROS;443413;0
09;51;02;29;04;000;Mobiliario y Otros;185184;0
09;51;02;29;05;000;Máquinas y Equipos;124485;0
09;51;02;29;06;000;Equipos Informáticos;51440;0
09;51;02;29;07;000;Programas Informáticos;82304;0
09;51;02;31;00;000;INICIATIVAS DE INVERSIÓN;1080913;0
09;51;02;31;02;000;Proyectos;1080913;0
09;51;02;34;00;000;SERVICIO DE LA DEUDA;10;0
09;51;02;34;07;000;Deuda Flotante;10;0
09;51;02;35;00;000;SALDO FINAL DE CAJA;10;0
09;52;01;05;00;000;TRANSFERENCIAS CORRIENTES;10;0
09;52;01;05;02;000;Del Gobierno Central;10;0
09;52;01;05;02;201;Recuperación de Licencias Médicas - FONASA;10;0
09;52;01;08;00;000;OTROS INGRESOS CORRIENTES;20;0
09;52;01;08;01;000;Recuperaciones y Reembolsos por Licencias Médicas;10;0
09;52;01;08;99;000;Otros;10;0
09;52;01;09;00;000;APORTE FISCAL;4699822;0
09;52;01;09;01;000;Libre;4699822;0
09;52;01;15;00;000;SALDO INICIAL DE CAJA;20;0
09;52;01;21;00;000;GASTOS EN PERSONAL;3864214;0
09;52;01;22;00;000;BIENES Y SERVICIOS DE CONSUMO;752902;0
09;52;01;23;00;000;PRESTACIONES DE SEGURIDAD SOCIAL;10;0
09;52;01;23;03;000;Prestaciones Sociales del Empleador;10;0
09;52;01;25;00;000;INTEGROS AL FISCO;20;0
09;52;01;25;99;000;Otros Integros al Fisco;20;0
09;52;01;29;00;000;ADQUISICIÓN DE ACTIVOS NO FINANCIEROS;82706;0
09;52;01;29;04;000;Mobiliario y Otros;1029;0
09;52;01;29;05;000;Máquinas y Equipos;1029;0
09;52;01;29;06;000;Equipos Informáticos;1029;0
09;52;01;29;07;000;Programas Informáticos;79619;0
09;52;01;34;00;000;SERVICIO DE LA DEUDA;10;0
09;52;01;34;07;000;Deuda Flotante;10;0
09;52;01;35;00;000;SALDO FINAL DE CAJA;10;0
09;52;02;05;00;000;TRANSFERENCIAS CORRIENTES;120427844;0
09;52;02;05;02;000;Del Gobierno Central;120427844;0
09;52;02;05;02;001;Subvenciones a los Establecimientos Educacionales;97625343;0
09;52;02;05;02;002;Junta Nacional de Jardines Infantiles;8452450;0
09;52;02;05;02;004;Dirección de Educación Pública Programa 02;14350001;0
09;52;02;05;02;005;Subsecretaría de Educación;40;0
09;52;02;05;02;201;Recuperación de Licencias Médicas - FONASA;10;0
09;52;02;08;00;000;OTROS INGRESOS CORRIENTES;10;0
09;52;02;08;01;000;Recuperaciones y Reembolsos por Licencias Médicas;10;0
09;52;02;13;00;000;TRANSFERENCIAS PARA GASTOS DE CAPITAL;742528;0
09;52;02;13;02;000;Del Gobierno Central;742528;0
09;52;02;13;02;002;Dirección de Educación Pública;621785;0
09;52;02;13;02;003;Junta Nacional de Jardines Infantiles;120713;0
09;52;02;13;02;005;Subsecretaría de Educación;30;0
09;52;02;15;00;000;SALDO INICIAL DE CAJA;20;0
09;52;02;21;00;000;GASTOS EN PERSONAL;108911557;0
09;52;02;22;00;000;BIENES Y SERVICIOS DE CONSUMO;10840120;0
09;52;02;23;00;000;PRESTACIONES DE SEGURIDAD SOCIAL;10;0
09;52;02;23;03;000;Prestaciones Sociales del Empleador;10;0
09;52;02;24;00;000;TRANSFERENCIAS CORRIENTES;10;0
09;52;02;24;03;000;A Otras Entidades Públicas;10;0
09;52;02;24;03;001;Convenios para el Mejoramiento de la Calidad de la Educación;10;0
09;52;02;25;00;000;INTEGROS AL FISCO;20;0
09;52;02;25;99;000;Otros Integros al Fisco;20;0
09;52;02;29;00;000;ADQUISICIÓN DE ACTIVOS NO FINANCIEROS;676137;0
09;52;02;29;04;000;Mobiliario y Otros;183126;0
09;52;02;29;05;000;Máquinas y Equipos;113168;0
09;52;02;29;06;000;Equipos Informáticos;345893;0
09;52;02;29;07;000;Programas Informáticos;33950;0
09;52;02;31;00;000;INICIATIVAS DE INVERSIÓN;742528;0
09;52;02;31;02;000;Proyectos;742528;0
09;52;02;34;00;000;SERVICIO DE LA DEUDA;10;0
09;52;02;34;07;000;Deuda Flotante;10;0
09;52;02;35;00;000;SALDO FINAL DE CAJA;10;0
09;53;01;05;00;000;TRANSFERENCIAS CORRIENTES;10;0
09;53;01;05;02;000;Del Gobierno Central;10;0
09;53;01;05;02;201;Recuperación de Licencias Médicas - FONASA;10;0
09;53;01;08;00;000;OTROS INGRESOS CORRIENTES;20;0
09;53;01;08;01;000;Recuperaciones y Reembolsos por Licencias Médicas;10;0
09;53;01;08;99;000;Otros;10;0
09;53;01;09;00;000;APORTE FISCAL;5199312;0
09;53;01;09;01;000;Libre;5199312;0
09;53;01;15;00;000;SALDO INICIAL DE CAJA;20;0
09;53;01;21;00;000;GASTOS EN PERSONAL;4395246;0
09;53;01;22;00;000;BIENES Y SERVICIOS DE CONSUMO;755712;0
09;53;01;23;00;000;PRESTACIONES DE SEGURIDAD SOCIAL;10;0
09;53;01;23;03;000;Prestaciones Sociales del Empleador;10;0
09;53;01;25;00;000;INTEGROS AL FISCO;20;0
09;53;01;25;99;000;Otros Integros al Fisco;20;0
09;53;01;29;00;000;ADQUISICIÓN DE ACTIVOS NO FINANCIEROS;48354;0
09;53;01;29;04;000;Mobiliario y Otros;1029;0
09;53;01;29;05;000;Máquinas y Equipos;1029;0
09;53;01;29;06;000;Equipos Informáticos;1029;0
09;53;01;29;07;000;Programas Informáticos;45267;0
09;53;01;34;00;000;SERVICIO DE LA DEUDA;10;0
09;53;01;34;07;000;Deuda Flotante;10;0
09;53;01;35;00;000;SALDO FINAL DE CAJA;10;0
09;53;02;05;00;000;TRANSFERENCIAS CORRIENTES;76739863;0
09;53;02;05;02;000;Del Gobierno Central;76739863;0
09;53;02;05;02;001;Subvenciones a los Establecimientos Educacionales;71958351;0
09;53;02;05;02;002;Junta Nacional de Jardines Infantiles;4781462;0
09;53;02;05;02;005;Subsecretaría de Educación;40;0
09;53;02;05;02;201;Recuperación de Licencias Médicas - FONASA;10;0
09;53;02;08;00;000;OTROS INGRESOS CORRIENTES;10;0
09;53;02;08;01;000;Recuperaciones y Reembolsos por Licencias Médicas;10;0
09;53;02;13;00;000;TRANSFERENCIAS PARA GASTOS DE CAPITAL;531730;0
09;53;02;13;02;000;Del Gobierno Central;531730;0
09;53;02;13;02;002;Dirección de Educación Pública;144032;0
09;53;02;13;02;003;Junta Nacional de Jardines Infantiles;387668;0
09;53;02;13;02;005;Subsecretaría de Educación;30;0
09;53;02;15;00;000;SALDO INICIAL DE CAJA;10;0
09;53;02;21;00;000;GASTOS EN PERSONAL;64712191;0
09;53;02;22;00;000;BIENES Y SERVICIOS DE CONSUMO;9490867;0
09;53;02;23;00;000;PRESTACIONES DE SEGURIDAD SOCIAL;1880643;0
09;53;02;23;03;000;Prestaciones Sociales del Empleador;1880643;0
09;53;02;24;00;000;TRANSFERENCIAS CORRIENTES;10;0
09;53;02;24;03;000;A Otras Entidades Públicas;10;0
09;53;02;24;03;001;Convenios para el Mejoramiento de la Calidad de la Educación;10;0
09;53;02;25;00;000;INTEGROS AL FISCO;20;0
09;53;02;25;99;000;Otros Integros al Fisco;20;0
09;53;02;29;00;000;ADQUISICIÓN DE ACTIVOS NO FINANCIEROS;656142;0
09;53;02;29;04;000;Mobiliario y Otros;198939;0
09;53;02;29;05;000;Máquinas y Equipos;120991;0
09;53;02;29;06;000;Equipos Informáticos;317312;0
09;53;02;29;07;000;Programas Informáticos;18900;0
09;53;02;31;00;000;INICIATIVAS DE INVERSIÓN;531730;0
09;53;02;31;02;000;Proyectos;531730;0
09;53;02;35;00;000;SALDO FINAL DE CAJA;10;0
09;54;01;05;00;000;TRANSFERENCIAS CORRIENTES;10;0
09;54;01;05;02;000;Del Gobierno Central;10;0
09;54;01;05;02;201;Recuperación de Licencias Médicas - FONASA;10;0
09;54;01;08;00;000;OTROS INGRESOS CORRIENTES;20;0
09;54;01;08;01;000;Recuperaciones y Reembolsos por Licencias Médicas;10;0
09;54;01;08;99;000;Otros;10;0
09;54;01;09;00;000;APORTE FISCAL;4337358;0
09;54;01;09;01;000;Libre;4337358;0
09;54;01;15;00;000;SALDO INICIAL DE CAJA;20;0
09;54;01;21;00;000;GASTOS EN PERSONAL;3592207;0
09;54;01;22;00;000;BIENES Y SERVICIOS DE CONSUMO;701012;0
09;54;01;23;00;000;PRESTACIONES DE SEGURIDAD SOCIAL;10;0
09;54;01;23;03;000;Prestaciones Sociales del Empleador;10;0
09;54;01;25;00;000;INTEGROS AL FISCO;20;0
09;54;01;25;99;000;Otros Integros al Fisco;20;0
09;54;01;29;00;000;ADQUISICIÓN DE ACTIVOS NO FINANCIEROS;44139;0
09;54;01;29;04;000;Mobiliario y Otros;1029;0
09;54;01;29;05;000;Máquinas y Equipos;1029;0
09;54;01;29;06;000;Equipos Informáticos;1029;0
09;54;01;29;07;000;Programas Informáticos;41052;0
09;54;01;34;00;000;SERVICIO DE LA DEUDA;10;0
09;54;01;34;07;000;Deuda Flotante;10;0
09;54;01;35;00;000;SALDO FINAL DE CAJA;10;0
09;54;02;05;00;000;TRANSFERENCIAS CORRIENTES;49609402;0
09;54;02;05;02;000;Del Gobierno Central;49609402;0
09;54;02;05;02;001;Subvenciones a los Establecimientos Educacionales;43622505;0
09;54;02;05;02;002;Junta Nacional de Jardines Infantiles;3084250;0
09;54;02;05;02;004;Dirección de Educación Pública Programa 02;2902597;0
09;54;02;05;02;005;Subsecretaría de Educación;40;0
09;54;02;05;02;201;Recuperación de Licencias Médicas - FONASA;10;0
09;54;02;08;00;000;OTROS INGRESOS CORRIENTES;10;0
09;54;02;08;01;000;Recuperaciones y Reembolsos por Licencias Médicas;10;0
09;54;02;13;00;000;TRANSFERENCIAS PARA GASTOS DE CAPITAL;501074;0
09;54;02;13;02;000;Del Gobierno Central;501074;0
09;54;02;13;02;002;Dirección de Educación Pública;411520;0
09;54;02;13;02;003;Junta Nacional de Jardines Infantiles;89524;0
09;54;02;13;02;005;Subsecretaría de Educación;30;0
09;54;02;15;00;000;SALDO INICIAL DE CAJA;20;0
09;54;02;21;00;000;GASTOS EN PERSONAL;45179716;0
09;54;02;22;00;000;BIENES Y SERVICIOS DE CONSUMO;4170650;0
09;54;02;23;00;000;PRESTACIONES DE SEGURIDAD SOCIAL;10;0
09;54;02;23;03;000;Prestaciones Sociales del Empleador;10;0
09;54;02;24;00;000;TRANSFERENCIAS CORRIENTES;10;0
09;54;02;24;03;000;A Otras Entidades Públicas;10;0
09;54;02;24;03;001;Convenios para el Mejoramiento de la Calidad de la Educación;10;0
09;54;02;25;00;000;INTEGROS AL FISCO;20;0
09;54;02;25;99;000;Otros Integros al Fisco;20;0
09;54;02;29;00;000;ADQUISICIÓN DE ACTIVOS NO FINANCIEROS;259006;0
09;54;02;29;04;000;Mobiliario y Otros;70376;0
09;54;02;29;05;000;Máquinas y Equipos;42860;0
09;54;02;29;06;000;Equipos Informáticos;132462;0
09;54;02;29;07;000;Programas Informáticos;13308;0
09;54;02;31;00;000;INICIATIVAS DE INVERSIÓN;501074;0
09;54;02;31;02;000;Proyectos;501074;0
09;54;02;34;00;000;SERVICIO DE LA DEUDA;10;0
09;54;02;34;07;000;Deuda Flotante;10;0
09;54;02;35;00;000;SALDO FINAL DE CAJA;10;0
09;55;01;05;00;000;TRANSFERENCIAS CORRIENTES;10;0
09;55;01;05;02;000;Del Gobierno Central;10;0
09;55;01;05;02;201;Recuperación de Licencias Médicas - FONASA;10;0
09;55;01;08;00;000;OTROS INGRESOS CORRIENTES;20;0
09;55;01;08;01;000;Recuperaciones y Reembolsos por Licencias Médicas;10;0
09;55;01;08;99;000;Otros;10;0
09;55;01;09;00;000;APORTE FISCAL;6081918;0
09;55;01;09;01;000;Libre;6081918;0
09;55;01;15;00;000;SALDO INICIAL DE CAJA;20;0
09;55;01;21;00;000;GASTOS EN PERSONAL;5234435;0
09;55;01;22;00;000;BIENES Y SERVICIOS DE CONSUMO;724823;0
09;55;01;23;00;000;PRESTACIONES DE SEGURIDAD SOCIAL;10;0
09;55;01;23;03;000;Prestaciones Sociales del Empleador;10;0
09;55;01;25;00;000;INTEGROS AL FISCO;20;0
09;55;01;25;99;000;Otros Integros al Fisco;20;0
09;55;01;29;00;000;ADQUISICIÓN DE ACTIVOS NO FINANCIEROS;122660;0
09;55;01;29;04;000;Mobiliario y Otros;1029;0
09;55;01;29;05;000;Máquinas y Equipos;1029;0
09;55;01;29;06;000;Equipos Informáticos;1029;0
09;55;01;29;07;000;Programas Informáticos;119573;0
09;55;01;34;00;000;SERVICIO DE LA DEUDA;10;0
09;55;01;34;07;000;Deuda Flotante;10;0
09;55;01;35;00;000;SALDO FINAL DE CAJA;10;0
09;55;02;05;00;000;TRANSFERENCIAS CORRIENTES;84109448;0
09;55;02;05;02;000;Del Gobierno Central;84109448;0
09;55;02;05;02;001;Subvenciones a los Establecimientos Educacionales;71237808;0
09;55;02;05;02;002;Junta Nacional de Jardines Infantiles;6834104;0
09;55;02;05;02;004;Dirección de Educación Pública Programa 02;6037486;0
09;55;02;05;02;005;Subsecretaría de Educación;40;0
09;55;02;05;02;201;Recuperación de Licencias Médicas - FONASA;10;0
09;55;02;08;00;000;OTROS INGRESOS CORRIENTES;10;0
09;55;02;08;01;000;Recuperaciones y Reembolsos por Licencias Médicas;10;0
09;55;02;13;00;000;TRANSFERENCIAS PARA GASTOS DE CAPITAL;901656;0
09;55;02;13;02;000;Del Gobierno Central;901656;0
09;55;02;13;02;002;Dirección de Educación Pública;767340;0
09;55;02;13;02;003;Junta Nacional de Jardines Infantiles;134286;0
09;55;02;13;02;005;Subsecretaría de Educación;30;0
09;55;02;15;00;000;SALDO INICIAL DE CAJA;20;0
09;55;02;21;00;000;GASTOS EN PERSONAL;76186015;0
09;55;02;22;00;000;BIENES Y SERVICIOS DE CONSUMO;7477087;0
09;55;02;23;00;000;PRESTACIONES DE SEGURIDAD SOCIAL;10;0
09;55;02;23;03;000;Prestaciones Sociales del Empleador;10;0
09;55;02;24;00;000;TRANSFERENCIAS CORRIENTES;10;0
09;55;02;24;03;000;A Otras Entidades Públicas;10;0
09;55;02;24;03;001;Convenios para el Mejoramiento de la Calidad de la Educación;10;0
09;55;02;25;00;000;INTEGROS AL FISCO;20;0
09;55;02;25;99;000;Otros Integros al Fisco;20;0
09;55;02;29;00;000;ADQUISICIÓN DE ACTIVOS NO FINANCIEROS;446316;0
09;55;02;29;04;000;Mobiliario y Otros;121785;0
09;55;02;29;05;000;Máquinas y Equipos;74169;0
09;55;02;29;06;000;Equipos Informáticos;227332;0
09;55;02;29;07;000;Programas Informáticos;23030;0
09;55;02;31;00;000;INICIATIVAS DE INVERSIÓN;901656;0
09;55;02;31;02;000;Proyectos;901656;0
09;55;02;34;00;000;SERVICIO DE LA DEUDA;10;0
09;55;02;34;07;000;Deuda Flotante;10;0
09;55;02;35;00;000;SALDO FINAL DE CAJA;10;0
09;56;01;05;00;000;TRANSFERENCIAS CORRIENTES;10;0
09;56;01;05;02;000;Del Gobierno Central;10;0
09;56;01;05;02;201;Recuperación de Licencias Médicas - FONASA;10;0
09;56;01;08;00;000;OTROS INGRESOS CORRIENTES;20;0
09;56;01;08;01;000;Recuperaciones y Reembolsos por Licencias Médicas;10;0
09;56;01;08;99;000;Otros;10;0
09;56;01;09;00;000;APORTE FISCAL;5366515;0
09;56;01;09;01;000;Libre;5366515;0
09;56;01;15;00;000;SALDO INICIAL DE CAJA;20;0
09;56;01;21;00;000;GASTOS EN PERSONAL;4571972;0
09;56;01;22;00;000;BIENES Y SERVICIOS DE CONSUMO;741898;0
09;56;01;23;00;000;PRESTACIONES DE SEGURIDAD SOCIAL;10;0
09;56;01;23;03;000;Prestaciones Sociales del Empleador;10;0
09;56;01;25;00;000;INTEGROS AL FISCO;20;0
09;56;01;25;99;000;Otros Integros al Fisco;20;0
09;56;01;29;00;000;ADQUISICIÓN DE ACTIVOS NO FINANCIEROS;52645;0
09;56;01;29;04;000;Mobiliario y Otros;1029;0
09;56;01;29;05;000;Máquinas y Equipos;1029;0
09;56;01;29;06;000;Equipos Informáticos;1029;0
09;56;01;29;07;000;Programas Informáticos;49558;0
09;56;01;34;00;000;SERVICIO DE LA DEUDA;10;0
09;56;01;34;07;000;Deuda Flotante;10;0
09;56;01;35;00;000;SALDO FINAL DE CAJA;10;0
09;56;02;05;00;000;TRANSFERENCIAS CORRIENTES;101939209;0
09;56;02;05;02;000;Del Gobierno Central;101939209;0
09;56;02;05;02;001;Subvenciones a los Establecimientos Educacionales;82699139;0
09;56;02;05;02;002;Junta Nacional de Jardines Infantiles;3467077;0
09;56;02;05;02;004;Dirección de Educación Pública Programa 02;15772943;0
09;56;02;05;02;005;Subsecretaría de Educación;40;0
09;56;02;05;02;201;Recuperación de Licencias Médicas - FONASA;10;0
09;56;02;08;00;000;OTROS INGRESOS CORRIENTES;10;0
09;56;02;08;01;000;Recuperaciones y Reembolsos por Licencias Médicas;10;0
09;56;02;13;00;000;TRANSFERENCIAS PARA GASTOS DE CAPITAL;1123507;0
09;56;02;13;02;000;Del Gobierno Central;1123507;0
09;56;02;13;02;002;Dirección de Educación Pública;973295;0
09;56;02;13;02;003;Junta Nacional de Jardines Infantiles;150182;0
09;56;02;13;02;005;Subsecretaría de Educación;30;0
09;56;02;15;00;000;SALDO INICIAL DE CAJA;20;0
09;56;02;21;00;000;GASTOS EN PERSONAL;88633007;0
09;56;02;22;00;000;BIENES Y SERVICIOS DE CONSUMO;12881333;0
09;56;02;23;00;000;PRESTACIONES DE SEGURIDAD SOCIAL;10;0
09;56;02;23;03;000;Prestaciones Sociales del Empleador;10;0
09;56;02;24;00;000;TRANSFERENCIAS CORRIENTES;10;0
09;56;02;24;03;000;A Otras Entidades Públicas;10;0
09;56;02;24;03;001;Convenios para el Mejoramiento de la Calidad de la Educación;10;0
09;56;02;25;00;000;INTEGROS AL FISCO;20;0
09;56;02;25;99;000;Otros Integros al Fisco;20;0
09;56;02;29;00;000;ADQUISICIÓN DE ACTIVOS NO FINANCIEROS;424839;0
09;56;02;29;04;000;Mobiliario y Otros;102880;0
09;56;02;29;05;000;Máquinas y Equipos;53330;0
09;56;02;29;06;000;Equipos Informáticos;226073;0
09;56;02;29;07;000;Programas Informáticos;42556;0
09;56;02;31;00;000;INICIATIVAS DE INVERSIÓN;1123507;0
09;56;02;31;02;000;Proyectos;1123507;0
09;56;02;34;00;000;SERVICIO DE LA DEUDA;10;0
09;56;02;34;07;000;Deuda Flotante;10;0
09;56;02;35;00;000;SALDO FINAL DE CAJA;10;0
09;57;01;05;00;000;TRANSFERENCIAS CORRIENTES;10;0
09;57;01;05;02;000;Del Gobierno Central;10;0
09;57;01;05;02;201;Recuperación de Licencias Médicas - FONASA;10;0
09;57;01;08;00;000;OTROS INGRESOS CORRIENTES;20;0
09;57;01;08;01;000;Recuperaciones y Reembolsos por Licencias Médicas;10;0
09;57;01;08;99;000;Otros;10;0
09;57;01;09;00;000;APORTE FISCAL;2642698;0
09;57;01;09;01;000;Libre;2642698;0
09;57;01;15;00;000;SALDO INICIAL DE CAJA;20;0
09;57;01;21;00;000;GASTOS EN PERSONAL;1836841;0
09;57;01;22;00;000;BIENES Y SERVICIOS DE CONSUMO;625817;0
09;57;01;23;00;000;PRESTACIONES DE SEGURIDAD SOCIAL;10;0
09;57;01;23;03;000;Prestaciones Sociales del Empleador;10;0
09;57;01;25;00;000;INTEGROS AL FISCO;20;0
09;57;01;25;99;000;Otros Integros al Fisco;20;0
09;57;01;29;00;000;ADQUISICIÓN DE ACTIVOS NO FINANCIEROS;180040;0
09;57;01;29;03;000;Vehículos;25720;0
09;57;01;29;04;000;Mobiliario y Otros;46296;0
09;57;01;29;05;000;Máquinas y Equipos;23148;0
09;57;01;29;06;000;Equipos Informáticos;69444;0
09;57;01;29;07;000;Programas Informáticos;15432;0
09;57;01;34;00;000;SERVICIO DE LA DEUDA;10;0
09;57;01;34;07;000;Deuda Flotante;10;0
09;57;01;35;00;000;SALDO FINAL DE CAJA;10;0
09;58;01;05;00;000;TRANSFERENCIAS CORRIENTES;10;0
09;58;01;05;02;000;Del Gobierno Central;10;0
09;58;01;05;02;201;Recuperación de Licencias Médicas - FONASA;10;0
09;58;01;08;00;000;OTROS INGRESOS CORRIENTES;20;0
09;58;01;08;01;000;Recuperaciones y Reembolsos por Licencias Médicas;10;0
09;58;01;08;99;000;Otros;10;0
09;58;01;09;00;000;APORTE FISCAL;2307638;0
09;58;01;09;01;000;Libre;2307638;0
09;58;01;15;00;000;SALDO INICIAL DE CAJA;20;0
09;58;01;21;00;000;GASTOS EN PERSONAL;1826041;0
09;58;01;22;00;000;BIENES Y SERVICIOS DE CONSUMO;367127;0
09;58;01;23;00;000;PRESTACIONES DE SEGURIDAD SOCIAL;10;0
09;58;01;23;03;000;Prestaciones Sociales del Empleador;10;0
09;58;01;25;00;000;INTEGROS AL FISCO;20;0
09;58;01;25;99;000;Otros Integros al Fisco;20;0
09;58;01;29;00;000;ADQUISICIÓN DE ACTIVOS NO FINANCIEROS;114470;0
09;58;01;29;03;000;Vehículos;25720;0
09;58;01;29;04;000;Mobiliario y Otros;20617;0
09;58;01;29;05;000;Máquinas y Equipos;15463;0
09;58;01;29;06;000;Equipos Informáticos;30925;0
09;58;01;29;07;000;Programas Informáticos;21745;0
09;58;01;34;00;000;SERVICIO DE LA DEUDA;10;0
09;58;01;34;07;000;Deuda Flotante;10;0
09;58;01;35;00;000;SALDO FINAL DE CAJA;10;0
09;58;02;05;00;000;TRANSFERENCIAS CORRIENTES;6061089;0
09;58;02;05;02;000;Del Gobierno Central;6061089;0
09;58;02;05;02;001;Subvenciones a los Establecimientos Educacionales;4722753;0
09;58;02;05;02;004;Dirección de Educación Pública;1338286;0
09;58;02;05;02;005;Subsecretaría de Educación;40;0
09;58;02;05;02;201;Recuperación de Licencias Médicas - FONASA;10;0
09;58;02;08;00;000;OTROS INGRESOS CORRIENTES;10;0
09;58;02;08;01;000;Recuperaciones y Reembolsos por Licencias Médicas;10;0
09;58;02;13;00;000;TRANSFERENCIAS PARA GASTOS DE CAPITAL;367857;0
09;58;02;13;02;000;Del Gobierno Central;367857;0
09;58;02;13;02;002;Dirección de Educación Pública;367827;0
09;58;02;13;02;005;Subsecretaría de Educación;30;0
09;58;02;15;00;000;SALDO INICIAL DE CAJA;10;0
09;58;02;21;00;000;GASTOS EN PERSONAL;5291071;0
09;58;02;22;00;000;BIENES Y SERVICIOS DE CONSUMO;596021;0
09;58;02;23;00;000;PRESTACIONES DE SEGURIDAD SOCIAL;10;0
09;58;02;23;03;000;Prestaciones Sociales del Empleador;10;0
09;58;02;24;00;000;TRANSFERENCIAS CORRIENTES;10;0
09;58;02;24;03;000;A Otras Entidades Públicas;10;0
09;58;02;24;03;001;Convenios para el Mejoramiento de la Calidad de la Educación;10;0
09;58;02;25;00;000;INTEGROS AL FISCO;20;0
09;58;02;25;99;000;Otros Integros al Fisco;20;0
09;58;02;29;00;000;ADQUISICIÓN DE ACTIVOS NO FINANCIEROS;173967;0
09;58;02;29;04;000;Mobiliario y Otros;52746;0
09;58;02;29;05;000;Máquinas y Equipos;32079;0
09;58;02;29;06;000;Equipos Informáticos;84131;0
09;58;02;29;07;000;Programas Informáticos;5011;0
09;58;02;31;00;000;INICIATIVAS DE INVERSIÓN;367857;0
09;58;02;31;02;000;Proyectos;367857;0
09;58;02;35;00;000;SALDO FINAL DE CAJA;10;0
09;59;01;05;00;000;TRANSFERENCIAS CORRIENTES;10;0
09;59;01;05;02;000;Del Gobierno Central;10;0
09;59;01;05;02;201;Recuperación de Licencias Médicas - FONASA;10;0
09;59;01;08;00;000;OTROS INGRESOS CORRIENTES;20;0
09;59;01;08;01;000;Recuperaciones y Reembolsos por Licencias Médicas;10;0
09;59;01;08;99;000;Otros;10;0
09;59;01;09;00;000;APORTE FISCAL;5150013;0
09;59;01;09;01;000;Libre;5150013;0
09;59;01;15;00;000;SALDO INICIAL DE CAJA;20;0
09;59;01;21;00;000;GASTOS EN PERSONAL;4120794;0
09;59;01;22;00;000;BIENES Y SERVICIOS DE CONSUMO;752458;0
09;59;01;23;00;000;PRESTACIONES DE SEGURIDAD SOCIAL;10;0
09;59;01;23;03;000;Prestaciones Sociales del Empleador;10;0
09;59;01;25;00;000;INTEGROS AL FISCO;20;0
09;59;01;25;99;000;Otros Integros al Fisco;20;0
09;59;01;29;00;000;ADQUISICIÓN DE ACTIVOS NO FINANCIEROS;276761;0
09;59;01;29;03;000;Vehículos;25720;0
09;59;01;29;04;000;Mobiliario y Otros;52484;0
09;59;01;29;05;000;Máquinas y Equipos;39363;0
09;59;01;29;06;000;Equipos Informáticos;78726;0
09;59;01;29;07;000;Programas Informáticos;80468;0
09;59;01;34;00;000;SERVICIO DE LA DEUDA;10;0
09;59;01;34;07;000;Deuda Flotante;10;0
09;59;01;35;00;000;SALDO FINAL DE CAJA;10;0
09;59;02;05;00;000;TRANSFERENCIAS CORRIENTES;107965147;0
09;59;02;05;02;000;Del Gobierno Central;107965147;0
09;59;02;05;02;001;Subvenciones a los Establecimientos Educacionales;91855353;0
09;59;02;05;02;002;Junta Nacional de Jardines Infantiles;4903388;0
09;59;02;05;02;004;Dirección de Educación Pública;11206356;0
09;59;02;05;02;005;Subsecretaría de Educación;40;0
09;59;02;05;02;201;Recuperación de Licencias Médicas - FONASA;10;0
09;59;02;08;00;000;OTROS INGRESOS CORRIENTES;10;0
09;59;02;08;01;000;Recuperaciones y Reembolsos por Licencias Médicas;10;0
09;59;02;13;00;000;TRANSFERENCIAS PARA GASTOS DE CAPITAL;367857;0
09;59;02;13;02;000;Del Gobierno Central;367857;0
09;59;02;13;02;002;Dirección de Educación Pública;367827;0
09;59;02;13;02;005;Subsecretaría de Educación;30;0
09;59;02;15;00;000;SALDO INICIAL DE CAJA;10;0
09;59;02;21;00;000;GASTOS EN PERSONAL;93995618;0
09;59;02;22;00;000;BIENES Y SERVICIOS DE CONSUMO;12858726;0
09;59;02;23;00;000;PRESTACIONES DE SEGURIDAD SOCIAL;10;0
09;59;02;23;03;000;Prestaciones Sociales del Empleador;10;0
09;59;02;24;00;000;TRANSFERENCIAS CORRIENTES;10;0
09;59;02;24;03;000;A Otras Entidades Públicas;10;0
09;59;02;24;03;001;Convenios para el Mejoramiento de la Calidad de la Educación;10;0
09;59;02;25;00;000;INTEGROS AL FISCO;20;0
09;59;02;25;99;000;Otros Integros al Fisco;20;0
09;59;02;29;00;000;ADQUISICIÓN DE ACTIVOS NO FINANCIEROS;1110773;0
09;59;02;29;04;000;Mobiliario y Otros;336781;0
09;59;02;29;05;000;Máquinas y Equipos;204824;0
09;59;02;29;06;000;Equipos Informáticos;537171;0
09;59;02;29;07;000;Programas Informáticos;31997;0
09;59;02;31;00;000;INICIATIVAS DE INVERSIÓN;367857;0
09;59;02;31;02;000;Proyectos;367857;0
09;59;02;35;00;000;SALDO FINAL DE CAJA;10;0
09;60;01;05;00;000;TRANSFERENCIAS CORRIENTES;10;0
09;60;01;05;02;000;Del Gobierno Central;10;0
09;60;01;05;02;201;Recuperación de Licencias Médicas - FONASA;10;0
09;60;01;08;00;000;OTROS INGRESOS CORRIENTES;20;0
09;60;01;08;01;000;Recuperaciones y Reembolsos por Licencias Médicas;10;0
09;60;01;08;99;000;Otros;10;0
09;60;01;09;00;000;APORTE FISCAL;4300001;0
09;60;01;09;01;000;Libre;4300001;0
09;60;01;15;00;000;SALDO INICIAL DE CAJA;20;0
09;60;01;21;00;000;GASTOS EN PERSONAL;3635146;0
09;60;01;22;00;000;BIENES Y SERVICIOS DE CONSUMO;451984;0
09;60;01;23;00;000;PRESTACIONES DE SEGURIDAD SOCIAL;10;0
09;60;01;23;03;000;Prestaciones Sociales del Empleador;10;0
09;60;01;25;00;000;INTEGROS AL FISCO;20;0
09;60;01;25;99;000;Otros Integros al Fisco;20;0
09;60;01;29;00;000;ADQUISICIÓN DE ACTIVOS NO FINANCIEROS;212871;0
09;60;01;29;03;000;Vehículos;25720;0
09;60;01;29;04;000;Mobiliario y Otros;45649;0
09;60;01;29;05;000;Máquinas y Equipos;34237;0
09;60;01;29;06;000;Equipos Informáticos;68474;0
09;60;01;29;07;000;Programas Informáticos;38791;0
09;60;01;34;00;000;SERVICIO DE LA DEUDA;10;0
09;60;01;34;07;000;Deuda Flotante;10;0
09;60;01;35;00;000;SALDO FINAL DE CAJA;10;0
09;60;02;05;00;000;TRANSFERENCIAS CORRIENTES;73472908;0
09;60;02;05;02;000;Del Gobierno Central;73472908;0
09;60;02;05;02;001;Subvenciones a los Establecimientos Educacionales;61245136;0
09;60;02;05;02;002;Junta Nacional de Jardines Infantiles;5886774;0
09;60;02;05;02;004;Dirección de Educación Pública;6340948;0
09;60;02;05;02;005;Subsecretaría de Educación;40;0
09;60;02;05;02;201;Recuperación de Licencias Médicas - FONASA;10;0
09;60;02;08;00;000;OTROS INGRESOS CORRIENTES;10;0
09;60;02;08;01;000;Recuperaciones y Reembolsos por Licencias Médicas;10;0
09;60;02;13;00;000;TRANSFERENCIAS PARA GASTOS DE CAPITAL;367857;0
09;60;02;13;02;000;Del Gobierno Central;367857;0
09;60;02;13;02;002;Dirección de Educación Pública;367827;0
09;60;02;13;02;005;Subsecretaría de Educación;30;0
09;60;02;15;00;000;SALDO INICIAL DE CAJA;10;0
09;60;02;21;00;000;GASTOS EN PERSONAL;65955345;0
09;60;02;22;00;000;BIENES Y SERVICIOS DE CONSUMO;6951996;0
09;60;02;23;00;000;PRESTACIONES DE SEGURIDAD SOCIAL;10;0
09;60;02;23;03;000;Prestaciones Sociales del Empleador;10;0
09;60;02;24;00;000;TRANSFERENCIAS CORRIENTES;10;0
09;60;02;24;03;000;A Otras Entidades Públicas;10;0
09;60;02;24;03;001;Convenios para el Mejoramiento de la Calidad de la Educación;10;0
09;60;02;25;00;000;INTEGROS AL FISCO;20;0
09;60;02;25;99;000;Otros Integros al Fisco;20;0
09;60;02;29;00;000;ADQUISICIÓN DE ACTIVOS NO FINANCIEROS;565537;0
09;60;02;29;04;000;Mobiliario y Otros;171468;0
09;60;02;29;05;000;Máquinas y Equipos;104284;0
09;60;02;29;06;000;Equipos Informáticos;273494;0
09;60;02;29;07;000;Programas Informáticos;16291;0
09;60;02;31;00;000;INICIATIVAS DE INVERSIÓN;367857;0
09;60;02;31;02;000;Proyectos;367857;0
09;60;02;35;00;000;SALDO FINAL DE CAJA;10;0
09;61;01;05;00;000;TRANSFERENCIAS CORRIENTES;10;0
09;61;01;05;02;000;Del Gobierno Central;10;0
09;61;01;05;02;201;Recuperación de Licencias Médicas - FONASA;10;0
09;61;01;08;00;000;OTROS INGRESOS CORRIENTES;20;0
09;61;01;08;01;000;Recuperaciones y Reembolsos por Licencias Médicas;10;0
09;61;01;08;99;000;Otros;10;0
09;61;01;09;00;000;APORTE FISCAL;615890;0
09;61;01;09;01;000;Libre;615890;0
09;61;01;15;00;000;SALDO INICIAL DE CAJA;20;0
09;61;01;21;00;000;GASTOS EN PERSONAL;432150;0
09;61;01;22;00;000;BIENES Y SERVICIOS DE CONSUMO;111408;0
09;61;01;23;00;000;PRESTACIONES DE SEGURIDAD SOCIAL;10;0
09;61;01;23;03;000;Prestaciones Sociales del Empleador;10;0
09;61;01;25;00;000;INTEGROS AL FISCO;20;0
09;61;01;25;99;000;Otros Integros al Fisco;20;0
09;61;01;29;00;000;ADQUISICIÓN DE ACTIVOS NO FINANCIEROS;72332;0
09;61;01;29;03;000;Vehículos;25720;0
09;61;01;29;04;000;Mobiliario y Otros;7796;0
09;61;01;29;05;000;Máquinas y Equipos;5848;0
09;61;01;29;06;000;Equipos Informáticos;11694;0
09;61;01;29;07;000;Programas Informáticos;21274;0
09;61;01;34;00;000;SERVICIO DE LA DEUDA;10;0
09;61;01;34;07;000;Deuda Flotante;10;0
09;61;01;35;00;000;SALDO FINAL DE CAJA;10;0
09;62;01;05;00;000;TRANSFERENCIAS CORRIENTES;10;0
09;62;01;05;02;000;Del Gobierno Central;10;0
09;62;01;05;02;201;Recuperación de Licencias Médicas - FONASA;10;0
09;62;01;08;00;000;OTROS INGRESOS CORRIENTES;20;0
09;62;01;08;01;000;Recuperaciones y Reembolsos por Licencias Médicas;10;0
09;62;01;08;99;000;Otros;10;0
09;62;01;09;00;000;APORTE FISCAL;1974183;0
09;62;01;09;01;000;Libre;1974183;0
09;62;01;15;00;000;SALDO INICIAL DE CAJA;20;0
09;62;01;21;00;000;GASTOS EN PERSONAL;1497032;0
09;62;01;22;00;000;BIENES Y SERVICIOS DE CONSUMO;320512;0
09;62;01;23;00;000;PRESTACIONES DE SEGURIDAD SOCIAL;10;0
09;62;01;23;03;000;Prestaciones Sociales del Empleador;10;0
09;62;01;25;00;000;INTEGROS AL FISCO;20;0
09;62;01;25;99;000;Otros Integros al Fisco;20;0
09;62;01;29;00;000;ADQUISICIÓN DE ACTIVOS NO FINANCIEROS;156639;0
09;62;01;29;03;000;Vehículos;25720;0
09;62;01;29;04;000;Mobiliario y Otros;30787;0
09;62;01;29;05;000;Máquinas y Equipos;23090;0
09;62;01;29;06;000;Equipos Informáticos;46181;0
09;62;01;29;07;000;Programas Informáticos;30861;0
09;62;01;34;00;000;SERVICIO DE LA DEUDA;10;0
09;62;01;34;07;000;Deuda Flotante;10;0
09;62;01;35;00;000;SALDO FINAL DE CAJA;10;0
09;63;01;05;00;000;TRANSFERENCIAS CORRIENTES;10;0
09;63;01;05;02;000;Del Gobierno Central;10;0
09;63;01;05;02;201;Recuperación de Licencias Médicas - FONASA;10;0
09;63;01;08;00;000;OTROS INGRESOS CORRIENTES;20;0
09;63;01;08;01;000;Recuperaciones y Reembolsos por Licencias Médicas;10;0
09;63;01;08;99;000;Otros;10;0
09;63;01;09;00;000;APORTE FISCAL;3080397;0
09;63;01;09;01;000;Libre;3080397;0
09;63;01;15;00;000;SALDO INICIAL DE CAJA;20;0
09;63;01;21;00;000;GASTOS EN PERSONAL;2282238;0
09;63;01;22;00;000;BIENES Y SERVICIOS DE CONSUMO;659898;0
09;63;01;23;00;000;PRESTACIONES DE SEGURIDAD SOCIAL;10;0
09;63;01;23;03;000;Prestaciones Sociales del Empleador;10;0
09;63;01;25;00;000;INTEGROS AL FISCO;20;0
09;63;01;25;99;000;Otros Integros al Fisco;20;0
09;63;01;29;00;000;ADQUISICIÓN DE ACTIVOS NO FINANCIEROS;138261;0
09;63;01;29;03;000;Vehículos;25720;0
09;63;01;29;04;000;Mobiliario y Otros;51440;0
09;63;01;29;05;000;Máquinas y Equipos;10288;0
09;63;01;29;06;000;Equipos Informáticos;41574;0
09;63;01;29;07;000;Programas Informáticos;9239;0
09;63;01;34;00;000;SERVICIO DE LA DEUDA;10;0
09;63;01;34;07;000;Deuda Flotante;10;0
09;63;01;35;00;000;SALDO FINAL DE CAJA;10;0
09;64;01;05;00;000;TRANSFERENCIAS CORRIENTES;10;0
09;64;01;05;02;000;Del Gobierno Central;10;0
09;64;01;05;02;201;Recuperación de Licencias Médicas - FONASA;10;0
09;64;01;08;00;000;OTROS INGRESOS CORRIENTES;20;0
09;64;01;08;01;000;Recuperaciones y Reembolsos por Licencias Médicas;10;0
09;64;01;08;99;000;Otros;10;0
09;64;01;09;00;000;APORTE FISCAL;2595129;0
09;64;01;09;01;000;Libre;2595129;0
09;64;01;15;00;000;SALDO INICIAL DE CAJA;20;0
09;64;01;21;00;000;GASTOS EN PERSONAL;1884412;0
09;64;01;22;00;000;BIENES Y SERVICIOS DE CONSUMO;484454;0
09;64;01;23;00;000;PRESTACIONES DE SEGURIDAD SOCIAL;10;0
09;64;01;23;03;000;Prestaciones Sociales del Empleador;10;0
09;64;01;25;00;000;INTEGROS AL FISCO;20;0
09;64;01;25;99;000;Otros Integros al Fisco;20;0
09;64;01;29;00;000;ADQUISICIÓN DE ACTIVOS NO FINANCIEROS;226263;0
09;64;01;29;03;000;Vehículos;25720;0
09;64;01;29;04;000;Mobiliario y Otros;40165;0
09;64;01;29;05;000;Máquinas y Equipos;30124;0
09;64;01;29;06;000;Equipos Informáticos;60248;0
09;64;01;29;07;000;Programas Informáticos;70006;0
09;64;01;34;00;000;SERVICIO DE LA DEUDA;10;0
09;64;01;34;07;000;Deuda Flotante;10;0
09;64;01;35;00;000;SALDO FINAL DE CAJA;10;0
09;65;01;05;00;000;TRANSFERENCIAS CORRIENTES;10;0
09;65;01;05;02;000;Del Gobierno Central;10;0
09;65;01;05;02;201;Recuperación de Licencias Médicas - FONASA;10;0
09;65;01;08;00;000;OTROS INGRESOS CORRIENTES;20;0
09;65;01;08;01;000;Recuperaciones y Reembolsos por Licencias Médicas;10;0
09;65;01;08;99;000;Otros;10;0
09;65;01;09;00;000;APORTE FISCAL;2903137;0
09;65;01;09;01;000;Libre;2903137;0
09;65;01;15;00;000;SALDO INICIAL DE CAJA;20;0
09;65;01;21;00;000;GASTOS EN PERSONAL;2236469;0
09;65;01;22;00;000;BIENES Y SERVICIOS DE CONSUMO;463995;0
09;65;01;23;00;000;PRESTACIONES DE SEGURIDAD SOCIAL;10;0
09;65;01;23;03;000;Prestaciones Sociales del Empleador;10;0
09;65;01;25;00;000;INTEGROS AL FISCO;20;0
09;65;01;25;99;000;Otros Integros al Fisco;20;0
09;65;01;29;00;000;ADQUISICIÓN DE ACTIVOS NO FINANCIEROS;202673;0
09;65;01;29;03;000;Vehículos;25720;0
09;65;01;29;04;000;Mobiliario y Otros;53086;0
09;65;01;29;05;000;Máquinas y Equipos;26543;0
09;65;01;29;06;000;Equipos Informáticos;79629;0
09;65;01;29;07;000;Programas Informáticos;17695;0
09;65;01;34;00;000;SERVICIO DE LA DEUDA;10;0
09;65;01;34;07;000;Deuda Flotante;10;0
09;65;01;35;00;000;SALDO FINAL DE CAJA;10;0
09;66;01;05;00;000;TRANSFERENCIAS CORRIENTES;10;0
09;66;01;05;02;000;Del Gobierno Central;10;0
09;66;01;05;02;201;Recuperación de Licencias Médicas - FONASA;10;0
09;66;01;08;00;000;OTROS INGRESOS CORRIENTES;20;0
09;66;01;08;01;000;Recuperaciones y Reembolsos por Licencias Médicas;10;0
09;66;01;08;99;000;Otros;10;0
09;66;01;09;00;000;APORTE FISCAL;5627928;0
09;66;01;09;01;000;Libre;5627928;0
09;66;01;15;00;000;SALDO INICIAL DE CAJA;20;0
09;66;01;21;00;000;GASTOS EN PERSONAL;4484396;0
09;66;01;22;00;000;BIENES Y SERVICIOS DE CONSUMO;913410;0
09;66;01;23;00;000;PRESTACIONES DE SEGURIDAD SOCIAL;10;0
09;66;01;23;03;000;Prestaciones Sociales del Empleador;10;0
09;66;01;25;00;000;INTEGROS AL FISCO;20;0
09;66;01;25;99;000;Otros Integros al Fisco;20;0
09;66;01;29;00;000;ADQUISICIÓN DE ACTIVOS NO FINANCIEROS;230122;0
09;66;01;29;03;000;Vehículos;25720;0
09;66;01;29;04;000;Mobiliario y Otros;38281;0
09;66;01;29;05;000;Máquinas y Equipos;48001;0
09;66;01;29;06;000;Equipos Informáticos;96001;0
09;66;01;29;07;000;Programas Informáticos;22119;0
09;66;01;34;00;000;SERVICIO DE LA DEUDA;10;0
09;66;01;34;07;000;Deuda Flotante;10;0
09;66;01;35;00;000;SALDO FINAL DE CAJA;10;0
09;66;02;05;00;000;TRANSFERENCIAS CORRIENTES;125546852;0
09;66;02;05;02;000;Del Gobierno Central;125546852;0
09;66;02;05;02;001;Subvenciones a los Establecimientos Educacionales;111095867;0
09;66;02;05;02;002;Junta Nacional de Jardines Infantiles;7577636;0
09;66;02;05;02;004;Dirección de Educación Pública;6873299;0
09;66;02;05;02;005;Subsecretaría de Educación;40;0
09;66;02;05;02;201;Recuperación de Licencias Médicas - FONASA;10;0
09;66;02;08;00;000;OTROS INGRESOS CORRIENTES;10;0
09;66;02;08;01;000;Recuperaciones y Reembolsos por Licencias Médicas;10;0
09;66;02;13;00;000;TRANSFERENCIAS PARA GASTOS DE CAPITAL;367857;0
09;66;02;13;02;000;Del Gobierno Central;367857;0
09;66;02;13;02;002;Dirección de Educación Pública;367827;0
09;66;02;13;02;005;Subsecretaría de Educación;30;0
09;66;02;15;00;000;SALDO INICIAL DE CAJA;10;0
09;66;02;21;00;000;GASTOS EN PERSONAL;111463004;0
09;66;02;22;00;000;BIENES Y SERVICIOS DE CONSUMO;13121249;0
09;66;02;23;00;000;PRESTACIONES DE SEGURIDAD SOCIAL;10;0
09;66;02;23;03;000;Prestaciones Sociales del Empleador;10;0
09;66;02;24;00;000;TRANSFERENCIAS CORRIENTES;10;0
09;66;02;24;03;000;A Otras Entidades Públicas;10;0
09;66;02;24;03;001;Convenios para el Mejoramiento de la Calidad de la Educación;10;0
09;66;02;25;00;000;INTEGROS AL FISCO;20;0
09;66;02;25;99;000;Otros Integros al Fisco;20;0
09;66;02;29;00;000;ADQUISICIÓN DE ACTIVOS NO FINANCIEROS;962569;0
09;66;02;29;04;000;Mobiliario y Otros;291846;0
09;66;02;29;05;000;Máquinas y Equipos;177496;0
09;66;02;29;06;000;Equipos Informáticos;465500;0
09;66;02;29;07;000;Programas Informáticos;27727;0
09;66;02;31;00;000;INICIATIVAS DE INVERSIÓN;367857;0
09;66;02;31;02;000;Proyectos;367857;0
09;66;02;35;00;000;SALDO FINAL DE CAJA;10;0
09;67;01;05;00;000;TRANSFERENCIAS CORRIENTES;10;0
09;67;01;05;02;000;Del Gobierno Central;10;0
09;67;01;05;02;201;Recuperación de Licencias Médicas - FONASA;10;0
09;67;01;08;00;000;OTROS INGRESOS CORRIENTES;20;0
09;67;01;08;01;000;Recuperaciones y Reembolsos por Licencias Médicas;10;0
09;67;01;08;99;000;Otros;10;0
09;67;01;09;00;000;APORTE FISCAL;2077253;0
09;67;01;09;01;000;Libre;2077253;0
09;67;01;15;00;000;SALDO INICIAL DE CAJA;20;0
09;67;01;21;00;000;GASTOS EN PERSONAL;1543282;0
09;67;01;22;00;000;BIENES Y SERVICIOS DE CONSUMO;348866;0
09;67;01;23;00;000;PRESTACIONES DE SEGURIDAD SOCIAL;10;0
09;67;01;23;03;000;Prestaciones Sociales del Empleador;10;0
09;67;01;25;00;000;INTEGROS AL FISCO;20;0
09;67;01;25;99;000;Otros Integros al Fisco;20;0
09;67;01;29;00;000;ADQUISICIÓN DE ACTIVOS NO FINANCIEROS;185105;0
09;67;01;29;03;000;Vehículos;25720;0
09;67;01;29;04;000;Mobiliario y Otros;31877;0
09;67;01;29;05;000;Máquinas y Equipos;23907;0
09;67;01;29;06;000;Equipos Informáticos;47816;0
09;67;01;29;07;000;Programas Informáticos;55785;0
09;67;01;34;00;000;SERVICIO DE LA DEUDA;10;0
09;67;01;34;07;000;Deuda Flotante;10;0
09;67;01;35;00;000;SALDO FINAL DE CAJA;10;0
09;68;01;05;00;000;TRANSFERENCIAS CORRIENTES;10;0
09;68;01;05;02;000;Del Gobierno Central;10;0
09;68;01;05;02;201;Recuperación de Licencias Médicas - FONASA;10;0
09;68;01;08;00;000;OTROS INGRESOS CORRIENTES;20;0
09;68;01;08;01;000;Recuperaciones y Reembolsos por Licencias Médicas;10;0
09;68;01;08;99;000;Otros;10;0
09;68;01;09;00;000;APORTE FISCAL;2472586;0
09;68;01;09;01;000;Libre;2472586;0
09;68;01;15;00;000;SALDO INICIAL DE CAJA;20;0
09;68;01;21;00;000;GASTOS EN PERSONAL;1980084;0
09;68;01;22;00;000;BIENES Y SERVICIOS DE CONSUMO;277553;0
09;68;01;23;00;000;PRESTACIONES DE SEGURIDAD SOCIAL;10;0
09;68;01;23;03;000;Prestaciones Sociales del Empleador;10;0
09;68;01;25;00;000;INTEGROS AL FISCO;20;0
09;68;01;25;99;000;Otros Integros al Fisco;20;0
09;68;01;29;00;000;ADQUISICIÓN DE ACTIVOS NO FINANCIEROS;214949;0
09;68;01;29;03;000;Vehículos;25720;0
09;68;01;29;04;000;Mobiliario y Otros;42453;0
09;68;01;29;05;000;Máquinas y Equipos;31840;0
09;68;01;29;06;000;Equipos Informáticos;63680;0
09;68;01;29;07;000;Programas Informáticos;51256;0
09;68;01;34;00;000;SERVICIO DE LA DEUDA;10;0
09;68;01;34;07;000;Deuda Flotante;10;0
09;68;01;35;00;000;SALDO FINAL DE CAJA;10;0
09;69;01;05;00;000;TRANSFERENCIAS CORRIENTES;10;0
09;69;01;05;02;000;Del Gobierno Central;10;0
09;69;01;05;02;201;Recuperación de Licencias Médicas - FONASA;10;0
09;69;01;08;00;000;OTROS INGRESOS CORRIENTES;20;0
09;69;01;08;01;000;Recuperaciones y Reembolsos por Licencias Médicas;10;0
09;69;01;08;99;000;Otros;10;0
09;69;01;09;00;000;APORTE FISCAL;2898592;0
09;69;01;09;01;000;Libre;2898592;0
09;69;01;15;00;000;SALDO INICIAL DE CAJA;20;0
09;69;01;21;00;000;GASTOS EN PERSONAL;2293933;0
09;69;01;22;00;000;BIENES Y SERVICIOS DE CONSUMO;424619;0
09;69;01;23;00;000;PRESTACIONES DE SEGURIDAD SOCIAL;10;0
09;69;01;23;03;000;Prestaciones Sociales del Empleador;10;0
09;69;01;25;00;000;INTEGROS AL FISCO;20;0
09;69;01;25;99;000;Otros Integros al Fisco;20;0
09;69;01;29;00;000;ADQUISICIÓN DE ACTIVOS NO FINANCIEROS;180040;0
09;69;01;29;03;000;Vehículos;25720;0
09;69;01;29;04;000;Mobiliario y Otros;46296;0
09;69;01;29;05;000;Máquinas y Equipos;23148;0
09;69;01;29;06;000;Equipos Informáticos;69444;0
09;69;01;29;07;000;Programas Informáticos;15432;0
09;69;01;34;00;000;SERVICIO DE LA DEUDA;10;0
09;69;01;34;07;000;Deuda Flotante;10;0
09;69;01;35;00;000;SALDO FINAL DE CAJA;10;0
09;70;01;05;00;000;TRANSFERENCIAS CORRIENTES;10;0
09;70;01;05;02;000;Del Gobierno Central;10;0
09;70;01;05;02;201;Recuperación de Licencias Médicas - FONASA;10;0
09;70;01;08;00;000;OTROS INGRESOS CORRIENTES;20;0
09;70;01;08;01;000;Recuperaciones y Reembolsos por Licencias Médicas;10;0
09;70;01;08;99;000;Otros;10;0
09;70;01;09;00;000;APORTE FISCAL;2743397;0
09;70;01;09;01;000;Libre;2743397;0
09;70;01;15;00;000;SALDO INICIAL DE CAJA;20;0
09;70;01;21;00;000;GASTOS EN PERSONAL;2039069;0
09;70;01;22;00;000;BIENES Y SERVICIOS DE CONSUMO;505769;0
09;70;01;23;00;000;PRESTACIONES DE SEGURIDAD SOCIAL;10;0
09;70;01;23;03;000;Prestaciones Sociales del Empleador;10;0
09;70;01;25;00;000;INTEGROS AL FISCO;20;0
09;70;01;25;99;000;Otros Integros al Fisco;20;0
09;70;01;29;00;000;ADQUISICIÓN DE ACTIVOS NO FINANCIEROS;198559;0
09;70;01;29;03;000;Vehículos;25720;0
09;70;01;29;04;000;Mobiliario y Otros;51852;0
09;70;01;29;05;000;Máquinas y Equipos;25926;0
09;70;01;29;06;000;Equipos Informáticos;77777;0
09;70;01;29;07;000;Programas Informáticos;17284;0
09;70;01;34;00;000;SERVICIO DE LA DEUDA;10;0
09;70;01;34;07;000;Deuda Flotante;10;0
09;70;01;35;00;000;SALDO FINAL DE CAJA;10;0
09;71;01;05;00;000;TRANSFERENCIAS CORRIENTES;10;0
09;71;01;05;02;000;Del Gobierno Central;10;0
09;71;01;05;02;201;Recuperación de Licencias Médicas - FONASA;10;0
09;71;01;08;00;000;OTROS INGRESOS CORRIENTES;20;0
09;71;01;08;01;000;Recuperaciones y Reembolsos por Licencias Médicas;10;0
09;71;01;08;99;000;Otros;10;0
09;71;01;09;00;000;APORTE FISCAL;1732808;0
09;71;01;09;01;000;Libre;1732808;0
09;71;01;15;00;000;SALDO INICIAL DE CAJA;20;0
09;71;01;21;00;000;GASTOS EN PERSONAL;1336623;0
09;71;01;22;00;000;BIENES Y SERVICIOS DE CONSUMO;274983;0
09;71;01;23;00;000;PRESTACIONES DE SEGURIDAD SOCIAL;10;0
09;71;01;23;03;000;Prestaciones Sociales del Empleador;10;0
09;71;01;25;00;000;INTEGROS AL FISCO;20;0
09;71;01;25;99;000;Otros Integros al Fisco;20;0
09;71;01;29;00;000;ADQUISICIÓN DE ACTIVOS NO FINANCIEROS;121202;0
09;71;01;29;03;000;Vehículos;25720;0
09;71;01;29;04;000;Mobiliario y Otros;26918;0
09;71;01;29;05;000;Máquinas y Equipos;20188;0
09;71;01;29;06;000;Equipos Informáticos;40375;0
09;71;01;29;07;000;Programas Informáticos;8001;0
09;71;01;34;00;000;SERVICIO DE LA DEUDA;10;0
09;71;01;34;07;000;Deuda Flotante;10;0
09;71;01;35;00;000;SALDO FINAL DE CAJA;10;0
09;72;01;05;00;000;TRANSFERENCIAS CORRIENTES;10;0
09;72;01;05;02;000;Del Gobierno Central;10;0
09;72;01;05;02;201;Recuperación de Licencias Médicas - FONASA;10;0
09;72;01;08;00;000;OTROS INGRESOS CORRIENTES;20;0
09;72;01;08;01;000;Recuperaciones y Reembolsos por Licencias Médicas;10;0
09;72;01;08;99;000;Otros;10;0
09;72;01;09;00;000;APORTE FISCAL;1918452;0
09;72;01;09;01;000;Libre;1918452;0
09;72;01;15;00;000;SALDO INICIAL DE CAJA;20;0
09;72;01;21;00;000;GASTOS EN PERSONAL;1471307;0
09;72;01;22;00;000;BIENES Y SERVICIOS DE CONSUMO;304819;0
09;72;01;23;00;000;PRESTACIONES DE SEGURIDAD SOCIAL;10;0
09;72;01;23;03;000;Prestaciones Sociales del Empleador;10;0
09;72;01;25;00;000;INTEGROS AL FISCO;20;0
09;72;01;25;99;000;Otros Integros al Fisco;20;0
09;72;01;29;00;000;ADQUISICIÓN DE ACTIVOS NO FINANCIEROS;142326;0
09;72;01;29;03;000;Vehículos;25720;0
09;72;01;29;04;000;Mobiliario y Otros;30170;0
09;72;01;29;05;000;Máquinas y Equipos;22627;0
09;72;01;29;06;000;Equipos Informáticos;45255;0
09;72;01;29;07;000;Programas Informáticos;18554;0
09;72;01;34;00;000;SERVICIO DE LA DEUDA;10;0
09;72;01;34;07;000;Deuda Flotante;10;0
09;72;01;35;00;000;SALDO FINAL DE CAJA;10;0
09;73;01;05;00;000;TRANSFERENCIAS CORRIENTES;10;0
09;73;01;05;02;000;Del Gobierno Central;10;0
09;73;01;05;02;201;Recuperación de Licencias Médicas - FONASA;10;0
09;73;01;08;00;000;OTROS INGRESOS CORRIENTES;20;0
09;73;01;08;01;000;Recuperaciones y Reembolsos por Licencias Médicas;10;0
09;73;01;08;99;000;Otros;10;0
09;73;01;09;00;000;APORTE FISCAL;2400988;0
09;73;01;09;01;000;Libre;2400988;0
09;73;01;15;00;000;SALDO INICIAL DE CAJA;20;0
09;73;01;21;00;000;GASTOS EN PERSONAL;1785791;0
09;73;01;22;00;000;BIENES Y SERVICIOS DE CONSUMO;436991;0
09;73;01;23;00;000;PRESTACIONES DE SEGURIDAD SOCIAL;10;0
09;73;01;23;03;000;Prestaciones Sociales del Empleador;10;0
09;73;01;25;00;000;INTEGROS AL FISCO;20;0
09;73;01;25;99;000;Otros Integros al Fisco;20;0
09;73;01;29;00;000;ADQUISICIÓN DE ACTIVOS NO FINANCIEROS;178206;0
09;73;01;29;03;000;Vehículos;25720;0
09;73;01;29;04;000;Mobiliario y Otros;37774;0
09;73;01;29;05;000;Máquinas y Equipos;28330;0
09;73;01;29;06;000;Equipos Informáticos;56661;0
09;73;01;29;07;000;Programas Informáticos;29721;0
09;73;01;34;00;000;SERVICIO DE LA DEUDA;10;0
09;73;01;34;07;000;Deuda Flotante;10;0
09;73;01;35;00;000;SALDO FINAL DE CAJA;10;0
09;74;01;05;00;000;TRANSFERENCIAS CORRIENTES;10;0
09;74;01;05;02;000;Del Gobierno Central;10;0
09;74;01;05;02;201;Recuperación de Licencias Médicas - FONASA;10;0
09;74;01;08;00;000;OTROS INGRESOS CORRIENTES;20;0
09;74;01;08;01;000;Recuperaciones y Reembolsos por Licencias Médicas;10;0
09;74;01;08;99;000;Otros;10;0
09;74;01;09;00;000;APORTE FISCAL;1897643;0
09;74;01;09;01;000;Libre;1897643;0
09;74;01;15;00;000;SALDO INICIAL DE CAJA;20;0
09;74;01;21;00;000;GASTOS EN PERSONAL;1440552;0
09;74;01;22;00;000;BIENES Y SERVICIOS DE CONSUMO;317164;0
09;74;01;23;00;000;PRESTACIONES DE SEGURIDAD SOCIAL;10;0
09;74;01;23;03;000;Prestaciones Sociales del Empleador;10;0
09;74;01;25;00;000;INTEGROS AL FISCO;20;0
09;74;01;25;99;000;Otros Integros al Fisco;20;0
09;74;01;29;00;000;ADQUISICIÓN DE ACTIVOS NO FINANCIEROS;139927;0
09;74;01;29;03;000;Vehículos;25720;0
09;74;01;29;04;000;Mobiliario y Otros;29432;0
09;74;01;29;05;000;Máquinas y Equipos;22074;0
09;74;01;29;06;000;Equipos Informáticos;44148;0
09;74;01;29;07;000;Programas Informáticos;18553;0
09;74;01;34;00;000;SERVICIO DE LA DEUDA;10;0
09;74;01;34;07;000;Deuda Flotante;10;0
09;74;01;35;00;000;SALDO FINAL DE CAJA;10;0
09;75;01;05;00;000;TRANSFERENCIAS CORRIENTES;10;0
09;75;01;05;02;000;Del Gobierno Central;10;0
09;75;01;05;02;201;Recuperación de Licencias Médicas - FONASA;10;0
09;75;01;08;00;000;OTROS INGRESOS CORRIENTES;20;0
09;75;01;08;01;000;Recuperaciones y Reembolsos por Licencias Médicas;10;0
09;75;01;08;99;000;Otros;10;0
09;75;01;09;00;000;APORTE FISCAL;2043902;0
09;75;01;09;01;000;Libre;2043902;0
09;75;01;15;00;000;SALDO INICIAL DE CAJA;20;0
09;75;01;21;00;000;GASTOS EN PERSONAL;1622059;0
09;75;01;22;00;000;BIENES Y SERVICIOS DE CONSUMO;239445;0
09;75;01;23;00;000;PRESTACIONES DE SEGURIDAD SOCIAL;10;0
09;75;01;23;03;000;Prestaciones Sociales del Empleador;10;0
09;75;01;25;00;000;INTEGROS AL FISCO;20;0
09;75;01;25;99;000;Otros Integros al Fisco;20;0
09;75;01;29;00;000;ADQUISICIÓN DE ACTIVOS NO FINANCIEROS;182398;0
09;75;01;29;03;000;Vehículos;25720;0
09;75;01;29;04;000;Mobiliario y Otros;33808;0
09;75;01;29;05;000;Máquinas y Equipos;25356;0
09;75;01;29;06;000;Equipos Informáticos;50712;0
09;75;01;29;07;000;Programas Informáticos;46802;0
09;75;01;34;00;000;SERVICIO DE LA DEUDA;10;0
09;75;01;34;07;000;Deuda Flotante;10;0
09;75;01;35;00;000;SALDO FINAL DE CAJA;10;0
09;76;01;05;00;000;TRANSFERENCIAS CORRIENTES;10;0
09;76;01;05;02;000;Del Gobierno Central;10;0
09;76;01;05;02;201;Recuperación de Licencias Médicas - FONASA;10;0
09;76;01;08;00;000;OTROS INGRESOS CORRIENTES;20;0
09;76;01;08;01;000;Recuperaciones y Reembolsos por Licencias Médicas;10;0
09;76;01;08;99;000;Otros;10;0
09;76;01;09;00;000;APORTE FISCAL;722515;0
09;76;01;09;01;000;Libre;722515;0
09;76;01;15;00;000;SALDO INICIAL DE CAJA;20;0
09;76;01;21;00;000;GASTOS EN PERSONAL;449561;0
09;76;01;22;00;000;BIENES Y SERVICIOS DE CONSUMO;178702;0
09;76;01;23;00;000;PRESTACIONES DE SEGURIDAD SOCIAL;10;0
09;76;01;23;03;000;Prestaciones Sociales del Empleador;10;0
09;76;01;25;00;000;INTEGROS AL FISCO;20;0
09;76;01;25;99;000;Otros Integros al Fisco;20;0
09;76;01;29;00;000;ADQUISICIÓN DE ACTIVOS NO FINANCIEROS;94252;0
09;76;01;29;03;000;Vehículos;25720;0
09;76;01;29;04;000;Mobiliario y Otros;8324;0
09;76;01;29;05;000;Máquinas y Equipos;6243;0
09;76;01;29;06;000;Equipos Informáticos;12486;0
09;76;01;29;07;000;Programas Informáticos;41479;0
09;76;01;34;00;000;SERVICIO DE LA DEUDA;10;0
09;76;01;34;07;000;Deuda Flotante;10;0
09;76;01;35;00;000;SALDO FINAL DE CAJA;10;0
09;77;01;05;00;000;TRANSFERENCIAS CORRIENTES;10;0
09;77;01;05;02;000;Del Gobierno Central;10;0
09;77;01;05;02;201;Recuperación de Licencias Médicas - FONASA;10;0
09;77;01;08;00;000;OTROS INGRESOS CORRIENTES;20;0
09;77;01;08;01;000;Recuperaciones y Reembolsos por Licencias Médicas;10;0
09;77;01;08;99;000;Otros;10;0
09;77;01;09;00;000;APORTE FISCAL;735735;0
09;77;01;09;01;000;Libre;735735;0
09;77;01;15;00;000;SALDO INICIAL DE CAJA;20;0
09;77;01;21;00;000;GASTOS EN PERSONAL;458558;0
09;77;01;22;00;000;BIENES Y SERVICIOS DE CONSUMO;182098;0
09;77;01;23;00;000;PRESTACIONES DE SEGURIDAD SOCIAL;10;0
09;77;01;23;03;000;Prestaciones Sociales del Empleador;10;0
09;77;01;25;00;000;INTEGROS AL FISCO;20;0
09;77;01;25;99;000;Otros Integros al Fisco;20;0
09;77;01;29;00;000;ADQUISICIÓN DE ACTIVOS NO FINANCIEROS;95079;0
09;77;01;29;03;000;Vehículos;25720;0
09;77;01;29;04;000;Mobiliario y Otros;8578;0
09;77;01;29;05;000;Máquinas y Equipos;6434;0
09;77;01;29;06;000;Equipos Informáticos;12868;0
09;77;01;29;07;000;Programas Informáticos;41479;0
09;77;01;34;00;000;SERVICIO DE LA DEUDA;10;0
09;77;01;34;07;000;Deuda Flotante;10;0
09;77;01;35;00;000;SALDO FINAL DE CAJA;10;0
09;78;01;05;00;000;TRANSFERENCIAS CORRIENTES;10;0
09;78;01;05;02;000;Del Gobierno Central;10;0
09;78;01;05;02;201;Recuperación de Licencias Médicas - FONASA;10;0
09;78;01;08;00;000;OTROS INGRESOS CORRIENTES;20;0
09;78;01;08;01;000;Recuperaciones y Reembolsos por Licencias Médicas;10;0
09;78;01;08;99;000;Otros;10;0
09;78;01;09;00;000;APORTE FISCAL;641775;0
09;78;01;09;01;000;Libre;641775;0
09;78;01;15;00;000;SALDO INICIAL DE CAJA;20;0
09;78;01;21;00;000;GASTOS EN PERSONAL;434281;0
09;78;01;22;00;000;BIENES Y SERVICIOS DE CONSUMO;147795;0
09;78;01;23;00;000;PRESTACIONES DE SEGURIDAD SOCIAL;10;0
09;78;01;23;03;000;Prestaciones Sociales del Empleador;10;0
09;78;01;25;00;000;INTEGROS AL FISCO;20;0
09;78;01;25;99;000;Otros Integros al Fisco;20;0
09;78;01;29;00;000;ADQUISICIÓN DE ACTIVOS NO FINANCIEROS;59699;0
09;78;01;29;03;000;Vehículos;25720;0
09;78;01;29;04;000;Mobiliario y Otros;7860;0
09;78;01;29;05;000;Máquinas y Equipos;5895;0
09;78;01;29;06;000;Equipos Informáticos;11791;0
09;78;01;29;07;000;Programas Informáticos;8433;0
09;78;01;34;00;000;SERVICIO DE LA DEUDA;10;0
09;78;01;34;07;000;Deuda Flotante;10;0
09;78;01;35;00;000;SALDO FINAL DE CAJA;10;0
09;79;01;05;00;000;TRANSFERENCIAS CORRIENTES;10;0
09;79;01;05;02;000;Del Gobierno Central;10;0
09;79;01;05;02;201;Recuperación de Licencias Médicas - FONASA;10;0
09;79;01;08;00;000;OTROS INGRESOS CORRIENTES;20;0
09;79;01;08;01;000;Recuperaciones y Reembolsos por Licencias Médicas;10;0
09;79;01;08;99;000;Otros;10;0
09;79;01;09;00;000;APORTE FISCAL;601854;0
09;79;01;09;01;000;Libre;601854;0
09;79;01;15;00;000;SALDO INICIAL DE CAJA;20;0
09;79;01;21;00;000;GASTOS EN PERSONAL;412283;0
09;79;01;22;00;000;BIENES Y SERVICIOS DE CONSUMO;119175;0
09;79;01;23;00;000;PRESTACIONES DE SEGURIDAD SOCIAL;10;0
09;79;01;23;03;000;Prestaciones Sociales del Empleador;10;0
09;79;01;25;00;000;INTEGROS AL FISCO;20;0
09;79;01;25;99;000;Otros Integros al Fisco;20;0
09;79;01;29;00;000;ADQUISICIÓN DE ACTIVOS NO FINANCIEROS;70396;0
09;79;01;29;03;000;Vehículos;25720;0
09;79;01;29;04;000;Mobiliario y Otros;7201;0
09;79;01;29;05;000;Máquinas y Equipos;5400;0
09;79;01;29;06;000;Equipos Informáticos;10801;0
09;79;01;29;07;000;Programas Informáticos;21274;0
09;79;01;34;00;000;SERVICIO DE LA DEUDA;10;0
09;79;01;34;07;000;Deuda Flotante;10;0
09;79;01;35;00;000;SALDO FINAL DE CAJA;10;0
09;80;01;05;00;000;TRANSFERENCIAS CORRIENTES;10;0
09;80;01;05;02;000;Del Gobierno Central;10;0
09;80;01;05;02;201;Recuperación de Licencias Médicas - FONASA;10;0
09;80;01;08;00;000;OTROS INGRESOS CORRIENTES;20;0
09;80;01;08;01;000;Recuperaciones y Reembolsos por Licencias Médicas;10;0
09;80;01;08;99;000;Otros;10;0
09;80;01;09;00;000;APORTE FISCAL;608169;0
09;80;01;09;01;000;Libre;608169;0
09;80;01;15;00;000;SALDO INICIAL DE CAJA;20;0
09;80;01;21;00;000;GASTOS EN PERSONAL;423094;0
09;80;01;22;00;000;BIENES Y SERVICIOS DE CONSUMO;131345;0
09;80;01;23;00;000;PRESTACIONES DE SEGURIDAD SOCIAL;10;0
09;80;01;23;03;000;Prestaciones Sociales del Empleador;10;0
09;80;01;25;00;000;INTEGROS AL FISCO;20;0
09;80;01;25;99;000;Otros Integros al Fisco;20;0
09;80;01;29;00;000;ADQUISICIÓN DE ACTIVOS NO FINANCIEROS;53730;0
09;80;01;29;03;000;Vehículos;25720;0
09;80;01;29;04;000;Mobiliario y Otros;7500;0
09;80;01;29;05;000;Máquinas y Equipos;5624;0
09;80;01;29;06;000;Equipos Informáticos;11249;0
09;80;01;29;07;000;Programas Informáticos;3637;0
09;80;01;34;00;000;SERVICIO DE LA DEUDA;10;0
09;80;01;34;07;000;Deuda Flotante;10;0
09;80;01;35;00;000;SALDO FINAL DE CAJA;10;0
09;81;01;05;00;000;TRANSFERENCIAS CORRIENTES;10;0
09;81;01;05;02;000;Del Gobierno Central;10;0
09;81;01;05;02;201;Recuperación de Licencias Médicas - FONASA;10;0
09;81;01;08;00;000;OTROS INGRESOS CORRIENTES;20;0
09;81;01;08;01;000;Recuperaciones y Reembolsos por Licencias Médicas;10;0
09;81;01;08;99;000;Otros;10;0
09;81;01;09;00;000;APORTE FISCAL;2330908;0
09;81;01;09;01;000;Libre;2330908;0
09;81;01;15;00;000;SALDO INICIAL DE CAJA;20;0
09;81;01;21;00;000;GASTOS EN PERSONAL;1904763;0
09;81;01;22;00;000;BIENES Y SERVICIOS DE CONSUMO;214841;0
09;81;01;23;00;000;PRESTACIONES DE SEGURIDAD SOCIAL;10;0
09;81;01;23;03;000;Prestaciones Sociales del Empleador;10;0
09;81;01;25;00;000;INTEGROS AL FISCO;20;0
09;81;01;25;99;000;Otros Integros al Fisco;20;0
09;81;01;29;00;000;ADQUISICIÓN DE ACTIVOS NO FINANCIEROS;211304;0
09;81;01;29;03;000;Vehículos;25720;0
09;81;01;29;04;000;Mobiliario y Otros;40642;0
09;81;01;29;05;000;Máquinas y Equipos;30481;0
09;81;01;29;06;000;Equipos Informáticos;60963;0
09;81;01;29;07;000;Programas Informáticos;53498;0
09;81;01;34;00;000;SERVICIO DE LA DEUDA;10;0
09;81;01;34;07;000;Deuda Flotante;10;0
09;81;01;35;00;000;SALDO FINAL DE CAJA;10;0
09;82;01;05;00;000;TRANSFERENCIAS CORRIENTES;10;0
09;82;01;05;02;000;Del Gobierno Central;10;0
09;82;01;05;02;201;Recuperación de Licencias Médicas - FONASA;10;0
09;82;01;08;00;000;OTROS INGRESOS CORRIENTES;20;0
09;82;01;08;01;000;Recuperaciones y Reembolsos por Licencias Médicas;10;0
09;82;01;08;99;000;Otros;10;0
09;82;01;09;00;000;APORTE FISCAL;1999692;0
09;82;01;09;01;000;Libre;1999692;0
09;82;01;15;00;000;SALDO INICIAL DE CAJA;20;0
09;82;01;21;00;000;GASTOS EN PERSONAL;1698798;0
09;82;01;22;00;000;BIENES Y SERVICIOS DE CONSUMO;154485;0
09;82;01;23;00;000;PRESTACIONES DE SEGURIDAD SOCIAL;10;0
09;82;01;23;03;000;Prestaciones Sociales del Empleador;10;0
09;82;01;25;00;000;INTEGROS AL FISCO;20;0
09;82;01;25;99;000;Otros Integros al Fisco;20;0
09;82;01;29;00;000;ADQUISICIÓN DE ACTIVOS NO FINANCIEROS;146409;0
09;82;01;29;03;000;Vehículos;25720;0
09;82;01;29;04;000;Mobiliario y Otros;35666;0
09;82;01;29;05;000;Máquinas y Equipos;26750;0
09;82;01;29;06;000;Equipos Informáticos;53499;0
09;82;01;29;07;000;Programas Informáticos;4774;0
09;82;01;34;00;000;SERVICIO DE LA DEUDA;10;0
09;82;01;34;07;000;Deuda Flotante;10;0
09;82;01;35;00;000;SALDO FINAL DE CAJA;10;0
09;83;01;05;00;000;TRANSFERENCIAS CORRIENTES;10;0
09;83;01;05;02;000;Del Gobierno Central;10;0
09;83;01;05;02;201;Recuperación de Licencias Médicas - FONASA;10;0
09;83;01;08;00;000;OTROS INGRESOS CORRIENTES;20;0
09;83;01;08;01;000;Recuperaciones y Reembolsos por Licencias Médicas;10;0
09;83;01;08;99;000;Otros;10;0
09;83;01;09;00;000;APORTE FISCAL;647170;0
09;83;01;09;01;000;Libre;647170;0
09;83;01;15;00;000;SALDO INICIAL DE CAJA;20;0
09;83;01;21;00;000;GASTOS EN PERSONAL;458394;0
09;83;01;22;00;000;BIENES Y SERVICIOS DE CONSUMO;131356;0
09;83;01;23;00;000;PRESTACIONES DE SEGURIDAD SOCIAL;10;0
09;83;01;23;03;000;Prestaciones Sociales del Empleador;10;0
09;83;01;25;00;000;INTEGROS AL FISCO;20;0
09;83;01;25;99;000;Otros Integros al Fisco;20;0
09;83;01;29;00;000;ADQUISICIÓN DE ACTIVOS NO FINANCIEROS;57420;0
09;83;01;29;03;000;Vehículos;25720;0
09;83;01;29;04;000;Mobiliario y Otros;8635;0
09;83;01;29;05;000;Máquinas y Equipos;6476;0
09;83;01;29;06;000;Equipos Informáticos;12952;0
09;83;01;29;07;000;Programas Informáticos;3637;0
09;83;01;34;00;000;SERVICIO DE LA DEUDA;10;0
09;83;01;34;07;000;Deuda Flotante;10;0
09;83;01;35;00;000;SALDO FINAL DE CAJA;10;0
09;84;01;05;00;000;TRANSFERENCIAS CORRIENTES;10;0
09;84;01;05;02;000;Del Gobierno Central;10;0
09;84;01;05;02;201;Recuperación de Licencias Médicas - FONASA;10;0
09;84;01;08;00;000;OTROS INGRESOS CORRIENTES;20;0
09;84;01;08;01;000;Recuperaciones y Reembolsos por Licencias Médicas;10;0
09;84;01;08;99;000;Otros;10;0
09;84;01;09;00;000;APORTE FISCAL;688078;0
09;84;01;09;01;000;Libre;688078;0
09;84;01;15;00;000;SALDO INICIAL DE CAJA;20;0
09;84;01;21;00;000;GASTOS EN PERSONAL;482005;0
09;84;01;22;00;000;BIENES Y SERVICIOS DE CONSUMO;133867;0
09;84;01;23;00;000;PRESTACIONES DE SEGURIDAD SOCIAL;10;0
09;84;01;23;03;000;Prestaciones Sociales del Empleador;10;0
09;84;01;25;00;000;INTEGROS AL FISCO;20;0
09;84;01;25;99;000;Otros Integros al Fisco;20;0
09;84;01;29;00;000;ADQUISICIÓN DE ACTIVOS NO FINANCIEROS;72206;0
09;84;01;29;03;000;Vehículos;25720;0
09;84;01;29;04;000;Mobiliario y Otros;9297;0
09;84;01;29;05;000;Máquinas y Equipos;6973;0
09;84;01;29;06;000;Equipos Informáticos;13946;0
09;84;01;29;07;000;Programas Informáticos;16270;0
09;84;01;34;00;000;SERVICIO DE LA DEUDA;10;0
09;84;01;34;07;000;Deuda Flotante;10;0
09;84;01;35;00;000;SALDO FINAL DE CAJA;10;0
09;85;01;05;00;000;TRANSFERENCIAS CORRIENTES;10;0
09;85;01;05;02;000;Del Gobierno Central;10;0
09;85;01;05;02;201;Recuperación de Licencias Médicas - FONASA;10;0
09;85;01;08;00;000;OTROS INGRESOS CORRIENTES;20;0
09;85;01;08;01;000;Recuperaciones y Reembolsos por Licencias Médicas;10;0
09;85;01;08;99;000;Otros;10;0
09;85;01;09;00;000;APORTE FISCAL;679248;0
09;85;01;09;01;000;Libre;679248;0
09;85;01;15;00;000;SALDO INICIAL DE CAJA;20;0
09;85;01;21;00;000;GASTOS EN PERSONAL;440494;0
09;85;01;22;00;000;BIENES Y SERVICIOS DE CONSUMO;175076;0
09;85;01;23;00;000;PRESTACIONES DE SEGURIDAD SOCIAL;10;0
09;85;01;23;03;000;Prestaciones Sociales del Empleador;10;0
09;85;01;25;00;000;INTEGROS AL FISCO;20;0
09;85;01;25;99;000;Otros Integros al Fisco;20;0
09;85;01;29;00;000;ADQUISICIÓN DE ACTIVOS NO FINANCIEROS;63678;0
09;85;01;29;03;000;Vehículos;25720;0
09;85;01;29;04;000;Mobiliario y Otros;8052;0
09;85;01;29;05;000;Máquinas y Equipos;6039;0
09;85;01;29;06;000;Equipos Informáticos;12078;0
09;85;01;29;07;000;Programas Informáticos;11789;0
09;85;01;34;00;000;SERVICIO DE LA DEUDA;10;0
09;85;01;34;07;000;Deuda Flotante;10;0
09;85;01;35;00;000;SALDO FINAL DE CAJA;10;0
09;86;01;05;00;000;TRANSFERENCIAS CORRIENTES;10;0
09;86;01;05;02;000;Del Gobierno Central;10;0
09;86;01;05;02;201;Recuperación de Licencias Médicas - FONASA;10;0
09;86;01;08;00;000;OTROS INGRESOS CORRIENTES;20;0
09;86;01;08;01;000;Recuperaciones y Reembolsos por Licencias Médicas;10;0
09;86;01;08;99;000;Otros;10;0
09;86;01;09;00;000;APORTE FISCAL;637067;0
09;86;01;09;01;000;Libre;637067;0
09;86;01;15;00;000;SALDO INICIAL DE CAJA;20;0
09;86;01;21;00;000;GASTOS EN PERSONAL;446214;0
09;86;01;22;00;000;BIENES Y SERVICIOS DE CONSUMO;135288;0
09;86;01;23;00;000;PRESTACIONES DE SEGURIDAD SOCIAL;10;0
09;86;01;23;03;000;Prestaciones Sociales del Empleador;10;0
09;86;01;25;00;000;INTEGROS AL FISCO;20;0
09;86;01;25;99;000;Otros Integros al Fisco;20;0
09;86;01;29;00;000;ADQUISICIÓN DE ACTIVOS NO FINANCIEROS;55565;0
09;86;01;29;03;000;Vehículos;25720;0
09;86;01;29;04;000;Mobiliario y Otros;8223;0
09;86;01;29;05;000;Máquinas y Equipos;6168;0
09;86;01;29;06;000;Equipos Informáticos;12335;0
09;86;01;29;07;000;Programas Informáticos;3119;0
09;86;01;34;00;000;SERVICIO DE LA DEUDA;10;0
09;86;01;34;07;000;Deuda Flotante;10;0
09;86;01;35;00;000;SALDO FINAL DE CAJA;10;0
09;87;01;05;00;000;TRANSFERENCIAS CORRIENTES;10;0
09;87;01;05;02;000;Del Gobierno Central;10;0
09;87;01;05;02;201;Recuperación de Licencias Médicas - FONASA;10;0
09;87;01;08;00;000;OTROS INGRESOS CORRIENTES;20;0
09;87;01;08;01;000;Recuperaciones y Reembolsos por Licencias Médicas;10;0
09;87;01;08;99;000;Otros;10;0
09;87;01;09;00;000;APORTE FISCAL;663976;0
09;87;01;09;01;000;Libre;663976;0
09;87;01;15;00;000;SALDO INICIAL DE CAJA;20;0
09;87;01;21;00;000;GASTOS EN PERSONAL;424501;0
09;87;01;22;00;000;BIENES Y SERVICIOS DE CONSUMO;168611;0
09;87;01;23;00;000;PRESTACIONES DE SEGURIDAD SOCIAL;10;0
09;87;01;23;03;000;Prestaciones Sociales del Empleador;10;0
09;87;01;25;00;000;INTEGROS AL FISCO;20;0
09;87;01;25;99;000;Otros Integros al Fisco;20;0
09;87;01;29;00;000;ADQUISICIÓN DE ACTIVOS NO FINANCIEROS;70864;0
09;87;01;29;03;000;Vehículos;25720;0
09;87;01;29;04;000;Mobiliario y Otros;7567;0
09;87;01;29;05;000;Máquinas y Equipos;5675;0
09;87;01;29;06;000;Equipos Informáticos;11351;0
09;87;01;29;07;000;Programas Informáticos;20551;0
09;87;01;34;00;000;SERVICIO DE LA DEUDA;10;0
09;87;01;34;07;000;Deuda Flotante;10;0
09;87;01;35;00;000;SALDO FINAL DE CAJA;10;0
09;88;01;05;00;000;TRANSFERENCIAS CORRIENTES;10;0
09;88;01;05;02;000;Del Gobierno Central;10;0
09;88;01;05;02;201;Recuperación de Licencias Médicas - FONASA;10;0
09;88;01;08;00;000;OTROS INGRESOS CORRIENTES;20;0
09;88;01;08;01;000;Recuperaciones y Reembolsos por Licencias Médicas;10;0
09;88;01;08;99;000;Otros;10;0
09;88;01;09;00;000;APORTE FISCAL;745829;0
09;88;01;09;01;000;Libre;745829;0
09;88;01;15;00;000;SALDO INICIAL DE CAJA;20;0
09;88;01;21;00;000;GASTOS EN PERSONAL;483806;0
09;88;01;22;00;000;BIENES Y SERVICIOS DE CONSUMO;192401;0
09;88;01;23;00;000;PRESTACIONES DE SEGURIDAD SOCIAL;10;0
09;88;01;23;03;000;Prestaciones Sociales del Empleador;10;0
09;88;01;25;00;000;INTEGROS AL FISCO;20;0
09;88;01;25;99;000;Otros Integros al Fisco;20;0
09;88;01;29;00;000;ADQUISICIÓN DE ACTIVOS NO FINANCIEROS;69622;0
09;88;01;29;03;000;Vehículos;25720;0
09;88;01;29;04;000;Mobiliario y Otros;9352;0
09;88;01;29;05;000;Máquinas y Equipos;7013;0
09;88;01;29;06;000;Equipos Informáticos;14027;0
09;88;01;29;07;000;Programas Informáticos;13510;0
09;88;01;34;00;000;SERVICIO DE LA DEUDA;10;0
09;88;01;34;07;000;Deuda Flotante;10;0
09;88;01;35;00;000;SALDO FINAL DE CAJA;10;0
09;90;01;05;00;000;TRANSFERENCIAS CORRIENTES;10;0
09;90;01;05;02;000;Del Gobierno Central;10;0
09;90;01;05;02;201;Recuperación de Licencias Médicas - FONASA;10;0
09;90;01;07;00;000;INGRESOS DE OPERACIÓN;6482440;0
09;90;01;08;00;000;OTROS INGRESOS CORRIENTES;106696;0
09;90;01;08;01;000;Recuperaciones y Reembolsos por Licencias Médicas;10;0
09;90;01;08;99;000;Otros;106686;0
09;90;01;09;00;000;APORTE FISCAL;23416287;0
09;90;01;09;01;000;Libre;23416287;0
09;90;01;15;00;000;SALDO INICIAL DE CAJA;10;0
09;90;01;21;00;000;GASTOS EN PERSONAL;8010033;0
09;90;01;22;00;000;BIENES Y SERVICIOS DE CONSUMO;940773;0
09;90;01;23;00;000;PRESTACIONES DE SEGURIDAD SOCIAL;10;0
09;90;01;23;03;000;Prestaciones Sociales del Empleador;10;0
09;90;01;24;00;000;TRANSFERENCIAS CORRIENTES;20588561;0
09;90;01;24;03;000;A Otras Entidades Públicas;4007954;0
09;90;01;24;03;003;Aplicación Ley N° 20.129;3618013;0
09;90;01;24;03;005;Comisión Ley N° 20.027;389941;0
09;90;01;24;09;000;A Unidades o Programas del Servicio;16580607;0
09;90;01;24;09;007;Sistema de Acceso a la Educación Superior Ley N°21.091;16580607;0
09;90;01;25;00;000;INTEGROS AL FISCO;20;0
09;90;01;25;99;000;Otros Integros al Fisco;20;0
09;90;01;29;00;000;ADQUISICIÓN DE ACTIVOS NO FINANCIEROS;466026;0
09;90;01;29;05;000;Máquinas y Equipos;1029;0
09;90;01;29;06;000;Equipos Informáticos;6152;0
09;90;01;29;07;000;Programas Informáticos;458845;0
09;90;01;34;00;000;SERVICIO DE LA DEUDA;10;0
09;90;01;34;07;000;Deuda Flotante;10;0
09;90;01;35;00;000;SALDO FINAL DE CAJA;10;0
09;90;02;05;00;000;TRANSFERENCIAS CORRIENTES;3710565;0
09;90;02;05;02;000;Del Gobierno Central;3710565;0
09;90;02;05;02;029;Instituciones Colaboradoras en el Acceso al Arte y la Cultura;3710565;0
09;90;02;09;00;000;APORTE FISCAL;371450012;0
09;90;02;09;01;000;Libre;347277309;0
09;90;02;09;03;000;Servicio de la Deuda Externa;24172703;0
09;90;02;15;00;000;SALDO INICIAL DE CAJA;10;0
09;90;02;24;00;000;TRANSFERENCIAS CORRIENTES;311053578;0
09;90;02;24;03;000;A Otras Entidades Públicas;311053578;0
09;90;02;24;03;196;Aporte Artículo 2° DFL (Ed) N°4, de 1981;182048369;0
09;90;02;24;03;202;Fondo Desarrollo Institucional art 1° DFL (Ed.) N° 4 de 1981;1605320;0
09;90;02;24;03;203;Universidad de Chile;7869907;0
09;90;02;24;03;205;Aporte al Programa de Medición de Riesgo Sísmico de la Universidad de Chile;450070;0
09;90;02;24;03;206;Aporte al Centro de Extensión Artística y Cultural de la Universidad de Chile;3710565;0
09;90;02;24;03;208;Aplicación Ley N° 20.374;4345168;0
09;90;02;24;03;221;Plan de Fortalecimiento Universidades Estatales;8273527;0
09;90;02;24;03;807;Aporte Institucional Universidades Estatales Ley N° 21.094;72168969;0
09;90;02;24;03;850;Ley N°20.910, CFT Estatales;12585532;0
09;90;02;24;03;854;Aplicación artículo 45, Ley N°20.883;154028;0
09;90;02;24;03;855;Aplicación Ley N° 20.996;7664968;0
09;90;02;24;03;857;Ley N° 21.043 Incentivo retiro Académicos y Profesionales;10177155;0
09;90;02;33;00;000;TRANSFERENCIAS DE CAPITAL;39934286;0
09;90;02;33;03;000;A Otras Entidades Públicas;39934286;0
09;90;02;33;03;036;Aplicación Letra a) Art.71 bis de la Ley N° 18.591;1053492;0
09;90;02;33;03;410;Aporte Institucional Universidades Estatales Ley N° 21.094;30248539;0
09;90;02;33;03;416;Ley N° 20.910, CFT Estatales, Infraestructura;2390825;0
09;90;02;33;03;417;Plan de Fortalecimiento Universidades Estatales-Infraestructura;6241430;0
09;90;02;34;00;000;SERVICIO DE LA DEUDA;24172713;0
09;90;02;34;02;000;Amortización Deuda Externa;22790768;0
09;90;02;34;04;000;Intereses Deuda Externa;1381935;0
09;90;02;34;07;000;Deuda Flotante;10;0
09;90;02;35;00;000;SALDO FINAL DE CAJA;10;0
09;90;03;09;00;000;APORTE FISCAL;4015014417;0
09;90;03;09;01;000;Libre;3698228433;0
09;90;03;09;02;000;Servicio de la Deuda Interna;316785984;0
09;90;03;15;00;000;SALDO INICIAL DE CAJA;10;0
09;90;03;24;00;000;TRANSFERENCIAS CORRIENTES;3193652103;0
09;90;03;24;01;000;Al Sector Privado;321183821;0
09;90;03;24;01;196;Aporte Artículo 2° DFL (Ed) N°4, de 1981;124695298;0
09;90;03;24;01;218;Basal por Desempeño Universidades Art. 1° DFL. (Ed.) N° 4 de 1981;41203678;0
09;90;03;24;01;805;Aplicación Ley N° 20.634;20494191;0
09;90;03;24;01;806;Recargo Aplicación Ley N° 20.027;127838997;0
09;90;03;24;01;853;Aporte para Fomento de Investigación;6951657;0
09;90;03;24;03;000;A Otras Entidades Públicas;2871963357;0
09;90;03;24;03;052;Programa de Acceso a la Educación Superior;20607522;0
09;90;03;24;03;198;Financiamiento Institucional para la Gratuidad-Universidades;1819372635;0
09;90;03;24;03;199;Financiamiento Institucional para la Gratuidad-Institutos Profesionales y Centros de Formación Técnica;780346043;0
09;90;03;24;03;200;Becas Educación Superior;240490355;0
09;90;03;24;03;802;Fondo de Desarrollo Institucional;11146802;0
09;90;03;24;09;000;A Unidades o Programas del Servicio;504925;0
09;90;03;24;09;860;Fortalecimiento Formación Técnico Profesional Educación Superior;504925;0
09;90;03;30;00;000;ADQUISICIÓN DE ACTIVOS FINANCIEROS;489335511;0
09;90;03;30;01;000;Compra de Títulos y Valores;489335511;0
09;90;03;33;00;000;TRANSFERENCIAS DE CAPITAL;15240809;0
09;90;03;33;01;000;Al Sector Privado;15240809;0
09;90;03;33;01;036;Aplicación Letra a) Art.71 bis de la Ley N° 18.591;1041152;0
09;90;03;33;01;401;Fondo de Desarrollo Institucional - Infraestructura;2843426;0
09;90;03;33;01;409;Basal por Desempeño Universidades Art. 1° DFL. (Ed.) N° 4 de 1981;11356231;0
09;90;03;34;00;000;SERVICIO DE LA DEUDA;316785994;0
09;90;03;34;01;000;Amortización Deuda Interna;302977675;0
09;90;03;34;03;000;Intereses Deuda Interna;13808309;0
09;90;03;34;07;000;Deuda Flotante;10;0
09;90;03;35;00;000;SALDO FINAL DE CAJA;10;0
09;91;01;05;00;000;TRANSFERENCIAS CORRIENTES;10;0
09;91;01;05;02;000;Del Gobierno Central;10;0
09;91;01;05;02;201;Recuperación de Licencias Médicas - FONASA;10;0
09;91;01;08;00;000;OTROS INGRESOS CORRIENTES;10;0
09;91;01;08;01;000;Recuperaciones y Reembolsos por Licencias Médicas;10;0
09;91;01;09;00;000;APORTE FISCAL;4695559;0
09;91;01;09;01;000;Libre;4695559;0
09;91;01;15;00;000;SALDO INICIAL DE CAJA;10;0
09;91;01;21;00;000;GASTOS EN PERSONAL;4086720;0
09;91;01;22;00;000;BIENES Y SERVICIOS DE CONSUMO;513722;0
09;91;01;23;00;000;PRESTACIONES DE SEGURIDAD SOCIAL;10;0
09;91;01;23;03;000;Prestaciones Sociales del Empleador;10;0
09;91;01;25;00;000;INTEGROS AL FISCO;20;0
09;91;01;25;99;000;Otros Integros al Fisco;20;0
09;91;01;29;00;000;ADQUISICIÓN DE ACTIVOS NO FINANCIEROS;95097;0
09;91;01;29;06;000;Equipos Informáticos;4174;0
09;91;01;29;07;000;Programas Informáticos;90923;0
09;91;01;34;00;000;SERVICIO DE LA DEUDA;10;0
09;91;01;34;07;000;Deuda Flotante;10;0
09;91;01;35;00;000;SALDO FINAL DE CAJA;10;0
09;95;01;05;00;000;TRANSFERENCIAS CORRIENTES;1680;0
09;95;01;05;02;000;Del Gobierno Central;1680;0
09;95;01;05;02;001;Subsecretaría de Educación - SLEP;420;0
09;95;01;05;02;003;Mejoramiento de la Calidad de la Educación - SLEP;420;0
09;95;01;05;02;004;Desarrollo Profesional Docente y Directivo - SLEP;420;0
09;95;01;05;02;011;Recursos Educativos - SLEP;420;0
09;95;01;13;00;000;TRANSFERENCIAS PARA GASTOS DE CAPITAL;1260;0
09;95;01;13;02;000;Del Gobierno Central;1260;0
09;95;01;13;02;001;Subsecretaría de Educación - SLEP;420;0
09;95;01;13;02;003;Mejoramiento de la Calidad de la Educación - SLEP;420;0
09;95;01;13;02;011;Recursos Educativos - SLEP;420;0
09;95;01;24;00;000;TRANSFERENCIAS CORRIENTES;1680;0
09;95;01;24;02;000;Al Gobierno Central;1680;0
09;95;01;24;02;018;Servicio Educativo Barrancas;40;0
09;95;01;24;02;019;Servicio Educativo Puerto Cordillera;40;0
09;95;01;24;02;021;Servicio Educativo Huasco;40;0
09;95;01;24;02;022;Servicio Educativo Costa Araucanía;40;0
09;95;01;24;02;023;Servicio Educativo Chinchorro;40;0
09;95;01;24;02;024;Servicio Educativo Gabriela Mistral;40;0
09;95;01;24;02;025;Servicio Educativo Andalién Sur;40;0
09;95;01;24;02;026;Servicio Educativo Atacama;40;0
09;95;01;24;02;027;Servicio Educativo Valparaíso;40;0
09;95;01;24;02;028;Servicio Educativo Colchagua;40;0
09;95;01;24;02;029;Servicio Educativo Llanquihue;40;0
09;95;01;24;02;030;Servicio Educativo Iquique;40;0
09;95;01;24;02;031;Servicio Educativo Licancabur;40;0
09;95;01;24;02;032;Servicio Educativo Maule Costa;40;0
09;95;01;24;02;033;Servicio Educativo Punilla Cordillera;40;0
09;95;01;24;02;034;Servicio Educativo Aysén;40;0
09;95;01;24;02;035;Servicio Educativo Magallanes;40;0
09;95;01;24;02;036;Servicio Educativo Tamarugal;40;0
09;95;01;24;02;037;Servicio Educativo Elqui;40;0
09;95;01;24;02;038;Servicio Educativo Costa Central;40;0
09;95;01;24;02;039;Servicio Educativo Marga Marga;40;0
09;95;01;24;02;040;Servicio Educativo Los Libertadores;40;0
09;95;01;24;02;041;Servicio Educativo Santa Rosa;40;0
09;95;01;24;02;042;Servicio Educativo Santa Corina;40;0
09;95;01;24;02;043;Servicio Educativo del Pino;40;0
09;95;01;24;02;044;Servicio Educativo Andalién Costa;40;0
09;95;01;24;02;045;Servicio Educativo Valdivia;40;0
09;95;01;24;02;046;Servicio Educativo Antofagasta;40;0
09;95;01;24;02;047;Servicio Educativo Aconcagua;40;0
09;95;01;24;02;048;Servicio Educativo Los Andes;40;0
09;95;01;24;02;049;Servicio Educativo Petorca;40;0
09;95;01;24;02;050;Servicio Educativo Los Parques;40;0
09;95;01;24;02;051;Servicio Educativo Santiago Centro;40;0
09;95;01;24;02;052;Servicio Educativo Los Álamos;40;0
09;95;01;24;02;053;Servicio Educativo Valle Cachapoal;40;0
09;95;01;24;02;054;Servicio Educativo Puelche;40;0
09;95;01;24;02;055;Servicio Educativo Valle Diguillín;40;0
09;95;01;24;02;056;Servicio Educativo Chiloé;40;0
09;95;01;24;02;058;Servicio Educativo Hanga Roa;40;0
09;95;01;24;02;059;Servicio Educativo La Quebrada;40;0
09;95;01;24;02;060;Servicio Educativo Talagante;40;0
09;95;01;24;02;066;Servicio Educativo Reloncaví;40;0
09;95;01;33;00;000;TRANSFERENCIAS DE CAPITAL;1260;0
09;95;01;33;02;000;Al Gobierno Central;1260;0
09;95;01;33;02;018;Servicio Educativo Barrancas;30;0
09;95;01;33;02;019;Servicio Educativo Puerto Cordillera;30;0
09;95;01;33;02;021;Servicio Educativo Huasco;30;0
09;95;01;33;02;022;Servicio Educativo Costa Araucanía;30;0
09;95;01;33;02;023;Servicio Educativo Chinchorro;30;0
09;95;01;33;02;024;Servicio Educativo Gabriela Mistral;30;0
09;95;01;33;02;025;Servicio Educativo Andalién Sur;30;0
09;95;01;33;02;026;Servicio Educativo Atacama;30;0
09;95;01;33;02;027;Servicio Educativo Valparaíso;30;0
09;95;01;33;02;028;Servicio Educativo Colchagua;30;0
09;95;01;33;02;029;Servicio Educativo Llanquihue;30;0
09;95;01;33;02;030;Servicio Educativo Iquique;30;0
09;95;01;33;02;031;ServicioEducativo Licancabur;30;0
09;95;01;33;02;032;Servicio Educativo Maule Costa;30;0
09;95;01;33;02;033;Servicio Educatico Punilla Cordillera;30;0
09;95;01;33;02;034;Servicio Educativo Aysén;30;0
09;95;01;33;02;035;Servicio Educativo Magallanes;30;0
09;95;01;33;02;036;Servicio Educativo Tamarugal;30;0
09;95;01;33;02;037;Servicio Educativo Elqui;30;0
09;95;01;33;02;038;Servicio Educativo Costa Central;30;0
09;95;01;33;02;039;Servicio Educativo Marga Marga;30;0
09;95;01;33;02;040;Servicio Educativo Los Libertadores;30;0
09;95;01;33;02;041;Servicio Educativo Santa Rosa;30;0
09;95;01;33;02;042;Servicio Educativo Santa Corina;30;0
09;95;01;33;02;043;Servicio Educativo del Pino;30;0
09;95;01;33;02;044;Servicio Educativo Andalién Costa;30;0
09;95;01;33;02;045;Servicio Educativo Valdivia;30;0
09;95;01;33;02;046;Servicio Educativo Antofagasta;30;0
09;95;01;33;02;047;Servicio Educativo Aconcagua;30;0
09;95;01;33;02;048;Servicio Educativo Los Andes;30;0
09;95;01;33;02;049;Servicio Educativo Petorca;30;0
09;95;01;33;02;050;Servicio Educativo Los Parques;30;0
09;95;01;33;02;051;Servicio Educativo Santiago Centro;30;0
09;95;01;33;02;052;Servicio Educativo Los Álamos;30;0
09;95;01;33;02;053;Servicio Educativo Valle Cachapoal;30;0
09;95;01;33;02;054;Servicio Educativo Puelche;30;0
09;95;01;33;02;055;Servicio Educativo Valle Diguillín;30;0
09;95;01;33;02;056;Servicio Educativo Chiloé;30;0
09;95;01;33;02;058;Servicio Educativo Hanga Roa;30;0
09;95;01;33;02;059;Servicio Educativo La Quebrada;30;0
09;95;01;33;02;060;Servicio Educativo Talagante;30;0
09;95;01;33;02;066;Servicio Educativo Reloncaví;30;0
09;95;11;05;00;000;TRANSFERENCIAS CORRIENTES;174890496;0
09;95;11;05;02;000;Del Gobierno Central;174890496;0
09;95;11;05;02;002;Junta Nacional de Jardines Infantiles - SLEP;174890496;0
09;95;11;13;00;000;TRANSFERENCIAS PARA GASTOS DE CAPITAL;3459224;0
09;95;11;13;02;000;Del Gobierno Central;3459224;0
09;95;11;13;02;002;Junta Nacional de Jardines Infantiles - SLEP - (JUNTA NACIONAL DE JARDINES INFANTILES);3459224;0
09;95;11;24;00;000;TRANSFERENCIAS CORRIENTES;174890496;0
09;95;11;24;02;000;Al Gobierno Central;174890496;0
09;95;11;24;02;018;Servicio Educativo Barrancas;6420843;0
09;95;11;24;02;019;Servicio Educativo Puerto Cordillera;1791700;0
09;95;11;24;02;021;Servicio Educativo Huasco;1641424;0
09;95;11;24;02;022;Servicio Educativo Costa Araucanía;2653272;0
09;95;11;24;02;023;Servicio Educativo Chinchorro;2619540;0
09;95;11;24;02;024;Servicio Educativo Gabriela Mistral;4473875;0
09;95;11;24;02;025;Servicio Educativo Andalién Sur;1730454;0
09;95;11;24;02;026;Servicio Educativo Atacama;4193260;0
09;95;11;24;02;027;Servicio Educativo Valparaíso;2418842;0
09;95;11;24;02;028;Servicio Educativo Colchagua;1373584;0
09;95;11;24;02;029;Servicio Educativo Llanquihue;2274338;0
09;95;11;24;02;030;Servicio Educativo Iquique;4192095;0
09;95;11;24;02;031;Servicio Educativo Licancabur;2526826;0
09;95;11;24;02;032;Servicio Educativo Maule Costa;1961284;0
09;95;11;24;02;033;Servicio Educativo Punilla Cordillera;2931525;0
09;95;11;24;02;034;Servicio Educativo Aysén;3866039;0
09;95;11;24;02;035;Servicio Educativo Magallanes;2243941;0
09;95;11;24;02;036;Servicio Educativo Tamarugal;694863;0
09;95;11;24;02;037;Servicio Educativo Elqui;6136007;0
09;95;11;24;02;038;Servicio Educativo Costa Central;5579108;0
09;95;11;24;02;039;Servicio Educativo Marga Marga;3870868;0
09;95;11;24;02;040;Servicio Educativo Los Libertadores;5880295;0
09;95;11;24;02;041;Servicio Educativo Santa Rosa;7835730;0
09;95;11;24;02;042;Servicio Educativo Santa Corina;11868538;0
09;95;11;24;02;043;Servicio Educativo del Pino;9591110;0
09;95;11;24;02;044;Servicio Educativo Andalién Costa;5166740;0
09;95;11;24;02;045;Servicio Educativo Valdivia;6413705;0
09;95;11;24;02;046;Servicio Educativo Antofagasta;3052521;0
09;95;11;24;02;047;Servicio Educativo Aconcagua;5130753;0
09;95;11;24;02;048;Servicio Educativo Los Andes;1840992;0
09;95;11;24;02;049;Servicio Educativo Petorca;1971858;0
09;95;11;24;02;050;Servicio Educativo Los Parques;5557425;0
09;95;11;24;02;052;Servicio Educativo Los Álamos;8452450;0
09;95;11;24;02;053;Servicio Educativo Valle Cachapoal;4781462;0
09;95;11;24;02;054;Servicio Educativo Puelche;3084250;0
09;95;11;24;02;055;Servicio Educativo Valle Diguillín;6834104;0
09;95;11;24;02;056;Servicio Educativo Chiloé;3467077;0
09;95;11;24;02;059;Servicio Educativo La Quebrada;4903388;0
09;95;11;24;02;060;Servicio Educativo Talagante;5886774;0
09;95;11;24;02;066;Servicio Educativo Reloncaví;7577636;0
09;95;11;33;00;000;TRANSFERENCIAS DE CAPITAL;3459224;0
09;95;11;33;02;000;Al Gobierno Central;3459224;0
09;95;11;33;02;025;Servicio Educativo Andalién Sur;277093;0
09;95;11;33;02;026;Servicio Educativo Atacama;17546;0
09;95;11;33;02;027;Servicio Educativo Valparaíso;42459;0
09;95;11;33;02;032;Servicio Educativo Maule Costa;358760;0
09;95;11;33;02;034;Servicio Educativo Aysén;35545;0
09;95;11;33;02;037;Servicio Educativo Elqui;89524;0
09;95;11;33;02;038;Servicio Educativo Costa Central;44762;0
09;95;11;33;02;039;Servicio Educativo Marga Marga;18025;0
09;95;11;33;02;041;Servicio Educativo Santa Rosa;44762;0
09;95;11;33;02;042;Servicio Educativo Santa Corina;89524;0
09;95;11;33;02;044;Servicio Educativo Andalién Costa;764068;0
09;95;11;33;02;045;Servicio Educativo Valdivia;277635;0
09;95;11;33;02;046;Servicio Educativo Antofagasta;89524;0
09;95;11;33;02;047;Servicio Educativo Aconcagua;36608;0
09;95;11;33;02;048;Servicio Educativo Los Andes;18025;0
09;95;11;33;02;050;Servicio Educativo Los Parques;372991;0
09;95;11;33;02;052;Servicio Educativo Los Álamos;120713;0
09;95;11;33;02;053;Servicio Educativo Valle Cachapoal;387668;0
09;95;11;33;02;054;Servicio Educativo Puelche;89524;0
09;95;11;33;02;055;Servicio Educativo Valle Diguillín;134286;0
09;95;11;33;02;056;Servicio Educativo Chiloé;150182;0
09;95;17;05;00;000;TRANSFERENCIAS CORRIENTES;387609285;0
09;95;17;05;02;000;Del Gobierno Central;387609285;0
09;95;17;05;02;051;Fondo de Apoyo a la Educación Pública;102667365;0
09;95;17;05;02;078;Déficit Servicios Educativos SLEP;284941920;0
09;95;17;13;00;000;TRANSFERENCIAS PARA GASTOS DE CAPITAL;43399782;0
09;95;17;13;02;000;Del Gobierno Central;43399782;0
09;95;17;13;02;004;Dirección de Educación Pública;43399782;0
09;95;17;24;00;000;TRANSFERENCIAS CORRIENTES;387609286;0
09;95;17;24;02;000;Al Gobierno Central;387609286;0
09;95;17;24;02;018;Servicio Educativo Barrancas;6275549;0
09;95;17;24;02;019;Servicio Educativo Puerto Cordillera;3334175;0
09;95;17;24;02;021;Servicio Educativo Huasco;4818549;0
09;95;17;24;02;022;Servicio Educativo Costa Araucanía;7677205;0
09;95;17;24;02;023;Servicio Educativo Chinchorro;6119333;0
09;95;17;24;02;024;Servicio Educativo Gabriela Mistral;7510757;0
09;95;17;24;02;025;Servicio Educativo Andalién Sur;9886915;0
09;95;17;24;02;026;Servicio Educativo Atacama;20155955;0
09;95;17;24;02;027;Servicio Educativo Valparaíso;14523953;0
09;95;17;24;02;028;Servicio Educativo Colchagua;2356490;0
09;95;17;24;02;029;Servicio Educativo Llanquihue;5666966;0
09;95;17;24;02;032;Servicio Educativo Maule Costa;7543529;0
09;95;17;24;02;033;Servicio Educativo Punilla Cordillera;7667037;0
09;95;17;24;02;034;Servicio Educativo Aysén;13131761;0
09;95;17;24;02;035;Servicio Educativo Magallanes;14034241;0
09;95;17;24;02;036;Servicio Educativo Tamarugal;1198947;0
09;95;17;24;02;037;Servicio Educativo Elqui;10989055;0
09;95;17;24;02;038;Servicio Educativo Costa Central;15827098;0
09;95;17;24;02;039;Servicio Educativo Marga Marga;8284527;0
09;95;17;24;02;040;Servicio Educativo Los Libertadores;8016563;0
09;95;17;24;02;041;Servicio Educativo Santa Rosa;16079378;0
09;95;17;24;02;042;Servicio Educativo Santa Corina;13276397;0
09;95;17;24;02;043;Servicio Educativo del Pino;30249839;0
09;95;17;24;02;044;Servicio Educativo Andalién Costa;15223320;0
09;95;17;24;02;045;Servicio Educativo Valdivia;14910391;0
09;95;17;24;02;046;Servicio Educativo Antofagasta;21161055;0
09;95;17;24;02;047;Servicio Educativo Aconcagua;8778816;0
09;95;17;24;02;048;Servicio Educativo Los Andes;6538201;0
09;95;17;24;02;050;Servicio Educativo Los Parques;5393240;0
09;95;17;24;02;051;Servicio Educativo Santiago Centro;16158128;0
09;95;17;24;02;052;Servicio Educativo Los Álamos;14350001;0
09;95;17;24;02;054;Servicio Educativo Puelche;2902597;0
09;95;17;24;02;055;Servicio Educativo Valle Diguillín;6037486;0
09;95;17;24;02;056;Servicio Educativo Chiloé;15772943;0
09;95;17;24;02;058;Servicio Educativo Hanga Roa;1338286;0
09;95;17;24;02;059;Servicio Educativo La Quebrada;11206356;0
09;95;17;24;02;060;Servicio Educativo Talagante;6340948;0
09;95;17;24;02;066;Servicio Educativo Reloncaví;6873299;0
09;95;17;33;00;000;TRANSFERENCIAS DE CAPITAL;43399781;0
09;95;17;33;02;000;Al Gobierno Central;43399781;0
09;95;17;33;02;018;Servicio Educativo Barrancas;2324064;0
09;95;17;33;02;019;Servicio Educativo Puerto Cordillera;1233086;0
09;95;17;33;02;021;Servicio Educativo Huasco;1028800;0
09;95;17;33;02;022;Servicio Educativo Costa Araucanía;2735980;0
09;95;17;33;02;023;Servicio Educativo Chinchorro;2144717;0
09;95;17;33;02;024;Servicio Educativo Gabriela Mistral;1933455;0
09;95;17;33;02;025;Servicio Educativo Andalién Sur;6291763;0
09;95;17;33;02;026;Servicio Educativo Atacama;1131681;0
09;95;17;33;02;027;Servicio Educativo Valparaíso;1028800;0
09;95;17;33;02;028;Servicio Educativo Colchagua;1076753;0
09;95;17;33;02;029;Servicio Educativo Llanquihue;1105935;0
09;95;17;33;02;030;Servicio Educativo Iquique;1457725;0
09;95;17;33;02;031;ServicioEducativo Licancabur;514400;0
09;95;17;33;02;032;Servicio Educativo Maule Costa;514400;0
09;95;17;33;02;033;Servicio Educatico Punilla Cordillera;1544067;0
09;95;17;33;02;034;Servicio Educativo Aysén;864273;0
09;95;17;33;02;035;Servicio Educativo Magallanes;291206;0
09;95;17;33;02;036;Servicio Educativo Tamarugal;677004;0
09;95;17;33;02;037;Servicio Educativo Elqui;670323;0
09;95;17;33;02;038;Servicio Educativo Costa Central;817896;0
09;95;17;33;02;039;Servicio Educativo Marga Marga;643533;0
09;95;17;33;02;040;Servicio Educativo Los Libertadores;847232;0
09;95;17;33;02;041;Servicio Educativo Santa Rosa;617280;0
09;95;17;33;02;042;Servicio Educativo Santa Corina;865376;0
09;95;17;33;02;043;Servicio Educativo del Pino;704812;0
09;95;17;33;02;044;Servicio Educativo Andalién Costa;1553769;0
09;95;17;33;02;045;Servicio Educativo Valdivia;823813;0
09;95;17;33;02;046;Servicio Educativo Antofagasta;205760;0
09;95;17;33;02;047;Servicio Educativo Aconcagua;411520;0
09;95;17;33;02;048;Servicio Educativo Los Andes;735835;0
09;95;17;33;02;049;Servicio Educativo Petorca;595904;0
09;95;17;33;02;050;Servicio Educativo Los Parques;538456;0
09;95;17;33;02;051;Servicio Educativo Santiago Centro;1080883;0
09;95;17;33;02;052;Servicio Educativo Los Álamos;621785;0
09;95;17;33;02;053;Servicio Educativo Valle Cachapoal;144032;0
09;95;17;33;02;054;Servicio Educativo Puelche;411520;0
09;95;17;33;02;055;Servicio Educativo Valle Diguillín;767340;0
09;95;17;33;02;056;Servicio Educativo Chiloé;973295;0
09;95;17;33;02;058;Servicio Educativo Hanga Roa;367827;0
09;95;17;33;02;059;Servicio Educativo La Quebrada;367827;0
09;95;17;33;02;060;Servicio Educativo Talagante;367827;0
09;95;17;33;02;066;Servicio Educativo Reloncaví;367827;0
09;95;20;05;00;000;TRANSFERENCIAS CORRIENTES;2573527353;0
09;95;20;05;02;000;Del Gobierno Central;2573527353;0
09;95;20;05;02;181;Bonificación Compensatoria, Art.3°,Ley N° 19.200;165924;0
09;95;20;05;02;184;Asignación de Reconocimiento por Desempeño en Establecimientos de Alta Concentración, Art. 44 y sexto transitorio, Ley N° 21.109.;8845758;0
09;95;20;05;02;187;Subv.Desempeño de Exc.,Art.40,D.F.L.(Ed) N°2, de 1998;21644282;0
09;95;20;05;02;188;Bono de Desempeño Laboral, Art. Cuarto Transitorio, Ley N°21.109;21980983;0
09;95;20;05;02;190;Aporte Complementario para el pago de cotizaciones, Ley N°21.735;18823295;0
09;95;20;05;02;255;Subvención de Escolaridad;1405907902;0
09;95;20;05;02;256;Subvención de Internado;1651553;0
09;95;20;05;02;257;Subvención de Ruralidad;38888323;0
09;95;20;05;02;262;Subv.incis.1° y 2° art. 5 transit., D.F.L.(Ed.) N°2, de 1998;14399536;0
09;95;20;05;02;263;Subv.incis.3° art. 5° transitorio D.F.L. (Ed.) N° 2, de 1998;26298;0
09;95;20;05;02;264;Subv.Anual Apoyo al Mant., Art. 37, DFL(Ed) N°2/1998;13303931;0
09;95;20;05;02;265;Subvención Educacional Proretención, Ley N° 19.873;13936532;0
09;95;20;05;02;266;Subvención Escolar Preferencial, Ley N° 20.248;307471874;0
09;95;20;05;02;268;Subvención por Concentración, Art.16 de la ley N°20.248;61778668;0
09;95;20;05;02;269;Ap.Gratuidad,Art.49bis, DFL (Ed.) N°2/98;124316733;0
09;95;20;05;02;387;Bonif. de Profesores Encargados, Ley N°19.715, Art.13;1894793;0
09;95;20;05;02;394;Asig. por Desempeño Colectivo, Art.18, Ley N°19.933;6490169;0
09;95;20;05;02;398;Bonificación de Reconocimiento Profesional BRP, Art. 54 del D.F.L. (Ed.)N°1, de 1997 y la Ley N° 20.158;306020987;0
09;95;20;05;02;700;Subv.Desempeño de Exc., Asistentes Ed.,Ley N° 20.244;1527272;0
09;95;20;05;02;723;Asig por tramo,D.Prof.Art.s 49-63, DFL(Ed.)N°1/97 CD;133193853;0
09;95;20;05;02;724;Asig.Doc.en Est.Alta Conc.Al.Prioritarios, Art.s50y63,DFL(Ed.)N°1/97;70837107;0
09;95;20;05;02;725;Bono al Personal Asistente de Educ., Art.59,ley N° 20.883;421580;0
09;95;20;24;00;000;TRANSFERENCIAS CORRIENTES;2573527353;0
09;95;20;24;02;000;Al Gobierno Central;2573527353;0
09;95;20;24;02;018;Servicio Educativo Barrancas;59387024;0
09;95;20;24;02;019;Servicio Educativo Puerto Cordillera;50021849;0
09;95;20;24;02;021;Servicio Educativo Huasco;43610887;0
09;95;20;24;02;022;Servicio Educativo Costa Araucanía;34126819;0
09;95;20;24;02;023;Servicio Educativo Chinchorro;70770649;0
09;95;20;24;02;024;Servicio Educativo Gabriela Mistral;36194904;0
09;95;20;24;02;025;Servicio Educativo Andalién Sur;55996441;0
09;95;20;24;02;026;Servicio Educativo Atacama;82789225;0
09;95;20;24;02;027;Servicio Educativo Valparaíso;53388692;0
09;95;20;24;02;028;Servicio Educativo Colchagua;43205754;0
09;95;20;24;02;029;Servicio Educativo Llanquihue;42391967;0
09;95;20;24;02;030;Servicio Educativo Iquique;66666170;0
09;95;20;24;02;031;Servicio Educativo Licancabur;92440684;0
09;95;20;24;02;032;Servicio Educativo Maule Costa;52204348;0
09;95;20;24;02;033;Servicio Educativo Punilla Cordillera;49285954;0
09;95;20;24;02;034;Servicio Educativo Aysén;47753277;0
09;95;20;24;02;035;Servicio Educativo Magallanes;67559094;0
09;95;20;24;02;036;Servicio Educativo Tamarugal;28491190;0
09;95;20;24;02;037;Servicio Educativo Elqui;64636188;0
09;95;20;24;02;038;Servicio Educativo Costa Central;66581888;0
09;95;20;24;02;039;Servicio Educativo Marga Marga;58840339;0
09;95;20;24;02;040;Servicio Educativo Los Libertadores;39625939;0
09;95;20;24;02;041;Servicio Educativo Santa Rosa;52470089;0
09;95;20;24;02;042;Servicio Educativo Santa Corina;74350116;0
09;95;20;24;02;043;Servicio Educativo del Pino;83455187;0
09;95;20;24;02;044;Servicio Educativo Andalién Costa;68109783;0
09;95;20;24;02;045;Servicio Educativo Valdivia;92799166;0
09;95;20;24;02;046;Servicio Educativo Antofagasta;128171213;0
09;95;20;24;02;047;Servicio Educativo Aconcagua;48920915;0
09;95;20;24;02;048;Servicio Educativo Los Andes;29273485;0
09;95;20;24;02;049;Servicio Educativo Petorca;37343112;0
09;95;20;24;02;050;Servicio Educativo Los Parques;45507826;0
09;95;20;24;02;051;Servicio Educativo Santiago Centro;71094924;0
09;95;20;24;02;052;Servicio Educativo Los Álamos;97625343;0
09;95;20;24;02;053;Servicio Educativo Valle Cachapoal;71958351;0
09;95;20;24;02;054;Servicio Educativo Puelche;43622505;0
09;95;20;24;02;055;Servicio Educativo Valle Diguillín;71237808;0
09;95;20;24;02;056;Servicio Educativo Chiloé;82699139;0
09;95;20;24;02;058;Servicio Educativo Hanga Roa;4722753;0
09;95;20;24;02;059;Servicio Educativo La Quebrada;91855353;0
09;95;20;24;02;060;Servicio Educativo Talagante;61245136;0
09;95;20;24;02;066;Servicio Educativo Reloncaví;111095867;0
10;01;01;05;00;000;TRANSFERENCIAS CORRIENTES;74229;0
10;01;01;05;02;000;Del Gobierno Central;74229;0
10;01;01;05;02;004;Servicio Nacional del Consumidor;74219;0
10;01;01;05;02;201;Recuperación de Licencias Médicas - FONASA;10;0
10;01;01;06;00;000;RENTAS DE LA PROPIEDAD;10;0
10;01;01;06;03;000;Intereses;10;0
10;01;01;08;00;000;OTROS INGRESOS CORRIENTES;254199;0
10;01;01;08;01;000;Recuperaciones y Reembolsos por Licencias Médicas;241543;0
10;01;01;08;02;000;Multas y Sanciones Pecuniarias;10;0
10;01;01;08;99;000;Otros;12646;0
10;01;01;09;00;000;APORTE FISCAL;187367743;0
10;01;01;09;01;000;Libre;187367743;0
10;01;01;10;00;000;VENTA DE ACTIVOS NO FINANCIEROS;10;0
10;01;01;10;03;000;Vehículos;10;0
10;01;01;12;00;000;RECUPERACIÓN DE PRÉSTAMOS;10;0
10;01;01;12;10;000;Ingresos por Percibir;10;0
10;01;01;15;00;000;SALDO INICIAL DE CAJA;10;0
10;01;01;21;00;000;GASTOS EN PERSONAL;16477173;0
10;01;01;22;00;000;BIENES Y SERVICIOS DE CONSUMO;3766187;0
10;01;01;23;00;000;PRESTACIONES DE SEGURIDAD SOCIAL;10;0
10;01;01;23;03;000;Prestaciones Sociales del Empleador;10;0
10;01;01;24;00;000;TRANSFERENCIAS CORRIENTES;139289548;0
10;01;01;24;03;000;A Otras Entidades Públicas;126023682;0
10;01;01;24;03;208;Corporaciones de Asistencia Judicial;70748722;0
10;01;01;24;03;209;Corporaciones de Asistencia Judicial - Programa de Representación Jurídica Adulto Mayor;1581422;0
10;01;01;24;03;401;Corporaciones de Asistencia Judicial - Programa Mi Abogado;30304184;0
10;01;01;24;03;999;Corporaciones de Asistencia Judicial- Programa Curadurías;23389354;0
10;01;01;24;09;000;A Unidades o Programas del Servicio;13265866;0
10;01;01;24;09;001;Programa de Licitaciones Sistema Nacional de Mediación;13116992;0
10;01;01;24;09;002;Auditorías Externas Sistema Nacional de Mediación;148874;0
10;01;01;25;00;000;INTEGROS AL FISCO;241543;0
10;01;01;25;99;000;Otros Integros al Fisco;241543;0
10;01;01;29;00;000;ADQUISICIÓN DE ACTIVOS NO FINANCIEROS;30587;0
10;01;01;29;07;000;Programas Informáticos;30587;0
10;01;01;31;00;000;INICIATIVAS DE INVERSIÓN;27891143;0
10;01;01;31;02;000;Proyectos;27891143;0
10;01;01;34;00;000;SERVICIO DE LA DEUDA;10;0
10;01;01;34;07;000;Deuda Flotante;10;0
10;01;01;35;00;000;SALDO FINAL DE CAJA;10;0
10;01;02;05;00;000;TRANSFERENCIAS CORRIENTES;18846833;0
10;01;02;05;02;000;Del Gobierno Central;18846833;0
10;01;02;05;02;001;Del Ministerio Público;2031689;0
10;01;02;05;02;002;De la Defensoría Penal Pública;1713177;0
10;01;02;05;02;003;De la Corporación Administrativa del Poder Judicial;15101967;0
10;01;02;09;00;000;APORTE FISCAL;249961972;0
10;01;02;09;01;000;Libre;249961972;0
10;01;02;15;00;000;SALDO INICIAL DE CAJA;10;0
10;01;02;22;00;000;BIENES Y SERVICIOS DE CONSUMO;216730204;0
10;01;02;33;00;000;TRANSFERENCIAS DE CAPITAL;52078601;0
10;01;02;33;01;000;Al Sector Privado;52078601;0
10;01;02;33;01;023;IVA Concesiones;16082583;0
10;01;02;33;01;024;Subsidios Construcción Cárceles;35996018;0
10;01;02;35;00;000;SALDO FINAL DE CAJA;10;0
10;02;01;05;00;000;TRANSFERENCIAS CORRIENTES;10;0
10;02;01;05;02;000;Del Gobierno Central;10;0
10;02;01;05;02;201;Recuperación de Licencias Médicas - FONASA;10;0
10;02;01;06;00;000;RENTAS DE LA PROPIEDAD;25357;0
10;02;01;06;01;000;Arriendo de Activos No Financieros;25357;0
10;02;01;07;00;000;INGRESOS DE OPERACIÓN;205222191;0
10;02;01;07;02;000;Venta de Servicios;205222191;0
10;02;01;08;00;000;OTROS INGRESOS CORRIENTES;914148;0
10;02;01;08;01;000;Recuperaciones y Reembolsos por Licencias Médicas;819011;0
10;02;01;08;02;000;Multas y Sanciones Pecuniarias;10;0
10;02;01;08;99;000;Otros;95127;0
10;02;01;12;00;000;RECUPERACIÓN DE PRÉSTAMOS;10;0
10;02;01;12;10;000;Ingresos por Percibir;10;0
10;02;01;15;00;000;SALDO INICIAL DE CAJA;10;0
10;02;01;21;00;000;GASTOS EN PERSONAL;80408516;0
10;02;01;22;00;000;BIENES Y SERVICIOS DE CONSUMO;114978038;0
10;02;01;23;00;000;PRESTACIONES DE SEGURIDAD SOCIAL;10;0
10;02;01;23;03;000;Prestaciones Sociales del Empleador;10;0
10;02;01;25;00;000;INTEGROS AL FISCO;9632073;0
10;02;01;25;01;000;Impuestos;8813062;0
10;02;01;25;99;000;Otros Integros al Fisco;819011;0
10;02;01;31;00;000;INICIATIVAS DE INVERSIÓN;1143069;0
10;02;01;31;02;000;Proyectos;1143069;0
10;02;01;34;00;000;SERVICIO DE LA DEUDA;10;0
10;02;01;34;07;000;Deuda Flotante;10;0
10;02;01;35;00;000;SALDO FINAL DE CAJA;10;0
10;03;01;05;00;000;TRANSFERENCIAS CORRIENTES;10;0
10;03;01;05;02;000;Del Gobierno Central;10;0
10;03;01;05;02;201;Recuperación de Licencias Médicas - FONASA;10;0
10;03;01;07;00;000;INGRESOS DE OPERACIÓN;2540;0
10;03;01;07;02;000;Venta de Servicios;2540;0
10;03;01;08;00;000;OTROS INGRESOS CORRIENTES;843405;0
10;03;01;08;01;000;Recuperaciones y Reembolsos por Licencias Médicas;783213;0
10;03;01;08;02;000;Multas y Sanciones Pecuniarias;1298;0
10;03;01;08;99;000;Otros;58894;0
10;03;01;09;00;000;APORTE FISCAL;75414386;0
10;03;01;09;01;000;Libre;75414386;0
10;03;01;12;00;000;RECUPERACIÓN DE PRÉSTAMOS;10;0
10;03;01;12;10;000;Ingresos por Percibir;10;0
10;03;01;15;00;000;SALDO INICIAL DE CAJA;10;0
10;03;01;21;00;000;GASTOS EN PERSONAL;47059495;0
10;03;01;22;00;000;BIENES Y SERVICIOS DE CONSUMO;27364727;0
10;03;01;23;00;000;PRESTACIONES DE SEGURIDAD SOCIAL;10;0
10;03;01;23;03;000;Prestaciones Sociales del Empleador;10;0
10;03;01;25;00;000;INTEGROS AL FISCO;784276;0
10;03;01;25;01;000;Impuestos;1063;0
10;03;01;25;99;000;Otros Integros al Fisco;783213;0
10;03;01;29;00;000;ADQUISICIÓN DE ACTIVOS NO FINANCIEROS;1051833;0
10;03;01;29;03;000;Vehículos;296294;0
10;03;01;29;05;000;Máquinas y Equipos;755539;0
10;03;01;34;00;000;SERVICIO DE LA DEUDA;10;0
10;03;01;34;07;000;Deuda Flotante;10;0
10;03;01;35;00;000;SALDO FINAL DE CAJA;10;0
10;06;01;05;00;000;TRANSFERENCIAS CORRIENTES;10;0
10;06;01;05;02;000;Del Gobierno Central;10;0
10;06;01;05;02;201;Recuperación de Licencias Médicas - FONASA;10;0
10;06;01;08;00;000;OTROS INGRESOS CORRIENTES;63096;0
10;06;01;08;01;000;Recuperaciones y Reembolsos por Licencias Médicas;63096;0
10;06;01;09;00;000;APORTE FISCAL;5459769;0
10;06;01;09;01;000;Libre;5459769;0
10;06;01;12;00;000;RECUPERACIÓN DE PRÉSTAMOS;10;0
10;06;01;12;10;000;Ingresos por Percibir;10;0
10;06;01;15;00;000;SALDO INICIAL DE CAJA;10;0
10;06;01;21;00;000;GASTOS EN PERSONAL;2951296;0
10;06;01;22;00;000;BIENES Y SERVICIOS DE CONSUMO;629278;0
10;06;01;23;00;000;PRESTACIONES DE SEGURIDAD SOCIAL;10;0
10;06;01;23;03;000;Prestaciones Sociales del Empleador;10;0
10;06;01;24;00;000;TRANSFERENCIAS CORRIENTES;1879195;0
10;06;01;24;02;000;Al Gobierno Central;1879195;0
10;06;01;24;02;029;Servicio Nacional del Patrimonio - Sitios de Memoria;1879195;0
10;06;01;25;00;000;INTEGROS AL FISCO;63096;0
10;06;01;25;99;000;Otros Integros al Fisco;63096;0
10;06;01;34;00;000;SERVICIO DE LA DEUDA;10;0
10;06;01;34;07;000;Deuda Flotante;10;0
10;06;01;35;00;000;SALDO FINAL DE CAJA;10;0
10;06;02;08;00;000;OTROS INGRESOS CORRIENTES;10;0
10;06;02;08;01;000;Recuperaciones y Reembolsos por Licencias Médicas;10;0
10;06;02;09;00;000;APORTE FISCAL;3604634;0
10;06;02;09;01;000;Libre;3604634;0
10;06;02;21;00;000;GASTOS EN PERSONAL;2079293;0
10;06;02;22;00;000;BIENES Y SERVICIOS DE CONSUMO;1525311;0
10;06;02;23;00;000;PRESTACIONES DE SEGURIDAD SOCIAL;10;0
10;06;02;23;03;000;Prestaciones Sociales del Empleador;10;0
10;06;02;25;00;000;INTEGROS AL FISCO;10;0
10;06;02;25;99;000;Otros Integros al Fisco;10;0
10;06;02;34;00;000;SERVICIO DE LA DEUDA;10;0
10;06;02;34;07;000;Deuda Flotante;10;0
10;06;02;35;00;000;SALDO FINAL DE CAJA;10;0
10;09;01;05;00;000;TRANSFERENCIAS CORRIENTES;10;0
10;09;01;05;02;000;Del Gobierno Central;10;0
10;09;01;05;02;201;Recuperación de Licencias Médicas - FONASA;10;0
10;09;01;08;00;000;OTROS INGRESOS CORRIENTES;337173;0
10;09;01;08;01;000;Recuperaciones y Reembolsos por Licencias Médicas;323840;0
10;09;01;08;02;000;Multas y Sanciones Pecuniarias;2073;0
10;09;01;08;99;000;Otros;11260;0
10;09;01;09;00;000;APORTE FISCAL;80248499;0
10;09;01;09;01;000;Libre;80248499;0
10;09;01;12;00;000;RECUPERACIÓN DE PRÉSTAMOS;10;0
10;09;01;12;10;000;Ingresos por Percibir;10;0
10;09;01;15;00;000;SALDO INICIAL DE CAJA;10;0
10;09;01;21;00;000;GASTOS EN PERSONAL;44413383;0
10;09;01;22;00;000;BIENES Y SERVICIOS DE CONSUMO;6719831;0
10;09;01;23;00;000;PRESTACIONES DE SEGURIDAD SOCIAL;10;0
10;09;01;23;03;000;Prestaciones Sociales del Empleador;10;0
10;09;01;24;00;000;TRANSFERENCIAS CORRIENTES;29128618;0
10;09;01;24;02;000;Al Gobierno Central;1713177;0
10;09;01;24;02;001;Programa de Concesiones Ministerio de Justicia;1713177;0
10;09;01;24;09;000;A Unidades o Programas del Servicio;27415441;0
10;09;01;24;09;271;Aplicación Artículo 20, letra h) Ley N° 19.718;1864726;0
10;09;01;24;09;273;Auditorias Externas;209376;0
10;09;01;24;09;610;Programa de Licitaciones Defensa Penal Pública;25341339;0
10;09;01;25;00;000;INTEGROS AL FISCO;323840;0
10;09;01;25;99;000;Otros Integros al Fisco;323840;0
10;09;01;34;00;000;SERVICIO DE LA DEUDA;10;0
10;09;01;34;07;000;Deuda Flotante;10;0
10;09;01;35;00;000;SALDO FINAL DE CAJA;10;0
10;10;01;05;00;000;TRANSFERENCIAS CORRIENTES;10;0
10;10;01;05;02;000;Del Gobierno Central;10;0
10;10;01;05;02;201;Recuperación de Licencias Médicas - FONASA;10;0
10;10;01;08;00;000;OTROS INGRESOS CORRIENTES;50010;0
10;10;01;08;01;000;Recuperaciones y Reembolsos por Licencias Médicas;50000;0
10;10;01;08;99;000;Otros;10;0
10;10;01;09;00;000;APORTE FISCAL;90891314;0
10;10;01;09;01;000;Libre;90891314;0
10;10;01;12;00;000;RECUPERACIÓN DE PRÉSTAMOS;10;0
10;10;01;12;10;000;Ingresos por Percibir;10;0
10;10;01;15;00;000;SALDO INICIAL DE CAJA;10;0
10;10;01;21;00;000;GASTOS EN PERSONAL;31898048;0
10;10;01;22;00;000;BIENES Y SERVICIOS DE CONSUMO;6190407;0
10;10;01;23;00;000;PRESTACIONES DE SEGURIDAD SOCIAL;10;0
10;10;01;23;03;000;Prestaciones Sociales del Empleador;10;0
10;10;01;24;00;000;TRANSFERENCIAS CORRIENTES;51680448;0
10;10;01;24;09;000;A Unidades o Programas del Servicio;51680448;0
10;10;01;24;09;014;Programa de Licitaciones Reinserción Social Juvenil;51680448;0
10;10;01;25;00;000;INTEGROS AL FISCO;50000;0
10;10;01;25;99;000;Otros Integros al Fisco;50000;0
10;10;01;29;00;000;ADQUISICIÓN DE ACTIVOS NO FINANCIEROS;1122421;0
10;10;01;29;03;000;Vehículos;27006;0
10;10;01;29;04;000;Mobiliario y Otros;42828;0
10;10;01;29;05;000;Máquinas y Equipos;10288;0
10;10;01;29;07;000;Programas Informáticos;1042299;0
10;10;01;34;00;000;SERVICIO DE LA DEUDA;10;0
10;10;01;34;07;000;Deuda Flotante;10;0
10;10;01;35;00;000;SALDO FINAL DE CAJA;10;0
10;10;02;05;00;000;TRANSFERENCIAS CORRIENTES;10;0
10;10;02;05;02;000;Del Gobierno Central;10;0
10;10;02;05;02;201;Recuperación de Licencias Médicas - FONASA;10;0
10;10;02;08;00;000;OTROS INGRESOS CORRIENTES;350010;0
10;10;02;08;01;000;Recuperaciones y Reembolsos por Licencias Médicas;350000;0
10;10;02;08;99;000;Otros;10;0
10;10;02;09;00;000;APORTE FISCAL;95659467;0
10;10;02;09;01;000;Libre;95659467;0
10;10;02;12;00;000;RECUPERACIÓN DE PRÉSTAMOS;10;0
10;10;02;12;10;000;Ingresos por Percibir;10;0
10;10;02;15;00;000;SALDO INICIAL DE CAJA;10;0
10;10;02;21;00;000;GASTOS EN PERSONAL;66515697;0
10;10;02;22;00;000;BIENES Y SERVICIOS DE CONSUMO;26830135;0
10;10;02;23;00;000;PRESTACIONES DE SEGURIDAD SOCIAL;10;0
10;10;02;23;03;000;Prestaciones Sociales del Empleador;10;0
10;10;02;25;00;000;INTEGROS AL FISCO;350000;0
10;10;02;25;99;000;Otros Integros al Fisco;350000;0
10;10;02;29;00;000;ADQUISICIÓN DE ACTIVOS NO FINANCIEROS;2011552;0
10;10;02;29;03;000;Vehículos;154320;0
10;10;02;29;04;000;Mobiliario y Otros;303826;0
10;10;02;29;05;000;Máquinas y Equipos;1523506;0
10;10;02;29;06;000;Equipos Informáticos;29900;0
10;10;02;31;00;000;INICIATIVAS DE INVERSIÓN;302093;0
10;10;02;31;02;000;Proyectos;302093;0
10;10;02;34;00;000;SERVICIO DE LA DEUDA;10;0
10;10;02;34;07;000;Deuda Flotante;10;0
10;10;02;35;00;000;SALDO FINAL DE CAJA;10;0
10;11;01;07;00;000;INGRESOS DE OPERACIÓN;10;0
10;11;01;07;02;000;Venta de Servicios;10;0
10;11;01;08;00;000;OTROS INGRESOS CORRIENTES;30;0
10;11;01;08;01;000;Recuperaciones y Reembolsos por Licencias Médicas;10;0
10;11;01;08;02;000;Multas y Sanciones Pecuniarias;10;0
10;11;01;08;99;000;Otros;10;0
10;11;01;09;00;000;APORTE FISCAL;4190105;0
10;11;01;09;01;000;Libre;4190105;0
10;11;01;12;00;000;RECUPERACIÓN DE PRÉSTAMOS;10;0
10;11;01;12;10;000;Ingresos por Percibir;10;0
10;11;01;15;00;000;SALDO INICIAL DE CAJA;10;0
10;11;01;21;00;000;GASTOS EN PERSONAL;2613720;0
10;11;01;22;00;000;BIENES Y SERVICIOS DE CONSUMO;758010;0
10;11;01;23;00;000;PRESTACIONES DE SEGURIDAD SOCIAL;10;0
10;11;01;23;03;000;Prestaciones Sociales del Empleador;10;0
10;11;01;25;00;000;INTEGROS AL FISCO;10;0
10;11;01;25;99;000;Otros Integros al Fisco;10;0
10;11;01;29;00;000;ADQUISICIÓN DE ACTIVOS NO FINANCIEROS;818395;0
10;11;01;29;06;000;Equipos Informáticos;24107;0
10;11;01;29;07;000;Programas Informáticos;794288;0
10;11;01;34;00;000;SERVICIO DE LA DEUDA;10;0
10;11;01;34;07;000;Deuda Flotante;10;0
10;11;01;35;00;000;SALDO FINAL DE CAJA;10;0
11;01;01;05;00;000;TRANSFERENCIAS CORRIENTES;2258258;0
11;01;01;05;02;000;Del Gobierno Central;2258258;0
11;01;01;05;02;006;Dirección General de Movilización Nacional;560986;0
11;01;01;05;02;017;Red de Respaldo de Telecomunicaciones - Servicio Nacional de Prevención y Respuesta Ante Desastres;304757;0
11;01;01;05;02;020;Programa Antártico - Estado Mayor Conjunto;1392495;0
11;01;01;05;02;050;Programa de Despliegue Fuerzas Armadas Macrozona sur;10;0
11;01;01;05;02;201;Recuperación de Licencias Médicas - FONASA;10;0
11;01;01;08;00;000;OTROS INGRESOS CORRIENTES;3552312;2
11;01;01;08;01;000;Recuperaciones y Reembolsos por Licencias Médicas;10;0
11;01;01;08;99;000;Otros;3552302;2
11;01;01;09;00;000;APORTE FISCAL;780243872;23548
11;01;01;09;01;000;Libre;780243872;23548
11;01;01;12;00;000;RECUPERACIÓN DE PRÉSTAMOS;1492823;966
11;01;01;12;07;000;Por Anticipos por Cambio de Residencia;1492823;966
11;01;01;13;00;000;TRANSFERENCIAS PARA GASTOS DE CAPITAL;6697;0
11;01;01;13;02;000;Del Gobierno Central;6697;0
11;01;01;13;02;002;Dirección General de Movilización Nacional;6697;0
11;01;01;15;00;000;SALDO INICIAL DE CAJA;10;1
11;01;01;21;00;000;GASTOS EN PERSONAL;710591447;9978
11;01;01;22;00;000;BIENES Y SERVICIOS DE CONSUMO;70622074;13322
11;01;01;23;00;000;PRESTACIONES DE SEGURIDAD SOCIAL;508598;1
11;01;01;23;01;000;Prestaciones Previsionales;508588;1
11;01;01;23;03;000;Prestaciones Sociales del Empleador;10;0
11;01;01;24;00;000;TRANSFERENCIAS CORRIENTES;3805953;246
11;01;01;24;02;000;Al Gobierno Central;1789638;0
11;01;01;24;02;002;Organismos de Salud del Ejército;1789638;0
11;01;01;24;03;000;A Otras Entidades Públicas;250555;1
11;01;01;24;03;008;Bienestar Social;250535;0
11;01;01;24;03;244;Fondo Rotativo de Abastecimiento;10;1
11;01;01;24;03;246;Ley de Obras;10;0
11;01;01;24;04;000;A Empresas Públicas no Financieras;1765760;245
11;01;01;24;04;229;Fábricas y Maestranzas del Ejército;1765760;245
11;01;01;25;00;000;INTEGROS AL FISCO;10;1
11;01;01;25;99;000;Otros Integros al Fisco;10;1
11;01;01;29;00;000;ADQUISICIÓN DE ACTIVOS NO FINANCIEROS;533037;0
11;01;01;29;04;000;Mobiliario y Otros;10;0
11;01;01;29;05;000;Máquinas y Equipos;6687;0
11;01;01;29;07;000;Programas Informáticos;526340;0
11;01;01;32;00;000;PRÉSTAMOS;1492823;966
11;01;01;32;07;000;Por Anticipos por Cambio de Residencia;1492823;966
11;01;01;33;00;000;TRANSFERENCIAS DE CAPITAL;10;1
11;01;01;33;03;000;A Otras Entidades Públicas;10;1
11;01;01;33;03;244;Fondo Rotativo de Abastecimiento;10;1
11;01;01;34;00;000;SERVICIO DE LA DEUDA;10;1
11;01;01;34;07;000;Deuda Flotante;10;1
11;01;01;35;00;000;SALDO FINAL DE CAJA;10;1
11;03;01;05;00;000;TRANSFERENCIAS CORRIENTES;1789648;0
11;03;01;05;02;000;Del Gobierno Central;1789648;0
11;03;01;05;02;002;Ejército de Chile;1789638;0
11;03;01;05;02;201;Recuperación de Licencias Médicas - FONASA;10;0
11;03;01;06;00;000;RENTAS DE LA PROPIEDAD;507085;0
11;03;01;06;01;000;Arriendo de Activos No Financieros;507085;0
11;03;01;07;00;000;INGRESOS DE OPERACIÓN;91889668;0
11;03;01;07;02;000;Venta de Servicios;91889668;0
11;03;01;08;00;000;OTROS INGRESOS CORRIENTES;1588620;0
11;03;01;08;01;000;Recuperaciones y Reembolsos por Licencias Médicas;10;0
11;03;01;08;99;000;Otros;1588610;0
11;03;01;12;00;000;RECUPERACIÓN DE PRÉSTAMOS;7178129;0
11;03;01;12;10;000;Ingresos por Percibir;7178129;0
11;03;01;15;00;000;SALDO INICIAL DE CAJA;10;0
11;03;01;21;00;000;GASTOS EN PERSONAL;61385728;0
11;03;01;22;00;000;BIENES Y SERVICIOS DE CONSUMO;38242246;0
11;03;01;23;00;000;PRESTACIONES DE SEGURIDAD SOCIAL;10;0
11;03;01;23;03;000;Prestaciones Sociales del Empleador;10;0
11;03;01;25;00;000;INTEGROS AL FISCO;2750572;0
11;03;01;25;99;000;Otros Integros al Fisco;2750572;0
11;03;01;29;00;000;ADQUISICIÓN DE ACTIVOS NO FINANCIEROS;574584;0
11;03;01;29;04;000;Mobiliario y Otros;163704;0
11;03;01;29;05;000;Máquinas y Equipos;129926;0
11;03;01;29;07;000;Programas Informáticos;280954;0
11;03;01;34;00;000;SERVICIO DE LA DEUDA;10;0
11;03;01;34;07;000;Deuda Flotante;10;0
11;03;01;35;00;000;SALDO FINAL DE CAJA;10;0
11;04;01;05;00;000;TRANSFERENCIAS CORRIENTES;10;0
11;04;01;05;02;000;Del Gobierno Central;10;0
11;04;01;05;02;201;Recuperación de Licencias Médicas - FONASA;10;0
11;04;01;06;00;000;RENTAS DE LA PROPIEDAD;417201;0
11;04;01;06;01;000;Arriendo de Activos No Financieros;417201;0
11;04;01;07;00;000;INGRESOS DE OPERACIÓN;6322893;0
11;04;01;07;02;000;Venta de Servicios;6322893;0
11;04;01;08;00;000;OTROS INGRESOS CORRIENTES;20;0
11;04;01;08;01;000;Recuperaciones y Reembolsos por Licencias Médicas;10;0
11;04;01;08;99;000;Otros;10;0
11;04;01;10;00;000;VENTA DE ACTIVOS NO FINANCIEROS;10;0
11;04;01;10;03;000;Vehículos;10;0
11;04;01;15;00;000;SALDO INICIAL DE CAJA;10;0
11;04;01;21;00;000;GASTOS EN PERSONAL;4222581;0
11;04;01;22;00;000;BIENES Y SERVICIOS DE CONSUMO;1914435;0
11;04;01;23;00;000;PRESTACIONES DE SEGURIDAD SOCIAL;10;0
11;04;01;23;03;000;Prestaciones Sociales del Empleador;10;0
11;04;01;25;00;000;INTEGROS AL FISCO;136147;0
11;04;01;25;01;000;Impuestos;136137;0
11;04;01;25;99;000;Otros Integros al Fisco;10;0
11;04;01;29;00;000;ADQUISICIÓN DE ACTIVOS NO FINANCIEROS;466951;0
11;04;01;29;03;000;Vehículos;200340;0
11;04;01;29;05;000;Máquinas y Equipos;103643;0
11;04;01;29;06;000;Equipos Informáticos;66030;0
11;04;01;29;07;000;Programas Informáticos;96938;0
11;04;01;34;00;000;SERVICIO DE LA DEUDA;10;0
11;04;01;34;07;000;Deuda Flotante;10;0
11;04;01;35;00;000;SALDO FINAL DE CAJA;10;0
11;05;01;05;00;000;TRANSFERENCIAS CORRIENTES;2544681;25
11;05;01;05;02;000;Del Gobierno Central;2544681;25
11;05;01;05;02;017;Programa Antártico - Estado Mayor Conjunto;517925;25
11;05;01;05;02;050;Programa de Despliegue Fuerzas Armadas Macrozona sur;10;0
11;05;01;05;02;201;Recuperación de Licencias Médicas - FONASA;10;0
11;05;01;05;02;501;De Dirección de Obras Portuarias;2026736;0
11;05;01;08;00;000;OTROS INGRESOS CORRIENTES;40;2
11;05;01;08;01;000;Recuperaciones y Reembolsos por Licencias Médicas;10;0
11;05;01;08;99;000;Otros;30;2
11;05;01;09;00;000;APORTE FISCAL;524665838;81260
11;05;01;09;01;000;Libre;524665838;81260
11;05;01;12;00;000;RECUPERACIÓN DE PRÉSTAMOS;884097;700
11;05;01;12;07;000;Por Anticipos por Cambio de Residencia;884097;700
11;05;01;15;00;000;SALDO INICIAL DE CAJA;10;1
11;05;01;21;00;000;GASTOS EN PERSONAL;459641593;14266
11;05;01;22;00;000;BIENES Y SERVICIOS DE CONSUMO;62562126;67016
11;05;01;23;00;000;PRESTACIONES DE SEGURIDAD SOCIAL;10;1
11;05;01;23;01;000;Prestaciones Previsionales;0;1
11;05;01;23;03;000;Prestaciones Sociales del Empleador;10;0
11;05;01;24;00;000;TRANSFERENCIAS CORRIENTES;4188405;1
11;05;01;24;03;000;A Otras Entidades Públicas;4188405;1
11;05;01;24;03;243;Bienestar Social;1017272;0
11;05;01;24;03;244;Administrador Financiero Sistema Salud Armada;3171113;0
11;05;01;24;03;245;Fondo Rotativo de Abastecimiento;10;1
11;05;01;24;03;246;Ley de Obras;10;0
11;05;01;25;00;000;INTEGROS AL FISCO;10;1
11;05;01;25;99;000;Otros Integros al Fisco;10;1
11;05;01;29;00;000;ADQUISICIÓN DE ACTIVOS NO FINANCIEROS;818395;0
11;05;01;29;04;000;Mobiliario y Otros;91028;0
11;05;01;29;05;000;Máquinas y Equipos;30342;0
11;05;01;29;06;000;Equipos Informáticos;485484;0
11;05;01;29;07;000;Programas Informáticos;211541;0
11;05;01;32;00;000;PRÉSTAMOS;884097;700
11;05;01;32;07;000;Por Anticipos por Cambio de Residencia;884097;700
11;05;01;33;00;000;TRANSFERENCIAS DE CAPITAL;10;1
11;05;01;33;03;000;A Otras Entidades Públicas;10;1
11;05;01;33;03;245;Fondo Rotativo de Abastecimiento;10;1
11;05;01;34;00;000;SERVICIO DE LA DEUDA;10;1
11;05;01;34;07;000;Deuda Flotante;10;1
11;05;01;35;00;000;SALDO FINAL DE CAJA;10;1
11;07;01;05;00;000;TRANSFERENCIAS CORRIENTES;10;0
11;07;01;05;02;000;Del Gobierno Central;10;0
11;07;01;05;02;201;Recuperación de Licencias Médicas - FONASA;10;0
11;07;01;06;00;000;RENTAS DE LA PROPIEDAD;10;0
11;07;01;06;03;000;Intereses;10;0
11;07;01;07;00;000;INGRESOS DE OPERACIÓN;129851174;0
11;07;01;07;02;000;Venta de Servicios;129851174;0
11;07;01;08;00;000;OTROS INGRESOS CORRIENTES;246204;0
11;07;01;08;01;000;Recuperaciones y Reembolsos por Licencias Médicas;10;0
11;07;01;08;02;000;Multas y Sanciones Pecuniarias;10;0
11;07;01;08;99;000;Otros;246184;0
11;07;01;12;00;000;RECUPERACIÓN DE PRÉSTAMOS;10;0
11;07;01;12;10;000;Ingresos por Percibir;10;0
11;07;01;15;00;000;SALDO INICIAL DE CAJA;10;0
11;07;01;21;00;000;GASTOS EN PERSONAL;29514973;0
11;07;01;22;00;000;BIENES Y SERVICIOS DE CONSUMO;53438414;0
11;07;01;25;00;000;INTEGROS AL FISCO;42885534;0
11;07;01;25;99;000;Otros Integros al Fisco;42885534;0
11;07;01;29;00;000;ADQUISICIÓN DE ACTIVOS NO FINANCIEROS;2741638;0
11;07;01;29;03;000;Vehículos;782248;0
11;07;01;29;04;000;Mobiliario y Otros;19793;0
11;07;01;29;05;000;Máquinas y Equipos;459281;0
11;07;01;29;06;000;Equipos Informáticos;636260;0
11;07;01;29;07;000;Programas Informáticos;831834;0
11;07;01;29;99;000;Otros Activos no Financieros;12222;0
11;07;01;31;00;000;INICIATIVAS DE INVERSIÓN;1516839;0
11;07;01;31;02;000;Proyectos;1516839;0
11;07;01;34;00;000;SERVICIO DE LA DEUDA;10;0
11;07;01;34;07;000;Deuda Flotante;10;0
11;07;01;35;00;000;SALDO FINAL DE CAJA;10;0
11;08;01;06;00;000;RENTAS DE LA PROPIEDAD;7915;0
11;08;01;06;01;000;Arriendo de Activos No Financieros;10;0
11;08;01;06;03;000;Intereses;7905;0
11;08;01;07;00;000;INGRESOS DE OPERACIÓN;80901539;0
11;08;01;07;01;000;Venta de Bienes;7616736;0
11;08;01;07;02;000;Venta de Servicios;73284803;0
11;08;01;08;00;000;OTROS INGRESOS CORRIENTES;520954;0
11;08;01;08;02;000;Multas y Sanciones Pecuniarias;10;0
11;08;01;08;99;000;Otros;520944;0
11;08;01;12;00;000;RECUPERACIÓN DE PRÉSTAMOS;4204796;0
11;08;01;12;10;000;Ingresos por Percibir;4204796;0
11;08;01;15;00;000;SALDO INICIAL DE CAJA;10;0
11;08;01;21;00;000;GASTOS EN PERSONAL;42103517;0
11;08;01;22;00;000;BIENES Y SERVICIOS DE CONSUMO;41804142;0
11;08;01;23;00;000;PRESTACIONES DE SEGURIDAD SOCIAL;10;0
11;08;01;23;03;000;Prestaciones Sociales del Empleador;10;0
11;08;01;25;00;000;INTEGROS AL FISCO;760345;0
11;08;01;25;01;000;Impuestos;543452;0
11;08;01;25;99;000;Otros Integros al Fisco;216893;0
11;08;01;26;00;000;OTROS GASTOS CORRIENTES;10;0
11;08;01;26;01;000;Devoluciones;10;0
11;08;01;29;00;000;ADQUISICIÓN DE ACTIVOS NO FINANCIEROS;967170;0
11;08;01;29;04;000;Mobiliario y Otros;33302;0
11;08;01;29;05;000;Máquinas y Equipos;811521;0
11;08;01;29;06;000;Equipos Informáticos;67078;0
11;08;01;29;07;000;Programas Informáticos;55269;0
11;08;01;34;00;000;SERVICIO DE LA DEUDA;10;0
11;08;01;34;07;000;Deuda Flotante;10;0
11;08;01;35;00;000;SALDO FINAL DE CAJA;10;0
11;09;01;05;00;000;TRANSFERENCIAS CORRIENTES;1879195;3162
11;09;01;05;02;000;Del Gobierno Central;1879195;3162
11;09;01;05;02;014;Programa Antártico - Estado Mayor Conjunto;1879175;3162
11;09;01;05;02;050;Programa de Despliegue Fuerzas Armadas Macrozona sur;10;0
11;09;01;05;02;201;Recuperación de Licencias Médicas - FONASA;10;0
11;09;01;07;00;000;INGRESOS DE OPERACIÓN;3609760;0
11;09;01;07;02;000;Venta de Servicios;3609760;0
11;09;01;08;00;000;OTROS INGRESOS CORRIENTES;527878;2
11;09;01;08;99;000;Otros;527878;2
11;09;01;09;00;000;APORTE FISCAL;296913136;82894
11;09;01;09;01;000;Libre;296913136;82894
11;09;01;12;00;000;RECUPERACIÓN DE PRÉSTAMOS;611814;675
11;09;01;12;07;000;Por Anticipos por Cambio de Residencia;611814;675
11;09;01;15;00;000;SALDO INICIAL DE CAJA;10;1
11;09;01;21;00;000;GASTOS EN PERSONAL;265297128;11561
11;09;01;22;00;000;BIENES Y SERVICIOS DE CONSUMO;34879490;74492
11;09;01;23;00;000;PRESTACIONES DE SEGURIDAD SOCIAL;10;1
11;09;01;23;01;000;Prestaciones Previsionales;0;1
11;09;01;23;03;000;Prestaciones Sociales del Empleador;10;0
11;09;01;24;00;000;TRANSFERENCIAS CORRIENTES;2753311;1
11;09;01;24;01;000;Al Sector Privado;33258;0
11;09;01;24;01;021;Becas;33258;0
11;09;01;24;02;000;Al Gobierno Central;1569860;0
11;09;01;24;02;002;Servicio Aerofotogramétrico de la FACH;233525;0
11;09;01;24;02;004;Organismos de Salud de la FACH;1336335;0
11;09;01;24;03;000;A Otras Entidades Públicas;1150193;1
11;09;01;24;03;243;Bienestar Social;1150173;0
11;09;01;24;03;244;Fondo Rotativo de Abastecimiento;10;1
11;09;01;24;03;246;Ley de Obras;10;0
11;09;01;25;00;000;INTEGROS AL FISCO;10;1
11;09;01;25;99;000;Otros Integros al Fisco;10;1
11;09;01;32;00;000;PRÉSTAMOS;611814;675
11;09;01;32;07;000;Por Anticipos por Cambio de Residencia;611814;675
11;09;01;33;00;000;TRANSFERENCIAS DE CAPITAL;10;1
11;09;01;33;03;000;A Otras Entidades Públicas;10;1
11;09;01;33;03;244;Fondo Rotativo de Abastecimiento;10;1
11;09;01;34;00;000;SERVICIO DE LA DEUDA;10;1
11;09;01;34;07;000;Deuda Flotante;10;1
11;09;01;35;00;000;SALDO FINAL DE CAJA;10;1
11;09;02;06;00;000;RENTAS DE LA PROPIEDAD;106069;0
11;09;02;06;03;000;Intereses;106069;0
11;09;02;07;00;000;INGRESOS DE OPERACIÓN;1536122;0
11;09;02;07;02;000;Venta de Servicios;1536122;0
11;09;02;08;00;000;OTROS INGRESOS CORRIENTES;10;0
11;09;02;08;01;000;Recuperaciones y Reembolsos por Licencias Médicas;10;0
11;09;02;15;00;000;SALDO INICIAL DE CAJA;10;0
11;09;02;21;00;000;GASTOS EN PERSONAL;308640;0
11;09;02;22;00;000;BIENES Y SERVICIOS DE CONSUMO;1292379;0
11;09;02;25;00;000;INTEGROS AL FISCO;20;0
11;09;02;25;01;000;Impuestos;10;0
11;09;02;25;99;000;Otros Integros al Fisco;10;0
11;09;02;29;00;000;ADQUISICIÓN DE ACTIVOS NO FINANCIEROS;41152;0
11;09;02;29;04;000;Mobiliario y Otros;41152;0
11;09;02;34;00;000;SERVICIO DE LA DEUDA;10;0
11;09;02;34;07;000;Deuda Flotante;10;0
11;09;02;35;00;000;SALDO FINAL DE CAJA;10;0
11;11;01;05;00;000;TRANSFERENCIAS CORRIENTES;1336335;0
11;11;01;05;02;000;Del Gobierno Central;1336335;0
11;11;01;05;02;002;Fuerza Aérea de Chile;1336335;0
11;11;01;07;00;000;INGRESOS DE OPERACIÓN;38992193;0
11;11;01;07;02;000;Venta de Servicios;38992193;0
11;11;01;08;00;000;OTROS INGRESOS CORRIENTES;851353;0
11;11;01;08;01;000;Recuperaciones y Reembolsos por Licencias Médicas;10;0
11;11;01;08;02;000;Multas y Sanciones Pecuniarias;10;0
11;11;01;08;99;000;Otros;851333;0
11;11;01;12;00;000;RECUPERACIÓN DE PRÉSTAMOS;3924290;0
11;11;01;12;10;000;Ingresos por Percibir;3924290;0
11;11;01;15;00;000;SALDO INICIAL DE CAJA;10;0
11;11;01;21;00;000;GASTOS EN PERSONAL;22333299;0
11;11;01;22;00;000;BIENES Y SERVICIOS DE CONSUMO;22615269;0
11;11;01;23;00;000;PRESTACIONES DE SEGURIDAD SOCIAL;10;0
11;11;01;23;03;000;Prestaciones Sociales del Empleador;10;0
11;11;01;25;00;000;INTEGROS AL FISCO;58423;0
11;11;01;25;01;000;Impuestos;58413;0
11;11;01;25;99;000;Otros Integros al Fisco;10;0
11;11;01;26;00;000;OTROS GASTOS CORRIENTES;10;0
11;11;01;26;01;000;Devoluciones;10;0
11;11;01;29;00;000;ADQUISICIÓN DE ACTIVOS NO FINANCIEROS;97150;0
11;11;01;29;04;000;Mobiliario y Otros;22275;0
11;11;01;29;05;000;Máquinas y Equipos;56800;0
11;11;01;29;07;000;Programas Informáticos;18075;0
11;11;01;34;00;000;SERVICIO DE LA DEUDA;10;0
11;11;01;34;07;000;Deuda Flotante;10;0
11;11;01;35;00;000;SALDO FINAL DE CAJA;10;0
11;18;01;05;00;000;TRANSFERENCIAS CORRIENTES;10;0
11;18;01;05;02;000;Del Gobierno Central;10;0
11;18;01;05;02;201;Recuperación de Licencias Médicas - FONASA;10;0
11;18;01;06;00;000;RENTAS DE LA PROPIEDAD;10011;0
11;18;01;06;99;000;Otras Rentas de la Propiedad;10011;0
11;18;01;07;00;000;INGRESOS DE OPERACIÓN;8669731;0
11;18;01;07;02;000;Venta de Servicios;8669731;0
11;18;01;08;00;000;OTROS INGRESOS CORRIENTES;3854;0
11;18;01;08;01;000;Recuperaciones y Reembolsos por Licencias Médicas;10;0
11;18;01;08;02;000;Multas y Sanciones Pecuniarias;10;0
11;18;01;08;99;000;Otros;3834;0
11;18;01;09;00;000;APORTE FISCAL;2278527;0
11;18;01;09;01;000;Libre;2278527;0
11;18;01;12;00;000;RECUPERACIÓN DE PRÉSTAMOS;10;0
11;18;01;12;10;000;Ingresos por Percibir;10;0
11;18;01;15;00;000;SALDO INICIAL DE CAJA;10;0
11;18;01;21;00;000;GASTOS EN PERSONAL;2542759;0
11;18;01;22;00;000;BIENES Y SERVICIOS DE CONSUMO;2192553;0
11;18;01;23;00;000;PRESTACIONES DE SEGURIDAD SOCIAL;10;0
11;18;01;23;03;000;Prestaciones Sociales del Empleador;10;0
11;18;01;24;00;000;TRANSFERENCIAS CORRIENTES;5894388;0
11;18;01;24;02;000;Al Gobierno Central;3914146;0
11;18;01;24;02;001;Ejército de Chile;560986;0
11;18;01;24;02;003;Carabineros de Chile;3353160;0
11;18;01;24;03;000;A Otras Entidades Públicas;47209;0
11;18;01;24;03;243;Bienestar Social;47209;0
11;18;01;24;09;000;A Unidades o Programas del Servicio;1933033;0
11;18;01;24;09;333;Programa de Incentivos Servicio Militar;1933033;0
11;18;01;25;00;000;INTEGROS AL FISCO;10;0
11;18;01;25;99;000;Otros Integros al Fisco;10;0
11;18;01;29;00;000;ADQUISICIÓN DE ACTIVOS NO FINANCIEROS;325716;0
11;18;01;29;04;000;Mobiliario y Otros;39763;0
11;18;01;29;05;000;Máquinas y Equipos;10468;0
11;18;01;29;06;000;Equipos Informáticos;169357;0
11;18;01;29;07;000;Programas Informáticos;106128;0
11;18;01;33;00;000;TRANSFERENCIAS DE CAPITAL;6697;0
11;18;01;33;02;000;Al Gobierno Central;6697;0
11;18;01;33;02;001;Ejercito de Chile;6697;0
11;18;01;34;00;000;SERVICIO DE LA DEUDA;10;0
11;18;01;34;07;000;Deuda Flotante;10;0
11;18;01;35;00;000;SALDO FINAL DE CAJA;10;0
11;19;01;05;00;000;TRANSFERENCIAS CORRIENTES;10;0
11;19;01;05;02;000;Del Gobierno Central;10;0
11;19;01;05;02;201;Recuperación de Licencias Médicas - FONASA;10;0
11;19;01;07;00;000;INGRESOS DE OPERACIÓN;1551651;0
11;19;01;07;01;000;Venta de Bienes;1551651;0
11;19;01;08;00;000;OTROS INGRESOS CORRIENTES;15081;0
11;19;01;08;01;000;Recuperaciones y Reembolsos por Licencias Médicas;4938;0
11;19;01;08;02;000;Multas y Sanciones Pecuniarias;10;0
11;19;01;08;99;000;Otros;10133;0
11;19;01;09;00;000;APORTE FISCAL;4074869;0
11;19;01;09;01;000;Libre;4074869;0
11;19;01;12;00;000;RECUPERACIÓN DE PRÉSTAMOS;30864;0
11;19;01;12;10;000;Ingresos por Percibir;30864;0
11;19;01;15;00;000;SALDO INICIAL DE CAJA;10;0
11;19;01;21;00;000;GASTOS EN PERSONAL;3923415;0
11;19;01;22;00;000;BIENES Y SERVICIOS DE CONSUMO;1437656;0
11;19;01;23;00;000;PRESTACIONES DE SEGURIDAD SOCIAL;10;0
11;19;01;23;03;000;Prestaciones Sociales del Empleador;10;0
11;19;01;25;00;000;INTEGROS AL FISCO;4810;0
11;19;01;25;01;000;Impuestos;10;0
11;19;01;25;99;000;Otros Integros al Fisco;4800;0
11;19;01;29;00;000;ADQUISICIÓN DE ACTIVOS NO FINANCIEROS;306574;0
11;19;01;29;07;000;Programas Informáticos;306574;0
11;19;01;34;00;000;SERVICIO DE LA DEUDA;10;0
11;19;01;34;07;000;Deuda Flotante;10;0
11;19;01;35;00;000;SALDO FINAL DE CAJA;10;0
11;20;01;05;00;000;TRANSFERENCIAS CORRIENTES;216048;0
11;20;01;05;02;000;Del Gobierno Central;216048;0
11;20;01;05;02;009;Subsecretaria de Ciencia, Tecnología, Conocimiento e Innovación;216048;0
11;20;01;07;00;000;INGRESOS DE OPERACIÓN;393078;0
11;20;01;07;01;000;Venta de Bienes;287852;0
11;20;01;07;02;000;Venta de Servicios;105226;0
11;20;01;08;00;000;OTROS INGRESOS CORRIENTES;319338;0
11;20;01;08;01;000;Recuperaciones y Reembolsos por Licencias Médicas;10;0
11;20;01;08;02;000;Multas y Sanciones Pecuniarias;10;0
11;20;01;08;99;000;Otros;319318;0
11;20;01;09;00;000;APORTE FISCAL;6723932;0
11;20;01;09;01;000;Libre;6723932;0
11;20;01;10;00;000;VENTA DE ACTIVOS NO FINANCIEROS;10;0
11;20;01;10;03;000;Vehículos;10;0
11;20;01;12;00;000;RECUPERACIÓN DE PRÉSTAMOS;16985;0
11;20;01;12;10;000;Ingresos por Percibir;16985;0
11;20;01;15;00;000;SALDO INICIAL DE CAJA;10;0
11;20;01;21;00;000;GASTOS EN PERSONAL;4056273;0
11;20;01;22;00;000;BIENES Y SERVICIOS DE CONSUMO;2899194;0
11;20;01;25;00;000;INTEGROS AL FISCO;15442;0
11;20;01;25;01;000;Impuestos;15432;0
11;20;01;25;99;000;Otros Integros al Fisco;10;0
11;20;01;29;00;000;ADQUISICIÓN DE ACTIVOS NO FINANCIEROS;698472;0
11;20;01;29;03;000;Vehículos;41152;0
11;20;01;29;04;000;Mobiliario y Otros;2058;0
11;20;01;29;06;000;Equipos Informáticos;70386;0
11;20;01;29;07;000;Programas Informáticos;584876;0
11;20;01;34;00;000;SERVICIO DE LA DEUDA;10;0
11;20;01;34;07;000;Deuda Flotante;10;0
11;20;01;35;00;000;SALDO FINAL DE CAJA;10;0
11;21;01;05;00;000;TRANSFERENCIAS CORRIENTES;10;0
11;21;01;05;02;000;Del Gobierno Central;10;0
11;21;01;05;02;201;Recuperación de Licencias Médicas - FONASA;10;0
11;21;01;06;00;000;RENTAS DE LA PROPIEDAD;14246390;0
11;21;01;06;01;000;Arriendo de Activos No Financieros;12023953;0
11;21;01;06;03;000;Intereses;2222437;0
11;21;01;07;00;000;INGRESOS DE OPERACIÓN;369338614;0
11;21;01;07;02;000;Venta de Servicios;369338614;0
11;21;01;08;00;000;OTROS INGRESOS CORRIENTES;46768338;0
11;21;01;08;01;000;Recuperaciones y Reembolsos por Licencias Médicas;10;0
11;21;01;08;02;000;Multas y Sanciones Pecuniarias;10;0
11;21;01;08;99;000;Otros;46768318;0
11;21;01;12;00;000;RECUPERACIÓN DE PRÉSTAMOS;96633;0
11;21;01;12;07;000;Por Anticipos por Cambio de Residencia;96633;0
11;21;01;15;00;000;SALDO INICIAL DE CAJA;10;0
11;21;01;21;00;000;GASTOS EN PERSONAL;220438398;0
11;21;01;22;00;000;BIENES Y SERVICIOS DE CONSUMO;40133530;0
11;21;01;23;00;000;PRESTACIONES DE SEGURIDAD SOCIAL;20;0
11;21;01;23;01;000;Prestaciones Previsionales;10;0
11;21;01;23;03;000;Prestaciones Sociales del Empleador;10;0
11;21;01;24;00;000;TRANSFERENCIAS CORRIENTES;1608800;0
11;21;01;24;03;000;A Otras Entidades Públicas;1608800;0
11;21;01;24;03;243;Bienestar Social;1608800;0
11;21;01;25;00;000;INTEGROS AL FISCO;42201639;0
11;21;01;25;01;000;Impuestos;1851840;0
11;21;01;25;99;000;Otros Integros al Fisco;40349799;0
11;21;01;26;00;000;OTROS GASTOS CORRIENTES;10;0
11;21;01;26;01;000;Devoluciones;10;0
11;21;01;29;00;000;ADQUISICIÓN DE ACTIVOS NO FINANCIEROS;61888279;0
11;21;01;29;03;000;Vehículos;5102848;0
11;21;01;29;04;000;Mobiliario y Otros;255267;0
11;21;01;29;05;000;Máquinas y Equipos;51648182;0
11;21;01;29;06;000;Equipos Informáticos;2499668;0
11;21;01;29;07;000;Programas Informáticos;2382314;0
11;21;01;32;00;000;PRÉSTAMOS;154320;0
11;21;01;32;07;000;Por Anticipos por Cambio de Residencia;154320;0
11;21;01;33;00;000;TRANSFERENCIAS DE CAPITAL;64024979;0
11;21;01;33;01;000;Al Sector Privado;47804090;0
11;21;01;33;01;002;Pagos a concesionarios aeroportuarios;47804090;0
11;21;01;33;02;000;Al Gobierno Central;16220889;0
11;21;01;33;02;003;Reintegro  IVA concesiones -MOP;16220889;0
11;21;01;34;00;000;SERVICIO DE LA DEUDA;10;0
11;21;01;34;07;000;Deuda Flotante;10;0
11;21;01;35;00;000;SALDO FINAL DE CAJA;10;0
11;22;01;05;00;000;TRANSFERENCIAS CORRIENTES;233525;0
11;22;01;05;02;000;Del Gobierno Central;233525;0
11;22;01;05;02;002;Fuerza Aérea de Chile;233525;0
11;22;01;07;00;000;INGRESOS DE OPERACIÓN;349792;0
11;22;01;07;01;000;Venta de Bienes;349792;0
11;22;01;08;00;000;OTROS INGRESOS CORRIENTES;30;0
11;22;01;08;01;000;Recuperaciones y Reembolsos por Licencias Médicas;10;0
11;22;01;08;02;000;Multas y Sanciones Pecuniarias;10;0
11;22;01;08;99;000;Otros;10;0
11;22;01;09;00;000;APORTE FISCAL;1797780;0
11;22;01;09;01;000;Libre;1797780;0
11;22;01;15;00;000;SALDO INICIAL DE CAJA;10;0
11;22;01;21;00;000;GASTOS EN PERSONAL;1016720;0
11;22;01;22;00;000;BIENES Y SERVICIOS DE CONSUMO;1360766;0
11;22;01;23;00;000;PRESTACIONES DE SEGURIDAD SOCIAL;10;0
11;22;01;23;03;000;Prestaciones Sociales del Empleador;10;0
11;22;01;25;00;000;INTEGROS AL FISCO;20;0
11;22;01;25;01;000;Impuestos;10;0
11;22;01;25;99;000;Otros Integros al Fisco;10;0
11;22;01;29;00;000;ADQUISICIÓN DE ACTIVOS NO FINANCIEROS;3601;0
11;22;01;29;06;000;Equipos Informáticos;3601;0
11;22;01;34;00;000;SERVICIO DE LA DEUDA;10;0
11;22;01;34;07;000;Deuda Flotante;10;0
11;22;01;35;00;000;SALDO FINAL DE CAJA;10;0
11;23;01;05;00;000;TRANSFERENCIAS CORRIENTES;10;0
11;23;01;05;02;000;Del Gobierno Central;10;0
11;23;01;05;02;201;Recuperación de Licencias Médicas - FONASA;10;0
11;23;01;08;00;000;OTROS INGRESOS CORRIENTES;155;0
11;23;01;08;01;000;Recuperaciones y Reembolsos por Licencias Médicas;10;0
11;23;01;08;02;000;Multas y Sanciones Pecuniarias;10;0
11;23;01;08;99;000;Otros;135;0
11;23;01;09;00;000;APORTE FISCAL;14878272;0
11;23;01;09;01;000;Libre;14878272;0
11;23;01;15;00;000;SALDO INICIAL DE CAJA;10;0
11;23;01;21;00;000;GASTOS EN PERSONAL;11643391;0
11;23;01;22;00;000;BIENES Y SERVICIOS DE CONSUMO;2066875;0
11;23;01;23;00;000;PRESTACIONES DE SEGURIDAD SOCIAL;20;0
11;23;01;23;01;000;Prestaciones Previsionales;10;0
11;23;01;23;03;000;Prestaciones Sociales del Empleador;10;0
11;23;01;24;00;000;TRANSFERENCIAS CORRIENTES;781447;0
11;23;01;24;02;000;Al Gobierno Central;30;0
11;23;01;24;02;005;Programa de Despliegue Fuerzas Armadas Macrozona sur;30;0
11;23;01;24;03;000;A Otras Entidades Públicas;740206;0
11;23;01;24;03;037;Defensa Civil;395888;0
11;23;01;24;03;243;Bienestar Social;344318;0
11;23;01;24;09;000;A Unidades o Programas del Servicio;41211;0
11;23;01;24;09;040;Programa de Asistencia a Víctimas - Ley N° 21.021;41211;0
11;23;01;25;00;000;INTEGROS AL FISCO;10;0
11;23;01;25;99;000;Otros Integros al Fisco;10;0
11;23;01;29;00;000;ADQUISICIÓN DE ACTIVOS NO FINANCIEROS;386684;0
11;23;01;29;04;000;Mobiliario y Otros;6173;0
11;23;01;29;05;000;Máquinas y Equipos;3086;0
11;23;01;29;07;000;Programas Informáticos;377425;0
11;23;01;34;00;000;SERVICIO DE LA DEUDA;10;0
11;23;01;34;07;000;Deuda Flotante;10;0
11;23;01;35;00;000;SALDO FINAL DE CAJA;10;0
11;23;02;05;00;000;TRANSFERENCIAS CORRIENTES;51477;0
11;23;02;05;02;000;Del Gobierno Central;51477;0
11;23;02;05;02;013;Subsecretaría de Pesca y Acuicultura;51477;0
11;23;02;09;00;000;APORTE FISCAL;2838019;0
11;23;02;09;01;000;Libre;2838019;0
11;23;02;21;00;000;GASTOS EN PERSONAL;1771000;0
11;23;02;22;00;000;BIENES Y SERVICIOS DE CONSUMO;82581;0
11;23;02;29;00;000;ADQUISICIÓN DE ACTIVOS NO FINANCIEROS;1035905;0
11;23;02;29;07;000;Programas Informáticos;1035905;0
11;23;02;35;00;000;SALDO FINAL DE CAJA;10;0
11;24;01;05;00;000;TRANSFERENCIAS CORRIENTES;10;0
11;24;01;05;02;000;Del Gobierno Central;10;0
11;24;01;05;02;201;Recuperación de Licencias Médicas - FONASA;10;0
11;24;01;08;00;000;OTROS INGRESOS CORRIENTES;30;0
11;24;01;08;01;000;Recuperaciones y Reembolsos por Licencias Médicas;10;0
11;24;01;08;02;000;Multas y Sanciones Pecuniarias;10;0
11;24;01;08;99;000;Otros;10;0
11;24;01;09;00;000;APORTE FISCAL;5345445;0
11;24;01;09;01;000;Libre;5345445;0
11;24;01;15;00;000;SALDO INICIAL DE CAJA;10;0
11;24;01;21;00;000;GASTOS EN PERSONAL;4295102;0
11;24;01;22;00;000;BIENES Y SERVICIOS DE CONSUMO;661062;0
11;24;01;23;00;000;PRESTACIONES DE SEGURIDAD SOCIAL;10;0
11;24;01;23;03;000;Prestaciones Sociales del Empleador;10;0
11;24;01;24;00;000;TRANSFERENCIAS CORRIENTES;187832;0
11;24;01;24;01;000;Al Sector Privado;187832;0
11;24;01;24;01;001;Becas;187832;0
11;24;01;25;00;000;INTEGROS AL FISCO;10;0
11;24;01;25;99;000;Otros Integros al Fisco;10;0
11;24;01;26;00;000;OTROS GASTOS CORRIENTES;10;0
11;24;01;26;01;000;Devoluciones;10;0
11;24;01;29;00;000;ADQUISICIÓN DE ACTIVOS NO FINANCIEROS;201449;0
11;24;01;29;03;000;Vehículos;28806;0
11;24;01;29;07;000;Programas Informáticos;172643;0
11;24;01;34;00;000;SERVICIO DE LA DEUDA;10;0
11;24;01;34;07;000;Deuda Flotante;10;0
11;24;01;35;00;000;SALDO FINAL DE CAJA;10;0
11;24;02;07;00;000;INGRESOS DE OPERACIÓN;47543;0
11;24;02;07;02;000;Venta de Servicios;47543;0
11;24;02;08;00;000;OTROS INGRESOS CORRIENTES;30;0
11;24;02;08;01;000;Recuperaciones y Reembolsos por Licencias Médicas;10;0
11;24;02;08;02;000;Multas y Sanciones Pecuniarias;10;0
11;24;02;08;99;000;Otros;10;0
11;24;02;09;00;000;APORTE FISCAL;1239770;0
11;24;02;09;01;000;Libre;1239770;0
11;24;02;12;00;000;RECUPERACIÓN DE PRÉSTAMOS;10;0
11;24;02;12;10;000;Ingresos por Percibir;10;0
11;24;02;15;00;000;SALDO INICIAL DE CAJA;10;0
11;24;02;21;00;000;GASTOS EN PERSONAL;1103997;0
11;24;02;22;00;000;BIENES Y SERVICIOS DE CONSUMO;159001;0
11;24;02;23;00;000;PRESTACIONES DE SEGURIDAD SOCIAL;10;0
11;24;02;23;03;000;Prestaciones Sociales del Empleador;10;0
11;24;02;25;00;000;INTEGROS AL FISCO;10;0
11;24;02;25;99;000;Otros Integros al Fisco;10;0
11;24;02;29;00;000;ADQUISICIÓN DE ACTIVOS NO FINANCIEROS;24325;0
11;24;02;29;07;000;Programas Informáticos;24325;0
11;24;02;34;00;000;SERVICIO DE LA DEUDA;10;0
11;24;02;34;07;000;Deuda Flotante;10;0
11;24;02;35;00;000;SALDO FINAL DE CAJA;10;0
11;25;01;08;00;000;OTROS INGRESOS CORRIENTES;20;0
11;25;01;08;01;000;Recuperaciones y Reembolsos por Licencias Médicas;10;0
11;25;01;08;99;000;Otros;10;0
11;25;01;09;00;000;APORTE FISCAL;7810753;7887
11;25;01;09;01;000;Libre;7810753;7887
11;25;01;15;00;000;SALDO INICIAL DE CAJA;10;1
11;25;01;21;00;000;GASTOS EN PERSONAL;1257496;228
11;25;01;22;00;000;BIENES Y SERVICIOS DE CONSUMO;1095032;230
11;25;01;24;00;000;TRANSFERENCIAS CORRIENTES;5410020;7427
11;25;01;24;02;000;Al Gobierno Central;3789595;3187
11;25;01;24;02;012;Programa Antártico - Ejército de Chile;1392495;0
11;25;01;24;02;013;Programa Antártico- Armada de Chile;517925;25
11;25;01;24;02;014;Programa Antártico- Fuerza Aérea de Chile;1879175;3162
11;25;01;24;09;000;A Unidades o Programas del Servicio;1620425;4240
11;25;01;24;09;037;Comando Conjunto Austral;291832;0
11;25;01;24;09;041;Fondo para Misiones de Paz;881991;4240
11;25;01;24;09;045;Comando Conjunto Norte;367628;0
11;25;01;24;09;047;Programa Antártico;78974;0
11;25;01;25;00;000;INTEGROS AL FISCO;10;1
11;25;01;25;99;000;Otros Integros al Fisco;10;1
11;25;01;29;00;000;ADQUISICIÓN DE ACTIVOS NO FINANCIEROS;48205;0
11;25;01;29;06;000;Equipos Informáticos;9928;0
11;25;01;29;07;000;Programas Informáticos;38277;0
11;25;01;34;00;000;SERVICIO DE LA DEUDA;10;1
11;25;01;34;07;000;Deuda Flotante;10;1
11;25;01;35;00;000;SALDO FINAL DE CAJA;10;1
12;01;01;05;00;000;TRANSFERENCIAS CORRIENTES;10;0
12;01;01;05;02;000;Del Gobierno Central;10;0
12;01;01;05;02;201;Recuperación de Licencias Médicas - FONASA;10;0
12;01;01;06;00;000;RENTAS DE LA PROPIEDAD;16997;0
12;01;01;08;00;000;OTROS INGRESOS CORRIENTES;838699;0
12;01;01;08;01;000;Recuperaciones y Reembolsos por Licencias Médicas;343715;0
12;01;01;08;02;000;Multas y Sanciones Pecuniarias;5144;0
12;01;01;08;99;000;Otros;489840;0
12;01;01;09;00;000;APORTE FISCAL;34581203;0
12;01;01;09;01;000;Libre;34581203;0
12;01;01;12;00;000;RECUPERACIÓN DE PRÉSTAMOS;10;0
12;01;01;12;10;000;Ingresos por Percibir;10;0
12;01;01;15;00;000;SALDO INICIAL DE CAJA;10;0
12;01;01;21;00;000;GASTOS EN PERSONAL;23214145;0
12;01;01;22;00;000;BIENES Y SERVICIOS DE CONSUMO;7965477;0
12;01;01;23;00;000;PRESTACIONES DE SEGURIDAD SOCIAL;10;0
12;01;01;23;03;000;Prestaciones Sociales del Empleador;10;0
12;01;01;25;00;000;INTEGROS AL FISCO;343725;0
12;01;01;25;99;000;Otros Integros al Fisco;343725;0
12;01;01;29;00;000;ADQUISICIÓN DE ACTIVOS NO FINANCIEROS;3913552;0
12;01;01;29;03;000;Vehículos;20731;0
12;01;01;29;04;000;Mobiliario y Otros;1825;0
12;01;01;29;05;000;Máquinas y Equipos;465972;0
12;01;01;29;06;000;Equipos Informáticos;601017;0
12;01;01;29;07;000;Programas Informáticos;2824007;0
12;01;01;34;00;000;SERVICIO DE LA DEUDA;10;0
12;01;01;34;07;000;Deuda Flotante;10;0
12;01;01;35;00;000;SALDO FINAL DE CAJA;10;0
12;02;02;05;00;000;TRANSFERENCIAS CORRIENTES;10;0
12;02;02;05;02;000;Del Gobierno Central;10;0
12;02;02;05;02;201;Recuperación de Licencias Médicas - FONASA;10;0
12;02;02;06;00;000;RENTAS DE LA PROPIEDAD;31400;0
12;02;02;08;00;000;OTROS INGRESOS CORRIENTES;405481;0
12;02;02;08;01;000;Recuperaciones y Reembolsos por Licencias Médicas;373660;0
12;02;02;08;02;000;Multas y Sanciones Pecuniarias;31821;0
12;02;02;09;00;000;APORTE FISCAL;47716068;0
12;02;02;09;01;000;Libre;47716068;0
12;02;02;12;00;000;RECUPERACIÓN DE PRÉSTAMOS;10;0
12;02;02;12;10;000;Ingresos por Percibir;10;0
12;02;02;15;00;000;SALDO INICIAL DE CAJA;10;0
12;02;02;21;00;000;GASTOS EN PERSONAL;15946162;0
12;02;02;22;00;000;BIENES Y SERVICIOS DE CONSUMO;1024273;0
12;02;02;23;00;000;PRESTACIONES DE SEGURIDAD SOCIAL;10;0
12;02;02;23;03;000;Prestaciones Sociales del Empleador;10;0
12;02;02;25;00;000;INTEGROS AL FISCO;373670;0
12;02;02;25;99;000;Otros Integros al Fisco;373670;0
12;02;02;29;00;000;ADQUISICIÓN DE ACTIVOS NO FINANCIEROS;392122;0
12;02;02;29;04;000;Mobiliario y Otros;159;0
12;02;02;29;05;000;Máquinas y Equipos;240;0
12;02;02;29;06;000;Equipos Informáticos;153604;0
12;02;02;29;07;000;Programas Informáticos;238119;0
12;02;02;31;00;000;INICIATIVAS DE INVERSIÓN;30416712;0
12;02;02;31;02;000;Proyectos;30416712;0
12;02;02;32;00;000;PRÉSTAMOS;10;0
12;02;02;32;06;000;Por Anticipos a Contratistas;10;0
12;02;02;34;00;000;SERVICIO DE LA DEUDA;10;0
12;02;02;34;07;000;Deuda Flotante;10;0
12;02;02;35;00;000;SALDO FINAL DE CAJA;10;0
12;02;03;05;00;000;TRANSFERENCIAS CORRIENTES;10;0
12;02;03;05;02;000;Del Gobierno Central;10;0
12;02;03;05;02;201;Recuperación de Licencias Médicas - FONASA;10;0
12;02;03;06;00;000;RENTAS DE LA PROPIEDAD;10288;0
12;02;03;07;00;000;INGRESOS DE OPERACIÓN;10288;0
12;02;03;08;00;000;OTROS INGRESOS CORRIENTES;671954;0
12;02;03;08;01;000;Recuperaciones y Reembolsos por Licencias Médicas;486760;0
12;02;03;08;02;000;Multas y Sanciones Pecuniarias;185194;0
12;02;03;09;00;000;APORTE FISCAL;232942379;0
12;02;03;09;01;000;Libre;232942379;0
12;02;03;10;00;000;VENTA DE ACTIVOS NO FINANCIEROS;514;0
12;02;03;10;06;000;Equipos Informáticos;514;0
12;02;03;12;00;000;RECUPERACIÓN DE PRÉSTAMOS;10;0
12;02;03;12;10;000;Ingresos por Percibir;10;0
12;02;03;15;00;000;SALDO INICIAL DE CAJA;10;0
12;02;03;21;00;000;GASTOS EN PERSONAL;25095942;0
12;02;03;22;00;000;BIENES Y SERVICIOS DE CONSUMO;5164031;0
12;02;03;23;00;000;PRESTACIONES DE SEGURIDAD SOCIAL;20;0
12;02;03;23;01;000;Prestaciones Previsionales;10;0
12;02;03;23;03;000;Prestaciones Sociales del Empleador;10;0
12;02;03;24;00;000;TRANSFERENCIAS CORRIENTES;564038;0
12;02;03;24;02;000;Al Gobierno Central;564038;0
12;02;03;24;02;234;Conservaciones por Administración Directa-Dirección de Vialidad;564038;0
12;02;03;25;00;000;INTEGROS AL FISCO;486770;0
12;02;03;25;99;000;Otros Integros al Fisco;486770;0
12;02;03;29;00;000;ADQUISICIÓN DE ACTIVOS NO FINANCIEROS;531710;0
12;02;03;29;03;000;Vehículos;65843;0
12;02;03;29;04;000;Mobiliario y Otros;27877;0
12;02;03;29;06;000;Equipos Informáticos;72016;0
12;02;03;29;07;000;Programas Informáticos;365974;0
12;02;03;31;00;000;INICIATIVAS DE INVERSIÓN;201792912;0
12;02;03;31;01;000;Estudios Básicos;2749851;0
12;02;03;31;02;000;Proyectos;199043061;0
12;02;03;32;00;000;PRÉSTAMOS;10;0
12;02;03;32;06;000;Por Anticipos a Contratistas;10;0
12;02;03;34;00;000;SERVICIO DE LA DEUDA;10;0
12;02;03;34;07;000;Deuda Flotante;10;0
12;02;03;35;00;000;SALDO FINAL DE CAJA;10;0
12;02;04;05;00;000;TRANSFERENCIAS CORRIENTES;10;0
12;02;04;05;02;000;Del Gobierno Central;10;0
12;02;04;05;02;201;Recuperación de Licencias Médicas - FONASA;10;0
12;02;04;06;00;000;RENTAS DE LA PROPIEDAD;137890;0
12;02;04;07;00;000;INGRESOS DE OPERACIÓN;10065975;0
12;02;04;08;00;000;OTROS INGRESOS CORRIENTES;12715901;0
12;02;04;08;01;000;Recuperaciones y Reembolsos por Licencias Médicas;1853876;0
12;02;04;08;02;000;Multas y Sanciones Pecuniarias;10862025;0
12;02;04;09;00;000;APORTE FISCAL;2163427181;0
12;02;04;09;01;000;Libre;2163427181;0
12;02;04;12;00;000;RECUPERACIÓN DE PRÉSTAMOS;20;0
12;02;04;12;06;000;Por Anticipos a Contratistas;10;0
12;02;04;12;10;000;Ingresos por Percibir;10;0
12;02;04;15;00;000;SALDO INICIAL DE CAJA;10;0
12;02;04;21;00;000;GASTOS EN PERSONAL;103488088;0
12;02;04;22;00;000;BIENES Y SERVICIOS DE CONSUMO;8518129;0
12;02;04;23;00;000;PRESTACIONES DE SEGURIDAD SOCIAL;20;0
12;02;04;23;01;000;Prestaciones Previsionales;10;0
12;02;04;23;03;000;Prestaciones Sociales del Empleador;10;0
12;02;04;24;00;000;TRANSFERENCIAS CORRIENTES;1339941;0
12;02;04;24;01;000;Al Sector Privado;1326814;0
12;02;04;24;01;001;Compensación Tránsito con Sobrepeso;1326814;0
12;02;04;24;07;000;A Organismos Internacionales;13127;0
12;02;04;24;07;001;Asociación Mundial de la Carretera;13127;0
12;02;04;25;00;000;INTEGROS AL FISCO;1853886;0
12;02;04;25;99;000;Otros Integros al Fisco;1853886;0
12;02;04;29;00;000;ADQUISICIÓN DE ACTIVOS NO FINANCIEROS;1060761;0
12;02;04;29;06;000;Equipos Informáticos;564156;0
12;02;04;29;07;000;Programas Informáticos;496605;0
12;02;04;31;00;000;INICIATIVAS DE INVERSIÓN;2070086132;0
12;02;04;31;01;000;Estudios Básicos;10145574;0
12;02;04;31;02;000;Proyectos;2059940558;0
12;02;04;32;00;000;PRÉSTAMOS;10;0
12;02;04;32;06;000;Por Anticipos a Contratistas;10;0
12;02;04;34;00;000;SERVICIO DE LA DEUDA;10;0
12;02;04;34;07;000;Deuda Flotante;10;0
12;02;04;35;00;000;SALDO FINAL DE CAJA;10;0
12;02;06;05;00;000;TRANSFERENCIAS CORRIENTES;10;0
12;02;06;05;02;000;Del Gobierno Central;10;0
12;02;06;05;02;201;Recuperación de Licencias Médicas - FONASA;10;0
12;02;06;06;00;000;RENTAS DE LA PROPIEDAD;12536;0
12;02;06;08;00;000;OTROS INGRESOS CORRIENTES;433935;0
12;02;06;08;01;000;Recuperaciones y Reembolsos por Licencias Médicas;174835;0
12;02;06;08;99;000;Otros;259100;0
12;02;06;09;00;000;APORTE FISCAL;154766048;0
12;02;06;09;01;000;Libre;154766048;0
12;02;06;12;00;000;RECUPERACIÓN DE PRÉSTAMOS;20;0
12;02;06;12;06;000;Por Anticipos a Contratistas;10;0
12;02;06;12;10;000;Ingresos por Percibir;10;0
12;02;06;15;00;000;SALDO INICIAL DE CAJA;10;0
12;02;06;21;00;000;GASTOS EN PERSONAL;12135177;0
12;02;06;22;00;000;BIENES Y SERVICIOS DE CONSUMO;878451;0
12;02;06;23;00;000;PRESTACIONES DE SEGURIDAD SOCIAL;10;0
12;02;06;23;03;000;Prestaciones Sociales del Empleador;10;0
12;02;06;24;00;000;TRANSFERENCIAS CORRIENTES;2026736;0
12;02;06;24;02;000;Al Gobierno Central;2026736;0
12;02;06;24;02;500;Bahia Fildes - Armada de Chile;2026736;0
12;02;06;25;00;000;INTEGROS AL FISCO;174845;0
12;02;06;25;99;000;Otros Integros al Fisco;174845;0
12;02;06;29;00;000;ADQUISICIÓN DE ACTIVOS NO FINANCIEROS;338600;0
12;02;06;29;03;000;Vehículos;30864;0
12;02;06;29;06;000;Equipos Informáticos;51982;0
12;02;06;29;07;000;Programas Informáticos;255754;0
12;02;06;31;00;000;INICIATIVAS DE INVERSIÓN;139658710;0
12;02;06;31;01;000;Estudios Básicos;2299913;0
12;02;06;31;02;000;Proyectos;137358797;0
12;02;06;32;00;000;PRÉSTAMOS;10;0
12;02;06;32;06;000;Por Anticipos a Contratistas;10;0
12;02;06;34;00;000;SERVICIO DE LA DEUDA;10;0
12;02;06;34;07;000;Deuda Flotante;10;0
12;02;06;35;00;000;SALDO FINAL DE CAJA;10;0
12;02;07;05;00;000;TRANSFERENCIAS CORRIENTES;10;0
12;02;07;05;02;000;Del Gobierno Central;10;0
12;02;07;05;02;201;Recuperación de Licencias Médicas - FONASA;10;0
12;02;07;06;00;000;RENTAS DE LA PROPIEDAD;10135;0
12;02;07;08;00;000;OTROS INGRESOS CORRIENTES;299156;0
12;02;07;08;01;000;Recuperaciones y Reembolsos por Licencias Médicas;180484;0
12;02;07;08;02;000;Multas y Sanciones Pecuniarias;118672;0
12;02;07;09;00;000;APORTE FISCAL;148770706;0
12;02;07;09;01;000;Libre;148770706;0
12;02;07;12;00;000;RECUPERACIÓN DE PRÉSTAMOS;20;0
12;02;07;12;06;000;Por Anticipos a Contratistas;10;0
12;02;07;12;10;000;Ingresos por Percibir;10;0
12;02;07;15;00;000;SALDO INICIAL DE CAJA;10;0
12;02;07;21;00;000;GASTOS EN PERSONAL;9051239;0
12;02;07;22;00;000;BIENES Y SERVICIOS DE CONSUMO;572154;0
12;02;07;23;00;000;PRESTACIONES DE SEGURIDAD SOCIAL;20;0
12;02;07;23;01;000;Prestaciones Previsionales;10;0
12;02;07;23;03;000;Prestaciones Sociales del Empleador;10;0
12;02;07;25;00;000;INTEGROS AL FISCO;180494;0
12;02;07;25;99;000;Otros Integros al Fisco;180494;0
12;02;07;29;00;000;ADQUISICIÓN DE ACTIVOS NO FINANCIEROS;461670;0
12;02;07;29;03;000;Vehículos;123456;0
12;02;07;29;05;000;Máquinas y Equipos;46843;0
12;02;07;29;06;000;Equipos Informáticos;70390;0
12;02;07;29;07;000;Programas Informáticos;219912;0
12;02;07;29;99;000;Otros Activos no Financieros;1069;0
12;02;07;31;00;000;INICIATIVAS DE INVERSIÓN;138814430;0
12;02;07;31;01;000;Estudios Básicos;1601404;0
12;02;07;31;02;000;Proyectos;137213026;0
12;02;07;32;00;000;PRÉSTAMOS;10;0
12;02;07;32;06;000;Por Anticipos a Contratistas;10;0
12;02;07;34;00;000;SERVICIO DE LA DEUDA;10;0
12;02;07;34;07;000;Deuda Flotante;10;0
12;02;07;35;00;000;SALDO FINAL DE CAJA;10;0
12;02;09;05;00;000;TRANSFERENCIAS CORRIENTES;10;0
12;02;09;05;02;000;Del Gobierno Central;10;0
12;02;09;05;02;201;Recuperación de Licencias Médicas - FONASA;10;0
12;02;09;08;00;000;OTROS INGRESOS CORRIENTES;189538;0
12;02;09;08;01;000;Recuperaciones y Reembolsos por Licencias Médicas;189538;0
12;02;09;09;00;000;APORTE FISCAL;35903478;0
12;02;09;09;01;000;Libre;35903478;0
12;02;09;12;00;000;RECUPERACIÓN DE PRÉSTAMOS;10;0
12;02;09;12;10;000;Ingresos por Percibir;10;0
12;02;09;15;00;000;SALDO INICIAL DE CAJA;10;0
12;02;09;21;00;000;GASTOS EN PERSONAL;8720745;0
12;02;09;22;00;000;BIENES Y SERVICIOS DE CONSUMO;817022;0
12;02;09;23;00;000;PRESTACIONES DE SEGURIDAD SOCIAL;10;0
12;02;09;23;03;000;Prestaciones Sociales del Empleador;10;0
12;02;09;24;00;000;TRANSFERENCIAS CORRIENTES;102880;0
12;02;09;24;01;000;Al Sector Privado;102880;0
12;02;09;24;01;500;Instituto de la Construcción;102880;0
12;02;09;25;00;000;INTEGROS AL FISCO;189548;0
12;02;09;25;99;000;Otros Integros al Fisco;189548;0
12;02;09;29;00;000;ADQUISICIÓN DE ACTIVOS NO FINANCIEROS;740975;0
12;02;09;29;03;000;Vehículos;25720;0
12;02;09;29;04;000;Mobiliario y Otros;6018;0
12;02;09;29;05;000;Máquinas y Equipos;1893;0
12;02;09;29;06;000;Equipos Informáticos;363260;0
12;02;09;29;07;000;Programas Informáticos;344084;0
12;02;09;33;00;000;TRANSFERENCIAS DE CAPITAL;25521846;0
12;02;09;33;03;000;A Otras Entidades Públicas;25521846;0
12;02;09;33;03;001;A Otros Ejecutores;16029810;0
12;02;09;33;03;010;Fondo de Infraestructura para el Desarrollo;9492036;0
12;02;09;34;00;000;SERVICIO DE LA DEUDA;10;0
12;02;09;34;07;000;Deuda Flotante;10;0
12;02;09;35;00;000;SALDO FINAL DE CAJA;10;0
12;02;10;05;00;000;TRANSFERENCIAS CORRIENTES;10;0
12;02;10;05;02;000;Del Gobierno Central;10;0
12;02;10;05;02;201;Recuperación de Licencias Médicas - FONASA;10;0
12;02;10;06;00;000;RENTAS DE LA PROPIEDAD;1198;0
12;02;10;08;00;000;OTROS INGRESOS CORRIENTES;126907;0
12;02;10;08;01;000;Recuperaciones y Reembolsos por Licencias Médicas;126907;0
12;02;10;09;00;000;APORTE FISCAL;4878869;0
12;02;10;09;01;000;Libre;4878869;0
12;02;10;12;00;000;RECUPERACIÓN DE PRÉSTAMOS;10;0
12;02;10;12;10;000;Ingresos por Percibir;10;0
12;02;10;15;00;000;SALDO INICIAL DE CAJA;10;0
12;02;10;21;00;000;GASTOS EN PERSONAL;4610663;0
12;02;10;22;00;000;BIENES Y SERVICIOS DE CONSUMO;233769;0
12;02;10;23;00;000;PRESTACIONES DE SEGURIDAD SOCIAL;10;0
12;02;10;23;03;000;Prestaciones Sociales del Empleador;10;0
12;02;10;25;00;000;INTEGROS AL FISCO;126917;0
12;02;10;25;99;000;Otros Integros al Fisco;126917;0
12;02;10;29;00;000;ADQUISICIÓN DE ACTIVOS NO FINANCIEROS;35625;0
12;02;10;29;04;000;Mobiliario y Otros;167;0
12;02;10;29;05;000;Máquinas y Equipos;309;0
12;02;10;29;06;000;Equipos Informáticos;31305;0
12;02;10;29;07;000;Programas Informáticos;3844;0
12;02;10;34;00;000;SERVICIO DE LA DEUDA;10;0
12;02;10;34;07;000;Deuda Flotante;10;0
12;02;10;35;00;000;SALDO FINAL DE CAJA;10;0
12;02;11;05;00;000;TRANSFERENCIAS CORRIENTES;10;0
12;02;11;05;02;000;Del Gobierno Central;10;0
12;02;11;05;02;201;Recuperación de Licencias Médicas - FONASA;10;0
12;02;11;06;00;000;RENTAS DE LA PROPIEDAD;2945;0
12;02;11;08;00;000;OTROS INGRESOS CORRIENTES;153729;0
12;02;11;08;01;000;Recuperaciones y Reembolsos por Licencias Médicas;147741;0
12;02;11;08;02;000;Multas y Sanciones Pecuniarias;5988;0
12;02;11;09;00;000;APORTE FISCAL;8813338;0
12;02;11;09;01;000;Libre;8813338;0
12;02;11;10;00;000;VENTA DE ACTIVOS NO FINANCIEROS;1803;0
12;02;11;10;03;000;Vehículos;1803;0
12;02;11;12;00;000;RECUPERACIÓN DE PRÉSTAMOS;10;0
12;02;11;12;10;000;Ingresos por Percibir;10;0
12;02;11;15;00;000;SALDO INICIAL DE CAJA;10;0
12;02;11;21;00;000;GASTOS EN PERSONAL;6803519;0
12;02;11;22;00;000;BIENES Y SERVICIOS DE CONSUMO;331432;0
12;02;11;23;00;000;PRESTACIONES DE SEGURIDAD SOCIAL;10;0
12;02;11;23;03;000;Prestaciones Sociales del Empleador;10;0
12;02;11;25;00;000;INTEGROS AL FISCO;147751;0
12;02;11;25;99;000;Otros Integros al Fisco;147751;0
12;02;11;29;00;000;ADQUISICIÓN DE ACTIVOS NO FINANCIEROS;295089;0
12;02;11;29;04;000;Mobiliario y Otros;16626;0
12;02;11;29;05;000;Máquinas y Equipos;12986;0
12;02;11;29;06;000;Equipos Informáticos;29835;0
12;02;11;29;07;000;Programas Informáticos;235642;0
12;02;11;31;00;000;INICIATIVAS DE INVERSIÓN;1394024;0
12;02;11;31;01;000;Estudios Básicos;1394024;0
12;02;11;34;00;000;SERVICIO DE LA DEUDA;10;0
12;02;11;34;07;000;Deuda Flotante;10;0
12;02;11;35;00;000;SALDO FINAL DE CAJA;10;0
12;02;12;05;00;000;TRANSFERENCIAS CORRIENTES;10;0
12;02;12;05;02;000;Del Gobierno Central;10;0
12;02;12;05;02;201;Recuperación de Licencias Médicas - FONASA;10;0
12;02;12;08;00;000;OTROS INGRESOS CORRIENTES;497809;0
12;02;12;08;01;000;Recuperaciones y Reembolsos por Licencias Médicas;364055;0
12;02;12;08;02;000;Multas y Sanciones Pecuniarias;133754;0
12;02;12;09;00;000;APORTE FISCAL;320540534;0
12;02;12;09;01;000;Libre;314775686;0
12;02;12;09;03;000;Servicio de la Deuda Externa;5764848;0
12;02;12;10;00;000;VENTA DE ACTIVOS NO FINANCIEROS;514;0
12;02;12;10;06;000;Equipos Informáticos;514;0
12;02;12;12;00;000;RECUPERACIÓN DE PRÉSTAMOS;10;0
12;02;12;12;10;000;Ingresos por Percibir;10;0
12;02;12;15;00;000;SALDO INICIAL DE CAJA;10;0
12;02;12;21;00;000;GASTOS EN PERSONAL;16936074;0
12;02;12;22;00;000;BIENES Y SERVICIOS DE CONSUMO;2013593;0
12;02;12;23;00;000;PRESTACIONES DE SEGURIDAD SOCIAL;20;0
12;02;12;23;01;000;Prestaciones Previsionales;10;0
12;02;12;23;03;000;Prestaciones Sociales del Empleador;10;0
12;02;12;24;00;000;TRANSFERENCIAS CORRIENTES;6071939;0
12;02;12;24;03;000;A Otras Entidades Públicas;2925869;0
12;02;12;24;03;400;Aplicación Leyes N°20.998 y N°21.435;2925869;0
12;02;12;24;08;000;A Instituciones Privadas Ejecutoras de Políticas Públicas;3146070;0
12;02;12;24;08;400;Aplicación Leyes N°20.998 y N°21.435;3146070;0
12;02;12;25;00;000;INTEGROS AL FISCO;364065;0
12;02;12;25;99;000;Otros Integros al Fisco;364065;0
12;02;12;29;00;000;ADQUISICIÓN DE ACTIVOS NO FINANCIEROS;498414;0
12;02;12;29;03;000;Vehículos;131686;0
12;02;12;29;04;000;Mobiliario y Otros;23778;0
12;02;12;29;07;000;Programas Informáticos;342950;0
12;02;12;31;00;000;INICIATIVAS DE INVERSIÓN;289389904;0
12;02;12;31;01;000;Estudios Básicos;2988799;0
12;02;12;31;02;000;Proyectos;286401105;0
12;02;12;32;00;000;PRÉSTAMOS;10;0
12;02;12;32;06;000;Por Anticipos a Contratistas;10;0
12;02;12;34;00;000;SERVICIO DE LA DEUDA;5764858;0
12;02;12;34;04;000;Intereses Deuda Externa;5764848;0
12;02;12;34;07;000;Deuda Flotante;10;0
12;02;12;35;00;000;SALDO FINAL DE CAJA;10;0
12;02;13;05;00;000;TRANSFERENCIAS CORRIENTES;10;0
12;02;13;05;02;000;Del Gobierno Central;10;0
12;02;13;05;02;201;Recuperación de Licencias Médicas - FONASA;10;0
12;02;13;06;00;000;RENTAS DE LA PROPIEDAD;11668;0
12;02;13;08;00;000;OTROS INGRESOS CORRIENTES;210282;0
12;02;13;08;01;000;Recuperaciones y Reembolsos por Licencias Médicas;210282;0
12;02;13;09;00;000;APORTE FISCAL;12373421;0
12;02;13;09;01;000;Libre;12373421;0
12;02;13;12;00;000;RECUPERACIÓN DE PRÉSTAMOS;10;0
12;02;13;12;10;000;Ingresos por Percibir;10;0
12;02;13;15;00;000;SALDO INICIAL DE CAJA;10;0
12;02;13;21;00;000;GASTOS EN PERSONAL;11591142;0
12;02;13;22;00;000;BIENES Y SERVICIOS DE CONSUMO;585201;0
12;02;13;23;00;000;PRESTACIONES DE SEGURIDAD SOCIAL;10;0
12;02;13;23;03;000;Prestaciones Sociales del Empleador;10;0
12;02;13;25;00;000;INTEGROS AL FISCO;210292;0
12;02;13;25;99;000;Otros Integros al Fisco;210292;0
12;02;13;29;00;000;ADQUISICIÓN DE ACTIVOS NO FINANCIEROS;208736;0
12;02;13;29;04;000;Mobiliario y Otros;514;0
12;02;13;29;05;000;Máquinas y Equipos;617;0
12;02;13;29;06;000;Equipos Informáticos;47388;0
12;02;13;29;07;000;Programas Informáticos;157162;0
12;02;13;29;99;000;Otros Activos no Financieros;3055;0
12;02;13;34;00;000;SERVICIO DE LA DEUDA;10;0
12;02;13;34;07;000;Deuda Flotante;10;0
12;02;13;35;00;000;SALDO FINAL DE CAJA;10;0
12;02;22;09;00;000;APORTE FISCAL;10;0
12;02;22;09;01;000;Libre;10;0
12;02;22;13;00;000;TRANSFERENCIAS PARA GASTOS DE CAPITAL;3969171;0
12;02;22;13;02;000;Del Gobierno Central;3969171;0
12;02;22;13;02;003;Servicio Nacional del Patrimonio Cultural;3609091;0
12;02;22;13;02;029;Subsecretaría de las Culturas y las Artes, Programa 01;360080;0
12;02;22;15;00;000;SALDO INICIAL DE CAJA;10;0
12;02;22;31;00;000;INICIATIVAS DE INVERSIÓN;3969171;0
12;02;22;31;01;000;Estudios Básicos;227740;0
12;02;22;31;02;000;Proyectos;3741431;0
12;02;22;32;00;000;PRÉSTAMOS;10;0
12;02;22;32;06;000;Por Anticipos a Contratistas;10;0
12;02;22;35;00;000;SALDO FINAL DE CAJA;10;0
12;02;23;09;00;000;APORTE FISCAL;11269549;0
12;02;23;09;01;000;Libre;11269549;0
12;02;23;15;00;000;SALDO INICIAL DE CAJA;10;0
12;02;23;22;00;000;BIENES Y SERVICIOS DE CONSUMO;11269539;0
12;02;23;34;00;000;SERVICIO DE LA DEUDA;10;0
12;02;23;34;07;000;Deuda Flotante;10;0
12;02;23;35;00;000;SALDO FINAL DE CAJA;10;0
12;02;24;05;00;000;TRANSFERENCIAS CORRIENTES;10;0
12;02;24;05;02;000;Del Gobierno Central;10;0
12;02;24;05;02;201;Recuperación de Licencias Médicas - FONASA;10;0
12;02;24;08;00;000;OTROS INGRESOS CORRIENTES;63874;0
12;02;24;08;01;000;Recuperaciones y Reembolsos por Licencias Médicas;63874;0
12;02;24;09;00;000;APORTE FISCAL;15609226;0
12;02;24;09;01;000;Libre;15609226;0
12;02;24;12;00;000;RECUPERACIÓN DE PRÉSTAMOS;10;0
12;02;24;12;10;000;Ingresos por Percibir;10;0
12;02;24;15;00;000;SALDO INICIAL DE CAJA;10;0
12;02;24;21;00;000;GASTOS EN PERSONAL;9403443;0
12;02;24;22;00;000;BIENES Y SERVICIOS DE CONSUMO;3909906;0
12;02;24;23;00;000;PRESTACIONES DE SEGURIDAD SOCIAL;20;0
12;02;24;23;01;000;Prestaciones Previsionales;10;0
12;02;24;23;03;000;Prestaciones Sociales del Empleador;10;0
12;02;24;25;00;000;INTEGROS AL FISCO;63884;0
12;02;24;25;99;000;Otros Integros al Fisco;63884;0
12;02;24;29;00;000;ADQUISICIÓN DE ACTIVOS NO FINANCIEROS;2295857;0
12;02;24;29;03;000;Vehículos;1150893;0
12;02;24;29;05;000;Máquinas y Equipos;905858;0
12;02;24;29;06;000;Equipos Informáticos;106519;0
12;02;24;29;07;000;Programas Informáticos;132587;0
12;02;24;34;00;000;SERVICIO DE LA DEUDA;10;0
12;02;24;34;07;000;Deuda Flotante;10;0
12;02;24;35;00;000;SALDO FINAL DE CAJA;10;0
12;02;26;05;00;000;TRANSFERENCIAS CORRIENTES;10;0
12;02;26;05;02;000;Del Gobierno Central;10;0
12;02;26;05;02;201;Recuperación de Licencias Médicas - FONASA;10;0
12;02;26;08;00;000;OTROS INGRESOS CORRIENTES;10;0
12;02;26;08;01;000;Recuperaciones y Reembolsos por Licencias Médicas;10;0
12;02;26;09;00;000;APORTE FISCAL;24817450;0
12;02;26;09;01;000;Libre;24817450;0
12;02;26;12;00;000;RECUPERACIÓN DE PRÉSTAMOS;10;0
12;02;26;12;10;000;Ingresos por Percibir;10;0
12;02;26;15;00;000;SALDO INICIAL DE CAJA;10;0
12;02;26;21;00;000;GASTOS EN PERSONAL;448057;0
12;02;26;22;00;000;BIENES Y SERVICIOS DE CONSUMO;9499338;0
12;02;26;23;00;000;PRESTACIONES DE SEGURIDAD SOCIAL;10;0
12;02;26;23;03;000;Prestaciones Sociales del Empleador;10;0
12;02;26;25;00;000;INTEGROS AL FISCO;30;0
12;02;26;25;01;000;Impuestos;10;0
12;02;26;25;99;000;Otros Integros al Fisco;20;0
12;02;26;29;00;000;ADQUISICIÓN DE ACTIVOS NO FINANCIEROS;14870035;0
12;02;26;29;03;000;Vehículos;13156897;0
12;02;26;29;04;000;Mobiliario y Otros;3292;0
12;02;26;29;99;000;Otros Activos no Financieros;1709846;0
12;02;26;34;00;000;SERVICIO DE LA DEUDA;10;0
12;02;26;34;07;000;Deuda Flotante;10;0
12;02;26;35;00;000;SALDO FINAL DE CAJA;10;0
12;02;34;05;00;000;TRANSFERENCIAS CORRIENTES;564048;0
12;02;34;05;02;000;Del Gobierno Central;564048;0
12;02;34;05;02;201;Recuperación de Licencias Médicas - FONASA;10;0
12;02;34;05;02;203;De Dirección De Obras Hidráulicas;564038;0
12;02;34;08;00;000;OTROS INGRESOS CORRIENTES;105065;0
12;02;34;08;01;000;Recuperaciones y Reembolsos por Licencias Médicas;105065;0
12;02;34;09;00;000;APORTE FISCAL;200538340;0
12;02;34;09;01;000;Libre;200538340;0
12;02;34;12;00;000;RECUPERACIÓN DE PRÉSTAMOS;10;0
12;02;34;12;10;000;Ingresos por Percibir;10;0
12;02;34;15;00;000;SALDO INICIAL DE CAJA;10;0
12;02;34;21;00;000;GASTOS EN PERSONAL;43658080;0
12;02;34;22;00;000;BIENES Y SERVICIOS DE CONSUMO;39434751;0
12;02;34;23;00;000;PRESTACIONES DE SEGURIDAD SOCIAL;20;0
12;02;34;23;01;000;Prestaciones Previsionales;10;0
12;02;34;23;03;000;Prestaciones Sociales del Empleador;10;0
12;02;34;25;00;000;INTEGROS AL FISCO;105075;0
12;02;34;25;99;000;Otros Integros al Fisco;105075;0
12;02;34;29;00;000;ADQUISICIÓN DE ACTIVOS NO FINANCIEROS;20105252;0
12;02;34;29;05;000;Máquinas y Equipos;20105252;0
12;02;34;31;00;000;INICIATIVAS DE INVERSIÓN;97904275;0
12;02;34;31;02;000;Proyectos;97904275;0
12;02;34;34;00;000;SERVICIO DE LA DEUDA;10;0
12;02;34;34;07;000;Deuda Flotante;10;0
12;02;34;35;00;000;SALDO FINAL DE CAJA;10;0
12;02;37;05;00;000;TRANSFERENCIAS CORRIENTES;10;0
12;02;37;05;02;000;Del Gobierno Central;10;0
12;02;37;05;02;201;Recuperación de Licencias Médicas - FONASA;10;0
12;02;37;08;00;000;OTROS INGRESOS CORRIENTES;10;0
12;02;37;08;01;000;Recuperaciones y Reembolsos por Licencias Médicas;10;0
12;02;37;09;00;000;APORTE FISCAL;3269351;0
12;02;37;09;01;000;Libre;3269351;0
12;02;37;12;00;000;RECUPERACIÓN DE PRÉSTAMOS;10;0
12;02;37;12;10;000;Ingresos por Percibir;10;0
12;02;37;15;00;000;SALDO INICIAL DE CAJA;10;0
12;02;37;21;00;000;GASTOS EN PERSONAL;939333;0
12;02;37;22;00;000;BIENES Y SERVICIOS DE CONSUMO;406012;0
12;02;37;23;00;000;PRESTACIONES DE SEGURIDAD SOCIAL;20;0
12;02;37;23;01;000;Prestaciones Previsionales;10;0
12;02;37;23;03;000;Prestaciones Sociales del Empleador;10;0
12;02;37;25;00;000;INTEGROS AL FISCO;20;0
12;02;37;25;99;000;Otros Integros al Fisco;20;0
12;02;37;29;00;000;ADQUISICIÓN DE ACTIVOS NO FINANCIEROS;404525;0
12;02;37;29;03;000;Vehículos;43210;0
12;02;37;29;05;000;Máquinas y Equipos;348868;0
12;02;37;29;99;000;Otros Activos no Financieros;12447;0
12;02;37;31;00;000;INICIATIVAS DE INVERSIÓN;1519461;0
12;02;37;31;02;000;Proyectos;1519461;0
12;02;37;34;00;000;SERVICIO DE LA DEUDA;10;0
12;02;37;34;07;000;Deuda Flotante;10;0
12;02;37;35;00;000;SALDO FINAL DE CAJA;10;0
12;03;01;05;00;000;TRANSFERENCIAS CORRIENTES;548433;0
12;03;01;05;02;000;Del Gobierno Central;548433;0
12;03;01;05;02;002;Convenio Mandato con MINSAL;548423;0
12;03;01;05;02;201;Recuperación de Licencias Médicas - FONASA;10;0
12;03;01;07;00;000;INGRESOS DE OPERACIÓN;52867727;0
12;03;01;08;00;000;OTROS INGRESOS CORRIENTES;241418789;0
12;03;01;08;01;000;Recuperaciones y Reembolsos por Licencias Médicas;301159;0
12;03;01;08;99;000;Otros;241117630;0
12;03;01;09;00;000;APORTE FISCAL;134511334;0
12;03;01;09;01;000;Libre;134511334;0
12;03;01;12;00;000;RECUPERACIÓN DE PRÉSTAMOS;10;0
12;03;01;12;10;000;Ingresos por Percibir;10;0
12;03;01;13;00;000;TRANSFERENCIAS PARA GASTOS DE CAPITAL;745228768;0
12;03;01;13;01;000;Del Sector Privado;88311060;0
12;03;01;13;01;001;Aporte Concesionarios para Expropiaciones;88311060;0
12;03;01;13;02;000;Del Gobierno Central;656917708;0
12;03;01;13;02;001;I.V.A. Concesiones Obras Públicas;640696819;0
12;03;01;13;02;005;Reintegro IVA concesiones - DGAC;16220889;0
12;03;01;15;00;000;SALDO INICIAL DE CAJA;10;0
12;03;01;21;00;000;GASTOS EN PERSONAL;19654166;0
12;03;01;22;00;000;BIENES Y SERVICIOS DE CONSUMO;1290472;0
12;03;01;23;00;000;PRESTACIONES DE SEGURIDAD SOCIAL;10;0
12;03;01;23;03;000;Prestaciones Sociales del Empleador;10;0
12;03;01;25;00;000;INTEGROS AL FISCO;301169;0
12;03;01;25;99;000;Otros Integros al Fisco;301169;0
12;03;01;29;00;000;ADQUISICIÓN DE ACTIVOS NO FINANCIEROS;620367;0
12;03;01;29;06;000;Equipos Informáticos;37037;0
12;03;01;29;07;000;Programas Informáticos;583330;0
12;03;01;31;00;000;INICIATIVAS DE INVERSIÓN;495791159;0
12;03;01;31;02;000;Proyectos;495791159;0
12;03;01;33;00;000;TRANSFERENCIAS DE CAPITAL;656917708;0
12;03;01;33;01;000;Al Sector Privado;656917708;0
12;03;01;33;01;027;Reintegro Crédito - I.V.A. Concesiones;656917708;0
12;03;01;34;00;000;SERVICIO DE LA DEUDA;10;0
12;03;01;34;07;000;Deuda Flotante;10;0
12;03;01;35;00;000;SALDO FINAL DE CAJA;10;0
12;04;01;05;00;000;TRANSFERENCIAS CORRIENTES;10;0
12;04;01;05;02;000;Del Gobierno Central;10;0
12;04;01;05;02;201;Recuperación de Licencias Médicas - FONASA;10;0
12;04;01;06;00;000;RENTAS DE LA PROPIEDAD;5638;0
12;04;01;08;00;000;OTROS INGRESOS CORRIENTES;445549;0
12;04;01;08;01;000;Recuperaciones y Reembolsos por Licencias Médicas;445549;0
12;04;01;09;00;000;APORTE FISCAL;35050086;0
12;04;01;09;01;000;Libre;35050086;0
12;04;01;10;00;000;VENTA DE ACTIVOS NO FINANCIEROS;12728;0
12;04;01;10;03;000;Vehículos;10607;0
12;04;01;10;04;000;Mobiliario y Otros;2121;0
12;04;01;12;00;000;RECUPERACIÓN DE PRÉSTAMOS;20;0
12;04;01;12;06;000;Por Anticipos a Contratistas;10;0
12;04;01;12;10;000;Ingresos por Percibir;10;0
12;04;01;15;00;000;SALDO INICIAL DE CAJA;10;0
12;04;01;21;00;000;GASTOS EN PERSONAL;16681542;0
12;04;01;22;00;000;BIENES Y SERVICIOS DE CONSUMO;2365465;0
12;04;01;23;00;000;PRESTACIONES DE SEGURIDAD SOCIAL;10;0
12;04;01;23;03;000;Prestaciones Sociales del Empleador;10;0
12;04;01;24;00;000;TRANSFERENCIAS CORRIENTES;175781;0
12;04;01;24;01;000;Al Sector Privado;175781;0
12;04;01;24;01;001;Centro de Aguas para Zonas Aridas y Semiáridas de América Latina y el Caribe;175781;0
12;04;01;25;00;000;INTEGROS AL FISCO;445559;0
12;04;01;25;99;000;Otros Integros al Fisco;445559;0
12;04;01;29;00;000;ADQUISICIÓN DE ACTIVOS NO FINANCIEROS;1461101;0
12;04;01;29;06;000;Equipos Informáticos;561941;0
12;04;01;29;07;000;Programas Informáticos;899160;0
12;04;01;31;00;000;INICIATIVAS DE INVERSIÓN;14384553;0
12;04;01;31;01;000;Estudios Básicos;1822399;0
12;04;01;31;02;000;Proyectos;12562154;0
12;04;01;32;00;000;PRÉSTAMOS;10;0
12;04;01;32;06;000;Por Anticipos a Contratistas;10;0
12;04;01;34;00;000;SERVICIO DE LA DEUDA;10;0
12;04;01;34;07;000;Deuda Flotante;10;0
12;04;01;35;00;000;SALDO FINAL DE CAJA;10;0
12;04;02;09;00;000;APORTE FISCAL;3454921;0
12;04;02;09;01;000;Libre;3454921;0
12;04;02;15;00;000;SALDO INICIAL DE CAJA;10;0
12;04;02;22;00;000;BIENES Y SERVICIOS DE CONSUMO;1642540;0
12;04;02;29;00;000;ADQUISICIÓN DE ACTIVOS NO FINANCIEROS;1812371;0
12;04;02;29;05;000;Máquinas y Equipos;1812371;0
12;04;02;34;00;000;SERVICIO DE LA DEUDA;10;0
12;04;02;34;07;000;Deuda Flotante;10;0
12;04;02;35;00;000;SALDO FINAL DE CAJA;10;0
12;04;03;05;00;000;TRANSFERENCIAS CORRIENTES;10;0
12;04;03;05;02;000;Del Gobierno Central;10;0
12;04;03;05;02;201;Recuperación de Licencias Médicas - FONASA;10;0
12;04;03;08;00;000;OTROS INGRESOS CORRIENTES;7943;0
12;04;03;08;01;000;Recuperaciones y Reembolsos por Licencias Médicas;7943;0
12;04;03;09;00;000;APORTE FISCAL;5433732;0
12;04;03;09;01;000;Libre;5433732;0
12;04;03;12;00;000;RECUPERACIÓN DE PRÉSTAMOS;10;0
12;04;03;12;10;000;Ingresos por Percibir;10;0
12;04;03;15;00;000;SALDO INICIAL DE CAJA;10;0
12;04;03;21;00;000;GASTOS EN PERSONAL;2112052;0
12;04;03;22;00;000;BIENES Y SERVICIOS DE CONSUMO;381750;0
12;04;03;24;00;000;TRANSFERENCIAS CORRIENTES;481257;0
12;04;03;24;03;000;A Otras Entidades Públicas;309668;0
12;04;03;24;03;400;Aplicación Leyes N°20.998 y N°21.435;309668;0
12;04;03;24;08;000;A Instituciones Privadas Ejecutoras de Políticas Públicas;171589;0
12;04;03;24;08;400;Aplicación Leyes N°20.998 y N°21.435;171589;0
12;04;03;25;00;000;INTEGROS AL FISCO;7953;0
12;04;03;25;99;000;Otros Integros al Fisco;7953;0
12;04;03;29;00;000;ADQUISICIÓN DE ACTIVOS NO FINANCIEROS;9100;0
12;04;03;29;04;000;Mobiliario y Otros;3909;0
12;04;03;29;06;000;Equipos Informáticos;5191;0
12;04;03;31;00;000;INICIATIVAS DE INVERSIÓN;2449573;0
12;04;03;31;01;000;Estudios Básicos;2449573;0
12;04;03;34;00;000;SERVICIO DE LA DEUDA;10;0
12;04;03;34;07;000;Deuda Flotante;10;0
12;04;03;35;00;000;SALDO FINAL DE CAJA;10;0
12;04;04;05;00;000;TRANSFERENCIAS CORRIENTES;10;0
12;04;04;05;02;000;Del Gobierno Central;10;0
12;04;04;05;02;201;Recuperación de Licencias Médicas - FONASA;10;0
12;04;04;08;00;000;OTROS INGRESOS CORRIENTES;10;0
12;04;04;08;01;000;Recuperaciones y Reembolsos por Licencias Médicas;10;0
12;04;04;09;00;000;APORTE FISCAL;8526440;0
12;04;04;09;01;000;Libre;8526440;0
12;04;04;12;00;000;RECUPERACIÓN DE PRÉSTAMOS;10;0
12;04;04;12;10;000;Ingresos por Percibir;10;0
12;04;04;15;00;000;SALDO INICIAL DE CAJA;10;0
12;04;04;21;00;000;GASTOS EN PERSONAL;8332148;0
12;04;04;22;00;000;BIENES Y SERVICIOS DE CONSUMO;194292;0
12;04;04;25;00;000;INTEGROS AL FISCO;20;0
12;04;04;25;99;000;Otros Integros al Fisco;20;0
12;04;04;34;00;000;SERVICIO DE LA DEUDA;10;0
12;04;04;34;07;000;Deuda Flotante;10;0
12;04;04;35;00;000;SALDO FINAL DE CAJA;10;0
12;05;01;05;00;000;TRANSFERENCIAS CORRIENTES;10;0
12;05;01;05;02;000;Del Gobierno Central;10;0
12;05;01;05;02;201;Recuperación de Licencias Médicas - FONASA;10;0
12;05;01;06;00;000;RENTAS DE LA PROPIEDAD;4243;0
12;05;01;07;00;000;INGRESOS DE OPERACIÓN;791535;0
12;05;01;08;00;000;OTROS INGRESOS CORRIENTES;14976;0
12;05;01;08;01;000;Recuperaciones y Reembolsos por Licencias Médicas;11668;0
12;05;01;08;02;000;Multas y Sanciones Pecuniarias;1716;0
12;05;01;08;99;000;Otros;1592;0
12;05;01;09;00;000;APORTE FISCAL;2396802;0
12;05;01;09;01;000;Libre;2396802;0
12;05;01;12;00;000;RECUPERACIÓN DE PRÉSTAMOS;42428;0
12;05;01;12;10;000;Ingresos por Percibir;42428;0
12;05;01;15;00;000;SALDO INICIAL DE CAJA;10;0
12;05;01;21;00;000;GASTOS EN PERSONAL;2396802;0
12;05;01;22;00;000;BIENES Y SERVICIOS DE CONSUMO;351543;0
12;05;01;23;00;000;PRESTACIONES DE SEGURIDAD SOCIAL;10;0
12;05;01;23;03;000;Prestaciones Sociales del Empleador;10;0
12;05;01;25;00;000;INTEGROS AL FISCO;53045;0
12;05;01;25;01;000;Impuestos;41367;0
12;05;01;25;99;000;Otros Integros al Fisco;11678;0
12;05;01;29;00;000;ADQUISICIÓN DE ACTIVOS NO FINANCIEROS;198051;0
12;05;01;29;04;000;Mobiliario y Otros;9496;0
12;05;01;29;05;000;Máquinas y Equipos;60410;0
12;05;01;29;06;000;Equipos Informáticos;55559;0
12;05;01;29;07;000;Programas Informáticos;72586;0
12;05;01;31;00;000;INICIATIVAS DE INVERSIÓN;250533;0
12;05;01;31;02;000;Proyectos;250533;0
12;05;01;34;00;000;SERVICIO DE LA DEUDA;10;0
12;05;01;34;07;000;Deuda Flotante;10;0
12;05;01;35;00;000;SALDO FINAL DE CAJA;10;0
12;07;01;05;00;000;TRANSFERENCIAS CORRIENTES;10;0
12;07;01;05;02;000;Del Gobierno Central;10;0
12;07;01;05;02;201;Recuperación de Licencias Médicas - FONASA;10;0
12;07;01;08;00;000;OTROS INGRESOS CORRIENTES;90200;0
12;07;01;08;01;000;Recuperaciones y Reembolsos por Licencias Médicas;90180;0
12;07;01;08;02;000;Multas y Sanciones Pecuniarias;10;0
12;07;01;08;99;000;Otros;10;0
12;07;01;09;00;000;APORTE FISCAL;18045012;0
12;07;01;09;01;000;Libre;18045012;0
12;07;01;10;00;000;VENTA DE ACTIVOS NO FINANCIEROS;10;0
12;07;01;10;03;000;Vehículos;10;0
12;07;01;12;00;000;RECUPERACIÓN DE PRÉSTAMOS;10;0
12;07;01;12;10;000;Ingresos por Percibir;10;0
12;07;01;15;00;000;SALDO INICIAL DE CAJA;10;0
12;07;01;21;00;000;GASTOS EN PERSONAL;11475908;0
12;07;01;22;00;000;BIENES Y SERVICIOS DE CONSUMO;5477741;0
12;07;01;23;00;000;PRESTACIONES DE SEGURIDAD SOCIAL;10;0
12;07;01;23;03;000;Prestaciones Sociales del Empleador;10;0
12;07;01;24;00;000;TRANSFERENCIAS CORRIENTES;1872;0
12;07;01;24;07;000;A Organismos Internacionales;1872;0
12;07;01;24;07;001;Asociación de Entes Reguladores de Agua y Saneamiento de las Américas;1872;0
12;07;01;25;00;000;INTEGROS AL FISCO;90190;0
12;07;01;25;99;000;Otros Integros al Fisco;90190;0
12;07;01;29;00;000;ADQUISICIÓN DE ACTIVOS NO FINANCIEROS;528253;0
12;07;01;29;03;000;Vehículos;108024;0
12;07;01;29;04;000;Mobiliario y Otros;19985;0
12;07;01;29;05;000;Máquinas y Equipos;10267;0
12;07;01;29;06;000;Equipos Informáticos;226336;0
12;07;01;29;07;000;Programas Informáticos;163641;0
12;07;01;31;00;000;INICIATIVAS DE INVERSIÓN;561258;0
12;07;01;31;02;000;Proyectos;561258;0
12;07;01;34;00;000;SERVICIO DE LA DEUDA;10;0
12;07;01;34;07;000;Deuda Flotante;10;0
12;07;01;35;00;000;SALDO FINAL DE CAJA;10;0
13;01;01;05;00;000;TRANSFERENCIAS CORRIENTES;10;0
13;01;01;05;02;000;Del Gobierno Central;10;0
13;01;01;05;02;201;Recuperación de Licencias Médicas - FONASA;10;0
13;01;01;08;00;000;OTROS INGRESOS CORRIENTES;96503;0
13;01;01;08;01;000;Recuperaciones y Reembolsos por Licencias Médicas;96483;0
13;01;01;08;02;000;Multas y Sanciones Pecuniarias;10;0
13;01;01;08;99;000;Otros;10;0
13;01;01;09;00;000;APORTE FISCAL;30246275;0
13;01;01;09;01;000;Libre;29893789;0
13;01;01;09;03;000;Servicio de la Deuda Externa;352486;0
13;01;01;12;00;000;RECUPERACIÓN DE PRÉSTAMOS;10;0
13;01;01;12;10;000;Ingresos por Percibir;10;0
13;01;01;15;00;000;SALDO INICIAL DE CAJA;10;0
13;01;01;21;00;000;GASTOS EN PERSONAL;9529246;0
13;01;01;22;00;000;BIENES Y SERVICIOS DE CONSUMO;1029255;0
13;01;01;23;00;000;PRESTACIONES DE SEGURIDAD SOCIAL;10;0
13;01;01;23;03;000;Prestaciones Sociales del Empleador;10;0
13;01;01;24;00;000;TRANSFERENCIAS CORRIENTES;19029092;0
13;01;01;24;01;000;Al Sector Privado;1037137;0
13;01;01;24;01;368;Fundación de Comunicaciones del Agro;611121;0
13;01;01;24;01;369;Emergencias Agrícolas;10;0
13;01;01;24;01;377;Red Agroclimática Nacional;406535;0
13;01;01;24;01;381;Corporación Consorcio Lechero;19471;0
13;01;01;24;02;000;Al Gobierno Central;17309379;0
13;01;01;24;02;001;Promoción de Exportaciones Agricultura - PROCHILE;7409614;0
13;01;01;24;02;002;Corporación de Fomento de la Producción - Fomento Productivo;1128066;0
13;01;01;24;02;006;Corporación de Fomento de la Producción - Seguro Agrícola;8771699;0
13;01;01;24;03;000;A Otras Entidades Públicas;345041;0
13;01;01;24;03;383;Apoyo a la Comercialización de Pequeños Productores de Trigo;345041;0
13;01;01;24;09;000;A Unidades o Programas del Servicio;337535;0
13;01;01;24;09;359;Agencia Chilena para la Inocuidad Alimentaria;337535;0
13;01;01;25;00;000;INTEGROS AL FISCO;96493;0
13;01;01;25;99;000;Otros Integros al Fisco;96493;0
13;01;01;29;00;000;ADQUISICIÓN DE ACTIVOS NO FINANCIEROS;306206;0
13;01;01;29;03;000;Vehículos;39701;0
13;01;01;29;05;000;Máquinas y Equipos;7716;0
13;01;01;29;06;000;Equipos Informáticos;30350;0
13;01;01;29;07;000;Programas Informáticos;228439;0
13;01;01;34;00;000;SERVICIO DE LA DEUDA;352496;0
13;01;01;34;04;000;Intereses Deuda Externa;352486;0
13;01;01;34;07;000;Deuda Flotante;10;0
13;01;01;35;00;000;SALDO FINAL DE CAJA;10;0
13;01;02;05;00;000;TRANSFERENCIAS CORRIENTES;2786035;0
13;01;02;05;02;000;Del Gobierno Central;2786035;0
13;01;02;05;02;003;Fondo de Innovación, Ciencia y Tecnología;1962995;0
13;01;02;05;02;026;Subsecretaría de Ciencia, Tecnología, Conocimiento e Innovación;823040;0
13;01;02;08;00;000;OTROS INGRESOS CORRIENTES;30;0
13;01;02;08;01;000;Recuperaciones y Reembolsos por Licencias Médicas;10;0
13;01;02;08;02;000;Multas y Sanciones Pecuniarias;10;0
13;01;02;08;99;000;Otros;10;0
13;01;02;09;00;000;APORTE FISCAL;38090987;0
13;01;02;09;01;000;Libre;38090987;0
13;01;02;12;00;000;RECUPERACIÓN DE PRÉSTAMOS;10;0
13;01;02;12;10;000;Ingresos por Percibir;10;0
13;01;02;15;00;000;SALDO INICIAL DE CAJA;10;0
13;01;02;24;00;000;TRANSFERENCIAS CORRIENTES;40877052;0
13;01;02;24;01;000;Al Sector Privado;40877052;0
13;01;02;24;01;371;Instituto de Investigaciones Agropecuarias;22285748;0
13;01;02;24;01;372;Fundación para la Innovación Agraria;8681149;0
13;01;02;24;01;373;Instituto Forestal;5558070;0
13;01;02;24;01;374;Centro de Información de Recursos Naturales;4352085;0
13;01;02;34;00;000;SERVICIO DE LA DEUDA;10;0
13;01;02;34;07;000;Deuda Flotante;10;0
13;01;02;35;00;000;SALDO FINAL DE CAJA;10;0
13;02;01;05;00;000;TRANSFERENCIAS CORRIENTES;10;0
13;02;01;05;02;000;Del Gobierno Central;10;0
13;02;01;05;02;201;Recuperación de Licencias Médicas - FONASA;10;0
13;02;01;08;00;000;OTROS INGRESOS CORRIENTES;43527;0
13;02;01;08;01;000;Recuperaciones y Reembolsos por Licencias Médicas;43507;0
13;02;01;08;02;000;Multas y Sanciones Pecuniarias;10;0
13;02;01;08;99;000;Otros;10;0
13;02;01;09;00;000;APORTE FISCAL;8645435;0
13;02;01;09;01;000;Libre;8645435;0
13;02;01;12;00;000;RECUPERACIÓN DE PRÉSTAMOS;10;0
13;02;01;12;10;000;Ingresos por Percibir;10;0
13;02;01;15;00;000;SALDO INICIAL DE CAJA;10;0
13;02;01;21;00;000;GASTOS EN PERSONAL;5570555;0
13;02;01;22;00;000;BIENES Y SERVICIOS DE CONSUMO;910323;0
13;02;01;23;00;000;PRESTACIONES DE SEGURIDAD SOCIAL;10;0
13;02;01;23;03;000;Prestaciones Sociales del Empleador;10;0
13;02;01;24;00;000;TRANSFERENCIAS CORRIENTES;1926400;0
13;02;01;24;01;000;Al Sector Privado;603151;0
13;02;01;24;01;011;Centro de Información de Recursos Naturales;603151;0
13;02;01;24;02;000;Al Gobierno Central;1323249;0
13;02;01;24;02;003;INE - Estadísticas Continuas Intercensales;1323249;0
13;02;01;25;00;000;INTEGROS AL FISCO;43517;0
13;02;01;25;99;000;Otros Integros al Fisco;43517;0
13;02;01;29;00;000;ADQUISICIÓN DE ACTIVOS NO FINANCIEROS;238167;0
13;02;01;29;07;000;Programas Informáticos;238167;0
13;02;01;34;00;000;SERVICIO DE LA DEUDA;10;0
13;02;01;34;07;000;Deuda Flotante;10;0
13;02;01;35;00;000;SALDO FINAL DE CAJA;10;0
13;03;01;05;00;000;TRANSFERENCIAS CORRIENTES;5460182;0
13;03;01;05;02;000;Del Gobierno Central;5460182;0
13;03;01;05;02;008;Corporación Nacional de Desarrollo Indígena;5460162;0
13;03;01;05;02;201;Recuperación de Licencias Médicas - FONASA;10;0
13;03;01;05;02;999;CORFO - Aplicación Fondo Cobertura de Riesgos;10;0
13;03;01;06;00;000;RENTAS DE LA PROPIEDAD;4007627;0
13;03;01;08;00;000;OTROS INGRESOS CORRIENTES;1971473;0
13;03;01;08;01;000;Recuperaciones y Reembolsos por Licencias Médicas;985857;0
13;03;01;08;02;000;Multas y Sanciones Pecuniarias;10;0
13;03;01;08;99;000;Otros;985606;0
13;03;01;09;00;000;APORTE FISCAL;222952397;0
13;03;01;09;01;000;Libre;222952397;0
13;03;01;12;00;000;RECUPERACIÓN DE PRÉSTAMOS;108061589;0
13;03;01;12;04;000;De Fomento;108061579;0
13;03;01;12;10;000;Ingresos por Percibir;10;0
13;03;01;13;00;000;TRANSFERENCIAS PARA GASTOS DE CAPITAL;6404724;0
13;03;01;13;02;000;Del Gobierno Central;6404724;0
13;03;01;13;02;008;Corporación Nacional de Desarrollo Indígena;4931875;0
13;03;01;13;02;009;Comisión Nacional de Riego - Art 3° Ley N° 18.450;1472849;0
13;03;01;15;00;000;SALDO INICIAL DE CAJA;10;0
13;03;01;21;00;000;GASTOS EN PERSONAL;58753931;0
13;03;01;22;00;000;BIENES Y SERVICIOS DE CONSUMO;8381247;0
13;03;01;23;00;000;PRESTACIONES DE SEGURIDAD SOCIAL;10;0
13;03;01;23;03;000;Prestaciones Sociales del Empleador;10;0
13;03;01;24;00;000;TRANSFERENCIAS CORRIENTES;71059501;0
13;03;01;24;01;000;Al Sector Privado;13891717;0
13;03;01;24;01;386;Apoyo a la Contratación del Seguro Agrícola;2366437;0
13;03;01;24;01;389;Sistema de Incentivos Ley N° 20.412;8514666;0
13;03;01;24;01;404;Emergencias;10;0
13;03;01;24;01;407;Servicios Desarrollo de Capacidades Productivas y Empresariales;1028800;0
13;03;01;24;01;420;Alianzas Productivas;1981804;0
13;03;01;24;03;000;A Otras Entidades Públicas;43282166;0
13;03;01;24;03;416;Programa de Desarrollo de Acción Local;22029347;0
13;03;01;24;03;418;Programa de Desarrollo Territorial Indígena;21252819;0
13;03;01;24;09;000;A Unidades o Programas del Servicio;13885618;0
13;03;01;24;09;415;Servicios de Asesoría Técnica;11831221;0
13;03;01;24;09;421;Asesoría para Comercialización;986535;0
13;03;01;24;09;422;Asesoría Producción Sustentable de Cultivos Tradicionales;816540;0
13;03;01;24;09;423;Programa de Transición a la Agricultura Sostenible;251322;0
13;03;01;25;00;000;INTEGROS AL FISCO;985877;0
13;03;01;25;01;000;Impuestos;10;0
13;03;01;25;99;000;Otros Integros al Fisco;985867;0
13;03;01;26;00;000;OTROS GASTOS CORRIENTES;10;0
13;03;01;26;02;000;Compensaciones por Daños a Terceros y/o a la Propiedad;10;0
13;03;01;29;00;000;ADQUISICIÓN DE ACTIVOS NO FINANCIEROS;972750;0
13;03;01;29;03;000;Vehículos;102880;0
13;03;01;29;04;000;Mobiliario y Otros;20068;0
13;03;01;29;05;000;Máquinas y Equipos;90978;0
13;03;01;29;07;000;Programas Informáticos;758824;0
13;03;01;32;00;000;PRÉSTAMOS;113542055;0
13;03;01;32;04;000;De Fomento;113542055;0
13;03;01;32;04;004;Corto Plazo;97779831;0
13;03;01;32;04;005;Largo Plazo;14289375;0
13;03;01;32;04;006;Pre financiamiento art. 3°, Ley N° 18.450;1472849;0
13;03;01;33;00;000;TRANSFERENCIAS DE CAPITAL;95162601;0
13;03;01;33;01;000;Al Sector Privado;95162601;0
13;03;01;33;01;001;Riego;32976762;0
13;03;01;33;01;002;Programa Desarrollo Inversiones;35025404;0
13;03;01;33;01;006;Programa de Desarrollo de Acción Local;10035749;0
13;03;01;33;01;007;Programa de Desarrollo Territorial Indígena;8605624;0
13;03;01;33;01;008;Praderas Suplementarias;5792283;0
13;03;01;33;01;012;Inversiones para Comercialización;46961;0
13;03;01;33;01;014;Inversión Producción Sustentable de Cultivos Tradicionales;2679818;0
13;03;01;34;00;000;SERVICIO DE LA DEUDA;10;0
13;03;01;34;07;000;Deuda Flotante;10;0
13;03;01;35;00;000;SALDO FINAL DE CAJA;10;0
13;04;01;05;00;000;TRANSFERENCIAS CORRIENTES;10;0
13;04;01;05;02;000;Del Gobierno Central;10;0
13;04;01;05;02;201;Recuperación de Licencias Médicas - FONASA;10;0
13;04;01;06;00;000;RENTAS DE LA PROPIEDAD;126248;0
13;04;01;07;00;000;INGRESOS DE OPERACIÓN;1016998;0
13;04;01;08;00;000;OTROS INGRESOS CORRIENTES;2462387;0
13;04;01;08;01;000;Recuperaciones y Reembolsos por Licencias Médicas;2462367;0
13;04;01;08;02;000;Multas y Sanciones Pecuniarias;10;0
13;04;01;08;99;000;Otros;10;0
13;04;01;09;00;000;APORTE FISCAL;39799128;0
13;04;01;09;01;000;Libre;39799128;0
13;04;01;12;00;000;RECUPERACIÓN DE PRÉSTAMOS;10;0
13;04;01;12;10;000;Ingresos por Percibir;10;0
13;04;01;15;00;000;SALDO INICIAL DE CAJA;10;0
13;04;01;21;00;000;GASTOS EN PERSONAL;36346220;0
13;04;01;22;00;000;BIENES Y SERVICIOS DE CONSUMO;2813295;0
13;04;01;23;00;000;PRESTACIONES DE SEGURIDAD SOCIAL;10;0
13;04;01;23;03;000;Prestaciones Sociales del Empleador;10;0
13;04;01;24;00;000;TRANSFERENCIAS CORRIENTES;10;0
13;04;01;24;01;000;Al Sector Privado;10;0
13;04;01;24;01;601;Emergencias Sanitarias;10;0
13;04;01;25;00;000;INTEGROS AL FISCO;2523230;0
13;04;01;25;01;000;Impuestos;60873;0
13;04;01;25;99;000;Otros Integros al Fisco;2462357;0
13;04;01;26;00;000;OTROS GASTOS CORRIENTES;10;0
13;04;01;26;02;000;Compensaciones por Daños a Terceros y/o a la Propiedad;10;0
13;04;01;29;00;000;ADQUISICIÓN DE ACTIVOS NO FINANCIEROS;1721996;0
13;04;01;29;04;000;Mobiliario y Otros;102880;0
13;04;01;29;07;000;Programas Informáticos;1619116;0
13;04;01;34;00;000;SERVICIO DE LA DEUDA;10;0
13;04;01;34;07;000;Deuda Flotante;10;0
13;04;01;35;00;000;SALDO FINAL DE CAJA;10;0
13;04;04;07;00;000;INGRESOS DE OPERACIÓN;53448430;0
13;04;04;08;00;000;OTROS INGRESOS CORRIENTES;30;0
13;04;04;08;01;000;Recuperaciones y Reembolsos por Licencias Médicas;10;0
13;04;04;08;02;000;Multas y Sanciones Pecuniarias;10;0
13;04;04;08;99;000;Otros;10;0
13;04;04;12;00;000;RECUPERACIÓN DE PRÉSTAMOS;10;0
13;04;04;12;10;000;Ingresos por Percibir;10;0
13;04;04;15;00;000;SALDO INICIAL DE CAJA;10;0
13;04;04;21;00;000;GASTOS EN PERSONAL;31859347;0
13;04;04;22;00;000;BIENES Y SERVICIOS DE CONSUMO;2446587;0
13;04;04;25;00;000;INTEGROS AL FISCO;19142526;0
13;04;04;25;01;000;Impuestos;3688264;0
13;04;04;25;99;000;Otros Integros al Fisco;15454262;0
13;04;04;34;00;000;SERVICIO DE LA DEUDA;10;0
13;04;04;34;07;000;Deuda Flotante;10;0
13;04;04;35;00;000;SALDO FINAL DE CAJA;10;0
13;04;05;07;00;000;INGRESOS DE OPERACIÓN;6259778;0
13;04;05;08;00;000;OTROS INGRESOS CORRIENTES;30;0
13;04;05;08;01;000;Recuperaciones y Reembolsos por Licencias Médicas;10;0
13;04;05;08;02;000;Multas y Sanciones Pecuniarias;10;0
13;04;05;08;99;000;Otros;10;0
13;04;05;09;00;000;APORTE FISCAL;13847663;0
13;04;05;09;01;000;Libre;13847663;0
13;04;05;12;00;000;RECUPERACIÓN DE PRÉSTAMOS;10;0
13;04;05;12;10;000;Ingresos por Percibir;10;0
13;04;05;15;00;000;SALDO INICIAL DE CAJA;10;0
13;04;05;21;00;000;GASTOS EN PERSONAL;16547121;0
13;04;05;22;00;000;BIENES Y SERVICIOS DE CONSUMO;3094817;0
13;04;05;25;00;000;INTEGROS AL FISCO;379802;0
13;04;05;25;01;000;Impuestos;379802;0
13;04;05;29;00;000;ADQUISICIÓN DE ACTIVOS NO FINANCIEROS;85731;0
13;04;05;29;07;000;Programas Informáticos;85731;0
13;04;05;34;00;000;SERVICIO DE LA DEUDA;10;0
13;04;05;34;07;000;Deuda Flotante;10;0
13;04;05;35;00;000;SALDO FINAL DE CAJA;10;0
13;04;06;07;00;000;INGRESOS DE OPERACIÓN;1572009;0
13;04;06;08;00;000;OTROS INGRESOS CORRIENTES;30;0
13;04;06;08;01;000;Recuperaciones y Reembolsos por Licencias Médicas;10;0
13;04;06;08;02;000;Multas y Sanciones Pecuniarias;10;0
13;04;06;08;99;000;Otros;10;0
13;04;06;09;00;000;APORTE FISCAL;41119855;0
13;04;06;09;01;000;Libre;41119855;0
13;04;06;12;00;000;RECUPERACIÓN DE PRÉSTAMOS;10;0
13;04;06;12;10;000;Ingresos por Percibir;10;0
13;04;06;15;00;000;SALDO INICIAL DE CAJA;10;0
13;04;06;21;00;000;GASTOS EN PERSONAL;29424540;0
13;04;06;22;00;000;BIENES Y SERVICIOS DE CONSUMO;13122229;0
13;04;06;25;00;000;INTEGROS AL FISCO;105871;0
13;04;06;25;01;000;Impuestos;105871;0
13;04;06;29;00;000;ADQUISICIÓN DE ACTIVOS NO FINANCIEROS;39254;0
13;04;06;29;07;000;Programas Informáticos;39254;0
13;04;06;34;00;000;SERVICIO DE LA DEUDA;10;0
13;04;06;34;07;000;Deuda Flotante;10;0
13;04;06;35;00;000;SALDO FINAL DE CAJA;10;0
13;04;07;07;00;000;INGRESOS DE OPERACIÓN;8748896;0
13;04;07;08;00;000;OTROS INGRESOS CORRIENTES;30;0
13;04;07;08;01;000;Recuperaciones y Reembolsos por Licencias Médicas;10;0
13;04;07;08;02;000;Multas y Sanciones Pecuniarias;10;0
13;04;07;08;99;000;Otros;10;0
13;04;07;09;00;000;APORTE FISCAL;21463732;0
13;04;07;09;01;000;Libre;21463732;0
13;04;07;12;00;000;RECUPERACIÓN DE PRÉSTAMOS;10;0
13;04;07;12;10;000;Ingresos por Percibir;10;0
13;04;07;15;00;000;SALDO INICIAL DE CAJA;10;0
13;04;07;21;00;000;GASTOS EN PERSONAL;25757001;0
13;04;07;22;00;000;BIENES Y SERVICIOS DE CONSUMO;3811386;0
13;04;07;25;00;000;INTEGROS AL FISCO;464997;0
13;04;07;25;01;000;Impuestos;464997;0
13;04;07;29;00;000;ADQUISICIÓN DE ACTIVOS NO FINANCIEROS;179274;0
13;04;07;29;07;000;Programas Informáticos;179274;0
13;04;07;34;00;000;SERVICIO DE LA DEUDA;10;0
13;04;07;34;07;000;Deuda Flotante;10;0
13;04;07;35;00;000;SALDO FINAL DE CAJA;10;0
13;04;08;07;00;000;INGRESOS DE OPERACIÓN;3134048;0
13;04;08;08;00;000;OTROS INGRESOS CORRIENTES;30;0
13;04;08;08;01;000;Recuperaciones y Reembolsos por Licencias Médicas;10;0
13;04;08;08;02;000;Multas y Sanciones Pecuniarias;10;0
13;04;08;08;99;000;Otros;10;0
13;04;08;09;00;000;APORTE FISCAL;7065241;0
13;04;08;09;01;000;Libre;7065241;0
13;04;08;12;00;000;RECUPERACIÓN DE PRÉSTAMOS;10;0
13;04;08;12;10;000;Ingresos por Percibir;10;0
13;04;08;15;00;000;SALDO INICIAL DE CAJA;10;0
13;04;08;21;00;000;GASTOS EN PERSONAL;7989301;0
13;04;08;22;00;000;BIENES Y SERVICIOS DE CONSUMO;509444;0
13;04;08;24;00;000;TRANSFERENCIAS CORRIENTES;1312123;0
13;04;08;24;01;000;Al Sector Privado;1312123;0
13;04;08;24;01;404;Sistema de Incentivos Ley N° 20.412;1312123;0
13;04;08;25;00;000;INTEGROS AL FISCO;284520;0
13;04;08;25;01;000;Impuestos;284520;0
13;04;08;29;00;000;ADQUISICIÓN DE ACTIVOS NO FINANCIEROS;103931;0
13;04;08;29;07;000;Programas Informáticos;103931;0
13;04;08;34;00;000;SERVICIO DE LA DEUDA;10;0
13;04;08;34;07;000;Deuda Flotante;10;0
13;04;08;35;00;000;SALDO FINAL DE CAJA;10;0
13;04;09;07;00;000;INGRESOS DE OPERACIÓN;2081234;0
13;04;09;08;00;000;OTROS INGRESOS CORRIENTES;30;0
13;04;09;08;01;000;Recuperaciones y Reembolsos por Licencias Médicas;10;0
13;04;09;08;02;000;Multas y Sanciones Pecuniarias;10;0
13;04;09;08;99;000;Otros;10;0
13;04;09;09;00;000;APORTE FISCAL;7414804;0
13;04;09;09;01;000;Libre;7414804;0
13;04;09;12;00;000;RECUPERACIÓN DE PRÉSTAMOS;10;0
13;04;09;12;10;000;Ingresos por Percibir;10;0
13;04;09;15;00;000;SALDO INICIAL DE CAJA;10;0
13;04;09;21;00;000;GASTOS EN PERSONAL;7024672;0
13;04;09;22;00;000;BIENES Y SERVICIOS DE CONSUMO;2068143;0
13;04;09;25;00;000;INTEGROS AL FISCO;154204;0
13;04;09;25;01;000;Impuestos;154204;0
13;04;09;29;00;000;ADQUISICIÓN DE ACTIVOS NO FINANCIEROS;249049;0
13;04;09;29;05;000;Máquinas y Equipos;92592;0
13;04;09;29;07;000;Programas Informáticos;156457;0
13;04;09;34;00;000;SERVICIO DE LA DEUDA;10;0
13;04;09;34;07;000;Deuda Flotante;10;0
13;04;09;35;00;000;SALDO FINAL DE CAJA;10;0
13;05;01;08;00;000;OTROS INGRESOS CORRIENTES;30;0
13;05;01;08;01;000;Recuperaciones y Reembolsos por Licencias Médicas;10;0
13;05;01;08;02;000;Multas y Sanciones Pecuniarias;10;0
13;05;01;08;99;000;Otros;10;0
13;05;01;09;00;000;APORTE FISCAL;27908948;0
13;05;01;09;01;000;Libre;27908948;0
13;05;01;12;00;000;RECUPERACIÓN DE PRÉSTAMOS;10;0
13;05;01;12;10;000;Ingresos por Percibir;10;0
13;05;01;15;00;000;SALDO INICIAL DE CAJA;10;0
13;05;01;21;00;000;GASTOS EN PERSONAL;23063590;0
13;05;01;22;00;000;BIENES Y SERVICIOS DE CONSUMO;3511429;0
13;05;01;23;00;000;PRESTACIONES DE SEGURIDAD SOCIAL;10;0
13;05;01;23;03;000;Prestaciones Sociales del Empleador;10;0
13;05;01;24;00;000;TRANSFERENCIAS CORRIENTES;50584;0
13;05;01;24;01;000;Al Sector Privado;10;0
13;05;01;24;01;006;Otras Transferencias;10;0
13;05;01;24;09;000;A Unidades o Programas del Servicio;50574;0
13;05;01;24;09;001;Consejo Política Forestal (Artículo 5°, Ley N° 21.744);50574;0
13;05;01;26;00;000;OTROS GASTOS CORRIENTES;10;0
13;05;01;26;02;000;Compensaciones por Daños a Terceros y/o a la Propiedad;10;0
13;05;01;29;00;000;ADQUISICIÓN DE ACTIVOS NO FINANCIEROS;1283355;0
13;05;01;29;07;000;Programas Informáticos;1283355;0
13;05;01;34;00;000;SERVICIO DE LA DEUDA;10;0
13;05;01;34;07;000;Deuda Flotante;10;0
13;05;01;35;00;000;SALDO FINAL DE CAJA;10;0
13;05;03;08;00;000;OTROS INGRESOS CORRIENTES;30;0
13;05;03;08;01;000;Recuperaciones y Reembolsos por Licencias Médicas;10;0
13;05;03;08;02;000;Multas y Sanciones Pecuniarias;10;0
13;05;03;08;99;000;Otros;10;0
13;05;03;09;00;000;APORTE FISCAL;179007704;0
13;05;03;09;01;000;Libre;179007704;0
13;05;03;12;00;000;RECUPERACIÓN DE PRÉSTAMOS;10;0
13;05;03;12;10;000;Ingresos por Percibir;10;0
13;05;03;15;00;000;SALDO INICIAL DE CAJA;10;0
13;05;03;21;00;000;GASTOS EN PERSONAL;39477757;0
13;05;03;22;00;000;BIENES Y SERVICIOS DE CONSUMO;96307790;0
13;05;03;24;00;000;TRANSFERENCIAS CORRIENTES;43222187;0
13;05;03;24;09;000;A Unidades o Programas del Servicio;43222187;0
13;05;03;24;09;003;Fortalecimiento Recursos Incendios Forestales;43222187;0
13;05;03;34;00;000;SERVICIO DE LA DEUDA;10;0
13;05;03;34;07;000;Deuda Flotante;10;0
13;05;03;35;00;000;SALDO FINAL DE CAJA;10;0
13;05;04;07;00;000;INGRESOS DE OPERACIÓN;13041769;0
13;05;04;08;00;000;OTROS INGRESOS CORRIENTES;30;0
13;05;04;08;01;000;Recuperaciones y Reembolsos por Licencias Médicas;10;0
13;05;04;08;02;000;Multas y Sanciones Pecuniarias;10;0
13;05;04;08;99;000;Otros;10;0
13;05;04;09;00;000;APORTE FISCAL;11269601;0
13;05;04;09;01;000;Libre;11269601;0
13;05;04;12;00;000;RECUPERACIÓN DE PRÉSTAMOS;10;0
13;05;04;12;10;000;Ingresos por Percibir;10;0
13;05;04;15;00;000;SALDO INICIAL DE CAJA;10;0
13;05;04;21;00;000;GASTOS EN PERSONAL;20152305;0
13;05;04;22;00;000;BIENES Y SERVICIOS DE CONSUMO;4159095;0
13;05;04;34;00;000;SERVICIO DE LA DEUDA;10;0
13;05;04;34;07;000;Deuda Flotante;10;0
13;05;04;35;00;000;SALDO FINAL DE CAJA;10;0
13;05;05;07;00;000;INGRESOS DE OPERACIÓN;3265629;0
13;05;05;08;00;000;OTROS INGRESOS CORRIENTES;30;0
13;05;05;08;01;000;Recuperaciones y Reembolsos por Licencias Médicas;10;0
13;05;05;08;02;000;Multas y Sanciones Pecuniarias;10;0
13;05;05;08;99;000;Otros;10;0
13;05;05;09;00;000;APORTE FISCAL;25975569;0
13;05;05;09;01;000;Libre;25975569;0
13;05;05;12;00;000;RECUPERACIÓN DE PRÉSTAMOS;10;0
13;05;05;12;10;000;Ingresos por Percibir;10;0
13;05;05;15;00;000;SALDO INICIAL DE CAJA;10;0
13;05;05;21;00;000;GASTOS EN PERSONAL;18175458;0
13;05;05;22;00;000;BIENES Y SERVICIOS DE CONSUMO;7737188;0
13;05;05;24;00;000;TRANSFERENCIAS CORRIENTES;586625;0
13;05;05;24;01;000;Al Sector Privado;586625;0
13;05;05;24;01;001;Fondo para Investigación Ley Bosque Nativo;326700;0
13;05;05;24;01;411;Jardín Botánico;259925;0
13;05;05;33;00;000;TRANSFERENCIAS DE CAPITAL;2741957;0
13;05;05;33;02;000;Al Gobierno Central;2741957;0
13;05;05;33;02;006;Bosque Nativo Ley N° 20.283;2741957;0
13;05;05;34;00;000;SERVICIO DE LA DEUDA;10;0
13;05;05;34;07;000;Deuda Flotante;10;0
13;05;05;35;00;000;SALDO FINAL DE CAJA;10;0
13;05;06;08;00;000;OTROS INGRESOS CORRIENTES;30;0
13;05;06;08;01;000;Recuperaciones y Reembolsos por Licencias Médicas;10;0
13;05;06;08;02;000;Multas y Sanciones Pecuniarias;10;0
13;05;06;08;99;000;Otros;10;0
13;05;06;09;00;000;APORTE FISCAL;3062923;0
13;05;06;09;01;000;Libre;3062923;0
13;05;06;12;00;000;RECUPERACIÓN DE PRÉSTAMOS;10;0
13;05;06;12;10;000;Ingresos por Percibir;10;0
13;05;06;15;00;000;SALDO INICIAL DE CAJA;10;0
13;05;06;21;00;000;GASTOS EN PERSONAL;2004886;0
13;05;06;22;00;000;BIENES Y SERVICIOS DE CONSUMO;938726;0
13;05;06;24;00;000;TRANSFERENCIAS CORRIENTES;119341;0
13;05;06;24;09;000;A Unidades o Programas del Servicio;119341;0
13;05;06;24;09;002;Catálogo de especies arbóreas y arbustivas (Artículo 4°, Ley N° 21.744);119341;0
13;05;06;34;00;000;SERVICIO DE LA DEUDA;10;0
13;05;06;34;07;000;Deuda Flotante;10;0
13;05;06;35;00;000;SALDO FINAL DE CAJA;10;0
13;06;01;05;00;000;TRANSFERENCIAS CORRIENTES;10;0
13;06;01;05;02;000;Del Gobierno Central;10;0
13;06;01;05;02;201;Recuperación de Licencias Médicas - FONASA;10;0
13;06;01;08;00;000;OTROS INGRESOS CORRIENTES;74280;0
13;06;01;08;01;000;Recuperaciones y Reembolsos por Licencias Médicas;74260;0
13;06;01;08;02;000;Multas y Sanciones Pecuniarias;10;0
13;06;01;08;99;000;Otros;10;0
13;06;01;09;00;000;APORTE FISCAL;119841442;0
13;06;01;09;01;000;Libre;119841442;0
13;06;01;12;00;000;RECUPERACIÓN DE PRÉSTAMOS;10;0
13;06;01;12;10;000;Ingresos por Percibir;10;0
13;06;01;15;00;000;SALDO INICIAL DE CAJA;10;0
13;06;01;21;00;000;GASTOS EN PERSONAL;9928548;0
13;06;01;22;00;000;BIENES Y SERVICIOS DE CONSUMO;1212783;0
13;06;01;23;00;000;PRESTACIONES DE SEGURIDAD SOCIAL;10;0
13;06;01;23;03;000;Prestaciones Sociales del Empleador;10;0
13;06;01;24;00;000;TRANSFERENCIAS CORRIENTES;641369;0
13;06;01;24;03;000;A Otras Entidades Públicas;641369;0
13;06;01;24;03;051;Programa Construcción y Rehabilitación Obras de Riego;641369;0
13;06;01;25;00;000;INTEGROS AL FISCO;74280;0
13;06;01;25;01;000;Impuestos;10;0
13;06;01;25;99;000;Otros Integros al Fisco;74270;0
13;06;01;29;00;000;ADQUISICIÓN DE ACTIVOS NO FINANCIEROS;443737;0
13;06;01;29;07;000;Programas Informáticos;443737;0
13;06;01;31;00;000;INICIATIVAS DE INVERSIÓN;2358164;0
13;06;01;31;01;000;Estudios Básicos;673792;0
13;06;01;31;02;000;Proyectos;359577;0
13;06;01;31;03;000;Programas de Inversión;1324795;0
13;06;01;33;00;000;TRANSFERENCIAS DE CAPITAL;105256841;0
13;06;01;33;02;000;Al Gobierno Central;105256841;0
13;06;01;33;02;004;Al INDAP - Pre financiamiento art. 3°, Ley N° 18.450;1472849;0
13;06;01;33;02;005;Bonificación por Inversiones de Riego y Drenaje Ley N° 18.450;103783992;0
13;06;01;34;00;000;SERVICIO DE LA DEUDA;10;0
13;06;01;34;07;000;Deuda Flotante;10;0
13;06;01;35;00;000;SALDO FINAL DE CAJA;10;0
14;01;01;05;00;000;TRANSFERENCIAS CORRIENTES;10;0
14;01;01;05;02;000;Del Gobierno Central;10;0
14;01;01;05;02;201;Recuperación de Licencias Médicas - FONASA;10;0
14;01;01;06;00;000;RENTAS DE LA PROPIEDAD;15740517;0
14;01;01;08;00;000;OTROS INGRESOS CORRIENTES;2005451;0
14;01;01;08;01;000;Recuperaciones y Reembolsos por Licencias Médicas;2005441;0
14;01;01;08;99;000;Otros;10;0
14;01;01;09;00;000;APORTE FISCAL;8842633;0
14;01;01;09;01;000;Libre;8842633;0
14;01;01;15;00;000;SALDO INICIAL DE CAJA;10;0
14;01;01;21;00;000;GASTOS EN PERSONAL;13851369;0
14;01;01;22;00;000;BIENES Y SERVICIOS DE CONSUMO;4266535;0
14;01;01;23;00;000;PRESTACIONES DE SEGURIDAD SOCIAL;10;0
14;01;01;23;03;000;Prestaciones Sociales del Empleador;10;0
14;01;01;25;00;000;INTEGROS AL FISCO;8154180;0
14;01;01;25;99;000;Otros Integros al Fisco;8154180;0
14;01;01;29;00;000;ADQUISICIÓN DE ACTIVOS NO FINANCIEROS;316507;0
14;01;01;29;03;000;Vehículos;89506;0
14;01;01;29;04;000;Mobiliario y Otros;30870;0
14;01;01;29;05;000;Máquinas y Equipos;31080;0
14;01;01;29;06;000;Equipos Informáticos;77161;0
14;01;01;29;07;000;Programas Informáticos;87890;0
14;01;01;34;00;000;SERVICIO DE LA DEUDA;10;0
14;01;01;34;07;000;Deuda Flotante;10;0
14;01;01;35;00;000;SALDO FINAL DE CAJA;10;0
14;01;03;05;00;000;TRANSFERENCIAS CORRIENTES;591038;0
14;01;03;05;02;000;Del Gobierno Central;591038;0
14;01;03;05;02;001;Corporación Nacional de Desarrollo Indígena;591038;0
14;01;03;06;00;000;RENTAS DE LA PROPIEDAD;4161176;0
14;01;03;07;00;000;INGRESOS DE OPERACIÓN;10;0
14;01;03;07;02;000;Venta de Servicios;10;0
14;01;03;08;00;000;OTROS INGRESOS CORRIENTES;10;0
14;01;03;08;01;000;Recuperaciones y Reembolsos por Licencias Médicas;10;0
14;01;03;09;00;000;APORTE FISCAL;373444;0
14;01;03;09;01;000;Libre;373444;0
14;01;03;15;00;000;SALDO INICIAL DE CAJA;10;0
14;01;03;21;00;000;GASTOS EN PERSONAL;3279330;0
14;01;03;22;00;000;BIENES Y SERVICIOS DE CONSUMO;1725876;0
14;01;03;23;00;000;PRESTACIONES DE SEGURIDAD SOCIAL;10;0
14;01;03;23;03;000;Prestaciones Sociales del Empleador;10;0
14;01;03;25;00;000;INTEGROS AL FISCO;116476;0
14;01;03;25;99;000;Otros Integros al Fisco;116476;0
14;01;03;26;00;000;OTROS GASTOS CORRIENTES;3976;0
14;01;03;26;01;000;Devoluciones;3976;0
14;01;03;34;00;000;SERVICIO DE LA DEUDA;10;0
14;01;03;34;07;000;Deuda Flotante;10;0
14;01;03;35;00;000;SALDO FINAL DE CAJA;10;0
14;01;04;06;00;000;RENTAS DE LA PROPIEDAD;25228031;0
14;01;04;09;00;000;APORTE FISCAL;2907;0
14;01;04;09;01;000;Libre;2907;0
14;01;04;10;00;000;VENTA DE ACTIVOS NO FINANCIEROS;8288186;0
14;01;04;10;01;000;Terrenos;8288186;0
14;01;04;12;00;000;RECUPERACIÓN DE PRÉSTAMOS;90396;0
14;01;04;12;09;000;Por Ventas a Plazo;90396;0
14;01;04;15;00;000;SALDO INICIAL DE CAJA;10;0
14;01;04;21;00;000;GASTOS EN PERSONAL;7515210;0
14;01;04;22;00;000;BIENES Y SERVICIOS DE CONSUMO;1691784;0
14;01;04;23;00;000;PRESTACIONES DE SEGURIDAD SOCIAL;10;0
14;01;04;23;03;000;Prestaciones Sociales del Empleador;10;0
14;01;04;24;00;000;TRANSFERENCIAS CORRIENTES;527893;0
14;01;04;24;09;000;A Unidades o Programas del Servicio;527893;0
14;01;04;24;09;005;Puesta en Valor del Territorio Fiscal;51440;0
14;01;04;24;09;009;Recuperación y Fortalecimiento de Rutas Patrimoniales;55262;0
14;01;04;24;09;010;Plan de Gestión Territorial Regional;194279;0
14;01;04;24;09;014;Gestión y normalización de ocupaciones ilegales e irregulares en inmuebles fiscales;226912;0
14;01;04;25;00;000;INTEGROS AL FISCO;7654950;0
14;01;04;25;99;000;Otros Integros al Fisco;7654950;0
14;01;04;29;00;000;ADQUISICIÓN DE ACTIVOS NO FINANCIEROS;27778;0
14;01;04;29;05;000;Máquinas y Equipos;27778;0
14;01;04;33;00;000;TRANSFERENCIAS DE CAPITAL;16191885;0
14;01;04;33;02;000;Al Gobierno Central;16191885;0
14;01;04;33;02;017;Financiamiento Gobiernos Regionales;16191885;0
14;01;04;34;00;000;SERVICIO DE LA DEUDA;10;0
14;01;04;34;07;000;Deuda Flotante;10;0
14;01;04;35;00;000;SALDO FINAL DE CAJA;10;0
14;01;05;06;00;000;RENTAS DE LA PROPIEDAD;3843171;0
14;01;05;09;00;000;APORTE FISCAL;486774;0
14;01;05;09;01;000;Libre;486774;0
14;01;05;15;00;000;SALDO INICIAL DE CAJA;10;0
14;01;05;21;00;000;GASTOS EN PERSONAL;3793743;0
14;01;05;22;00;000;BIENES Y SERVICIOS DE CONSUMO;143480;0
14;01;05;23;00;000;PRESTACIONES DE SEGURIDAD SOCIAL;10;0
14;01;05;23;03;000;Prestaciones Sociales del Empleador;10;0
14;01;05;25;00;000;INTEGROS AL FISCO;210263;0
14;01;05;25;99;000;Otros Integros al Fisco;210263;0
14;01;05;29;00;000;ADQUISICIÓN DE ACTIVOS NO FINANCIEROS;182439;0
14;01;05;29;05;000;Máquinas y Equipos;182439;0
14;01;05;34;00;000;SERVICIO DE LA DEUDA;10;0
14;01;05;34;07;000;Deuda Flotante;10;0
14;01;05;35;00;000;SALDO FINAL DE CAJA;10;0
15;01;01;05;00;000;TRANSFERENCIAS CORRIENTES;10;0
15;01;01;05;02;000;Del Gobierno Central;10;0
15;01;01;05;02;201;Recuperación de Licencias Médicas - FONASA;10;0
15;01;01;08;00;000;OTROS INGRESOS CORRIENTES;89493;0
15;01;01;08;01;000;Recuperaciones y Reembolsos por Licencias Médicas;81751;0
15;01;01;08;02;000;Multas y Sanciones Pecuniarias;6859;0
15;01;01;08;99;000;Otros;883;0
15;01;01;09;00;000;APORTE FISCAL;16286849;0
15;01;01;09;01;000;Libre;16286849;0
15;01;01;12;00;000;RECUPERACIÓN DE PRÉSTAMOS;10;0
15;01;01;12;10;000;Ingresos por Percibir;10;0
15;01;01;15;00;000;SALDO INICIAL DE CAJA;10;0
15;01;01;21;00;000;GASTOS EN PERSONAL;9576066;0
15;01;01;22;00;000;BIENES Y SERVICIOS DE CONSUMO;2487635;0
15;01;01;23;00;000;PRESTACIONES DE SEGURIDAD SOCIAL;20;0
15;01;01;23;03;000;Prestaciones Sociales del Empleador;20;0
15;01;01;23;03;001;Indemnización de Cargo Fiscal;10;0
15;01;01;23;03;003;Fondo Retiro Funcionarios Públicos  Ley N° 19.882;10;0
15;01;01;24;00;000;TRANSFERENCIAS CORRIENTES;3782785;0
15;01;01;24;03;000;A Otras Entidades Públicas;2416327;0
15;01;01;24;03;267;Observatorio Laboral;1366458;0
15;01;01;24;03;432;Programa Diálogo Social;327230;0
15;01;01;24;03;435;Fondo de Formación Sindical y Relaciones Laborales Colaborativas;722639;0
15;01;01;24;08;000;A Instituciones Privadas Ejecutoras de Políticas Públicas;1366458;0
15;01;01;24;08;248;Observatorio Laboral;1366458;0
15;01;01;25;00;000;INTEGROS AL FISCO;81966;0
15;01;01;25;01;000;Impuestos;214;0
15;01;01;25;99;000;Otros Integros al Fisco;81752;0
15;01;01;29;00;000;ADQUISICIÓN DE ACTIVOS NO FINANCIEROS;447880;0
15;01;01;29;07;000;Programas Informáticos;447880;0
15;01;01;34;00;000;SERVICIO DE LA DEUDA;10;0
15;01;01;34;07;000;Deuda Flotante;10;0
15;01;01;35;00;000;SALDO FINAL DE CAJA;10;0
15;01;03;08;00;000;OTROS INGRESOS CORRIENTES;20;0
15;01;03;08;02;000;Multas y Sanciones Pecuniarias;10;0
15;01;03;08;99;000;Otros;10;0
15;01;03;09;00;000;APORTE FISCAL;140501595;0
15;01;03;09;01;000;Libre;140501595;0
15;01;03;15;00;000;SALDO INICIAL DE CAJA;10;0
15;01;03;21;00;000;GASTOS EN PERSONAL;73295;0
15;01;03;22;00;000;BIENES Y SERVICIOS DE CONSUMO;24553;0
15;01;03;24;00;000;TRANSFERENCIAS CORRIENTES;140403747;0
15;01;03;24;03;000;A Otras Entidades Públicas;140403747;0
15;01;03;24;03;264;Programa Inversión en la Comunidad;140403747;0
15;01;03;25;00;000;INTEGROS AL FISCO;10;0
15;01;03;25;99;000;Otros Integros al Fisco;10;0
15;01;03;34;00;000;SERVICIO DE LA DEUDA;10;0
15;01;03;34;07;000;Deuda Flotante;10;0
15;01;03;35;00;000;SALDO FINAL DE CAJA;10;0
15;02;01;05;00;000;TRANSFERENCIAS CORRIENTES;10;0
15;02;01;05;02;000;Del Gobierno Central;10;0
15;02;01;05;02;201;Recuperación de Licencias Médicas - FONASA;10;0
15;02;01;07;00;000;INGRESOS DE OPERACIÓN;187242;0
15;02;01;08;00;000;OTROS INGRESOS CORRIENTES;1966427;0
15;02;01;08;01;000;Recuperaciones y Reembolsos por Licencias Médicas;1966427;0
15;02;01;09;00;000;APORTE FISCAL;113280007;0
15;02;01;09;01;000;Libre;113280007;0
15;02;01;15;00;000;SALDO INICIAL DE CAJA;10;0
15;02;01;21;00;000;GASTOS EN PERSONAL;93706127;0
15;02;01;22;00;000;BIENES Y SERVICIOS DE CONSUMO;17184766;0
15;02;01;23;00;000;PRESTACIONES DE SEGURIDAD SOCIAL;20;0
15;02;01;23;03;000;Prestaciones Sociales del Empleador;20;0
15;02;01;23;03;001;Indemnización de Cargo Fiscal;10;0
15;02;01;23;03;003;Fondo Retiro Funcionarios Públicos  Ley N° 19.882;10;0
15;02;01;25;00;000;INTEGROS AL FISCO;1966427;0
15;02;01;25;99;000;Otros Integros al Fisco;1966427;0
15;02;01;29;00;000;ADQUISICIÓN DE ACTIVOS NO FINANCIEROS;2576336;0
15;02;01;29;06;000;Equipos Informáticos;123677;0
15;02;01;29;07;000;Programas Informáticos;2452659;0
15;02;01;34;00;000;SERVICIO DE LA DEUDA;10;0
15;02;01;34;07;000;Deuda Flotante;10;0
15;02;01;35;00;000;SALDO FINAL DE CAJA;10;0
15;03;01;05;00;000;TRANSFERENCIAS CORRIENTES;10;0
15;03;01;05;02;000;Del Gobierno Central;10;0
15;03;01;05;02;201;Recuperación de Licencias Médicas - FONASA;10;0
15;03;01;08;00;000;OTROS INGRESOS CORRIENTES;59164;0
15;03;01;08;01;000;Recuperaciones y Reembolsos por Licencias Médicas;55578;0
15;03;01;08;02;000;Multas y Sanciones Pecuniarias;2288;0
15;03;01;08;99;000;Otros;1298;0
15;03;01;09;00;000;APORTE FISCAL;7255388;0
15;03;01;09;01;000;Libre;7147998;0
15;03;01;09;03;000;Servicio de la Deuda Externa;107390;0
15;03;01;12;00;000;RECUPERACIÓN DE PRÉSTAMOS;22663;0
15;03;01;12;10;000;Ingresos por Percibir;22663;0
15;03;01;15;00;000;SALDO INICIAL DE CAJA;10;0
15;03;01;21;00;000;GASTOS EN PERSONAL;4981079;0
15;03;01;22;00;000;BIENES Y SERVICIOS DE CONSUMO;1905189;0
15;03;01;23;00;000;PRESTACIONES DE SEGURIDAD SOCIAL;20;0
15;03;01;23;03;000;Prestaciones Sociales del Empleador;20;0
15;03;01;23;03;001;Indemnización de Cargo Fiscal;10;0
15;03;01;23;03;003;Fondo Retiro Funcionarios Públicos  Ley N° 19.882;10;0
15;03;01;24;00;000;TRANSFERENCIAS CORRIENTES;102880;0
15;03;01;24;08;000;A Instituciones Privadas Ejecutoras de Políticas Públicas;102880;0
15;03;01;24;08;002;Fondo para la Educación Previsional;102880;0
15;03;01;25;00;000;INTEGROS AL FISCO;55578;0
15;03;01;25;99;000;Otros Integros al Fisco;55578;0
15;03;01;29;00;000;ADQUISICIÓN DE ACTIVOS NO FINANCIEROS;185079;0
15;03;01;29;07;000;Programas Informáticos;185079;0
15;03;01;34;00;000;SERVICIO DE LA DEUDA;107400;0
15;03;01;34;04;000;Intereses Deuda Externa;69309;0
15;03;01;34;06;000;Otros Gastos Financieros Deuda Externa;38081;0
15;03;01;34;07;000;Deuda Flotante;10;0
15;03;01;35;00;000;SALDO FINAL DE CAJA;10;0
15;04;01;05;00;000;TRANSFERENCIAS CORRIENTES;10;0
15;04;01;05;02;000;Del Gobierno Central;10;0
15;04;01;05;02;201;Recuperación de Licencias Médicas - FONASA;10;0
15;04;01;06;00;000;RENTAS DE LA PROPIEDAD;12464907;0
15;04;01;07;00;000;INGRESOS DE OPERACIÓN;6826239;0
15;04;01;08;00;000;OTROS INGRESOS CORRIENTES;279092;0
15;04;01;08;01;000;Recuperaciones y Reembolsos por Licencias Médicas;122824;0
15;04;01;08;02;000;Multas y Sanciones Pecuniarias;1342;0
15;04;01;08;99;000;Otros;154926;0
15;04;01;11;00;000;VENTA DE ACTIVOS FINANCIEROS;671098;0
15;04;01;11;01;000;Venta o Rescate de Títulos y Valores;671098;0
15;04;01;12;00;000;RECUPERACIÓN DE PRÉSTAMOS;52818553;0
15;04;01;12;03;000;Pignoraticios;47163860;0
15;04;01;12;10;000;Ingresos por Percibir;5654693;0
15;04;01;15;00;000;SALDO INICIAL DE CAJA;10;0
15;04;01;21;00;000;GASTOS EN PERSONAL;11887572;0
15;04;01;22;00;000;BIENES Y SERVICIOS DE CONSUMO;2959244;0
15;04;01;23;00;000;PRESTACIONES DE SEGURIDAD SOCIAL;20;0
15;04;01;23;03;000;Prestaciones Sociales del Empleador;20;0
15;04;01;23;03;001;Indemnización de Cargo Fiscal;10;0
15;04;01;23;03;003;Fondo Retiro Funcionarios Públicos  Ley N° 19.882;10;0
15;04;01;25;00;000;INTEGROS AL FISCO;479948;0
15;04;01;25;01;000;Impuestos;195318;0
15;04;01;25;99;000;Otros Integros al Fisco;284630;0
15;04;01;29;00;000;ADQUISICIÓN DE ACTIVOS NO FINANCIEROS;238811;0
15;04;01;29;07;000;Programas Informáticos;238811;0
15;04;01;30;00;000;ADQUISICIÓN DE ACTIVOS FINANCIEROS;671098;0
15;04;01;30;01;000;Compra de Títulos y Valores;671098;0
15;04;01;32;00;000;PRÉSTAMOS;56821206;0
15;04;01;32;03;000;Pignoraticios;56821206;0
15;04;01;34;00;000;SERVICIO DE LA DEUDA;2000;0
15;04;01;34;07;000;Deuda Flotante;2000;0
15;04;01;35;00;000;SALDO FINAL DE CAJA;10;0
15;05;01;05;00;000;TRANSFERENCIAS CORRIENTES;5881453;0
15;05;01;05;01;000;Del Sector Privado;5881443;0
15;05;01;05;01;004;Administradora del Fondo de Cesantía Solidario;5881443;0
15;05;01;05;02;000;Del Gobierno Central;10;0
15;05;01;05;02;201;Recuperación de Licencias Médicas - FONASA;10;0
15;05;01;07;00;000;INGRESOS DE OPERACIÓN;455652;0
15;05;01;08;00;000;OTROS INGRESOS CORRIENTES;1052544;0
15;05;01;08;01;000;Recuperaciones y Reembolsos por Licencias Médicas;304942;0
15;05;01;08;02;000;Multas y Sanciones Pecuniarias;204388;0
15;05;01;08;99;000;Otros;543214;0
15;05;01;09;00;000;APORTE FISCAL;68972532;0
15;05;01;09;01;000;Libre;68972532;0
15;05;01;12;00;000;RECUPERACIÓN DE PRÉSTAMOS;10;0
15;05;01;12;10;000;Ingresos por Percibir;10;0
15;05;01;15;00;000;SALDO INICIAL DE CAJA;10;0
15;05;01;21;00;000;GASTOS EN PERSONAL;27783244;0
15;05;01;22;00;000;BIENES Y SERVICIOS DE CONSUMO;12984373;0
15;05;01;23;00;000;PRESTACIONES DE SEGURIDAD SOCIAL;20;0
15;05;01;23;03;000;Prestaciones Sociales del Empleador;20;0
15;05;01;23;03;001;Indemnización de Cargo Fiscal;10;0
15;05;01;23;03;003;Fondo Retiro Funcionarios Públicos  Ley N° 19.882;10;0
15;05;01;24;00;000;TRANSFERENCIAS CORRIENTES;34960880;0
15;05;01;24;02;000;Al Gobierno Central;765171;0
15;05;01;24;02;290;Certificación de Competencias Laborales Ley N° 20.267;765171;0
15;05;01;24;03;000;A Otras Entidades Públicas;34195709;0
15;05;01;24;03;003;Becas;413670;0
15;05;01;24;03;004;Bono de Capacitación para Micro y Pequeños Empresarios;630483;0
15;05;01;24;03;011;Programa de Capacitación en Oficios;13770339;0
15;05;01;24;03;257;Programa de Becas;1082606;0
15;05;01;24;03;266;Programa de Intermediación Laboral;12860000;0
15;05;01;24;03;442;Seguros;139977;0
15;05;01;24;03;477;Programa de Reconversión Laboral;5298634;0
15;05;01;25;00;000;INTEGROS AL FISCO;304942;0
15;05;01;25;99;000;Otros Integros al Fisco;304942;0
15;05;01;26;00;000;OTROS GASTOS CORRIENTES;20;0
15;05;01;26;01;000;Devoluciones;10;0
15;05;01;26;02;000;Compensaciones por Daños a Terceros y/o a la Propiedad;10;0
15;05;01;29;00;000;ADQUISICIÓN DE ACTIVOS NO FINANCIEROS;328702;0
15;05;01;29;07;000;Programas Informáticos;328702;0
15;05;01;34;00;000;SERVICIO DE LA DEUDA;10;0
15;05;01;34;07;000;Deuda Flotante;10;0
15;05;01;35;00;000;SALDO FINAL DE CAJA;10;0
15;05;04;09;00;000;APORTE FISCAL;131007948;0
15;05;04;09;01;000;Libre;131007948;0
15;05;04;15;00;000;SALDO INICIAL DE CAJA;10;0
15;05;04;24;00;000;TRANSFERENCIAS CORRIENTES;131007938;0
15;05;04;24;01;000;Al Sector Privado;89612552;0
15;05;04;24;01;453;Subsidio al Empleo, Ley N° 20.338;6746350;0
15;05;04;24;01;454;Subsidio Empleo a la Mujer, Ley N° 20.595;6746350;0
15;05;04;24;01;455;Subsidio Unificado de Empleo, Ley N° 21.808;76119852;0
15;05;04;24;08;000;A Instituciones Privadas Ejecutoras de Políticas Públicas;41395386;0
15;05;04;24;08;090;Programa de Formación en el Puesto de Trabajo;41395386;0
15;05;04;34;00;000;SERVICIO DE LA DEUDA;10;0
15;05;04;34;07;000;Deuda Flotante;10;0
15;05;04;35;00;000;SALDO FINAL DE CAJA;10;0
15;06;01;05;00;000;TRANSFERENCIAS CORRIENTES;468616;0
15;06;01;05;01;000;Del Sector Privado;468606;0
15;06;01;05;01;004;Fondo Ley  N° 21.063;468606;0
15;06;01;05;02;000;Del Gobierno Central;10;0
15;06;01;05;02;201;Recuperación de Licencias Médicas - FONASA;10;0
15;06;01;08;00;000;OTROS INGRESOS CORRIENTES;107224;0
15;06;01;08;01;000;Recuperaciones y Reembolsos por Licencias Médicas;106119;0
15;06;01;08;99;000;Otros;1105;0
15;06;01;09;00;000;APORTE FISCAL;21826697;0
15;06;01;09;01;000;Libre;21826697;0
15;06;01;12;00;000;RECUPERACIÓN DE PRÉSTAMOS;10;0
15;06;01;12;10;000;Ingresos por Percibir;10;0
15;06;01;15;00;000;SALDO INICIAL DE CAJA;500;0
15;06;01;21;00;000;GASTOS EN PERSONAL;17954736;0
15;06;01;22;00;000;BIENES Y SERVICIOS DE CONSUMO;4260872;0
15;06;01;23;00;000;PRESTACIONES DE SEGURIDAD SOCIAL;20;0
15;06;01;23;03;000;Prestaciones Sociales del Empleador;20;0
15;06;01;23;03;001;Indemnización de Cargo Fiscal;10;0
15;06;01;23;03;003;Fondo Retiro Funcionarios Públicos  Ley N° 19.882;10;0
15;06;01;25;00;000;INTEGROS AL FISCO;106129;0
15;06;01;25;99;000;Otros Integros al Fisco;106129;0
15;06;01;26;00;000;OTROS GASTOS CORRIENTES;10;0
15;06;01;26;02;000;Compensaciones por Daños a Terceros y/o a la Propiedad;10;0
15;06;01;29;00;000;ADQUISICIÓN DE ACTIVOS NO FINANCIEROS;81260;0
15;06;01;29;07;000;Programas Informáticos;81260;0
15;06;01;34;00;000;SERVICIO DE LA DEUDA;10;0
15;06;01;34;07;000;Deuda Flotante;10;0
15;06;01;35;00;000;SALDO FINAL DE CAJA;10;0
15;07;01;05;00;000;TRANSFERENCIAS CORRIENTES;10;0
15;07;01;05;02;000;Del Gobierno Central;10;0
15;07;01;05;02;201;Recuperación de Licencias Médicas - FONASA;10;0
15;07;01;07;00;000;INGRESOS DE OPERACIÓN;158;0
15;07;01;08;00;000;OTROS INGRESOS CORRIENTES;117457;0
15;07;01;08;01;000;Recuperaciones y Reembolsos por Licencias Médicas;113808;0
15;07;01;08;99;000;Otros;3649;0
15;07;01;09;00;000;APORTE FISCAL;28399017;0
15;07;01;09;01;000;Libre;28399017;0
15;07;01;15;00;000;SALDO INICIAL DE CAJA;10;0
15;07;01;21;00;000;GASTOS EN PERSONAL;16565112;0
15;07;01;22;00;000;BIENES Y SERVICIOS DE CONSUMO;3698676;0
15;07;01;23;00;000;PRESTACIONES DE SEGURIDAD SOCIAL;20;0
15;07;01;23;03;000;Prestaciones Sociales del Empleador;20;0
15;07;01;23;03;001;Indemnización de Cargo Fiscal;10;0
15;07;01;23;03;003;Fondo Retiro Funcionarios Públicos  Ley N° 19.882;10;0
15;07;01;24;00;000;TRANSFERENCIAS CORRIENTES;7633309;0
15;07;01;24;09;000;A Unidades o Programas del Servicio;7633309;0
15;07;01;24;09;003;Peritajes Ley N° 19.404;6492;0
15;07;01;24;09;405;Comisiones Médicas, D.L. N° 3.500;7245327;0
15;07;01;24;09;408;Consejos Médicos Ley N° 21.309;381490;0
15;07;01;25;00;000;INTEGROS AL FISCO;117365;0
15;07;01;25;01;000;Impuestos;29;0
15;07;01;25;99;000;Otros Integros al Fisco;117336;0
15;07;01;29;00;000;ADQUISICIÓN DE ACTIVOS NO FINANCIEROS;502150;0
15;07;01;29;04;000;Mobiliario y Otros;15071;0
15;07;01;29;05;000;Máquinas y Equipos;40123;0
15;07;01;29;06;000;Equipos Informáticos;49005;0
15;07;01;29;07;000;Programas Informáticos;397951;0
15;07;01;34;00;000;SERVICIO DE LA DEUDA;10;0
15;07;01;34;07;000;Deuda Flotante;10;0
15;07;01;35;00;000;SALDO FINAL DE CAJA;10;0
15;09;01;04;00;000;IMPOSICIONES PREVISIONALES;30629580;0
15;09;01;04;02;000;Aportes del Trabajador;30629580;0
15;09;01;05;00;000;TRANSFERENCIAS CORRIENTES;317724509;0
15;09;01;05;02;000;Del Gobierno Central;305546904;0
15;09;01;05;02;004;Fondo Único de Prestaciones Familiares y Subsidios de Cesantía;40218146;0
15;09;01;05;02;075;Fondo de Reserva de Pensiones Ley N° 20.128;265328748;0
15;09;01;05;02;201;Recuperación de Licencias Médicas - FONASA;10;0
15;09;01;05;03;000;De Otras Entidades Públicas;12177605;0
15;09;01;05;03;001;Comisión Revalorizadora de Pensiones;12177605;0
15;09;01;06;00;000;RENTAS DE LA PROPIEDAD;310884;0
15;09;01;07;00;000;INGRESOS DE OPERACIÓN;336538;0
15;09;01;08;00;000;OTROS INGRESOS CORRIENTES;41669301;0
15;09;01;08;01;000;Recuperaciones y Reembolsos por Licencias Médicas;1618053;0
15;09;01;08;02;000;Multas y Sanciones Pecuniarias;2469120;0
15;09;01;08;99;000;Otros;37582128;0
15;09;01;09;00;000;APORTE FISCAL;12252155085;0
15;09;01;09;01;000;Libre;12252155085;0
15;09;01;10;00;000;VENTA DE ACTIVOS NO FINANCIEROS;20;0
15;09;01;10;03;000;Vehículos;10;0
15;09;01;10;04;000;Mobiliario y Otros;10;0
15;09;01;11;00;000;VENTA DE ACTIVOS FINANCIEROS;88601500;0
15;09;01;11;01;000;Venta o Rescate de Títulos y Valores;88601500;0
15;09;01;12;00;000;RECUPERACIÓN DE PRÉSTAMOS;86247;0
15;09;01;12;01;000;De Asistencia Social;4321;0
15;09;01;12;02;000;Hipotecarios;81852;0
15;09;01;12;05;000;Médicos;74;0
15;09;01;15;00;000;SALDO INICIAL DE CAJA;8000000;0
15;09;01;21;00;000;GASTOS EN PERSONAL;90215060;0
15;09;01;22;00;000;BIENES Y SERVICIOS DE CONSUMO;128299775;0
15;09;01;23;00;000;PRESTACIONES DE SEGURIDAD SOCIAL;11670349067;0
15;09;01;23;01;000;Prestaciones Previsionales;7751519957;0
15;09;01;23;01;001;Jubilaciones, Pensiones y Montepíos;2399519823;0
15;09;01;23;01;002;Bonificaciones;165369;0
15;09;01;23;01;003;Bono de Reconocimiento;31642983;0
15;09;01;23;01;004;Desahucios e Indemnizaciones;13004929;0
15;09;01;23;01;006;Asignación por Muerte;54651705;0
15;09;01;23;01;007;Seguro de Vida;26096450;0
15;09;01;23;01;008;Devolución de Imposiciones;106995;0
15;09;01;23;01;016;Bonificación por Hijo para las Mujeres;258378899;0
15;09;01;23;01;018;Ley N° 21.419, Pensión Garantizada Universal;4967952804;0
15;09;01;23;02;000;Prestaciones de Asistencia Social;3918829090;0
15;09;01;23;02;001;Asignación Familiar;34752802;0
15;09;01;23;02;006;Subsidio de Cesantía;600;0
15;09;01;23;02;008;Pensiones Básicas Solidarias de Invalidez;645346865;0
15;09;01;23;02;009;Subsidio de Discapacidad Mental;99288242;0
15;09;01;23;02;010;Bono para Cónyuges que cumplan cincuenta años de matrimonio;10663012;0
15;09;01;23;02;011;Bonificación Ley N° 20.531;849186124;0
15;09;01;23;02;012;Aporte Familiar Permanente de Marzo;250143067;0
15;09;01;23;02;013;Garantía Estatal Artículo 82 D.L. N° 3.500;5273857;0
15;09;01;23;02;016;Ley N° 21.419, Pensión Garantizada Universal;2024174521;0
15;09;01;23;03;000;Prestaciones Sociales del Empleador;20;0
15;09;01;23;03;001;Indemnización de Cargo Fiscal;10;0
15;09;01;23;03;003;Fondo Retiro Funcionarios Públicos  Ley N° 19.882;10;0
15;09;01;24;00;000;TRANSFERENCIAS CORRIENTES;748313853;0
15;09;01;24;01;000;Al Sector Privado;730034990;0
15;09;01;24;01;006;Otras;123586;0
15;09;01;24;01;007;Aporte Previsional Solidario;720938995;0
15;09;01;24;01;012;Ley N° 21.419, Pensión Garantizada Universal;8972369;0
15;09;01;24;01;013;Canasta Protegida Familiar;10;0
15;09;01;24;01;014;Bolsillo Familiar Electrónico;10;0
15;09;01;24;01;015;Bono artículo 3, Ley N° 21.811;10;0
15;09;01;24;01;016;Bono Extraordinario de Apoyo a la Niñez, Ley N° 21.840;10;0
15;09;01;24;03;000;A Otras Entidades Públicas;2636364;0
15;09;01;24;03;263;Comisión Revalorizadora de Pensiones;2636364;0
15;09;01;24;09;000;A Unidades o Programas del Servicio;15642499;0
15;09;01;24;09;008;Traslados y Hospedajes Pensiones Básicas Solidarias de Invalidez;527281;0
15;09;01;24;09;405;Comisiones Médicas, D.L. N° 3.500;15115218;0
15;09;01;25;00;000;INTEGROS AL FISCO;1618063;0
15;09;01;25;99;000;Otros Integros al Fisco;1618063;0
15;09;01;26;00;000;OTROS GASTOS CORRIENTES;10;0
15;09;01;26;02;000;Compensaciones por Daños a Terceros y/o a la Propiedad;10;0
15;09;01;29;00;000;ADQUISICIÓN DE ACTIVOS NO FINANCIEROS;10;0
15;09;01;29;06;000;Equipos Informáticos;10;0
15;09;01;30;00;000;ADQUISICIÓN DE ACTIVOS FINANCIEROS;92712158;0
15;09;01;30;01;000;Compra de Títulos y Valores;92712158;0
15;09;01;32;00;000;PRÉSTAMOS;5658;0
15;09;01;32;01;000;De Asistencia Social;5658;0
15;09;01;34;00;000;SERVICIO DE LA DEUDA;10;0
15;09;01;34;07;000;Deuda Flotante;10;0
15;09;01;35;00;000;SALDO FINAL DE CAJA;8000000;0
15;09;02;07;00;000;INGRESOS DE OPERACIÓN;10;0
15;09;02;09;00;000;APORTE FISCAL;40;0
15;09;02;09;01;000;Libre;40;0
15;09;02;21;00;000;GASTOS EN PERSONAL;10;0
15;09;02;22;00;000;BIENES Y SERVICIOS DE CONSUMO;10;0
15;09;02;29;00;000;ADQUISICIÓN DE ACTIVOS NO FINANCIEROS;10;0
15;09;02;29;04;000;Mobiliario y Otros;10;0
15;09;02;34;00;000;SERVICIO DE LA DEUDA;10;0
15;09;02;34;07;000;Deuda Flotante;10;0
15;09;02;35;00;000;SALDO FINAL DE CAJA;10;0
15;10;01;04;00;000;IMPOSICIONES PREVISIONALES;187039146;0
15;10;01;04;01;000;Aportes del Empleador;135703148;0
15;10;01;04;02;000;Aportes del Trabajador;51335998;0
15;10;01;05;00;000;TRANSFERENCIAS CORRIENTES;388817;0
15;10;01;05;01;000;Del Sector Privado;173219;0
15;10;01;05;01;002;Fondo Ley N° 21.063;173219;0
15;10;01;05;02;000;Del Gobierno Central;215598;0
15;10;01;05;02;004;Fondo Único de Prestaciones Familiares y Subsidios de Cesantía;215588;0
15;10;01;05;02;201;Recuperación de Licencias Médicas - FONASA;10;0
15;10;01;06;00;000;RENTAS DE LA PROPIEDAD;7102836;0
15;10;01;08;00;000;OTROS INGRESOS CORRIENTES;10003286;0
15;10;01;08;01;000;Recuperaciones y Reembolsos por Licencias Médicas;246264;0
15;10;01;08;02;000;Multas y Sanciones Pecuniarias;6258246;0
15;10;01;08;99;000;Otros;3498776;0
15;10;01;11;00;000;VENTA DE ACTIVOS FINANCIEROS;138684765;0
15;10;01;11;01;000;Venta o Rescate de Títulos y Valores;138684765;0
15;10;01;12;00;000;RECUPERACIÓN DE PRÉSTAMOS;10;0
15;10;01;12;10;000;Ingresos por Percibir;10;0
15;10;01;15;00;000;SALDO INICIAL DE CAJA;10;0
15;10;01;21;00;000;GASTOS EN PERSONAL;26357435;0
15;10;01;22;00;000;BIENES Y SERVICIOS DE CONSUMO;16650474;0
15;10;01;23;00;000;PRESTACIONES DE SEGURIDAD SOCIAL;146608304;0
15;10;01;23;01;000;Prestaciones Previsionales;146178225;0
15;10;01;23;01;001;Jubilaciones, Pensiones y Montepíos;27543151;0
15;10;01;23;01;004;Desahucios e Indemnizaciones;1760958;0
15;10;01;23;01;006;Asignación por Muerte;7160;0
15;10;01;23;01;008;Devolución de Imposiciones;1560244;0
15;10;01;23;01;009;Bonificaciones de Salud;84674802;0
15;10;01;23;01;012;Subsidios por Accidentes del Trabajo;30631910;0
15;10;01;23;02;000;Prestaciones de Asistencia Social;430059;0
15;10;01;23;02;001;Asignación Familiar;215588;0
15;10;01;23;02;002;Pensiones Asistenciales;214471;0
15;10;01;23;03;000;Prestaciones Sociales del Empleador;20;0
15;10;01;23;03;001;Indemnización de Cargo Fiscal;10;0
15;10;01;23;03;003;Fondo Retiro Funcionarios Públicos  Ley N° 19.882;10;0
15;10;01;24;00;000;TRANSFERENCIAS CORRIENTES;7460602;0
15;10;01;24;01;000;Al Sector Privado;1196336;0
15;10;01;24;01;001;Concurrencias;1196336;0
15;10;01;24;02;000;Al Gobierno Central;6264266;0
15;10;01;24;02;001;Subsecretaría de Salud Pública;6264266;0
15;10;01;25;00;000;INTEGROS AL FISCO;246264;0
15;10;01;25;99;000;Otros Integros al Fisco;246264;0
15;10;01;26;00;000;OTROS GASTOS CORRIENTES;20;0
15;10;01;26;01;000;Devoluciones;10;0
15;10;01;26;02;000;Compensaciones por Daños a Terceros y/o a la Propiedad;10;0
15;10;01;29;00;000;ADQUISICIÓN DE ACTIVOS NO FINANCIEROS;957697;0
15;10;01;29;05;000;Máquinas y Equipos;42566;0
15;10;01;29;07;000;Programas Informáticos;915131;0
15;10;01;30;00;000;ADQUISICIÓN DE ACTIVOS FINANCIEROS;144938054;0
15;10;01;30;01;000;Compra de Títulos y Valores;144938054;0
15;10;01;34;00;000;SERVICIO DE LA DEUDA;10;0
15;10;01;34;07;000;Deuda Flotante;10;0
15;10;01;35;00;000;SALDO FINAL DE CAJA;10;0
15;11;01;05;00;000;TRANSFERENCIAS CORRIENTES;765181;0
15;11;01;05;02;000;Del Gobierno Central;765181;0
15;11;01;05;02;201;Recuperación de Licencias Médicas - FONASA;10;0
15;11;01;05;02;290;Servicio Nacional de Capacitación y Empleo;765171;0
15;11;01;07;00;000;INGRESOS DE OPERACIÓN;381563;0
15;11;01;08;00;000;OTROS INGRESOS CORRIENTES;10720;0
15;11;01;08;01;000;Recuperaciones y Reembolsos por Licencias Médicas;10720;0
15;11;01;09;00;000;APORTE FISCAL;8576238;0
15;11;01;09;01;000;Libre;8576238;0
15;11;01;12;00;000;RECUPERACIÓN DE PRÉSTAMOS;10;0
15;11;01;12;10;000;Ingresos por Percibir;10;0
15;11;01;15;00;000;SALDO INICIAL DE CAJA;10;0
15;11;01;21;00;000;GASTOS EN PERSONAL;3275181;0
15;11;01;22;00;000;BIENES Y SERVICIOS DE CONSUMO;1185224;0
15;11;01;23;00;000;PRESTACIONES DE SEGURIDAD SOCIAL;10;0
15;11;01;23;01;000;Prestaciones Previsionales;10;0
15;11;01;23;01;004;Desahucios e Indemnizaciones;10;0
15;11;01;24;00;000;TRANSFERENCIAS CORRIENTES;5195022;0
15;11;01;24;03;000;A Otras Entidades Públicas;5027863;0
15;11;01;24;03;001;Certificación de Competencias Laborales Ley N° 20.267;5027863;0
15;11;01;24;09;000;A Unidades o Programas del Servicio;167159;0
15;11;01;24;09;290;Certificación de Competencias Laborales Ley N° 20.267;167159;0
15;11;01;25;00;000;INTEGROS AL FISCO;10742;0
15;11;01;25;99;000;Otros Integros al Fisco;10742;0
15;11;01;26;00;000;OTROS GASTOS CORRIENTES;10;0
15;11;01;26;01;000;Devoluciones;10;0
15;11;01;29;00;000;ADQUISICIÓN DE ACTIVOS NO FINANCIEROS;67513;0
15;11;01;29;07;000;Programas Informáticos;67513;0
15;11;01;34;00;000;SERVICIO DE LA DEUDA;10;0
15;11;01;34;07;000;Deuda Flotante;10;0
15;11;01;35;00;000;SALDO FINAL DE CAJA;10;0
15;13;01;04;00;000;IMPOSICIONES PREVISIONALES;233070263;0
15;13;01;04;01;000;Aportes del Empleador;654;0
15;13;01;04;02;000;Aportes del Trabajador;233069609;0
15;13;01;05;00;000;TRANSFERENCIAS CORRIENTES;661147;0
15;13;01;05;02;000;Del Gobierno Central;661147;0
15;13;01;05;02;004;Fondo Único de Prestaciones Familiares y Subsidios de Cesantía;661137;0
15;13;01;05;02;201;Recuperación de Licencias Médicas - FONASA;10;0
15;13;01;06;00;000;RENTAS DE LA PROPIEDAD;87241;0
15;13;01;08;00;000;OTROS INGRESOS CORRIENTES;21363337;0
15;13;01;08;01;000;Recuperaciones y Reembolsos por Licencias Médicas;62855;0
15;13;01;08;02;000;Multas y Sanciones Pecuniarias;10;0
15;13;01;08;04;000;Fondos de Terceros;7524607;0
15;13;01;08;99;000;Otros;13775865;0
15;13;01;09;00;000;APORTE FISCAL;1730842593;0
15;13;01;09;01;000;Libre;1730842593;0
15;13;01;12;00;000;RECUPERACIÓN DE PRÉSTAMOS;1744209;0
15;13;01;12;01;000;De Asistencia Social;1744199;0
15;13;01;12;10;000;Ingresos por Percibir;10;0
15;13;01;15;00;000;SALDO INICIAL DE CAJA;10;0
15;13;01;21;00;000;GASTOS EN PERSONAL;14516628;0
15;13;01;22;00;000;BIENES Y SERVICIOS DE CONSUMO;6172422;0
15;13;01;23;00;000;PRESTACIONES DE SEGURIDAD SOCIAL;1762852165;0
15;13;01;23;01;000;Prestaciones Previsionales;1762191008;0
15;13;01;23;01;001;Jubilaciones, Pensiones y Montepíos;1735004992;0
15;13;01;23;01;002;Bonificaciones;95237;0
15;13;01;23;01;003;Bono de Reconocimiento;24987233;0
15;13;01;23;01;006;Asignación por Muerte;2103546;0
15;13;01;23;02;000;Prestaciones de Asistencia Social;661137;0
15;13;01;23;02;001;Asignación Familiar;661137;0
15;13;01;23;03;000;Prestaciones Sociales del Empleador;20;0
15;13;01;23;03;001;Indemnización de Cargo Fiscal;10;0
15;13;01;23;03;003;Fondo Retiro Funcionarios Públicos  Ley N° 19.882;10;0
15;13;01;24;00;000;TRANSFERENCIAS CORRIENTES;201675883;0
15;13;01;24;01;000;Al Sector Privado;11163452;0
15;13;01;24;01;453;Ubicación Menores, Ancianos e Incapacitados;999962;0
15;13;01;24;01;456;Cotización Isapres;4994260;0
15;13;01;24;01;461;Centros de Salud Capredena;5169230;0
15;13;01;24;02;000;Al Gobierno Central;24693861;0
15;13;01;24;02;002;Fondo de Medicina Curativa;17878087;0
15;13;01;24;02;003;Fondo Nacional de Salud;6815774;0
15;13;01;24;03;000;A Otras Entidades Públicas;165818570;0
15;13;01;24;03;268;Aporte Caja Fondo Desahucio;4271311;0
15;13;01;24;03;269;Aporte Caja Fondo Revalorizador de Pensiones;362076;0
15;13;01;24;03;270;Aporte Fiscal Fondo Desahucio;2406565;0
15;13;01;24;03;271;Aporte Fiscal Fondo Revalorizador de Pensiones;3649945;0
15;13;01;24;03;274;Fondo Desahucio;49277549;0
15;13;01;24;03;275;Fondo Revalorizador de Pensiones;6006692;0
15;13;01;24;03;277;Fondos de Salud de las Fuerzas Armadas;99844432;0
15;13;01;25;00;000;INTEGROS AL FISCO;62855;0
15;13;01;25;99;000;Otros Integros al Fisco;62855;0
15;13;01;26;00;000;OTROS GASTOS CORRIENTES;10;0
15;13;01;26;02;000;Compensaciones por Daños a Terceros y/o a la Propiedad;10;0
15;13;01;29;00;000;ADQUISICIÓN DE ACTIVOS NO FINANCIEROS;744618;0
15;13;01;29;07;000;Programas Informáticos;744618;0
15;13;01;32;00;000;PRÉSTAMOS;1744199;0
15;13;01;32;01;000;De Asistencia Social;1744199;0
15;13;01;34;00;000;SERVICIO DE LA DEUDA;10;0
15;13;01;34;07;000;Deuda Flotante;10;0
15;13;01;35;00;000;SALDO FINAL DE CAJA;10;0
15;13;02;05;00;000;TRANSFERENCIAS CORRIENTES;17878087;0
15;13;02;05;02;000;Del Gobierno Central;17878087;0
15;13;02;05;02;002;Caja de Previsión de la Defensa Nacional;17878087;0
15;13;02;06;00;000;RENTAS DE LA PROPIEDAD;17330;0
15;13;02;08;00;000;OTROS INGRESOS CORRIENTES;10;0
15;13;02;08;99;000;Otros;10;0
15;13;02;11;00;000;VENTA DE ACTIVOS FINANCIEROS;1670656;0
15;13;02;11;01;000;Venta o Rescate de Títulos y Valores;1670656;0
15;13;02;15;00;000;SALDO INICIAL DE CAJA;10;0
15;13;02;22;00;000;BIENES Y SERVICIOS DE CONSUMO;79757;0
15;13;02;23;00;000;PRESTACIONES DE SEGURIDAD SOCIAL;8268815;0
15;13;02;23;01;000;Prestaciones Previsionales;8268815;0
15;13;02;23;01;009;Bonificaciones de Salud;8268815;0
15;13;02;24;00;000;TRANSFERENCIAS CORRIENTES;1293579;0
15;13;02;24;03;000;A Otras Entidades Públicas;1293579;0
15;13;02;24;03;277;Fondos de Salud de las Fuerzas Armadas;1293579;0
15;13;02;30;00;000;ADQUISICIÓN DE ACTIVOS FINANCIEROS;1853917;0
15;13;02;30;01;000;Compra de Títulos y Valores;1853917;0
15;13;02;32;00;000;PRÉSTAMOS;8070005;0
15;13;02;32;05;000;Médicos;8070005;0
15;13;02;34;00;000;SERVICIO DE LA DEUDA;10;0
15;13;02;34;07;000;Deuda Flotante;10;0
15;13;02;35;00;000;SALDO FINAL DE CAJA;10;0
15;14;01;04;00;000;IMPOSICIONES PREVISIONALES;247564051;0
15;14;01;04;01;000;Aportes del Empleador;18835184;0
15;14;01;04;02;000;Aportes del Trabajador;228728867;0
15;14;01;05;00;000;TRANSFERENCIAS CORRIENTES;978737;0
15;14;01;05;02;000;Del Gobierno Central;891107;0
15;14;01;05;02;004;Fondo Único de Prestaciones Familiares y Subsidios de Cesantía;891097;0
15;14;01;05;02;201;Recuperación de Licencias Médicas - FONASA;10;0
15;14;01;05;03;000;De Otras Entidades Públicas;87630;0
15;14;01;05;03;012;Comisión Revalorizadora de Pensiones;87630;0
15;14;01;06;00;000;RENTAS DE LA PROPIEDAD;1129891;0
15;14;01;07;00;000;INGRESOS DE OPERACIÓN;48818;0
15;14;01;08;00;000;OTROS INGRESOS CORRIENTES;1124876;0
15;14;01;08;01;000;Recuperaciones y Reembolsos por Licencias Médicas;108666;0
15;14;01;08;02;000;Multas y Sanciones Pecuniarias;19595;0
15;14;01;08;99;000;Otros;996615;0
15;14;01;09;00;000;APORTE FISCAL;1368845776;0
15;14;01;09;01;000;Libre;1368845776;0
15;14;01;10;00;000;VENTA DE ACTIVOS NO FINANCIEROS;10;0
15;14;01;10;04;000;Mobiliario y Otros;10;0
15;14;01;11;00;000;VENTA DE ACTIVOS FINANCIEROS;10;0
15;14;01;11;01;000;Venta o Rescate de Títulos y Valores;10;0
15;14;01;12;00;000;RECUPERACIÓN DE PRÉSTAMOS;113455032;0
15;14;01;12;01;000;De Asistencia Social;8452;0
15;14;01;12;05;000;Médicos;113446580;0
15;14;01;15;00;000;SALDO INICIAL DE CAJA;10;0
15;14;01;21;00;000;GASTOS EN PERSONAL;8786520;0
15;14;01;22;00;000;BIENES Y SERVICIOS DE CONSUMO;4500055;0
15;14;01;23;00;000;PRESTACIONES DE SEGURIDAD SOCIAL;1484765129;0
15;14;01;23;01;000;Prestaciones Previsionales;1397149917;0
15;14;01;23;01;001;Jubilaciones, Pensiones y Montepíos;1380990826;0
15;14;01;23;01;002;Bonificaciones;3071934;0
15;14;01;23;01;003;Bono de Reconocimiento;10582904;0
15;14;01;23;01;004;Desahucios e Indemnizaciones;235351;0
15;14;01;23;01;006;Asignación por Muerte;1973243;0
15;14;01;23;01;008;Devolución de Imposiciones;295659;0
15;14;01;23;02;000;Prestaciones de Asistencia Social;891097;0
15;14;01;23;02;001;Asignación Familiar;891097;0
15;14;01;23;03;000;Prestaciones Sociales del Empleador;86724115;0
15;14;01;23;03;001;Indemnización de Cargo Fiscal;10;0
15;14;01;23;03;002;Beneficios Médicos;86724095;0
15;14;01;23;03;003;Fondo Retiro Funcionarios Públicos  Ley N° 19.882;10;0
15;14;01;24;00;000;TRANSFERENCIAS CORRIENTES;103141104;0
15;14;01;24;03;000;A Otras Entidades Públicas;103141104;0
15;14;01;24;03;283;Aporte Medicina Preventiva;14097827;0
15;14;01;24;03;284;Aporte Fondo de Desahucio Carabineros;1192143;0
15;14;01;24;03;285;Aporte Hospital Dirección de Previsión de Carabineros;268784;0
15;14;01;24;03;286;Fondo Medicina Preventiva;10162869;0
15;14;01;24;03;287;Hospital de Carabineros;16569340;0
15;14;01;24;03;288;Fondo Hospital Dirección de Previsión de Carabineros;36736194;0
15;14;01;24;03;289;Comisión Revalorizadora de Pensiones;22181068;0
15;14;01;24;03;290;Aporte Fondo Desahucio Policía de Investigaciones;1192143;0
15;14;01;24;03;291;Fondos Servicio Odontológico;740736;0
15;14;01;25;00;000;INTEGROS AL FISCO;108666;0
15;14;01;25;99;000;Otros Integros al Fisco;108666;0
15;14;01;26;00;000;OTROS GASTOS CORRIENTES;990439;0
15;14;01;26;01;000;Devoluciones;10;0
15;14;01;26;02;000;Compensaciones por Daños a Terceros y/o a la Propiedad;990429;0
15;14;01;29;00;000;ADQUISICIÓN DE ACTIVOS NO FINANCIEROS;939753;0
15;14;01;29;06;000;Equipos Informáticos;119372;0
15;14;01;29;07;000;Programas Informáticos;820381;0
15;14;01;30;00;000;ADQUISICIÓN DE ACTIVOS FINANCIEROS;10;0
15;14;01;30;01;000;Compra de Títulos y Valores;10;0
15;14;01;32;00;000;PRÉSTAMOS;129915515;0
15;14;01;32;01;000;De Asistencia Social;8452;0
15;14;01;32;05;000;Médicos;129907063;0
15;14;01;34;00;000;SERVICIO DE LA DEUDA;10;0
15;14;01;34;07;000;Deuda Flotante;10;0
15;14;01;35;00;000;SALDO FINAL DE CAJA;10;0
16;02;01;04;00;000;IMPOSICIONES PREVISIONALES;4279893211;0
16;02;01;04;02;000;Aportes del Trabajador;4279893211;0
16;02;01;05;00;000;TRANSFERENCIAS CORRIENTES;204889696;0
16;02;01;05;02;000;Del Gobierno Central;204889696;0
16;02;01;05;02;006;Caja de Previsión de la Defensa Nacional;6815774;0
16;02;01;05;02;011;Fondo para Diagnóstico y Tratamientos de Alto Costo Ley N°20.850;166951281;0
16;02;01;05;02;015;Sistema de Protección Integral a la Infancia;25440415;0
16;02;01;05;02;016;Programa de Apoyo a la Salud Mental Infantil;5682216;0
16;02;01;05;02;201;Recuperación de Licencias Médicas - FONASA;10;0
16;02;01;06;00;000;RENTAS DE LA PROPIEDAD;10;0
16;02;01;08;00;000;OTROS INGRESOS CORRIENTES;2324519;0
16;02;01;08;01;000;Recuperaciones y Reembolsos por Licencias Médicas;458600;0
16;02;01;08;02;000;Multas y Sanciones Pecuniarias;10;0
16;02;01;08;99;000;Otros;1865909;0
16;02;01;09;00;000;APORTE FISCAL;11719169946;0
16;02;01;09;01;000;Libre;11716632091;0
16;02;01;09;03;000;Servicio de la Deuda Externa;2537855;0
16;02;01;12;00;000;RECUPERACIÓN DE PRÉSTAMOS;17263986;0
16;02;01;12;05;000;Médicos;17263976;0
16;02;01;12;10;000;Ingresos por Percibir;10;0
16;02;01;15;00;000;SALDO INICIAL DE CAJA;10;0
16;02;01;21;00;000;GASTOS EN PERSONAL;34190434;0
16;02;01;22;00;000;BIENES Y SERVICIOS DE CONSUMO;37417116;0
16;02;01;23;00;000;PRESTACIONES DE SEGURIDAD SOCIAL;934333523;0
16;02;01;23;01;000;Prestaciones Previsionales;934333513;0
16;02;01;23;01;009;Bonificaciones de Salud;914068431;0
16;02;01;23;01;014;Subsidio Cajas de Compensación de Asignación Familiar;10;0
16;02;01;23;01;019;Bonificaciones de Salud - MCC (Ley N° 21.674);10;0
16;02;01;23;01;020;Bonificaciones de Salud - SAP (Ley N° 21.736);20265062;0
16;02;01;23;03;000;Prestaciones Sociales del Empleador;10;0
16;02;01;23;03;001;Indemnización de Cargo Fiscal;5;0
16;02;01;23;03;003;Fondo Retiro Funcionarios Públicos  Ley N° 19.882;5;0
16;02;01;24;00;000;TRANSFERENCIAS CORRIENTES;15142813557;0
16;02;01;24;02;000;Al Gobierno Central;13871700246;0
16;02;01;24;02;034;Instituto de Salud Pública de Chile;2926645;0
16;02;01;24;02;035;Programa de Atención Primaria;3960097155;0
16;02;01;24;02;037;Programa de Prestaciones Institucionales;2440061704;0
16;02;01;24;02;040;Financiamiento Hospitales por Grupo Relacionado de Diagnóstico;7241353868;0
16;02;01;24;02;043;Subsecretaría de Salud Pública;226817530;0
16;02;01;24;02;070;Subsecretaría de Redes Asistenciales;443344;0
16;02;01;24;03;000;A Otras Entidades Públicas;58380364;0
16;02;01;24;03;010;Financiamiento de Prestaciones Médicas;32900816;0
16;02;01;24;03;411;Ley N° 21.621 - Hospital Clínico Universidad de Chile;25479548;0
16;02;01;24;09;000;A Unidades o Programas del Servicio;1212732947;0
16;02;01;24;09;010;Provisión de Prestaciones Médicas;985514785;0
16;02;01;24;09;011;Bono Auge;60266881;0
16;02;01;24;09;410;Aplicación Ley N°20.850;166951281;0
16;02;01;25;00;000;INTEGROS AL FISCO;472829;0
16;02;01;25;99;000;Otros Integros al Fisco;472829;0
16;02;01;26;00;000;OTROS GASTOS CORRIENTES;15819562;0
16;02;01;26;02;000;Compensaciones por Daños a Terceros y/o a la Propiedad;15819562;0
16;02;01;32;00;000;PRÉSTAMOS;55956482;0
16;02;01;32;05;000;Médicos;55956482;0
16;02;01;34;00;000;SERVICIO DE LA DEUDA;2537865;0
16;02;01;34;04;000;Intereses Deuda Externa;2245471;0
16;02;01;34;06;000;Otros Gastos Financieros Deuda Externa;292384;0
16;02;01;34;07;000;Deuda Flotante;10;0
16;02;01;35;00;000;SALDO FINAL DE CAJA;10;0
16;02;02;05;00;000;TRANSFERENCIAS CORRIENTES;3960097155;0
16;02;02;05;02;000;Del Gobierno Central;3960097155;0
16;02;02;05;02;001;Fondo Nacional de Salud;3960097155;0
16;02;02;24;00;000;TRANSFERENCIAS CORRIENTES;3960097155;0
16;02;02;24;02;000;Al Gobierno Central;3960097155;0
16;02;02;24;02;001;Servicio de Salud Arica y Parinacota;56781271;0
16;02;02;24;02;002;Servicio de Salud Tarapacá;88757815;0
16;02;02;24;02;003;Servicio de Salud Antofagasta;102926275;0
16;02;02;24;02;004;Servicio de Salud Atacama;65039030;0
16;02;02;24;02;005;Servicio de Salud Coquimbo;174507906;0
16;02;02;24;02;006;Servicio de Salud Valparaíso - San Antonio;104532752;0
16;02;02;24;02;007;Servicio de Salud Viña del Mar - Quillota;205834128;0
16;02;02;24;02;008;Servicio de Salud Aconcagua;51635672;0
16;02;02;24;02;009;Servicio de Salud O'Higgins;202242892;0
16;02;02;24;02;010;Servicio de Salud Maule;272989279;0
16;02;02;24;02;011;Servicio de Salud Ñuble;124745129;0
16;02;02;24;02;012;Servicio de Salud Concepción;127393644;0
16;02;02;24;02;013;Servicio de Salud Talcahuano;84201656;0
16;02;02;24;02;014;Servicio de Salud Bío - Bío;102322237;0
16;02;02;24;02;015;Servicio de Salud Arauco;39993873;0
16;02;02;24;02;016;Servicio de Salud Araucanía Norte;57967632;0
16;02;02;24;02;017;Servicio de Salud Araucanía Sur;212353279;0
16;02;02;24;02;018;Servicio de Salud Los Ríos;108005470;0
16;02;02;24;02;019;Servicio de Salud Osorno;62531409;0
16;02;02;24;02;020;Servicio de Salud del Reloncaví;104500931;0
16;02;02;24;02;021;Servicio de Salud Aysén;17100995;0
16;02;02;24;02;022;Servicio de Salud Magallanes;39144752;0
16;02;02;24;02;023;Servicio de Salud Metropolitano Oriente;148206533;0
16;02;02;24;02;024;Servicio de Salud Metropolitano Central;119596972;0
16;02;02;24;02;025;Servicio de Salud Metropolitano Sur;258867668;0
16;02;02;24;02;026;Servicio de Salud Metropolitano Norte;177640953;0
16;02;02;24;02;027;Servicio de Salud Metropolitano Occidente;273319504;0
16;02;02;24;02;028;Servicio de Salud Metropolitano Sur - Oriente;266915724;0
16;02;02;24;02;030;Programa Contingencias Operacionales;241067330;0
16;02;02;24;02;042;Servicio de Salud Chiloé;68974444;0
16;02;04;05;00;000;TRANSFERENCIAS CORRIENTES;2440061704;0
16;02;04;05;02;000;Del Gobierno Central;2440061704;0
16;02;04;05;02;001;Fondo Nacional de Salud;2440061704;0
16;02;04;24;00;000;TRANSFERENCIAS CORRIENTES;2440061704;0
16;02;04;24;02;000;Al Gobierno Central;2440061704;0
16;02;04;24;02;001;Servicio de Salud Arica y Parinacota;16526987;0
16;02;04;24;02;002;Servicio de Salud Tarapacá;81556215;0
16;02;04;24;02;003;Servicio de Salud Antofagasta;60087651;0
16;02;04;24;02;004;Servicio de Salud Atacama;31383641;0
16;02;04;24;02;005;Servicio de Salud Coquimbo;47517944;0
16;02;04;24;02;006;Servicio de Salud Valparaíso - San Antonio;55128273;0
16;02;04;24;02;007;Servicio de Salud Viña del Mar - Quillota;84262184;0
16;02;04;24;02;008;Servicio de Salud Aconcagua;53537562;0
16;02;04;24;02;009;Servicio de Salud O'Higgins;67601765;0
16;02;04;24;02;010;Servicio de Salud Maule;64198078;0
16;02;04;24;02;011;Servicio de Salud Ñuble;63391347;0
16;02;04;24;02;012;Servicio de Salud Concepción;46188746;0
16;02;04;24;02;013;Servicio de Salud Talcahuano;23082428;0
16;02;04;24;02;014;Servicio de Salud Bío - Bío;56064277;0
16;02;04;24;02;015;Servicio de Salud Arauco;66171692;0
16;02;04;24;02;016;Servicio de Salud Araucanía Norte;47274343;0
16;02;04;24;02;017;Servicio de Salud Araucanía Sur;68501216;0
16;02;04;24;02;018;Servicio de Salud Los Ríos;78227743;0
16;02;04;24;02;019;Servicio de Salud Osorno;38746478;0
16;02;04;24;02;020;Servicio de Salud del Reloncaví;81305349;0
16;02;04;24;02;021;Servicio de Salud Aysén;57439554;0
16;02;04;24;02;022;Servicio de Salud Magallanes;57367308;0
16;02;04;24;02;023;Servicio de Salud Metropolitano Oriente;127634718;0
16;02;04;24;02;024;Servicio de Salud Metropolitano Central;52223025;0
16;02;04;24;02;025;Servicio de Salud Metropolitano Sur;84056672;0
16;02;04;24;02;026;Servicio de Salud Metropolitano Norte;100501233;0
16;02;04;24;02;027;Servicio de Salud Metropolitano Occidente;36785303;0
16;02;04;24;02;028;Servicio de Salud Metropolitano Sur - Oriente;89282031;0
16;02;04;24;02;030;Programa Contingencias Operacionales;315277549;0
16;02;04;24;02;039;Centro de Referencia de Salud de Maipú;14729730;0
16;02;04;24;02;041;Centro de Referencia de Salud de Peñalolén Cordillera Oriente;14560784;0
16;02;04;24;02;042;Servicio de Salud Chiloé;54186927;0
16;02;04;24;02;201;Dirección de Servicio de Salud Arica y Parinacota;7569903;0
16;02;04;24;02;202;Dirección de Servicio de Salud Tarapacá;21139427;0
16;02;04;24;02;203;Dirección de Servicio de Salud Antofagasta;9251558;0
16;02;04;24;02;204;Dirección de Servicio de Salud Atacama;9030384;0
16;02;04;24;02;205;Dirección de Servicio de Salud Coquimbo;8834037;0
16;02;04;24;02;206;Dirección de Servicio de Salud Valparaíso - San Antonio;7856084;0
16;02;04;24;02;207;Dirección de Servicio de Salud Viña del Mar - Quillota;9212724;0
16;02;04;24;02;208;Dirección de Servicio de Salud Aconcagua;6868693;0
16;02;04;24;02;209;Dirección de Servicio de Salud O'Higgins;10871866;0
16;02;04;24;02;210;Dirección de Servicio de Salud Maule;11489905;0
16;02;04;24;02;211;Dirección de Servicio de Salud Ñuble;10760762;0
16;02;04;24;02;212;Dirección de Servicio de Salud Concepción;13682984;0
16;02;04;24;02;213;Dirección de Servicio de Salud Talcahuano;9904776;0
16;02;04;24;02;214;Dirección de Servicio de Salud Bío - Bío;9801143;0
16;02;04;24;02;215;Dirección de Servicio de Salud Arauco;5771341;0
16;02;04;24;02;216;Dirección de Servicio de Salud Araucanía Norte;8048107;0
16;02;04;24;02;217;Dirección de Servicio de Salud Araucanía Sur;5795036;0
16;02;04;24;02;218;Dirección de Servicio de Salud Los Ríos;12714347;0
16;02;04;24;02;219;Dirección de Servicio de Salud Osorno;10392001;0
16;02;04;24;02;220;Dirección de Servicio de Salud del Reloncaví;10166491;0
16;02;04;24;02;221;Dirección de Servicio de Salud Aysén;8935468;0
16;02;04;24;02;222;Dirección de Servicio de Salud Magallanes;9990141;0
16;02;04;24;02;223;Dirección de Servicio de Salud Metropolitano Oriente;13039626;0
16;02;04;24;02;224;Dirección de Servicio de Salud Metropolitano Central;10714602;0
16;02;04;24;02;225;Dirección de Servicio de Salud Metropolitano Sur;14164400;0
16;02;04;24;02;226;Dirección de Servicio de Salud Metropolitano Norte;12951409;0
16;02;04;24;02;227;Dirección de Servicio de Salud Metropolitano Occidente;11062973;0
16;02;04;24;02;228;Dirección de Servicio de Salud Metropolitano Sur - Oriente;17091555;0
16;02;04;24;02;242;Dirección de Servicio de Salud Chiloé;8151208;0
16;02;05;05;00;000;TRANSFERENCIAS CORRIENTES;7241353868;0
16;02;05;05;02;000;Del Gobierno Central;7241353868;0
16;02;05;05;02;001;Fondo Nacional de Salud;7241353868;0
16;02;05;24;00;000;TRANSFERENCIAS CORRIENTES;7241353868;0
16;02;05;24;02;000;Al Gobierno Central;7241353868;0
16;02;05;24;02;030;Programa Contingencias Operacionales;27291404;0
16;02;05;24;02;101;Servicio de Salud Arica y Parinacota - Hospital Juan Noé;106615447;0
16;02;05;24;02;102;Servicio de Salud Tarapacá - Hospital de Iquique;111277716;0
16;02;05;24;02;103;Servicio de Salud Antofagasta - Hospital de Antofagasta;174032038;0
16;02;05;24;02;104;Servicio de Salud Antofagasta - Hospital de Calama;69270625;0
16;02;05;24;02;105;Servicio de Salud Atacama - Hospital Regional de Copiapó;72593650;0
16;02;05;24;02;106;Servicio de Salud Atacama - Hospital de Vallenar;34062362;0
16;02;05;24;02;107;Servicio de Salud Coquimbo - Hospital La Serena;125505088;0
16;02;05;24;02;108;Servicio de Salud Coquimbo - Hospital San Pablo;91780600;0
16;02;05;24;02;109;Servicio de Salud Coquimbo - Hospital Ovalle;68621342;0
16;02;05;24;02;110;Servicio de Salud Valparaiso San Antonio - Hospital Carlos Van Buren;133982179;0
16;02;05;24;02;111;Servicio de Salud Valparaiso San Antonio - Hospital Doctor Eduardo Pereira;33000335;0
16;02;05;24;02;112;Servicio de Salud Valparaiso San Antonio - Hospital Claudio Vicuña;76247025;0
16;02;05;24;02;113;Servicio de Salud Viña del Mar Quillota - Hospital Doctor Gustavo Fricke;204711127;0
16;02;05;24;02;114;Servicio de Salud Viña del Mar Quillota - Hospital de Quillota;106236144;0
16;02;05;24;02;115;Servicio de Salud Viña del Mar Quillota - Hospital de Quilpué;73003965;0
16;02;05;24;02;116;Servicio de Salud Aconcagua - Hospital San Camilo de San Felipe;57657224;0
16;02;05;24;02;117;Servicio de Salud Aconcagua - Hospital San Juan de Dios de los Andes;40644561;0
16;02;05;24;02;118;Servicio de Salud O'Higgins - Hospital de Rancagua;172600080;0
16;02;05;24;02;119;Servicio de Salud O'Higgins - Hospital San Fernando;51301957;0
16;02;05;24;02;120;Servicio de Salud O'Higgins - Hospital de Santa Cruz;26944977;0
16;02;05;24;02;121;Servicio de Salud Maule - Hospital de Curicó;126202338;0
16;02;05;24;02;122;Servicio de Salud Maule - Hospital de Talca;201937134;0
16;02;05;24;02;123;Servicio de Salud Maule - Hospital de Linares;61140555;0
16;02;05;24;02;124;Servicio de Salud Maule - Hospital de Parral;24162697;0
16;02;05;24;02;125;Servicio de Salud Ñuble - Hospital de Chillán;146243422;0
16;02;05;24;02;126;Servicio de Salud Ñuble - Hospital de San Carlos;47893720;0
16;02;05;24;02;127;Servicio de Salud Concepción - Hospital Guillermo Grant Benavente;269595606;0
16;02;05;24;02;128;Servicio de Salud Concepción - Hospital de Coronel;35012210;0
16;02;05;24;02;129;Servicio de Salud Talcahuano - Hospital Higueras;167682681;0
16;02;05;24;02;130;Servicio de Salud Biobío - Hospital de los Ángeles;184627937;0
16;02;05;24;02;131;Servicio de Salud Arauco - Hospital de Curanilahue;44519346;0
16;02;05;24;02;132;Servicio de Salud Araucanía Norte - Hospital Angol;64807396;0
16;02;05;24;02;133;Servicio de Salud Araucanía Norte - Hospital Victoria;45113855;0
16;02;05;24;02;134;Servicio de Salud Araucanía Sur - Hospital Dr. Abraham Godoy Peña de Lautaro;32308192;0
16;02;05;24;02;135;Servicio de Salud Araucanía Sur - Intercultural de Nueva Imperial;41525771;0
16;02;05;24;02;136;Servicio de Salud Araucanía Sur - Hospital de Pitrufquén;28501588;0
16;02;05;24;02;137;Servicio de Salud Araucanía Sur - Hospital de Villarrica;62175697;0
16;02;05;24;02;138;Servicio de Salud Araucanía Sur - Hospital de Temuco;197853525;0
16;02;05;24;02;139;Servicio de Salud Los Ríos - Hospital de Valdivia;165813452;0
16;02;05;24;02;140;Servicio de Salud Osorno - Hospital de Osorno;116901877;0
16;02;05;24;02;141;Servicio de Salud del Reloncaví - Hospital de Puerto Montt;187015860;0
16;02;05;24;02;142;Servicio de Salud Aysén - Hospital de Coyhaique;79951985;0
16;02;05;24;02;143;Servicio de Salud Magallanes - Hospital Regional de Punta Arenas;110007796;0
16;02;05;24;02;144;Servicio de Salud Metropolitano Oriente - Hospital Salvador;224979692;0
16;02;05;24;02;145;Servicio de Salud Metropolitano Oriente - Hospital Santiago Oriente Luis Tisné;70401254;0
16;02;05;24;02;146;Servicio de Salud Metropolitano Oriente - Hospital Luis Calvo Mackenna;74499828;0
16;02;05;24;02;147;Servicio de Salud Metropolitano Oriente - Hospital del Tórax;60787127;0
16;02;05;24;02;148;Servicio de Salud Metropolitano Oriente - Instituto de Neurocirugía;35862844;0
16;02;05;24;02;149;Servicio de Salud Metropolitano Central - Hospital Clínico San Borja Arriarán;165165810;0
16;02;05;24;02;150;Servicio de Salud Metropolitano Central - Hospital El Carmen;135816072;0
16;02;05;24;02;151;Servicio de Salud Metropolitano Central - Hospital de Urgencia Asistencia Pública;110005151;0
16;02;05;24;02;152;Servicio de Salud Metropolitano Sur - Hospital Barros Luco Trudeau;198355046;0
16;02;05;24;02;153;Servicio de Salud Metropolitano Sur - Hospital Exequiel González Cortés;56050588;0
16;02;05;24;02;154;Servicio de Salud Metropolitano Sur - Hospital San Luis de Buin;35226162;0
16;02;05;24;02;155;Servicio de Salud Metropolitano Sur - Hospital Sanatorio El Pino;73987106;0
16;02;05;24;02;156;Servicio de Salud Metropolitano Norte - Hospital San José;153186418;0
16;02;05;24;02;157;Servicio de Salud Metropolitano Norte - Hospital Roberto del Río;68000692;0
16;02;05;24;02;158;Servicio de Salud Metropolitano Occidente - Hospital San Juan de Dios;227717440;0
16;02;05;24;02;159;Servicio de Salud Metropolitano Occidente - Hospital Félix Bulnes;165476956;0
16;02;05;24;02;160;Servicio de Salud Metropolitano Occidente - Hospital de Talagante;32533399;0
16;02;05;24;02;161;Servicio de Salud Metropolitano Occidente - Hospital de Melipilla;69091695;0
16;02;05;24;02;162;Servicio de Salud Metropolitano Sur Oriente - Hospital Sótero del Río;297978750;0
16;02;05;24;02;163;Servicio de Salud Metropolitano Sur Oriente - Hospital La Florida;140556675;0
16;02;05;24;02;164;Servicio de Salud Metropolitano Sur Oriente - Hospital Padre Alberto Hurtado;113646300;0
16;02;05;24;02;165;Servicio de Salud Chiloé - Hospital Castro;48303347;0
16;02;05;24;02;166;Servicio de Salud Concepción - Hospital de Lota;28588264;0
16;02;05;24;02;167;Servicio de Salud Talcahuano - Hospital de Tomé;29597431;0
16;02;05;24;02;168;Servicio de Salud Metropolitano Occidente - Instituto Traumatológico;26003768;0
16;02;05;24;02;169;Servicio de Salud Maule - Hospital de Cauquenes;24108348;0
16;02;05;24;02;170;Servicio de Salud Maule - Hospital de Constitución;14679049;0
16;02;05;24;02;171;Servicio de Salud Talcahuano - Hospital de Penco Lirquén;23749344;0
16;02;05;24;02;172;Servicio de Salud Araucanía Sur - Hospital Padre las Casas;61810374;0
16;02;05;24;02;173;Servicio de Salud Coquimbo - Hospital Illapel;18027027;0
16;02;05;24;02;174;Servicio de Salud O'Higgins - Hospital de Rengo;25120090;0
16;02;05;24;02;175;Servicio de Salud Maule - Hospital de San Javier;11713804;0
16;02;05;24;02;176;Servicio de Salud Concepción - Hospital Traumatológico;24453111;0
16;02;05;24;02;177;Servicio de Salud Araucanía Norte - Hospital Traiguén;8656450;0
16;02;05;24;02;178;Servicio de Salud Aysén - Hospital de Puerto Aysén;29599005;0
16;02;05;24;02;179;Servicio de Salud Metropolitano Occidente - Hospital de Peñaflor;16563545;0
16;02;05;24;02;180;Servicio de Salud Chiloé - Hospital de Ancud;42681420;0
16;04;01;05;00;000;TRANSFERENCIAS CORRIENTES;2926655;0
16;04;01;05;02;000;Del Gobierno Central;2926655;0
16;04;01;05;02;004;Fondo Nacional de Salud;2926645;0
16;04;01;05;02;201;Recuperación de Licencias Médicas - FONASA;10;0
16;04;01;07;00;000;INGRESOS DE OPERACIÓN;48301151;0
16;04;01;08;00;000;OTROS INGRESOS CORRIENTES;865242;0
16;04;01;08;01;000;Recuperaciones y Reembolsos por Licencias Médicas;456156;0
16;04;01;08;02;000;Multas y Sanciones Pecuniarias;323327;0
16;04;01;08;99;000;Otros;85759;0
16;04;01;09;00;000;APORTE FISCAL;22873861;0
16;04;01;09;01;000;Libre;22873861;0
16;04;01;10;00;000;VENTA DE ACTIVOS NO FINANCIEROS;50;0
16;04;01;10;03;000;Vehículos;10;0
16;04;01;10;04;000;Mobiliario y Otros;10;0
16;04;01;10;05;000;Máquinas y Equipos;10;0
16;04;01;10;06;000;Equipos Informáticos;10;0
16;04;01;10;99;000;Otros Activos no Financieros;10;0
16;04;01;12;00;000;RECUPERACIÓN DE PRÉSTAMOS;338971;0
16;04;01;12;10;000;Ingresos por Percibir;338971;0
16;04;01;15;00;000;SALDO INICIAL DE CAJA;10;0
16;04;01;21;00;000;GASTOS EN PERSONAL;29246744;0
16;04;01;22;00;000;BIENES Y SERVICIOS DE CONSUMO;22226370;0
16;04;01;23;00;000;PRESTACIONES DE SEGURIDAD SOCIAL;10;0
16;04;01;23;03;000;Prestaciones Sociales del Empleador;10;0
16;04;01;23;03;001;Indemnización de Cargo Fiscal;10;0
16;04;01;24;00;000;TRANSFERENCIAS CORRIENTES;10;0
16;04;01;24;02;000;Al Gobierno Central;10;0
16;04;01;24;02;043;Subsecretaría de Salud Pública;10;0
16;04;01;25;00;000;INTEGROS AL FISCO;21090783;0
16;04;01;25;01;000;Impuestos;3497506;0
16;04;01;25;99;000;Otros Integros al Fisco;17593277;0
16;04;01;26;00;000;OTROS GASTOS CORRIENTES;37780;0
16;04;01;26;01;000;Devoluciones;37780;0
16;04;01;29;00;000;ADQUISICIÓN DE ACTIVOS NO FINANCIEROS;1125507;0
16;04;01;29;05;000;Máquinas y Equipos;1125507;0
16;04;01;31;00;000;INICIATIVAS DE INVERSIÓN;1578716;0
16;04;01;31;02;000;Proyectos;1578716;0
16;04;01;34;00;000;SERVICIO DE LA DEUDA;10;0
16;04;01;34;07;000;Deuda Flotante;10;0
16;04;01;35;00;000;SALDO FINAL DE CAJA;10;0
16;05;01;05;00;000;TRANSFERENCIAS CORRIENTES;10;0
16;05;01;05;02;000;Del Gobierno Central;10;0
16;05;01;05;02;201;Recuperación de Licencias Médicas - FONASA;10;0
16;05;01;06;00;000;RENTAS DE LA PROPIEDAD;10;0
16;05;01;07;00;000;INGRESOS DE OPERACIÓN;18419994;0
16;05;01;08;00;000;OTROS INGRESOS CORRIENTES;202581;0
16;05;01;08;01;000;Recuperaciones y Reembolsos por Licencias Médicas;159640;0
16;05;01;08;02;000;Multas y Sanciones Pecuniarias;22658;0
16;05;01;08;99;000;Otros;20283;0
16;05;01;10;00;000;VENTA DE ACTIVOS NO FINANCIEROS;10;0
16;05;01;10;03;000;Vehículos;10;0
16;05;01;12;00;000;RECUPERACIÓN DE PRÉSTAMOS;1187471;0
16;05;01;12;10;000;Ingresos por Percibir;1187471;0
16;05;01;15;00;000;SALDO INICIAL DE CAJA;10;0
16;05;01;21;00;000;GASTOS EN PERSONAL;8693839;0
16;05;01;22;00;000;BIENES Y SERVICIOS DE CONSUMO;9842483;0
16;05;01;23;00;000;PRESTACIONES DE SEGURIDAD SOCIAL;10;0
16;05;01;23;03;000;Prestaciones Sociales del Empleador;10;0
16;05;01;23;03;001;Indemnización de Cargo Fiscal;10;0
16;05;01;25;00;000;INTEGROS AL FISCO;1242870;0
16;05;01;25;01;000;Impuestos;1078269;0
16;05;01;25;99;000;Otros Integros al Fisco;164601;0
16;05;01;29;00;000;ADQUISICIÓN DE ACTIVOS NO FINANCIEROS;30864;0
16;05;01;29;03;000;Vehículos;30864;0
16;05;01;34;00;000;SERVICIO DE LA DEUDA;10;0
16;05;01;34;07;000;Deuda Flotante;10;0
16;05;01;35;00;000;SALDO FINAL DE CAJA;10;0
16;09;01;05;00;000;TRANSFERENCIAS CORRIENTES;347769762;0
16;09;01;05;01;000;Del Sector Privado;1046095;0
16;09;01;05;01;002;Fondo Ley N° 21010;1046095;0
16;09;01;05;02;000;Del Gobierno Central;346723667;0
16;09;01;05;02;001;Fondo Nacional de Salud;226817530;0
16;09;01;05;02;012;Instituto de Salud Pública de Chile;10;0
16;09;01;05;02;015;Instituto de Seguridad Laboral;6264266;0
16;09;01;05;02;022;Fondo Unico de Prestaciones Familiares y Subsidios de Cesantía;113641861;0
16;09;01;06;00;000;RENTAS DE LA PROPIEDAD;10;0
16;09;01;07;00;000;INGRESOS DE OPERACIÓN;30882656;0
16;09;01;08;00;000;OTROS INGRESOS CORRIENTES;6868855;0
16;09;01;08;01;000;Recuperaciones y Reembolsos por Licencias Médicas;2092159;0
16;09;01;08;02;000;Multas y Sanciones Pecuniarias;4294209;0
16;09;01;08;99;000;Otros;482487;0
16;09;01;09;00;000;APORTE FISCAL;492336926;0
16;09;01;09;01;000;Libre;492336926;0
16;09;01;10;00;000;VENTA DE ACTIVOS NO FINANCIEROS;40;0
16;09;01;10;03;000;Vehículos;10;0
16;09;01;10;04;000;Mobiliario y Otros;10;0
16;09;01;10;05;000;Máquinas y Equipos;10;0
16;09;01;10;06;000;Equipos Informáticos;10;0
16;09;01;12;00;000;RECUPERACIÓN DE PRÉSTAMOS;170317;0
16;09;01;12;10;000;Ingresos por Percibir;170317;0
16;09;01;15;00;000;SALDO INICIAL DE CAJA;10;0
16;09;01;21;00;000;GASTOS EN PERSONAL;171235184;0
16;09;01;22;00;000;BIENES Y SERVICIOS DE CONSUMO;55704325;0
16;09;01;23;00;000;PRESTACIONES DE SEGURIDAD SOCIAL;288184145;0
16;09;01;23;01;000;Prestaciones Previsionales;226817530;0
16;09;01;23;01;010;Subsidios de Reposo Preventivo;25848;0
16;09;01;23;01;011;Subsidios de Enfermedad y Medicina Curativa;216865769;0
16;09;01;23;01;013;Subsidios de Reposo Maternal, Artículo 196 Código del Trabajo;9925913;0
16;09;01;23;02;000;Prestaciones de Asistencia Social;61366605;0
16;09;01;23;02;005;Subsidios de Reposo Maternal y Cuidado del Niño;61366605;0
16;09;01;23;03;000;Prestaciones Sociales del Empleador;10;0
16;09;01;23;03;004;Otras Indemnizaciones;10;0
16;09;01;24;00;000;TRANSFERENCIAS CORRIENTES;358659647;0
16;09;01;24;01;000;Al Sector Privado;228786;0
16;09;01;24;01;005;Fondo Nacional del Cáncer, Ley N°21.258;228786;0
16;09;01;24;02;000;Al Gobierno Central;66998705;0
16;09;01;24;02;001;Servicio de Salud Arica;2326486;0
16;09;01;24;02;002;Servicio de Salud Iquique;440508;0
16;09;01;24;02;003;Servicio de Salud Antofagasta;832460;0
16;09;01;24;02;004;Servicio de Salud Atacama;290888;0
16;09;01;24;02;005;Servicio de Salud Coquimbo;1016586;0
16;09;01;24;02;006;Servicio de Salud Valparaíso - San Antonio;418963;0
16;09;01;24;02;007;Servicio de Salud Viña del Mar - Quillota;439726;0
16;09;01;24;02;008;Servicio de Salud Aconcagua;135914;0
16;09;01;24;02;009;Servicio de Salud Libertador General Bernardo O'Higgins;449677;0
16;09;01;24;02;010;Servicio de Salud Maule;400083;0
16;09;01;24;02;011;Servicio de Salud Ñuble;362680;0
16;09;01;24;02;012;Servicio de Salud Concepción;600000;0
16;09;01;24;02;013;Servicio de Salud Talcahuano;252947;0
16;09;01;24;02;014;Servicio de Salud Bío - Bío;231759;0
16;09;01;24;02;015;Servicio de Salud Arauco;168361;0
16;09;01;24;02;016;Servicio de Salud Araucanía Norte;145828;0
16;09;01;24;02;017;Servicio de Salud Araucanía Sur;501148;0
16;09;01;24;02;018;Servicio de Salud Valdivia;1185013;0
16;09;01;24;02;019;Servicio de Salud Osorno;205078;0
16;09;01;24;02;020;Servicio de Salud del Reloncaví;355197;0
16;09;01;24;02;021;Servicio de Salud Aysén del General Carlos Ibáñez del Campo;137131;0
16;09;01;24;02;022;Servicio de Salud Magallanes;297266;0
16;09;01;24;02;023;Servicio de Salud Metropolitano Oriente;470414;0
16;09;01;24;02;024;Servicio de Salud Metropolitano Central;567676;0
16;09;01;24;02;025;Servicio de Salud Metropolitano Sur;633889;0
16;09;01;24;02;026;Servicio de Salud Metropolitano Norte;693140;0
16;09;01;24;02;027;Servicio de Salud Metropolitano Occidente;506108;0
16;09;01;24;02;028;Servicio de Salud Metropolitano Sur - Oriente;459366;0
16;09;01;24;02;039;Centro de Referencia de Salud de Maipú;46543;0
16;09;01;24;02;042;Servicio de Salud Chiloé;148644;0
16;09;01;24;02;050;Subsidio de Enfermedad y Medicina Curativa Sector Público;3970;0
16;09;01;24;02;052;Subsidios de Reposo Maternal y Cuidado del Niño Sector Público;52275256;0
16;09;01;24;03;000;A Otras Entidades Públicas;4087413;0
16;09;01;24;03;299;Programas Especiales, Atención Primaria;4087413;0
16;09;01;24;09;000;A Unidades o Programas del Servicio;287344743;0
16;09;01;24;09;001;Programa Nacional de Alimentación Complementaria;59352436;0
16;09;01;24;09;002;Programa Nacional de Inmunizaciones;172273633;0
16;09;01;24;09;003;Programa de Alimentación Complementaria para el Adulto Mayor;52808492;0
16;09;01;24;09;004;Programa de Enfermedades Emergentes;2910182;0
16;09;01;25;00;000;INTEGROS AL FISCO;2157016;0
16;09;01;25;99;000;Otros Integros al Fisco;2157016;0
16;09;01;26;00;000;OTROS GASTOS CORRIENTES;127283;0
16;09;01;26;01;000;Devoluciones;106069;0
16;09;01;26;02;000;Compensaciones por Daños a Terceros y/o a la Propiedad;21214;0
16;09;01;29;00;000;ADQUISICIÓN DE ACTIVOS NO FINANCIEROS;1960956;0
16;09;01;29;03;000;Vehículos;792720;0
16;09;01;29;05;000;Máquinas y Equipos;1168236;0
16;09;01;34;00;000;SERVICIO DE LA DEUDA;10;0
16;09;01;34;07;000;Deuda Flotante;10;0
16;09;01;35;00;000;SALDO FINAL DE CAJA;10;0
16;10;01;05;00;000;TRANSFERENCIAS CORRIENTES;16729203;0
16;10;01;05;02;000;Del Gobierno Central;16729203;0
16;10;01;05;02;001;Fondo Nacional de Salud;443344;0
16;10;01;05;02;002;Sistema de Protección Integral a la Infancia;16285849;0
16;10;01;05;02;201;Recuperación de Licencias Médicas - FONASA;10;0
16;10;01;08;00;000;OTROS INGRESOS CORRIENTES;146717;0
16;10;01;08;01;000;Recuperaciones y Reembolsos por Licencias Médicas;106347;0
16;10;01;08;02;000;Multas y Sanciones Pecuniarias;10;0
16;10;01;08;99;000;Otros;40360;0
16;10;01;09;00;000;APORTE FISCAL;422794403;0
16;10;01;09;01;000;Libre;422794403;0
16;10;01;12;00;000;RECUPERACIÓN DE PRÉSTAMOS;10;0
16;10;01;12;10;000;Ingresos por Percibir;10;0
16;10;01;13;00;000;TRANSFERENCIAS PARA GASTOS DE CAPITAL;112568319;0
16;10;01;13;02;000;Del Gobierno Central;112568319;0
16;10;01;13;02;001;IVA Concesiones Hospitalarias;112568319;0
16;10;01;15;00;000;SALDO INICIAL DE CAJA;10;0
16;10;01;21;00;000;GASTOS EN PERSONAL;26108673;0
16;10;01;22;00;000;BIENES Y SERVICIOS DE CONSUMO;73700166;0
16;10;01;23;00;000;PRESTACIONES DE SEGURIDAD SOCIAL;10;0
16;10;01;23;03;000;Prestaciones Sociales del Empleador;10;0
16;10;01;23;03;001;Indemnización de Cargo Fiscal;10;0
16;10;01;24;00;000;TRANSFERENCIAS CORRIENTES;53740437;0
16;10;01;24;02;000;Al Gobierno Central;548423;0
16;10;01;24;02;300;Dirección General de Concesiones;548423;0
16;10;01;24;03;000;A Otras Entidades Públicas;577017;0
16;10;01;24;03;434;Instituto de Nutrición y Tecnología de los Alimentos (INTA);577017;0
16;10;01;24;09;000;A Unidades o Programas del Servicio;52614997;0
16;10;01;24;09;011;Programa de Apoyo al Recién Nacido;16285849;0
16;10;01;24;09;400;Atención Primaria, Ley N°20.645 Trato Usuario;25418713;0
16;10;01;24;09;429;Hospital Digital;10910435;0
16;10;01;25;00;000;INTEGROS AL FISCO;109651;0
16;10;01;25;99;000;Otros Integros al Fisco;109651;0
16;10;01;33;00;000;TRANSFERENCIAS DE CAPITAL;398579705;0
16;10;01;33;01;000;Al Sector Privado;398579705;0
16;10;01;33;01;003;Reintegro Crédito IVA Concesiones;112568319;0
16;10;01;33;01;004;Subsidio Fijo a la Construcción;215183600;0
16;10;01;33;01;005;Subsidio Fijo Equipamiento;37294711;0
16;10;01;33;01;006;Subsidio Fijo al Mobiliario no Clínico;1134906;0
16;10;01;33;01;007;Modificación Contratos Concesiones;32398169;0
16;10;01;34;00;000;SERVICIO DE LA DEUDA;10;0
16;10;01;34;07;000;Deuda Flotante;10;0
16;10;01;35;00;000;SALDO FINAL DE CAJA;10;0
16;10;02;09;00;000;APORTE FISCAL;712424196;0
16;10;02;09;01;000;Libre;712424196;0
16;10;02;12;00;000;RECUPERACIÓN DE PRÉSTAMOS;20;0
16;10;02;12;06;000;Por Anticipos a Contratistas;10;0
16;10;02;12;10;000;Ingresos por Percibir;10;0
16;10;02;15;00;000;SALDO INICIAL DE CAJA;10;0
16;10;02;29;00;000;ADQUISICIÓN DE ACTIVOS NO FINANCIEROS;44076710;0
16;10;02;29;05;000;Máquinas y Equipos;44076710;0
16;10;02;31;00;000;INICIATIVAS DE INVERSIÓN;645473532;0
16;10;02;31;02;000;Proyectos;645473532;0
16;10;02;32;00;000;PRÉSTAMOS;22873974;0
16;10;02;32;06;000;Por Anticipos a Contratistas;22873974;0
16;10;02;32;06;001;Anticipo Contratista;22873974;0
16;10;02;35;00;000;SALDO FINAL DE CAJA;10;0
16;11;01;05;00;000;TRANSFERENCIAS CORRIENTES;10;0
16;11;01;05;02;000;Del Gobierno Central;10;0
16;11;01;05;02;201;Recuperación de Licencias Médicas - FONASA;10;0
16;11;01;08;00;000;OTROS INGRESOS CORRIENTES;193453;0
16;11;01;08;01;000;Recuperaciones y Reembolsos por Licencias Médicas;184947;0
16;11;01;08;99;000;Otros;8506;0
16;11;01;09;00;000;APORTE FISCAL;20839741;0
16;11;01;09;01;000;Libre;20126235;0
16;11;01;09;02;000;Servicio de la Deuda Interna;713506;0
16;11;01;12;00;000;RECUPERACIÓN DE PRÉSTAMOS;10;0
16;11;01;12;10;000;Ingresos por Percibir;10;0
16;11;01;15;00;000;SALDO INICIAL DE CAJA;10;0
16;11;01;21;00;000;GASTOS EN PERSONAL;16410658;0
16;11;01;22;00;000;BIENES Y SERVICIOS DE CONSUMO;3681110;0
16;11;01;23;00;000;PRESTACIONES DE SEGURIDAD SOCIAL;10;0
16;11;01;23;03;000;Prestaciones Sociales del Empleador;10;0
16;11;01;23;03;001;Indemnización de Cargo Fiscal;5;0
16;11;01;23;03;003;Fondo Retiro Funcionarios Públicos  Ley N° 19.882;5;0
16;11;01;25;00;000;INTEGROS AL FISCO;190883;0
16;11;01;25;01;000;Impuestos;189;0
16;11;01;25;99;000;Otros Integros al Fisco;190694;0
16;11;01;29;00;000;ADQUISICIÓN DE ACTIVOS NO FINANCIEROS;37037;0
16;11;01;29;03;000;Vehículos;37037;0
16;11;01;34;00;000;SERVICIO DE LA DEUDA;713516;0
16;11;01;34;01;000;Amortización Deuda Interna;449023;0
16;11;01;34;03;000;Intereses Deuda Interna;264483;0
16;11;01;34;07;000;Deuda Flotante;10;0
16;11;01;35;00;000;SALDO FINAL DE CAJA;10;0
16;20;01;05;00;000;TRANSFERENCIAS CORRIENTES;182250201;0
16;20;01;05;02;000;Del Gobierno Central;182250201;0
16;20;01;05;02;007;Fondo Nacional de Salud - Atención Primaria;56781271;0
16;20;01;05;02;009;Fondo Nacional de Salud - Prestaciones Institucionales;16526987;0
16;20;01;05;02;010;Subsecretaría de Salud Pública;2326486;0
16;20;01;05;02;014;Hospital Doctor Juan Noé;106615447;0
16;20;01;05;02;201;Recuperación de Licencias Médicas - FONASA;10;0
16;20;01;06;00;000;RENTAS DE LA PROPIEDAD;15519;0
16;20;01;07;00;000;INGRESOS DE OPERACIÓN;2525025;0
16;20;01;08;00;000;OTROS INGRESOS CORRIENTES;670838;0
16;20;01;08;01;000;Recuperaciones y Reembolsos por Licencias Médicas;512580;0
16;20;01;08;02;000;Multas y Sanciones Pecuniarias;7860;0
16;20;01;08;99;000;Otros;150398;0
16;20;01;12;00;000;RECUPERACIÓN DE PRÉSTAMOS;219823;0
16;20;01;12;10;000;Ingresos por Percibir;219823;0
16;20;01;15;00;000;SALDO INICIAL DE CAJA;10;0
16;20;01;21;00;000;GASTOS EN PERSONAL;82273888;0
16;20;01;22;00;000;BIENES Y SERVICIOS DE CONSUMO;49999870;0
16;20;01;23;00;000;PRESTACIONES DE SEGURIDAD SOCIAL;5110;0
16;20;01;23;02;000;Prestaciones de Asistencia Social;5100;0
16;20;01;23;02;004;Ayudas Económicas y Otros Pagos Preventivos;5100;0
16;20;01;23;03;000;Prestaciones Sociales del Empleador;10;0
16;20;01;23;03;001;Indemnización de Cargo Fiscal;10;0
16;20;01;24;00;000;TRANSFERENCIAS CORRIENTES;52681849;0
16;20;01;24;03;000;A Otras Entidades Públicas;52616656;0
16;20;01;24;03;298;Atención Primaria, Ley N° 19.378;52616656;0
16;20;01;24;08;000;A Instituciones Privadas Ejecutoras de Políticas Públicas;65193;0
16;20;01;24;08;395;Programa Especial de Salud y Pueblos Indígenas;59177;0
16;20;01;24;08;461;Centros de Prevención de Alcoholismo y Salud Mental;6016;0
16;20;01;25;00;000;INTEGROS AL FISCO;512590;0
16;20;01;25;99;000;Otros Integros al Fisco;512590;0
16;20;01;29;00;000;ADQUISICIÓN DE ACTIVOS NO FINANCIEROS;208089;0
16;20;01;29;04;000;Mobiliario y Otros;19982;0
16;20;01;29;05;000;Máquinas y Equipos;188107;0
16;20;01;34;00;000;SERVICIO DE LA DEUDA;10;0
16;20;01;34;07;000;Deuda Flotante;10;0
16;20;01;35;00;000;SALDO FINAL DE CAJA;10;0
16;20;02;05;00;000;TRANSFERENCIAS CORRIENTES;7569913;0
16;20;02;05;02;000;Del Gobierno Central;7569913;0
16;20;02;05;02;009;Fondo Nacional de Salud - Prestaciones Institucionales;7569903;0
16;20;02;05;02;201;Recuperación de Licencias Médicas - FONASA;10;0
16;20;02;08;00;000;OTROS INGRESOS CORRIENTES;30;0
16;20;02;08;01;000;Recuperaciones y Reembolsos por Licencias Médicas;10;0
16;20;02;08;02;000;Multas y Sanciones Pecuniarias;10;0
16;20;02;08;99;000;Otros;10;0
16;20;02;15;00;000;SALDO INICIAL DE CAJA;10;0
16;20;02;21;00;000;GASTOS EN PERSONAL;6201211;0
16;20;02;22;00;000;BIENES Y SERVICIOS DE CONSUMO;1368702;0
16;20;02;23;00;000;PRESTACIONES DE SEGURIDAD SOCIAL;10;0
16;20;02;23;03;000;Prestaciones Sociales del Empleador;10;0
16;20;02;23;03;001;Indemnización de Cargo Fiscal;10;0
16;20;02;25;00;000;INTEGROS AL FISCO;10;0
16;20;02;25;99;000;Otros Integros al Fisco;10;0
16;20;02;34;00;000;SERVICIO DE LA DEUDA;10;0
16;20;02;34;07;000;Deuda Flotante;10;0
16;20;02;35;00;000;SALDO FINAL DE CAJA;10;0
16;21;01;05;00;000;TRANSFERENCIAS CORRIENTES;282032264;0
16;21;01;05;02;000;Del Gobierno Central;282032264;0
16;21;01;05;02;007;Fondo Nacional de Salud - Atención Primaria;88757815;0
16;21;01;05;02;009;Fondo Nacional de Salud - Prestaciones Institucionales;81556215;0
16;21;01;05;02;010;Subsecretaría de Salud Pública;440508;0
16;21;01;05;02;014;Hospital de Iquique;111277716;0
16;21;01;05;02;201;Recuperación de Licencias Médicas - FONASA;10;0
16;21;01;06;00;000;RENTAS DE LA PROPIEDAD;20134;0
16;21;01;07;00;000;INGRESOS DE OPERACIÓN;3069030;0
16;21;01;08;00;000;OTROS INGRESOS CORRIENTES;1787076;0
16;21;01;08;01;000;Recuperaciones y Reembolsos por Licencias Médicas;1183993;0
16;21;01;08;02;000;Multas y Sanciones Pecuniarias;27569;0
16;21;01;08;99;000;Otros;575514;0
16;21;01;12;00;000;RECUPERACIÓN DE PRÉSTAMOS;652489;0
16;21;01;12;10;000;Ingresos por Percibir;652489;0
16;21;01;15;00;000;SALDO INICIAL DE CAJA;10;0
16;21;01;21;00;000;GASTOS EN PERSONAL;147379371;0
16;21;01;22;00;000;BIENES Y SERVICIOS DE CONSUMO;52280836;0
16;21;01;23;00;000;PRESTACIONES DE SEGURIDAD SOCIAL;6625;0
16;21;01;23;02;000;Prestaciones de Asistencia Social;6615;0
16;21;01;23;02;004;Ayudas Económicas y Otros Pagos Preventivos;6615;0
16;21;01;23;03;000;Prestaciones Sociales del Empleador;10;0
16;21;01;23;03;001;Indemnización de Cargo Fiscal;10;0
16;21;01;24;00;000;TRANSFERENCIAS CORRIENTES;86439848;0
16;21;01;24;03;000;A Otras Entidades Públicas;86412618;0
16;21;01;24;03;298;Atención Primaria, Ley N° 19.378;86412618;0
16;21;01;24;08;000;A Instituciones Privadas Ejecutoras de Políticas Públicas;27230;0
16;21;01;24;08;395;Programa Especial de Salud de los Pueblos Indígenas;21214;0
16;21;01;24;08;461;Centros de Prevención de Alcoholismo y Salud Mental;6016;0
16;21;01;25;00;000;INTEGROS AL FISCO;1184004;0
16;21;01;25;99;000;Otros Integros al Fisco;1184004;0
16;21;01;29;00;000;ADQUISICIÓN DE ACTIVOS NO FINANCIEROS;270299;0
16;21;01;29;04;000;Mobiliario y Otros;25956;0
16;21;01;29;05;000;Máquinas y Equipos;244343;0
16;21;01;34;00;000;SERVICIO DE LA DEUDA;10;0
16;21;01;34;07;000;Deuda Flotante;10;0
16;21;01;35;00;000;SALDO FINAL DE CAJA;10;0
16;21;02;05;00;000;TRANSFERENCIAS CORRIENTES;21139437;0
16;21;02;05;02;000;Del Gobierno Central;21139437;0
16;21;02;05;02;009;Fondo Nacional de Salud - Prestaciones Institucionales;21139427;0
16;21;02;05;02;201;Recuperación de Licencias Médicas - FONASA;10;0
16;21;02;08;00;000;OTROS INGRESOS CORRIENTES;30;0
16;21;02;08;01;000;Recuperaciones y Reembolsos por Licencias Médicas;10;0
16;21;02;08;02;000;Multas y Sanciones Pecuniarias;10;0
16;21;02;08;99;000;Otros;10;0
16;21;02;15;00;000;SALDO INICIAL DE CAJA;10;0
16;21;02;21;00;000;GASTOS EN PERSONAL;16416609;0
16;21;02;22;00;000;BIENES Y SERVICIOS DE CONSUMO;4722828;0
16;21;02;23;00;000;PRESTACIONES DE SEGURIDAD SOCIAL;10;0
16;21;02;23;03;000;Prestaciones Sociales del Empleador;10;0
16;21;02;23;03;001;Indemnización de Cargo Fiscal;10;0
16;21;02;25;00;000;INTEGROS AL FISCO;10;0
16;21;02;25;99;000;Otros Integros al Fisco;10;0
16;21;02;34;00;000;SERVICIO DE LA DEUDA;10;0
16;21;02;34;07;000;Deuda Flotante;10;0
16;21;02;35;00;000;SALDO FINAL DE CAJA;10;0
16;22;01;05;00;000;TRANSFERENCIAS CORRIENTES;407149059;0
16;22;01;05;02;000;Del Gobierno Central;407149059;0
16;22;01;05;02;007;Fondo Nacional de Salud - Atención Primaria;102926275;0
16;22;01;05;02;009;Fondo Nacional de Salud - Prestaciones Institucionales;60087651;0
16;22;01;05;02;010;Subsecretaría de Salud Pública;832460;0
16;22;01;05;02;014;Hospital de Antofagasta;174032038;0
16;22;01;05;02;015;Hospital de Calama;69270625;0
16;22;01;05;02;201;Recuperación de Licencias Médicas - FONASA;10;0
16;22;01;06;00;000;RENTAS DE LA PROPIEDAD;40905;0
16;22;01;07;00;000;INGRESOS DE OPERACIÓN;3111142;0
16;22;01;08;00;000;OTROS INGRESOS CORRIENTES;2955571;0
16;22;01;08;01;000;Recuperaciones y Reembolsos por Licencias Médicas;2400629;0
16;22;01;08;02;000;Multas y Sanciones Pecuniarias;6499;0
16;22;01;08;99;000;Otros;548443;0
16;22;01;12;00;000;RECUPERACIÓN DE PRÉSTAMOS;851452;0
16;22;01;12;10;000;Ingresos por Percibir;851452;0
16;22;01;15;00;000;SALDO INICIAL DE CAJA;10;0
16;22;01;21;00;000;GASTOS EN PERSONAL;207552224;0
16;22;01;22;00;000;BIENES Y SERVICIOS DE CONSUMO;107179168;0
16;22;01;23;00;000;PRESTACIONES DE SEGURIDAD SOCIAL;13451;0
16;22;01;23;02;000;Prestaciones de Asistencia Social;13441;0
16;22;01;23;02;004;Ayudas Económicas y Otros Pagos Preventivos;13441;0
16;22;01;23;03;000;Prestaciones Sociales del Empleador;10;0
16;22;01;23;03;001;Indemnización de Cargo Fiscal;10;0
16;22;01;24;00;000;TRANSFERENCIAS CORRIENTES;96412731;0
16;22;01;24;03;000;A Otras Entidades Públicas;96370007;0
16;22;01;24;03;298;Atención Primaria, Ley N° 19.378;96370007;0
16;22;01;24;08;000;A Instituciones Privadas Ejecutoras de Políticas Públicas;42724;0
16;22;01;24;08;395;Programa Especial de Salud y Pueblos Indígenas;36708;0
16;22;01;24;08;461;Centros de Prevención de Alcoholismo y Salud Mental;6016;0
16;22;01;25;00;000;INTEGROS AL FISCO;2400639;0
16;22;01;25;99;000;Otros Integros al Fisco;2400639;0
16;22;01;29;00;000;ADQUISICIÓN DE ACTIVOS NO FINANCIEROS;549906;0
16;22;01;29;04;000;Mobiliario y Otros;52806;0
16;22;01;29;05;000;Máquinas y Equipos;497100;0
16;22;01;34;00;000;SERVICIO DE LA DEUDA;10;0
16;22;01;34;07;000;Deuda Flotante;10;0
16;22;01;35;00;000;SALDO FINAL DE CAJA;10;0
16;22;02;05;00;000;TRANSFERENCIAS CORRIENTES;9251568;0
16;22;02;05;02;000;Del Gobierno Central;9251568;0
16;22;02;05;02;009;Fondo Nacional de Salud - Prestaciones Institucionales;9251558;0
16;22;02;05;02;201;Recuperación de Licencias Médicas - FONASA;10;0
16;22;02;08;00;000;OTROS INGRESOS CORRIENTES;30;0
16;22;02;08;01;000;Recuperaciones y Reembolsos por Licencias Médicas;10;0
16;22;02;08;02;000;Multas y Sanciones Pecuniarias;10;0
16;22;02;08;99;000;Otros;10;0
16;22;02;15;00;000;SALDO INICIAL DE CAJA;10;0
16;22;02;21;00;000;GASTOS EN PERSONAL;6651673;0
16;22;02;22;00;000;BIENES Y SERVICIOS DE CONSUMO;2599895;0
16;22;02;23;00;000;PRESTACIONES DE SEGURIDAD SOCIAL;10;0
16;22;02;23;03;000;Prestaciones Sociales del Empleador;10;0
16;22;02;23;03;001;Indemnización de Cargo Fiscal;10;0
16;22;02;25;00;000;INTEGROS AL FISCO;10;0
16;22;02;25;99;000;Otros Integros al Fisco;10;0
16;22;02;34;00;000;SERVICIO DE LA DEUDA;10;0
16;22;02;34;07;000;Deuda Flotante;10;0
16;22;02;35;00;000;SALDO FINAL DE CAJA;10;0
16;23;01;05;00;000;TRANSFERENCIAS CORRIENTES;203369581;0
16;23;01;05;02;000;Del Gobierno Central;203369581;0
16;23;01;05;02;007;Fondo Nacional de Salud - Atención Primaria;65039030;0
16;23;01;05;02;009;Fondo Nacional de Salud - Prestaciones Institucionales;31383641;0
16;23;01;05;02;010;Subsecretaría de Salud Pública;290888;0
16;23;01;05;02;014;Hospital Regional de Copiapó;72593650;0
16;23;01;05;02;015;Hospital de Vallenar;34062362;0
16;23;01;05;02;201;Recuperación de Licencias Médicas - FONASA;10;0
16;23;01;06;00;000;RENTAS DE LA PROPIEDAD;19937;0
16;23;01;07;00;000;INGRESOS DE OPERACIÓN;4423511;0
16;23;01;08;00;000;OTROS INGRESOS CORRIENTES;1611077;0
16;23;01;08;01;000;Recuperaciones y Reembolsos por Licencias Médicas;954344;0
16;23;01;08;02;000;Multas y Sanciones Pecuniarias;17288;0
16;23;01;08;99;000;Otros;639445;0
16;23;01;12;00;000;RECUPERACIÓN DE PRÉSTAMOS;235821;0
16;23;01;12;10;000;Ingresos por Percibir;235821;0
16;23;01;15;00;000;SALDO INICIAL DE CAJA;10;0
16;23;01;21;00;000;GASTOS EN PERSONAL;101270933;0
16;23;01;22;00;000;BIENES Y SERVICIOS DE CONSUMO;45693617;0
16;23;01;23;00;000;PRESTACIONES DE SEGURIDAD SOCIAL;6562;0
16;23;01;23;02;000;Prestaciones de Asistencia Social;6552;0
16;23;01;23;02;004;Ayudas Económicas y Otros Pagos Preventivos;6552;0
16;23;01;23;03;000;Prestaciones Sociales del Empleador;10;0
16;23;01;23;03;001;Indemnización de Cargo Fiscal;10;0
16;23;01;24;00;000;TRANSFERENCIAS CORRIENTES;61462209;0
16;23;01;24;03;000;A Otras Entidades Públicas;61404689;0
16;23;01;24;03;298;Atención Primaria, Ley N° 19.378;61404689;0
16;23;01;24;08;000;A Instituciones Privadas Ejecutoras de Políticas Públicas;57520;0
16;23;01;24;08;395;Programa Especial de Salud y Pueblos Indígenas;55115;0
16;23;01;24;08;461;Centros de Prevención de Alcoholismo y Salud Mental;2405;0
16;23;01;25;00;000;INTEGROS AL FISCO;959152;0
16;23;01;25;01;000;Impuestos;4798;0
16;23;01;25;99;000;Otros Integros al Fisco;954354;0
16;23;01;29;00;000;ADQUISICIÓN DE ACTIVOS NO FINANCIEROS;267444;0
16;23;01;29;04;000;Mobiliario y Otros;25682;0
16;23;01;29;05;000;Máquinas y Equipos;241762;0
16;23;01;34;00;000;SERVICIO DE LA DEUDA;10;0
16;23;01;34;07;000;Deuda Flotante;10;0
16;23;01;35;00;000;SALDO FINAL DE CAJA;10;0
16;23;02;05;00;000;TRANSFERENCIAS CORRIENTES;9030394;0
16;23;02;05;02;000;Del Gobierno Central;9030394;0
16;23;02;05;02;009;Fondo Nacional de Salud - Prestaciones Institucionales;9030384;0
16;23;02;05;02;201;Recuperación de Licencias Médicas - FONASA;10;0
16;23;02;08;00;000;OTROS INGRESOS CORRIENTES;30;0
16;23;02;08;01;000;Recuperaciones y Reembolsos por Licencias Médicas;10;0
16;23;02;08;02;000;Multas y Sanciones Pecuniarias;10;0
16;23;02;08;99;000;Otros;10;0
16;23;02;15;00;000;SALDO INICIAL DE CAJA;10;0
16;23;02;21;00;000;GASTOS EN PERSONAL;7417214;0
16;23;02;22;00;000;BIENES Y SERVICIOS DE CONSUMO;1613180;0
16;23;02;23;00;000;PRESTACIONES DE SEGURIDAD SOCIAL;10;0
16;23;02;23;03;000;Prestaciones Sociales del Empleador;10;0
16;23;02;23;03;001;Indemnización de Cargo Fiscal;10;0
16;23;02;25;00;000;INTEGROS AL FISCO;10;0
16;23;02;25;99;000;Otros Integros al Fisco;10;0
16;23;02;34;00;000;SERVICIO DE LA DEUDA;10;0
16;23;02;34;07;000;Deuda Flotante;10;0
16;23;02;35;00;000;SALDO FINAL DE CAJA;10;0
16;24;01;05;00;000;TRANSFERENCIAS CORRIENTES;526976503;0
16;24;01;05;02;000;Del Gobierno Central;526976503;0
16;24;01;05;02;007;Fondo Nacional de Salud - Atención Primaria;174507906;0
16;24;01;05;02;009;Fondo Nacional de Salud - Prestaciones Institucionales;47517944;0
16;24;01;05;02;010;Subsecretaría de Salud Pública;1016586;0
16;24;01;05;02;014;Hospital La Serena;125505088;0
16;24;01;05;02;015;Hospital San Pablo;91780600;0
16;24;01;05;02;016;Hospital Ovalle;68621342;0
16;24;01;05;02;017;Hospital Illapel;18027027;0
16;24;01;05;02;201;Recuperación de Licencias Médicas - FONASA;10;0
16;24;01;06;00;000;RENTAS DE LA PROPIEDAD;44953;0
16;24;01;07;00;000;INGRESOS DE OPERACIÓN;10263052;0
16;24;01;08;00;000;OTROS INGRESOS CORRIENTES;1942470;0
16;24;01;08;01;000;Recuperaciones y Reembolsos por Licencias Médicas;1706402;0
16;24;01;08;02;000;Multas y Sanciones Pecuniarias;1149;0
16;24;01;08;99;000;Otros;234919;0
16;24;01;12;00;000;RECUPERACIÓN DE PRÉSTAMOS;1688172;0
16;24;01;12;10;000;Ingresos por Percibir;1688172;0
16;24;01;15;00;000;SALDO INICIAL DE CAJA;10;0
16;24;01;21;00;000;GASTOS EN PERSONAL;255780903;0
16;24;01;22;00;000;BIENES Y SERVICIOS DE CONSUMO;117649544;0
16;24;01;23;00;000;PRESTACIONES DE SEGURIDAD SOCIAL;14782;0
16;24;01;23;02;000;Prestaciones de Asistencia Social;14772;0
16;24;01;23;02;004;Ayudas Económicas y Otros Pagos Preventivos;14772;0
16;24;01;23;03;000;Prestaciones Sociales del Empleador;10;0
16;24;01;23;03;001;Indemnización de Cargo Fiscal;10;0
16;24;01;24;00;000;TRANSFERENCIAS CORRIENTES;165159474;0
16;24;01;24;03;000;A Otras Entidades Públicas;165129887;0
16;24;01;24;03;298;Atención Primaria, Ley N° 19.378;165129887;0
16;24;01;24;08;000;A Instituciones Privadas Ejecutoras de Políticas Públicas;29587;0
16;24;01;24;08;395;Programa Especial de Salud y Pueblos Indígenas;16358;0
16;24;01;24;08;461;Centros de Prevención de Alcoholismo y Salud Mental;13229;0
16;24;01;25;00;000;INTEGROS AL FISCO;1706412;0
16;24;01;25;99;000;Otros Integros al Fisco;1706412;0
16;24;01;29;00;000;ADQUISICIÓN DE ACTIVOS NO FINANCIEROS;604025;0
16;24;01;29;04;000;Mobiliario y Otros;58002;0
16;24;01;29;05;000;Máquinas y Equipos;546023;0
16;24;01;34;00;000;SERVICIO DE LA DEUDA;10;0
16;24;01;34;07;000;Deuda Flotante;10;0
16;24;01;35;00;000;SALDO FINAL DE CAJA;10;0
16;24;02;05;00;000;TRANSFERENCIAS CORRIENTES;8834047;0
16;24;02;05;02;000;Del Gobierno Central;8834047;0
16;24;02;05;02;009;Fondo Nacional de Salud - Prestaciones Institucionales;8834037;0
16;24;02;05;02;201;Recuperación de Licencias Médicas - FONASA;10;0
16;24;02;08;00;000;OTROS INGRESOS CORRIENTES;30;0
16;24;02;08;01;000;Recuperaciones y Reembolsos por Licencias Médicas;10;0
16;24;02;08;02;000;Multas y Sanciones Pecuniarias;10;0
16;24;02;08;99;000;Otros;10;0
16;24;02;15;00;000;SALDO INICIAL DE CAJA;10;0
16;24;02;21;00;000;GASTOS EN PERSONAL;7475543;0
16;24;02;22;00;000;BIENES Y SERVICIOS DE CONSUMO;1358504;0
16;24;02;23;00;000;PRESTACIONES DE SEGURIDAD SOCIAL;10;0
16;24;02;23;03;000;Prestaciones Sociales del Empleador;10;0
16;24;02;23;03;001;Indemnización de Cargo Fiscal;10;0
16;24;02;25;00;000;INTEGROS AL FISCO;10;0
16;24;02;25;99;000;Otros Integros al Fisco;10;0
16;24;02;34;00;000;SERVICIO DE LA DEUDA;10;0
16;24;02;34;07;000;Deuda Flotante;10;0
16;24;02;35;00;000;SALDO FINAL DE CAJA;10;0
16;25;01;05;00;000;TRANSFERENCIAS CORRIENTES;403309537;0
16;25;01;05;02;000;Del Gobierno Central;403309537;0
16;25;01;05;02;007;Fondo Nacional de Salud - Atención Primaria;104532752;0
16;25;01;05;02;009;Fondo Nacional de Salud - Prestaciones Institucionales;55128273;0
16;25;01;05;02;010;Subsecretaría de Salud Pública;418963;0
16;25;01;05;02;014;Hospital Carlos Van Buren;133982179;0
16;25;01;05;02;015;Hospital Doctor Eduardo Pereira;33000335;0
16;25;01;05;02;016;Hospital Claudio Vicuña;76247025;0
16;25;01;05;02;201;Recuperación de Licencias Médicas - FONASA;10;0
16;25;01;06;00;000;RENTAS DE LA PROPIEDAD;36235;0
16;25;01;07;00;000;INGRESOS DE OPERACIÓN;3604538;0
16;25;01;08;00;000;OTROS INGRESOS CORRIENTES;2791129;0
16;25;01;08;01;000;Recuperaciones y Reembolsos por Licencias Médicas;2459339;0
16;25;01;08;02;000;Multas y Sanciones Pecuniarias;15568;0
16;25;01;08;99;000;Otros;316222;0
16;25;01;12;00;000;RECUPERACIÓN DE PRÉSTAMOS;493153;0
16;25;01;12;10;000;Ingresos por Percibir;493153;0
16;25;01;15;00;000;SALDO INICIAL DE CAJA;10;0
16;25;01;21;00;000;GASTOS EN PERSONAL;201184423;0
16;25;01;22;00;000;BIENES Y SERVICIOS DE CONSUMO;110576014;0
16;25;01;23;00;000;PRESTACIONES DE SEGURIDAD SOCIAL;11917;0
16;25;01;23;02;000;Prestaciones de Asistencia Social;11907;0
16;25;01;23;02;004;Ayudas Económicas y Otros Pagos Preventivos;11907;0
16;25;01;23;03;000;Prestaciones Sociales del Empleador;10;0
16;25;01;23;03;001;Indemnización de Cargo Fiscal;10;0
16;25;01;24;00;000;TRANSFERENCIAS CORRIENTES;95516868;0
16;25;01;24;03;000;A Otras Entidades Públicas;95451191;0
16;25;01;24;03;298;Atención Primaria, Ley N° 19.378;95451191;0
16;25;01;24;08;000;A Instituciones Privadas Ejecutoras de Políticas Públicas;65677;0
16;25;01;24;08;395;Programa Especial de Salud y Pueblos Indígenas;57258;0
16;25;01;24;08;461;Centros de Prevención de Alcoholismo y Salud Mental;8419;0
16;25;01;25;00;000;INTEGROS AL FISCO;2459349;0
16;25;01;25;99;000;Otros Integros al Fisco;2459349;0
16;25;01;29;00;000;ADQUISICIÓN DE ACTIVOS NO FINANCIEROS;486011;0
16;25;01;29;04;000;Mobiliario y Otros;46670;0
16;25;01;29;05;000;Máquinas y Equipos;439341;0
16;25;01;34;00;000;SERVICIO DE LA DEUDA;10;0
16;25;01;34;07;000;Deuda Flotante;10;0
16;25;01;35;00;000;SALDO FINAL DE CAJA;10;0
16;25;02;05;00;000;TRANSFERENCIAS CORRIENTES;7856094;0
16;25;02;05;02;000;Del Gobierno Central;7856094;0
16;25;02;05;02;009;Fondo Nacional de Salud - Prestaciones Institucionales;7856084;0
16;25;02;05;02;201;Recuperación de Licencias Médicas - FONASA;10;0
16;25;02;08;00;000;OTROS INGRESOS CORRIENTES;30;0
16;25;02;08;01;000;Recuperaciones y Reembolsos por Licencias Médicas;10;0
16;25;02;08;02;000;Multas y Sanciones Pecuniarias;10;0
16;25;02;08;99;000;Otros;10;0
16;25;02;15;00;000;SALDO INICIAL DE CAJA;10;0
16;25;02;21;00;000;GASTOS EN PERSONAL;6387575;0
16;25;02;22;00;000;BIENES Y SERVICIOS DE CONSUMO;1468519;0
16;25;02;23;00;000;PRESTACIONES DE SEGURIDAD SOCIAL;10;0
16;25;02;23;03;000;Prestaciones Sociales del Empleador;10;0
16;25;02;23;03;001;Indemnización de Cargo Fiscal;10;0
16;25;02;25;00;000;INTEGROS AL FISCO;10;0
16;25;02;25;99;000;Otros Integros al Fisco;10;0
16;25;02;34;00;000;SERVICIO DE LA DEUDA;10;0
16;25;02;34;07;000;Deuda Flotante;10;0
16;25;02;35;00;000;SALDO FINAL DE CAJA;10;0
16;26;01;05;00;000;TRANSFERENCIAS CORRIENTES;674487284;0
16;26;01;05;02;000;Del Gobierno Central;674487284;0
16;26;01;05;02;007;Fondo Nacional de Salud - Atención Primaria;205834128;0
16;26;01;05;02;009;Fondo Nacional de Salud - Prestaciones Institucionales;84262184;0
16;26;01;05;02;010;Subsecretaría de Salud Pública;439726;0
16;26;01;05;02;014;Hospital Doctor Gustavo Fricke;204711127;0
16;26;01;05;02;015;Hospital de Quillota;106236144;0
16;26;01;05;02;016;Hospital de Quilpué;73003965;0
16;26;01;05;02;201;Recuperación de Licencias Médicas - FONASA;10;0
16;26;01;06;00;000;RENTAS DE LA PROPIEDAD;51874;0
16;26;01;07;00;000;INGRESOS DE OPERACIÓN;3746763;0
16;26;01;08;00;000;OTROS INGRESOS CORRIENTES;4283850;0
16;26;01;08;01;000;Recuperaciones y Reembolsos por Licencias Médicas;3465593;0
16;26;01;08;02;000;Multas y Sanciones Pecuniarias;21077;0
16;26;01;08;99;000;Otros;797180;0
16;26;01;12;00;000;RECUPERACIÓN DE PRÉSTAMOS;1157486;0
16;26;01;12;10;000;Ingresos por Percibir;1157486;0
16;26;01;15;00;000;SALDO INICIAL DE CAJA;10;0
16;26;01;21;00;000;GASTOS EN PERSONAL;307575741;0
16;26;01;22;00;000;BIENES Y SERVICIOS DE CONSUMO;177399204;0
16;26;01;23;00;000;PRESTACIONES DE SEGURIDAD SOCIAL;17059;0
16;26;01;23;02;000;Prestaciones de Asistencia Social;17049;0
16;26;01;23;02;004;Ayudas Económicas y Otros Pagos Preventivos;17049;0
16;26;01;23;03;000;Prestaciones Sociales del Empleador;10;0
16;26;01;23;03;001;Indemnización de Cargo Fiscal;10;0
16;26;01;24;00;000;TRANSFERENCIAS CORRIENTES;194568645;0
16;26;01;24;03;000;A Otras Entidades Públicas;194498953;0
16;26;01;24;03;298;Atención Primaria, Ley N° 19.378;194498953;0
16;26;01;24;08;000;A Instituciones Privadas Ejecutoras de Políticas Públicas;69692;0
16;26;01;24;08;395;Programa Especial de Salud y Pueblos Indígenas;57666;0
16;26;01;24;08;461;Centros de Prevención de Alcoholismo y Salud Mental;12026;0
16;26;01;25;00;000;INTEGROS AL FISCO;3465603;0
16;26;01;25;99;000;Otros Integros al Fisco;3465603;0
16;26;01;29;00;000;ADQUISICIÓN DE ACTIVOS NO FINANCIEROS;700995;0
16;26;01;29;04;000;Mobiliario y Otros;67314;0
16;26;01;29;05;000;Máquinas y Equipos;633681;0
16;26;01;34;00;000;SERVICIO DE LA DEUDA;10;0
16;26;01;34;07;000;Deuda Flotante;10;0
16;26;01;35;00;000;SALDO FINAL DE CAJA;10;0
16;26;02;05;00;000;TRANSFERENCIAS CORRIENTES;9212734;0
16;26;02;05;02;000;Del Gobierno Central;9212734;0
16;26;02;05;02;009;Fondo Nacional de Salud - Prestaciones Institucionales;9212724;0
16;26;02;05;02;201;Recuperación de Licencias Médicas - FONASA;10;0
16;26;02;08;00;000;OTROS INGRESOS CORRIENTES;30;0
16;26;02;08;01;000;Recuperaciones y Reembolsos por Licencias Médicas;10;0
16;26;02;08;02;000;Multas y Sanciones Pecuniarias;10;0
16;26;02;08;99;000;Otros;10;0
16;26;02;15;00;000;SALDO INICIAL DE CAJA;10;0
16;26;02;21;00;000;GASTOS EN PERSONAL;6534698;0
16;26;02;22;00;000;BIENES Y SERVICIOS DE CONSUMO;2678036;0
16;26;02;23;00;000;PRESTACIONES DE SEGURIDAD SOCIAL;10;0
16;26;02;23;03;000;Prestaciones Sociales del Empleador;10;0
16;26;02;23;03;001;Indemnización de Cargo Fiscal;10;0
16;26;02;25;00;000;INTEGROS AL FISCO;10;0
16;26;02;25;99;000;Otros Integros al Fisco;10;0
16;26;02;34;00;000;SERVICIO DE LA DEUDA;10;0
16;26;02;34;07;000;Deuda Flotante;10;0
16;26;02;35;00;000;SALDO FINAL DE CAJA;10;0
16;27;01;05;00;000;TRANSFERENCIAS CORRIENTES;203610943;0
16;27;01;05;02;000;Del Gobierno Central;203610943;0
16;27;01;05;02;007;Fondo Nacional de Salud - Atención Primaria;51635672;0
16;27;01;05;02;009;Fondo Nacional de Salud - Prestaciones Institucionales;53537562;0
16;27;01;05;02;010;Subsecretaría de Salud Pública;135914;0
16;27;01;05;02;014;Hospital San Camilo de San Felipe;57657224;0
16;27;01;05;02;015;Hospital San Juan de Dios de los Andes;40644561;0
16;27;01;05;02;201;Recuperación de Licencias Médicas - FONASA;10;0
16;27;01;06;00;000;RENTAS DE LA PROPIEDAD;19620;0
16;27;01;07;00;000;INGRESOS DE OPERACIÓN;4267328;0
16;27;01;08;00;000;OTROS INGRESOS CORRIENTES;899637;0
16;27;01;08;01;000;Recuperaciones y Reembolsos por Licencias Médicas;770996;0
16;27;01;08;02;000;Multas y Sanciones Pecuniarias;6207;0
16;27;01;08;99;000;Otros;122434;0
16;27;01;12;00;000;RECUPERACIÓN DE PRÉSTAMOS;165364;0
16;27;01;12;10;000;Ingresos por Percibir;165364;0
16;27;01;15;00;000;SALDO INICIAL DE CAJA;10;0
16;27;01;21;00;000;GASTOS EN PERSONAL;106745650;0
16;27;01;22;00;000;BIENES Y SERVICIOS DE CONSUMO;55251425;0
16;27;01;23;00;000;PRESTACIONES DE SEGURIDAD SOCIAL;6455;0
16;27;01;23;02;000;Prestaciones de Asistencia Social;6445;0
16;27;01;23;02;004;Ayudas Económicas y Otros Pagos Preventivos;6445;0
16;27;01;23;03;000;Prestaciones Sociales del Empleador;10;0
16;27;01;23;03;001;Indemnización de Cargo Fiscal;10;0
16;27;01;24;00;000;TRANSFERENCIAS CORRIENTES;45919306;0
16;27;01;24;03;000;A Otras Entidades Públicas;45869448;0
16;27;01;24;03;298;Atención Primaria, Ley N° 19.378;45869448;0
16;27;01;24;08;000;A Instituciones Privadas Ejecutoras de Políticas Públicas;49858;0
16;27;01;24;08;395;Programa Especial de Salud y Pueblos Indígenas;47453;0
16;27;01;24;08;461;Centros de Prevención de Alcoholismo y Salud Mental;2405;0
16;27;01;25;00;000;INTEGROS AL FISCO;771006;0
16;27;01;25;99;000;Otros Integros al Fisco;771006;0
16;27;01;29;00;000;ADQUISICIÓN DE ACTIVOS NO FINANCIEROS;269040;0
16;27;01;29;04;000;Mobiliario y Otros;25834;0
16;27;01;29;05;000;Máquinas y Equipos;243206;0
16;27;01;34;00;000;SERVICIO DE LA DEUDA;10;0
16;27;01;34;07;000;Deuda Flotante;10;0
16;27;01;35;00;000;SALDO FINAL DE CAJA;10;0
16;27;02;05;00;000;TRANSFERENCIAS CORRIENTES;6868703;0
16;27;02;05;02;000;Del Gobierno Central;6868703;0
16;27;02;05;02;009;Fondo Nacional de Salud - Prestaciones Institucionales;6868693;0
16;27;02;05;02;201;Recuperación de Licencias Médicas - FONASA;10;0
16;27;02;08;00;000;OTROS INGRESOS CORRIENTES;30;0
16;27;02;08;01;000;Recuperaciones y Reembolsos por Licencias Médicas;10;0
16;27;02;08;02;000;Multas y Sanciones Pecuniarias;10;0
16;27;02;08;99;000;Otros;10;0
16;27;02;15;00;000;SALDO INICIAL DE CAJA;10;0
16;27;02;21;00;000;GASTOS EN PERSONAL;5135781;0
16;27;02;22;00;000;BIENES Y SERVICIOS DE CONSUMO;1732922;0
16;27;02;23;00;000;PRESTACIONES DE SEGURIDAD SOCIAL;10;0
16;27;02;23;03;000;Prestaciones Sociales del Empleador;10;0
16;27;02;23;03;001;Indemnización de Cargo Fiscal;10;0
16;27;02;25;00;000;INTEGROS AL FISCO;10;0
16;27;02;25;99;000;Otros Integros al Fisco;10;0
16;27;02;34;00;000;SERVICIO DE LA DEUDA;10;0
16;27;02;34;07;000;Deuda Flotante;10;0
16;27;02;35;00;000;SALDO FINAL DE CAJA;10;0
16;28;01;05;00;000;TRANSFERENCIAS CORRIENTES;546261448;0
16;28;01;05;02;000;Del Gobierno Central;546261448;0
16;28;01;05;02;007;Fondo Nacional de Salud - Atención Primaria;202242892;0
16;28;01;05;02;009;Fondo Nacional de Salud - Prestaciones Institucionales;67601765;0
16;28;01;05;02;010;Subsecretaría de Salud Pública;449677;0
16;28;01;05;02;014;Hospital Rancagua;172600080;0
16;28;01;05;02;015;Hospital San Fernando;51301957;0
16;28;01;05;02;016;Hospital Santa Cruz;26944977;0
16;28;01;05;02;017;Hospital de Rengo;25120090;0
16;28;01;05;02;201;Recuperación de Licencias Médicas - FONASA;10;0
16;28;01;06;00;000;RENTAS DE LA PROPIEDAD;48300;0
16;28;01;07;00;000;INGRESOS DE OPERACIÓN;5702464;0
16;28;01;08;00;000;OTROS INGRESOS CORRIENTES;2880828;0
16;28;01;08;01;000;Recuperaciones y Reembolsos por Licencias Médicas;2161901;0
16;28;01;08;02;000;Multas y Sanciones Pecuniarias;18779;0
16;28;01;08;99;000;Otros;700148;0
16;28;01;12;00;000;RECUPERACIÓN DE PRÉSTAMOS;992172;0
16;28;01;12;10;000;Ingresos por Percibir;992172;0
16;28;01;15;00;000;SALDO INICIAL DE CAJA;10;0
16;28;01;21;00;000;GASTOS EN PERSONAL;223388225;0
16;28;01;22;00;000;BIENES Y SERVICIOS DE CONSUMO;140708760;0
16;28;01;23;00;000;PRESTACIONES DE SEGURIDAD SOCIAL;15881;0
16;28;01;23;02;000;Prestaciones de Asistencia Social;15871;0
16;28;01;23;02;004;Ayudas Económicas y Otros Pagos Preventivos;15871;0
16;28;01;23;03;000;Prestaciones Sociales del Empleador;10;0
16;28;01;23;03;001;Indemnización de Cargo Fiscal;10;0
16;28;01;24;00;000;TRANSFERENCIAS CORRIENTES;188954131;0
16;28;01;24;03;000;A Otras Entidades Públicas;188938018;0
16;28;01;24;03;298;Atención Primaria, Ley N° 19.378;188938018;0
16;28;01;24;08;000;A Instituciones Privadas Ejecutoras de Políticas Públicas;16113;0
16;28;01;24;08;395;Programa Especial de Salud y Pueblos Indígenas;6491;0
16;28;01;24;08;461;Centros de Prevención de Alcoholismo y Salud Mental;9622;0
16;28;01;25;00;000;INTEGROS AL FISCO;2161911;0
16;28;01;25;99;000;Otros Integros al Fisco;2161911;0
16;28;01;29;00;000;ADQUISICIÓN DE ACTIVOS NO FINANCIEROS;656294;0
16;28;01;29;04;000;Mobiliario y Otros;63022;0
16;28;01;29;05;000;Máquinas y Equipos;593272;0
16;28;01;34;00;000;SERVICIO DE LA DEUDA;10;0
16;28;01;34;07;000;Deuda Flotante;10;0
16;28;01;35;00;000;SALDO FINAL DE CAJA;10;0
16;28;02;05;00;000;TRANSFERENCIAS CORRIENTES;10871876;0
16;28;02;05;02;000;Del Gobierno Central;10871876;0
16;28;02;05;02;009;Fondo Nacional de Salud - Prestaciones Institucionales;10871866;0
16;28;02;05;02;201;Recuperación de Licencias Médicas - FONASA;10;0
16;28;02;08;00;000;OTROS INGRESOS CORRIENTES;30;0
16;28;02;08;01;000;Recuperaciones y Reembolsos por Licencias Médicas;10;0
16;28;02;08;02;000;Multas y Sanciones Pecuniarias;10;0
16;28;02;08;99;000;Otros;10;0
16;28;02;15;00;000;SALDO INICIAL DE CAJA;10;0
16;28;02;21;00;000;GASTOS EN PERSONAL;6527320;0
16;28;02;22;00;000;BIENES Y SERVICIOS DE CONSUMO;4344556;0
16;28;02;23;00;000;PRESTACIONES DE SEGURIDAD SOCIAL;10;0
16;28;02;23;03;000;Prestaciones Sociales del Empleador;10;0
16;28;02;23;03;001;Indemnización de Cargo Fiscal;10;0
16;28;02;25;00;000;INTEGROS AL FISCO;10;0
16;28;02;25;99;000;Otros Integros al Fisco;10;0
16;28;02;34;00;000;SERVICIO DE LA DEUDA;10;0
16;28;02;34;07;000;Deuda Flotante;10;0
16;28;02;35;00;000;SALDO FINAL DE CAJA;10;0
16;29;01;05;00;000;TRANSFERENCIAS CORRIENTES;801531375;0
16;29;01;05;02;000;Del Gobierno Central;801531375;0
16;29;01;05;02;007;Fondo Nacional de Salud - Atención Primaria;272989279;0
16;29;01;05;02;009;Fondo Nacional de Salud - Prestaciones Institucionales;64198078;0
16;29;01;05;02;010;Subsecretaría de Salud Pública;400083;0
16;29;01;05;02;014;Hospital Curicó;126202338;0
16;29;01;05;02;015;Hospital Talca;201937134;0
16;29;01;05;02;016;Hospital Linares;61140555;0
16;29;01;05;02;017;Hospital Parral;24162697;0
16;29;01;05;02;018;Hospital Cauquenes;24108348;0
16;29;01;05;02;019;Hospital Constitución;14679049;0
16;29;01;05;02;020;Hospital de San Javier;11713804;0
16;29;01;05;02;201;Recuperación de Licencias Médicas - FONASA;10;0
16;29;01;06;00;000;RENTAS DE LA PROPIEDAD;59526;0
16;29;01;07;00;000;INGRESOS DE OPERACIÓN;11172603;0
16;29;01;08;00;000;OTROS INGRESOS CORRIENTES;4003554;0
16;29;01;08;01;000;Recuperaciones y Reembolsos por Licencias Médicas;3692496;0
16;29;01;08;02;000;Multas y Sanciones Pecuniarias;13625;0
16;29;01;08;99;000;Otros;297433;0
16;29;01;12;00;000;RECUPERACIÓN DE PRÉSTAMOS;2091557;0
16;29;01;12;10;000;Ingresos por Percibir;2091557;0
16;29;01;15;00;000;SALDO INICIAL DE CAJA;10;0
16;29;01;21;00;000;GASTOS EN PERSONAL;331147178;0
16;29;01;22;00;000;BIENES Y SERVICIOS DE CONSUMO;224151322;0
16;29;01;23;00;000;PRESTACIONES DE SEGURIDAD SOCIAL;19571;0
16;29;01;23;02;000;Prestaciones de Asistencia Social;19561;0
16;29;01;23;02;004;Ayudas Económicas y Otros Pagos Preventivos;19561;0
16;29;01;23;03;000;Prestaciones Sociales del Empleador;10;0
16;29;01;23;03;001;Indemnización de Cargo Fiscal;10;0
16;29;01;24;00;000;TRANSFERENCIAS CORRIENTES;259045791;0
16;29;01;24;03;000;A Otras Entidades Públicas;259011575;0
16;29;01;24;03;298;Atención Primaria, Ley N° 19.378;259011575;0
16;29;01;24;08;000;A Instituciones Privadas Ejecutoras de Políticas Públicas;34216;0
16;29;01;24;08;395;Programa Especial de Salud de los Pueblos Indígenas;22190;0
16;29;01;24;08;461;Centros de Prevención de Alcoholismo y Salud Mental;12026;0
16;29;01;25;00;000;INTEGROS AL FISCO;3692506;0
16;29;01;25;99;000;Otros Integros al Fisco;3692506;0
16;29;01;29;00;000;ADQUISICIÓN DE ACTIVOS NO FINANCIEROS;802237;0
16;29;01;29;04;000;Mobiliario y Otros;77037;0
16;29;01;29;05;000;Máquinas y Equipos;725200;0
16;29;01;34;00;000;SERVICIO DE LA DEUDA;10;0
16;29;01;34;07;000;Deuda Flotante;10;0
16;29;01;35;00;000;SALDO FINAL DE CAJA;10;0
16;29;02;05;00;000;TRANSFERENCIAS CORRIENTES;11489915;0
16;29;02;05;02;000;Del Gobierno Central;11489915;0
16;29;02;05;02;009;Fondo Nacional de Salud - Prestaciones Institucionales;11489905;0
16;29;02;05;02;201;Recuperación de Licencias Médicas - FONASA;10;0
16;29;02;08;00;000;OTROS INGRESOS CORRIENTES;30;0
16;29;02;08;01;000;Recuperaciones y Reembolsos por Licencias Médicas;10;0
16;29;02;08;02;000;Multas y Sanciones Pecuniarias;10;0
16;29;02;08;99;000;Otros;10;0
16;29;02;15;00;000;SALDO INICIAL DE CAJA;10;0
16;29;02;21;00;000;GASTOS EN PERSONAL;7565328;0
16;29;02;22;00;000;BIENES Y SERVICIOS DE CONSUMO;3924587;0
16;29;02;23;00;000;PRESTACIONES DE SEGURIDAD SOCIAL;10;0
16;29;02;23;03;000;Prestaciones Sociales del Empleador;10;0
16;29;02;23;03;001;Indemnización de Cargo Fiscal;10;0
16;29;02;25;00;000;INTEGROS AL FISCO;10;0
16;29;02;25;99;000;Otros Integros al Fisco;10;0
16;29;02;34;00;000;SERVICIO DE LA DEUDA;10;0
16;29;02;34;07;000;Deuda Flotante;10;0
16;29;02;35;00;000;SALDO FINAL DE CAJA;10;0
16;30;01;05;00;000;TRANSFERENCIAS CORRIENTES;382636308;0
16;30;01;05;02;000;Del Gobierno Central;382636308;0
16;30;01;05;02;007;Fondo Nacional de Salud - Atención Primaria;124745129;0
16;30;01;05;02;009;Fondo Nacional de Salud - Prestaciones Institucionales;63391347;0
16;30;01;05;02;010;Subsecretaría de Salud Pública;362680;0
16;30;01;05;02;014;Hospital de Chillán;146243422;0
16;30;01;05;02;015;Hospital de San Carlos;47893720;0
16;30;01;05;02;201;Recuperación de Licencias Médicas - FONASA;10;0
16;30;01;06;00;000;RENTAS DE LA PROPIEDAD;33404;0
16;30;01;07;00;000;INGRESOS DE OPERACIÓN;2017297;0
16;30;01;08;00;000;OTROS INGRESOS CORRIENTES;2660850;0
16;30;01;08;01;000;Recuperaciones y Reembolsos por Licencias Médicas;1562367;0
16;30;01;08;02;000;Multas y Sanciones Pecuniarias;30904;0
16;30;01;08;99;000;Otros;1067579;0
16;30;01;12;00;000;RECUPERACIÓN DE PRÉSTAMOS;483748;0
16;30;01;12;10;000;Ingresos por Percibir;483748;0
16;30;01;15;00;000;SALDO INICIAL DE CAJA;10;0
16;30;01;21;00;000;GASTOS EN PERSONAL;177653897;0
16;30;01;22;00;000;BIENES Y SERVICIOS DE CONSUMO;99607554;0
16;30;01;23;00;000;PRESTACIONES DE SEGURIDAD SOCIAL;10986;0
16;30;01;23;02;000;Prestaciones de Asistencia Social;10976;0
16;30;01;23;02;004;Ayudas Económicas y Otros Pagos Preventivos;10976;0
16;30;01;23;03;000;Prestaciones Sociales del Empleador;10;0
16;30;01;23;03;001;Indemnización de Cargo Fiscal;10;0
16;30;01;24;00;000;TRANSFERENCIAS CORRIENTES;108542789;0
16;30;01;24;03;000;A Otras Entidades Públicas;108514583;0
16;30;01;24;03;298;Atención Primaria, Ley N° 19.378;108514583;0
16;30;01;24;08;000;A Instituciones Privadas Ejecutoras de Políticas Públicas;28206;0
16;30;01;24;08;395;Programa Especial de Salud de los Pueblos Indígenas;22190;0
16;30;01;24;08;461;Centros de Prevención de Alcoholismo y Salud Mental;6016;0
16;30;01;25;00;000;INTEGROS AL FISCO;1562377;0
16;30;01;25;99;000;Otros Integros al Fisco;1562377;0
16;30;01;29;00;000;ADQUISICIÓN DE ACTIVOS NO FINANCIEROS;453994;0
16;30;01;29;04;000;Mobiliario y Otros;43596;0
16;30;01;29;05;000;Máquinas y Equipos;410398;0
16;30;01;34;00;000;SERVICIO DE LA DEUDA;10;0
16;30;01;34;07;000;Deuda Flotante;10;0
16;30;01;35;00;000;SALDO FINAL DE CAJA;10;0
16;30;02;05;00;000;TRANSFERENCIAS CORRIENTES;10760772;0
16;30;02;05;02;000;Del Gobierno Central;10760772;0
16;30;02;05;02;009;Fondo Nacional de Salud - Prestaciones Institucionales;10760762;0
16;30;02;05;02;201;Recuperación de Licencias Médicas - FONASA;10;0
16;30;02;08;00;000;OTROS INGRESOS CORRIENTES;30;0
16;30;02;08;01;000;Recuperaciones y Reembolsos por Licencias Médicas;10;0
16;30;02;08;02;000;Multas y Sanciones Pecuniarias;10;0
16;30;02;08;99;000;Otros;10;0
16;30;02;15;00;000;SALDO INICIAL DE CAJA;10;0
16;30;02;21;00;000;GASTOS EN PERSONAL;8746191;0
16;30;02;22;00;000;BIENES Y SERVICIOS DE CONSUMO;2014581;0
16;30;02;23;00;000;PRESTACIONES DE SEGURIDAD SOCIAL;10;0
16;30;02;23;03;000;Prestaciones Sociales del Empleador;10;0
16;30;02;23;03;001;Indemnización de Cargo Fiscal;10;0
16;30;02;25;00;000;INTEGROS AL FISCO;10;0
16;30;02;25;99;000;Otros Integros al Fisco;10;0
16;30;02;34;00;000;SERVICIO DE LA DEUDA;10;0
16;30;02;34;07;000;Deuda Flotante;10;0
16;30;02;35;00;000;SALDO FINAL DE CAJA;10;0
16;31;01;05;00;000;TRANSFERENCIAS CORRIENTES;531831591;0
16;31;01;05;02;000;Del Gobierno Central;531831591;0
16;31;01;05;02;007;Fondo Nacional de Salud - Atención Primaria;127393644;0
16;31;01;05;02;009;Fondo Nacional de Salud - Prestaciones Institucionales;46188746;0
16;31;01;05;02;010;Subsecretaría de Salud Pública;600000;0
16;31;01;05;02;014;Hospital Guillermo Grant Benavente;269595606;0
16;31;01;05;02;015;Hospital de Coronel;35012210;0
16;31;01;05;02;016;Hospital de Lota;28588264;0
16;31;01;05;02;017;Hospital Traumatológico;24453111;0
16;31;01;05;02;201;Recuperación de Licencias Médicas - FONASA;10;0
16;31;01;06;00;000;RENTAS DE LA PROPIEDAD;56304;0
16;31;01;07;00;000;INGRESOS DE OPERACIÓN;5439163;0
16;31;01;08;00;000;OTROS INGRESOS CORRIENTES;4818522;0
16;31;01;08;01;000;Recuperaciones y Reembolsos por Licencias Médicas;3540831;0
16;31;01;08;02;000;Multas y Sanciones Pecuniarias;3663;0
16;31;01;08;99;000;Otros;1274028;0
16;31;01;12;00;000;RECUPERACIÓN DE PRÉSTAMOS;1182178;0
16;31;01;12;10;000;Ingresos por Percibir;1182178;0
16;31;01;15;00;000;SALDO INICIAL DE CAJA;10;0
16;31;01;21;00;000;GASTOS EN PERSONAL;253807491;0
16;31;01;22;00;000;BIENES Y SERVICIOS DE CONSUMO;171398342;0
16;31;01;23;00;000;PRESTACIONES DE SEGURIDAD SOCIAL;18512;0
16;31;01;23;02;000;Prestaciones de Asistencia Social;18502;0
16;31;01;23;02;004;Ayudas Económicas y Otros Pagos Preventivos;18502;0
16;31;01;23;03;000;Prestaciones Sociales del Empleador;10;0
16;31;01;23;03;001;Indemnización de Cargo Fiscal;10;0
16;31;01;24;00;000;TRANSFERENCIAS CORRIENTES;113801469;0
16;31;01;24;03;000;A Otras Entidades Públicas;113726085;0
16;31;01;24;03;298;Atención Primaria, Ley N° 19.378;113726085;0
16;31;01;24;08;000;A Instituciones Privadas Ejecutoras de Políticas Públicas;75384;0
16;31;01;24;08;395;Programa Especial de Salud y Pueblos Indígenas;65159;0
16;31;01;24;08;461;Centros de Prevención de Alcoholismo y Salud Mental;10225;0
16;31;01;25;00;000;INTEGROS AL FISCO;3540842;0
16;31;01;25;99;000;Otros Integros al Fisco;3540842;0
16;31;01;29;00;000;ADQUISICIÓN DE ACTIVOS NO FINANCIEROS;761092;0
16;31;01;29;04;000;Mobiliario y Otros;73085;0
16;31;01;29;05;000;Máquinas y Equipos;688007;0
16;31;01;34;00;000;SERVICIO DE LA DEUDA;10;0
16;31;01;34;07;000;Deuda Flotante;10;0
16;31;01;35;00;000;SALDO FINAL DE CAJA;10;0
16;31;02;05;00;000;TRANSFERENCIAS CORRIENTES;13682994;0
16;31;02;05;02;000;Del Gobierno Central;13682994;0
16;31;02;05;02;009;Fondo Nacional de Salud - Prestaciones Institucionales;13682984;0
16;31;02;05;02;201;Recuperación de Licencias Médicas - FONASA;10;0
16;31;02;08;00;000;OTROS INGRESOS CORRIENTES;30;0
16;31;02;08;01;000;Recuperaciones y Reembolsos por Licencias Médicas;10;0
16;31;02;08;02;000;Multas y Sanciones Pecuniarias;10;0
16;31;02;08;99;000;Otros;10;0
16;31;02;15;00;000;SALDO INICIAL DE CAJA;10;0
16;31;02;21;00;000;GASTOS EN PERSONAL;11835570;0
16;31;02;22;00;000;BIENES Y SERVICIOS DE CONSUMO;1847424;0
16;31;02;23;00;000;PRESTACIONES DE SEGURIDAD SOCIAL;10;0
16;31;02;23;03;000;Prestaciones Sociales del Empleador;10;0
16;31;02;23;03;001;Indemnización de Cargo Fiscal;10;0
16;31;02;25;00;000;INTEGROS AL FISCO;10;0
16;31;02;25;99;000;Otros Integros al Fisco;10;0
16;31;02;34;00;000;SERVICIO DE LA DEUDA;10;0
16;31;02;34;07;000;Deuda Flotante;10;0
16;31;02;35;00;000;SALDO FINAL DE CAJA;10;0
16;32;01;05;00;000;TRANSFERENCIAS CORRIENTES;328566497;0
16;32;01;05;02;000;Del Gobierno Central;328566497;0
16;32;01;05;02;007;Fondo Nacional de Salud - Atención Primaria;84201656;0
16;32;01;05;02;009;Fondo Nacional de Salud - Prestaciones Institucionales;23082428;0
16;32;01;05;02;010;Subsecretaría de Salud Pública;252947;0
16;32;01;05;02;014;Hospital Higueras;167682681;0
16;32;01;05;02;015;Hospital de Tomé;29597431;0
16;32;01;05;02;016;Hospital de Penco Lirquén;23749344;0
16;32;01;05;02;201;Recuperación de Licencias Médicas - FONASA;10;0
16;32;01;06;00;000;RENTAS DE LA PROPIEDAD;30692;0
16;32;01;07;00;000;INGRESOS DE OPERACIÓN;3097429;0
16;32;01;08;00;000;OTROS INGRESOS CORRIENTES;4262972;0
16;32;01;08;01;000;Recuperaciones y Reembolsos por Licencias Médicas;1921820;0
16;32;01;08;02;000;Multas y Sanciones Pecuniarias;99766;0
16;32;01;08;99;000;Otros;2241386;0
16;32;01;12;00;000;RECUPERACIÓN DE PRÉSTAMOS;645663;0
16;32;01;12;10;000;Ingresos por Percibir;645663;0
16;32;01;15;00;000;SALDO INICIAL DE CAJA;10;0
16;32;01;21;00;000;GASTOS EN PERSONAL;146414518;0
16;32;01;22;00;000;BIENES Y SERVICIOS DE CONSUMO;108795609;0
16;32;01;23;00;000;PRESTACIONES DE SEGURIDAD SOCIAL;10097;0
16;32;01;23;02;000;Prestaciones de Asistencia Social;10087;0
16;32;01;23;02;004;Ayudas Económicas y Otros Pagos Preventivos;10087;0
16;32;01;23;03;000;Prestaciones Sociales del Empleador;10;0
16;32;01;23;03;001;Indemnización de Cargo Fiscal;10;0
16;32;01;24;00;000;TRANSFERENCIAS CORRIENTES;79042512;0
16;32;01;24;03;000;A Otras Entidades Públicas;79019512;0
16;32;01;24;03;298;Atención Primaria, Ley N° 19.378;79019512;0
16;32;01;24;08;000;A Instituciones Privadas Ejecutoras de Políticas Públicas;23000;0
16;32;01;24;08;395;Programa Especial de Salud y Pueblos Indígenas;10974;0
16;32;01;24;08;461;Centros de Prevención de Alcoholismo y Salud Mental;12026;0
16;32;01;25;00;000;INTEGROS AL FISCO;1921830;0
16;32;01;25;99;000;Otros Integros al Fisco;1921830;0
16;32;01;29;00;000;ADQUISICIÓN DE ACTIVOS NO FINANCIEROS;418677;0
16;32;01;29;04;000;Mobiliario y Otros;40204;0
16;32;01;29;05;000;Máquinas y Equipos;378473;0
16;32;01;34;00;000;SERVICIO DE LA DEUDA;10;0
16;32;01;34;07;000;Deuda Flotante;10;0
16;32;01;35;00;000;SALDO FINAL DE CAJA;10;0
16;32;02;05;00;000;TRANSFERENCIAS CORRIENTES;9904786;0
16;32;02;05;02;000;Del Gobierno Central;9904786;0
16;32;02;05;02;009;Fondo Nacional de Salud - Prestaciones Institucionales;9904776;0
16;32;02;05;02;201;Recuperación de Licencias Médicas - FONASA;10;0
16;32;02;08;00;000;OTROS INGRESOS CORRIENTES;30;0
16;32;02;08;01;000;Recuperaciones y Reembolsos por Licencias Médicas;10;0
16;32;02;08;02;000;Multas y Sanciones Pecuniarias;10;0
16;32;02;08;99;000;Otros;10;0
16;32;02;15;00;000;SALDO INICIAL DE CAJA;10;0
16;32;02;21;00;000;GASTOS EN PERSONAL;7901929;0
16;32;02;22;00;000;BIENES Y SERVICIOS DE CONSUMO;2002857;0
16;32;02;23;00;000;PRESTACIONES DE SEGURIDAD SOCIAL;10;0
16;32;02;23;03;000;Prestaciones Sociales del Empleador;10;0
16;32;02;23;03;001;Indemnización de Cargo Fiscal;10;0
16;32;02;25;00;000;INTEGROS AL FISCO;10;0
16;32;02;25;99;000;Otros Integros al Fisco;10;0
16;32;02;34;00;000;SERVICIO DE LA DEUDA;10;0
16;32;02;34;07;000;Deuda Flotante;10;0
16;32;02;35;00;000;SALDO FINAL DE CAJA;10;0
16;33;01;05;00;000;TRANSFERENCIAS CORRIENTES;343246220;0
16;33;01;05;02;000;Del Gobierno Central;343246220;0
16;33;01;05;02;007;Fondo Nacional de Salud - Atención Primaria;102322237;0
16;33;01;05;02;009;Fondo Nacional de Salud - Prestaciones Institucionales;56064277;0
16;33;01;05;02;010;Subsecretaría de Salud Pública;231759;0
16;33;01;05;02;014;Hospital de los Ángeles;184627937;0
16;33;01;05;02;201;Recuperación de Licencias Médicas - FONASA;10;0
16;33;01;06;00;000;RENTAS DE LA PROPIEDAD;33296;0
16;33;01;07;00;000;INGRESOS DE OPERACIÓN;3462730;0
16;33;01;08;00;000;OTROS INGRESOS CORRIENTES;2439212;0
16;33;01;08;01;000;Recuperaciones y Reembolsos por Licencias Médicas;2141545;0
16;33;01;08;02;000;Multas y Sanciones Pecuniarias;5192;0
16;33;01;08;99;000;Otros;292475;0
16;33;01;12;00;000;RECUPERACIÓN DE PRÉSTAMOS;661739;0
16;33;01;12;10;000;Ingresos por Percibir;661739;0
16;33;01;15;00;000;SALDO INICIAL DE CAJA;10;0
16;33;01;21;00;000;GASTOS EN PERSONAL;146844375;0
16;33;01;22;00;000;BIENES Y SERVICIOS DE CONSUMO;108855539;0
16;33;01;23;00;000;PRESTACIONES DE SEGURIDAD SOCIAL;10952;0
16;33;01;23;02;000;Prestaciones de Asistencia Social;10942;0
16;33;01;23;02;004;Ayudas Económicas y Otros Pagos Preventivos;10942;0
16;33;01;23;03;000;Prestaciones Sociales del Empleador;10;0
16;33;01;23;03;001;Indemnización de Cargo Fiscal;10;0
16;33;01;24;00;000;TRANSFERENCIAS CORRIENTES;91540196;0
16;33;01;24;03;000;A Otras Entidades Públicas;91333743;0
16;33;01;24;03;298;Atención Primaria, Ley N° 19.378;91333743;0
16;33;01;24;08;000;A Instituciones Privadas Ejecutoras de Políticas Públicas;206453;0
16;33;01;24;08;395;Programa Especial de Salud y Pueblos Indígenas;198635;0
16;33;01;24;08;461;Centros de Prevención de Alcoholismo y Salud Mental;7818;0
16;33;01;25;00;000;INTEGROS AL FISCO;2141555;0
16;33;01;25;99;000;Otros Integros al Fisco;2141555;0
16;33;01;29;00;000;ADQUISICIÓN DE ACTIVOS NO FINANCIEROS;450570;0
16;33;01;29;04;000;Mobiliario y Otros;43267;0
16;33;01;29;05;000;Máquinas y Equipos;407303;0
16;33;01;34;00;000;SERVICIO DE LA DEUDA;10;0
16;33;01;34;07;000;Deuda Flotante;10;0
16;33;01;35;00;000;SALDO FINAL DE CAJA;10;0
16;33;02;05;00;000;TRANSFERENCIAS CORRIENTES;9801153;0
16;33;02;05;02;000;Del Gobierno Central;9801153;0
16;33;02;05;02;009;Fondo Nacional de Salud - Prestaciones Institucionales;9801143;0
16;33;02;05;02;201;Recuperación de Licencias Médicas - FONASA;10;0
16;33;02;08;00;000;OTROS INGRESOS CORRIENTES;30;0
16;33;02;08;01;000;Recuperaciones y Reembolsos por Licencias Médicas;10;0
16;33;02;08;02;000;Multas y Sanciones Pecuniarias;10;0
16;33;02;08;99;000;Otros;10;0
16;33;02;15;00;000;SALDO INICIAL DE CAJA;10;0
16;33;02;21;00;000;GASTOS EN PERSONAL;8551649;0
16;33;02;22;00;000;BIENES Y SERVICIOS DE CONSUMO;1249504;0
16;33;02;23;00;000;PRESTACIONES DE SEGURIDAD SOCIAL;10;0
16;33;02;23;03;000;Prestaciones Sociales del Empleador;10;0
16;33;02;23;03;001;Indemnización de Cargo Fiscal;10;0
16;33;02;25;00;000;INTEGROS AL FISCO;10;0
16;33;02;25;99;000;Otros Integros al Fisco;10;0
16;33;02;34;00;000;SERVICIO DE LA DEUDA;10;0
16;33;02;34;07;000;Deuda Flotante;10;0
16;33;02;35;00;000;SALDO FINAL DE CAJA;10;0
16;34;01;05;00;000;TRANSFERENCIAS CORRIENTES;150853282;0
16;34;01;05;02;000;Del Gobierno Central;150853282;0
16;34;01;05;02;007;Fondo Nacional de Salud - Atención Primaria;39993873;0
16;34;01;05;02;009;Fondo Nacional de Salud - Prestaciones Institucionales;66171692;0
16;34;01;05;02;010;Subsecretaría de Salud Pública;168361;0
16;34;01;05;02;014;Hospital Curanilahue;44519346;0
16;34;01;05;02;201;Recuperación de Licencias Médicas - FONASA;10;0
16;34;01;06;00;000;RENTAS DE LA PROPIEDAD;14629;0
16;34;01;07;00;000;INGRESOS DE OPERACIÓN;511441;0
16;34;01;08;00;000;OTROS INGRESOS CORRIENTES;1375037;0
16;34;01;08;01;000;Recuperaciones y Reembolsos por Licencias Médicas;978919;0
16;34;01;08;02;000;Multas y Sanciones Pecuniarias;16606;0
16;34;01;08;99;000;Otros;379512;0
16;34;01;12;00;000;RECUPERACIÓN DE PRÉSTAMOS;125328;0
16;34;01;12;10;000;Ingresos por Percibir;125328;0
16;34;01;15;00;000;SALDO INICIAL DE CAJA;10;0
16;34;01;21;00;000;GASTOS EN PERSONAL;87252162;0
16;34;01;22;00;000;BIENES Y SERVICIOS DE CONSUMO;30290815;0
16;34;01;23;00;000;PRESTACIONES DE SEGURIDAD SOCIAL;4817;0
16;34;01;23;02;000;Prestaciones de Asistencia Social;4807;0
16;34;01;23;02;004;Ayudas Económicas y Otros Pagos Preventivos;4807;0
16;34;01;23;03;000;Prestaciones Sociales del Empleador;10;0
16;34;01;23;03;001;Indemnización de Cargo Fiscal;10;0
16;34;01;24;00;000;TRANSFERENCIAS CORRIENTES;34146067;0
16;34;01;24;03;000;A Otras Entidades Públicas;34052674;0
16;34;01;24;03;298;Atención Primaria, Ley N° 19.378;34052674;0
16;34;01;24;08;000;A Instituciones Privadas Ejecutoras de Políticas Públicas;93393;0
16;34;01;24;08;395;Programa Especial de Salud y Pueblos Indígenas;86177;0
16;34;01;24;08;461;Centros de Prevención de Alcoholismo y Salud Mental;7216;0
16;34;01;25;00;000;INTEGROS AL FISCO;978929;0
16;34;01;25;99;000;Otros Integros al Fisco;978929;0
16;34;01;29;00;000;ADQUISICIÓN DE ACTIVOS NO FINANCIEROS;206917;0
16;34;01;29;04;000;Mobiliario y Otros;19869;0
16;34;01;29;05;000;Máquinas y Equipos;187048;0
16;34;01;34;00;000;SERVICIO DE LA DEUDA;10;0
16;34;01;34;07;000;Deuda Flotante;10;0
16;34;01;35;00;000;SALDO FINAL DE CAJA;10;0
16;34;02;05;00;000;TRANSFERENCIAS CORRIENTES;5771351;0
16;34;02;05;02;000;Del Gobierno Central;5771351;0
16;34;02;05;02;009;Fondo Nacional de Salud - Prestaciones Institucionales;5771341;0
16;34;02;05;02;201;Recuperación de Licencias Médicas - FONASA;10;0
16;34;02;08;00;000;OTROS INGRESOS CORRIENTES;30;0
16;34;02;08;01;000;Recuperaciones y Reembolsos por Licencias Médicas;10;0
16;34;02;08;02;000;Multas y Sanciones Pecuniarias;10;0
16;34;02;08;99;000;Otros;10;0
16;34;02;15;00;000;SALDO INICIAL DE CAJA;10;0
16;34;02;21;00;000;GASTOS EN PERSONAL;5207932;0
16;34;02;22;00;000;BIENES Y SERVICIOS DE CONSUMO;563419;0
16;34;02;23;00;000;PRESTACIONES DE SEGURIDAD SOCIAL;10;0
16;34;02;23;03;000;Prestaciones Sociales del Empleador;10;0
16;34;02;23;03;001;Indemnización de Cargo Fiscal;10;0
16;34;02;25;00;000;INTEGROS AL FISCO;10;0
16;34;02;25;99;000;Otros Integros al Fisco;10;0
16;34;02;34;00;000;SERVICIO DE LA DEUDA;10;0
16;34;02;34;07;000;Deuda Flotante;10;0
16;34;02;35;00;000;SALDO FINAL DE CAJA;10;0
16;35;01;05;00;000;TRANSFERENCIAS CORRIENTES;223965514;0
16;35;01;05;02;000;Del Gobierno Central;223965514;0
16;35;01;05;02;007;Fondo Nacional de Salud - Atención Primaria;57967632;0
16;35;01;05;02;009;Fondo Nacional de Salud - Prestaciones Institucionales;47274343;0
16;35;01;05;02;010;Subsecretaría de Salud Pública;145828;0
16;35;01;05;02;014;Hospital Angol;64807396;0
16;35;01;05;02;015;Hospital Victoria;45113855;0
16;35;01;05;02;016;Hospital Traiguén;8656450;0
16;35;01;05;02;201;Recuperación de Licencias Médicas - FONASA;10;0
16;35;01;06;00;000;RENTAS DE LA PROPIEDAD;17967;0
16;35;01;07;00;000;INGRESOS DE OPERACIÓN;2526599;0
16;35;01;08;00;000;OTROS INGRESOS CORRIENTES;1442128;0
16;35;01;08;01;000;Recuperaciones y Reembolsos por Licencias Médicas;1280313;0
16;35;01;08;02;000;Multas y Sanciones Pecuniarias;8036;0
16;35;01;08;99;000;Otros;153779;0
16;35;01;12;00;000;RECUPERACIÓN DE PRÉSTAMOS;194385;0
16;35;01;12;10;000;Ingresos por Percibir;194385;0
16;35;01;15;00;000;SALDO INICIAL DE CAJA;10;0
16;35;01;21;00;000;GASTOS EN PERSONAL;131909743;0
16;35;01;22;00;000;BIENES Y SERVICIOS DE CONSUMO;42654647;0
16;35;01;23;00;000;PRESTACIONES DE SEGURIDAD SOCIAL;5915;0
16;35;01;23;02;000;Prestaciones de Asistencia Social;5905;0
16;35;01;23;02;004;Ayudas Económicas y Otros Pagos Preventivos;5905;0
16;35;01;23;03;000;Prestaciones Sociales del Empleador;10;0
16;35;01;23;03;001;Indemnización de Cargo Fiscal;10;0
16;35;01;24;00;000;TRANSFERENCIAS CORRIENTES;52048931;0
16;35;01;24;03;000;A Otras Entidades Públicas;51495801;0
16;35;01;24;03;298;Atención Primaria, Ley N° 19.378;51495801;0
16;35;01;24;08;000;A Instituciones Privadas Ejecutoras de Políticas Públicas;553130;0
16;35;01;24;08;395;Programa Especial de Salud y Pueblos Indígenas;546516;0
16;35;01;24;08;461;Centros de Prevención de Alcoholismo y Salud Mental;6614;0
16;35;01;25;00;000;INTEGROS AL FISCO;1280323;0
16;35;01;25;99;000;Otros Integros al Fisco;1280323;0
16;35;01;29;00;000;ADQUISICIÓN DE ACTIVOS NO FINANCIEROS;247024;0
16;35;01;29;04;000;Mobiliario y Otros;23722;0
16;35;01;29;05;000;Máquinas y Equipos;223302;0
16;35;01;34;00;000;SERVICIO DE LA DEUDA;10;0
16;35;01;34;07;000;Deuda Flotante;10;0
16;35;01;35;00;000;SALDO FINAL DE CAJA;10;0
16;35;02;05;00;000;TRANSFERENCIAS CORRIENTES;8048117;0
16;35;02;05;02;000;Del Gobierno Central;8048117;0
16;35;02;05;02;009;Fondo Nacional de Salud - Prestaciones Institucionales;8048107;0
16;35;02;05;02;201;Recuperación de Licencias Médicas - FONASA;10;0
16;35;02;08;00;000;OTROS INGRESOS CORRIENTES;30;0
16;35;02;08;01;000;Recuperaciones y Reembolsos por Licencias Médicas;10;0
16;35;02;08;02;000;Multas y Sanciones Pecuniarias;10;0
16;35;02;08;99;000;Otros;10;0
16;35;02;15;00;000;SALDO INICIAL DE CAJA;10;0
16;35;02;21;00;000;GASTOS EN PERSONAL;7543120;0
16;35;02;22;00;000;BIENES Y SERVICIOS DE CONSUMO;504997;0
16;35;02;23;00;000;PRESTACIONES DE SEGURIDAD SOCIAL;10;0
16;35;02;23;03;000;Prestaciones Sociales del Empleador;10;0
16;35;02;23;03;001;Indemnización de Cargo Fiscal;10;0
16;35;02;25;00;000;INTEGROS AL FISCO;10;0
16;35;02;25;99;000;Otros Integros al Fisco;10;0
16;35;02;34;00;000;SERVICIO DE LA DEUDA;10;0
16;35;02;34;07;000;Deuda Flotante;10;0
16;35;02;35;00;000;SALDO FINAL DE CAJA;10;0
16;36;01;05;00;000;TRANSFERENCIAS CORRIENTES;705530800;0
16;36;01;05;02;000;Del Gobierno Central;705530800;0
16;36;01;05;02;007;Fondo Nacional de Salud - Atención Primaria;212353279;0
16;36;01;05;02;009;Fondo Nacional de Salud - Prestaciones Institucionales;68501216;0
16;36;01;05;02;010;Subsecretaría de Salud Pública;501148;0
16;36;01;05;02;014;Hospital Dr. Abraham Godoy Peña de Lautaro;32308192;0
16;36;01;05;02;015;Hospital Intercultural de Nueva Imperial;41525771;0
16;36;01;05;02;016;Hospital de Pitrufquén;28501588;0
16;36;01;05;02;017;Hospital de Villarrica;62175697;0
16;36;01;05;02;018;Hospital Temuco;197853525;0
16;36;01;05;02;019;Hospital Padre las Casas;61810374;0
16;36;01;05;02;201;Recuperación de Licencias Médicas - FONASA;10;0
16;36;01;06;00;000;RENTAS DE LA PROPIEDAD;58818;0
16;36;01;07;00;000;INGRESOS DE OPERACIÓN;3677060;0
16;36;01;08;00;000;OTROS INGRESOS CORRIENTES;4484450;0
16;36;01;08;01;000;Recuperaciones y Reembolsos por Licencias Médicas;3349294;0
16;36;01;08;02;000;Multas y Sanciones Pecuniarias;55245;0
16;36;01;08;99;000;Otros;1079911;0
16;36;01;12;00;000;RECUPERACIÓN DE PRÉSTAMOS;561818;0
16;36;01;12;10;000;Ingresos por Percibir;561818;0
16;36;01;15;00;000;SALDO INICIAL DE CAJA;10;0
16;36;01;21;00;000;GASTOS EN PERSONAL;328112006;0
16;36;01;22;00;000;BIENES Y SERVICIOS DE CONSUMO;190826463;0
16;36;01;23;00;000;PRESTACIONES DE SEGURIDAD SOCIAL;19336;0
16;36;01;23;02;000;Prestaciones de Asistencia Social;19326;0
16;36;01;23;02;004;Ayudas Económicas y Otros Pagos Preventivos;19326;0
16;36;01;23;03;000;Prestaciones Sociales del Empleador;10;0
16;36;01;23;03;001;Indemnización de Cargo Fiscal;10;0
16;36;01;24;00;000;TRANSFERENCIAS CORRIENTES;191212495;0
16;36;01;24;03;000;A Otras Entidades Públicas;190952546;0
16;36;01;24;03;298;Atención Primaria, Ley N° 19.378;190952546;0
16;36;01;24;08;000;A Instituciones Privadas Ejecutoras de Políticas Públicas;259949;0
16;36;01;24;08;395;Programa Especial de Salud y Pueblos Indígenas;256342;0
16;36;01;24;08;461;Centros de Prevención de Alcoholismo y Salud Mental;3607;0
16;36;01;25;00;000;INTEGROS AL FISCO;3353520;0
16;36;01;25;01;000;Impuestos;4215;0
16;36;01;25;99;000;Otros Integros al Fisco;3349305;0
16;36;01;29;00;000;ADQUISICIÓN DE ACTIVOS NO FINANCIEROS;789116;0
16;36;01;29;04;000;Mobiliario y Otros;75777;0
16;36;01;29;05;000;Máquinas y Equipos;713339;0
16;36;01;34;00;000;SERVICIO DE LA DEUDA;10;0
16;36;01;34;07;000;Deuda Flotante;10;0
16;36;01;35;00;000;SALDO FINAL DE CAJA;10;0
16;36;02;05;00;000;TRANSFERENCIAS CORRIENTES;5795046;0
16;36;02;05;02;000;Del Gobierno Central;5795046;0
16;36;02;05;02;009;Fondo Nacional de Salud - Prestaciones Institucionales;5795036;0
16;36;02;05;02;201;Recuperación de Licencias Médicas - FONASA;10;0
16;36;02;08;00;000;OTROS INGRESOS CORRIENTES;30;0
16;36;02;08;01;000;Recuperaciones y Reembolsos por Licencias Médicas;10;0
16;36;02;08;02;000;Multas y Sanciones Pecuniarias;10;0
16;36;02;08;99;000;Otros;10;0
16;36;02;15;00;000;SALDO INICIAL DE CAJA;10;0
16;36;02;21;00;000;GASTOS EN PERSONAL;4674742;0
16;36;02;22;00;000;BIENES Y SERVICIOS DE CONSUMO;1120304;0
16;36;02;23;00;000;PRESTACIONES DE SEGURIDAD SOCIAL;10;0
16;36;02;23;03;000;Prestaciones Sociales del Empleador;10;0
16;36;02;23;03;001;Indemnización de Cargo Fiscal;10;0
16;36;02;25;00;000;INTEGROS AL FISCO;10;0
16;36;02;25;99;000;Otros Integros al Fisco;10;0
16;36;02;34;00;000;SERVICIO DE LA DEUDA;10;0
16;36;02;34;07;000;Deuda Flotante;10;0
16;36;02;35;00;000;SALDO FINAL DE CAJA;10;0
16;37;01;05;00;000;TRANSFERENCIAS CORRIENTES;353231688;0
16;37;01;05;02;000;Del Gobierno Central;353231688;0
16;37;01;05;02;007;Fondo Nacional de Salud - Atención Primaria;108005470;0
16;37;01;05;02;009;Fondo Nacional de Salud - Prestaciones Institucionales;78227743;0
16;37;01;05;02;010;Subsecretaría de Salud Pública;1185013;0
16;37;01;05;02;014;Hospital de Valdivia;165813452;0
16;37;01;05;02;201;Recuperación de Licencias Médicas - FONASA;10;0
16;37;01;06;00;000;RENTAS DE LA PROPIEDAD;31100;0
16;37;01;07;00;000;INGRESOS DE OPERACIÓN;3254305;0
16;37;01;08;00;000;OTROS INGRESOS CORRIENTES;1993804;0
16;37;01;08;01;000;Recuperaciones y Reembolsos por Licencias Médicas;1443065;0
16;37;01;08;02;000;Multas y Sanciones Pecuniarias;22770;0
16;37;01;08;99;000;Otros;527969;0
16;37;01;12;00;000;RECUPERACIÓN DE PRÉSTAMOS;801712;0
16;37;01;12;10;000;Ingresos por Percibir;801712;0
16;37;01;15;00;000;SALDO INICIAL DE CAJA;10;0
16;37;01;21;00;000;GASTOS EN PERSONAL;153257499;0
16;37;01;22;00;000;BIENES Y SERVICIOS DE CONSUMO;107141729;0
16;37;01;23;00;000;PRESTACIONES DE SEGURIDAD SOCIAL;10231;0
16;37;01;23;02;000;Prestaciones de Asistencia Social;10221;0
16;37;01;23;02;004;Ayudas Económicas y Otros Pagos Preventivos;10221;0
16;37;01;23;03;000;Prestaciones Sociales del Empleador;10;0
16;37;01;23;03;001;Indemnización de Cargo Fiscal;10;0
16;37;01;24;00;000;TRANSFERENCIAS CORRIENTES;97035312;0
16;37;01;24;03;000;A Otras Entidades Públicas;96880335;0
16;37;01;24;03;298;Atención Primaria, Ley N° 19.378;96880335;0
16;37;01;24;08;000;A Instituciones Privadas Ejecutoras de Políticas Públicas;154977;0
16;37;01;24;08;395;Programa Especial de Salud y Pueblos Indígenas;148961;0
16;37;01;24;08;461;Centros de Prevención de Alcoholismo y Salud Mental;6016;0
16;37;01;25;00;000;INTEGROS AL FISCO;1443075;0
16;37;01;25;99;000;Otros Integros al Fisco;1443075;0
16;37;01;29;00;000;ADQUISICIÓN DE ACTIVOS NO FINANCIEROS;424753;0
16;37;01;29;04;000;Mobiliario y Otros;40787;0
16;37;01;29;05;000;Máquinas y Equipos;383966;0
16;37;01;34;00;000;SERVICIO DE LA DEUDA;10;0
16;37;01;34;07;000;Deuda Flotante;10;0
16;37;01;35;00;000;SALDO FINAL DE CAJA;10;0
16;37;02;05;00;000;TRANSFERENCIAS CORRIENTES;12714357;0
16;37;02;05;02;000;Del Gobierno Central;12714357;0
16;37;02;05;02;009;Fondo Nacional de Salud - Prestaciones Institucionales;12714347;0
16;37;02;05;02;201;Recuperación de Licencias Médicas - FONASA;10;0
16;37;02;08;00;000;OTROS INGRESOS CORRIENTES;30;0
16;37;02;08;01;000;Recuperaciones y Reembolsos por Licencias Médicas;10;0
16;37;02;08;02;000;Multas y Sanciones Pecuniarias;10;0
16;37;02;08;99;000;Otros;10;0
16;37;02;15;00;000;SALDO INICIAL DE CAJA;10;0
16;37;02;21;00;000;GASTOS EN PERSONAL;8869339;0
16;37;02;22;00;000;BIENES Y SERVICIOS DE CONSUMO;3845018;0
16;37;02;23;00;000;PRESTACIONES DE SEGURIDAD SOCIAL;10;0
16;37;02;23;03;000;Prestaciones Sociales del Empleador;10;0
16;37;02;23;03;001;Indemnización de Cargo Fiscal;10;0
16;37;02;25;00;000;INTEGROS AL FISCO;10;0
16;37;02;25;99;000;Otros Integros al Fisco;10;0
16;37;02;34;00;000;SERVICIO DE LA DEUDA;10;0
16;37;02;34;07;000;Deuda Flotante;10;0
16;37;02;35;00;000;SALDO FINAL DE CAJA;10;0
16;38;01;05;00;000;TRANSFERENCIAS CORRIENTES;218384852;0
16;38;01;05;02;000;Del Gobierno Central;218384852;0
16;38;01;05;02;007;Fondo Nacional de Salud - Atención Primaria;62531409;0
16;38;01;05;02;009;Fondo Nacional de Salud - Prestaciones Institucionales;38746478;0
16;38;01;05;02;010;Subsecretaría de Salud Pública;205078;0
16;38;01;05;02;014;Hospital de Osorno;116901877;0
16;38;01;05;02;201;Recuperación de Licencias Médicas - FONASA;10;0
16;38;01;06;00;000;RENTAS DE LA PROPIEDAD;21896;0
16;38;01;07;00;000;INGRESOS DE OPERACIÓN;2012106;0
16;38;01;08;00;000;OTROS INGRESOS CORRIENTES;2072515;0
16;38;01;08;01;000;Recuperaciones y Reembolsos por Licencias Médicas;1338808;0
16;38;01;08;02;000;Multas y Sanciones Pecuniarias;30403;0
16;38;01;08;99;000;Otros;703304;0
16;38;01;12;00;000;RECUPERACIÓN DE PRÉSTAMOS;244093;0
16;38;01;12;10;000;Ingresos por Percibir;244093;0
16;38;01;15;00;000;SALDO INICIAL DE CAJA;10;0
16;38;01;21;00;000;GASTOS EN PERSONAL;99729448;0
16;38;01;22;00;000;BIENES Y SERVICIOS DE CONSUMO;62974705;0
16;38;01;23;00;000;PRESTACIONES DE SEGURIDAD SOCIAL;7206;0
16;38;01;23;02;000;Prestaciones de Asistencia Social;7196;0
16;38;01;23;02;004;Ayudas Económicas y Otros Pagos Preventivos;7196;0
16;38;01;23;03;000;Prestaciones Sociales del Empleador;10;0
16;38;01;23;03;001;Indemnización de Cargo Fiscal;10;0
16;38;01;24;00;000;TRANSFERENCIAS CORRIENTES;58388301;0
16;38;01;24;03;000;A Otras Entidades Públicas;58268131;0
16;38;01;24;03;298;Atención Primaria, Ley N° 19.378;58268131;0
16;38;01;24;08;000;A Instituciones Privadas Ejecutoras de Políticas Públicas;120170;0
16;38;01;24;08;395;Programa Especial de Salud y Pueblos Indígenas;109945;0
16;38;01;24;08;461;Centros de Prevención de Alcoholismo y Salud Mental;10225;0
16;38;01;25;00;000;INTEGROS AL FISCO;1338819;0
16;38;01;25;99;000;Otros Integros al Fisco;1338819;0
16;38;01;29;00;000;ADQUISICIÓN DE ACTIVOS NO FINANCIEROS;296973;0
16;38;01;29;04;000;Mobiliario y Otros;28518;0
16;38;01;29;05;000;Máquinas y Equipos;268455;0
16;38;01;34;00;000;SERVICIO DE LA DEUDA;10;0
16;38;01;34;07;000;Deuda Flotante;10;0
16;38;01;35;00;000;SALDO FINAL DE CAJA;10;0
16;38;02;05;00;000;TRANSFERENCIAS CORRIENTES;10392011;0
16;38;02;05;02;000;Del Gobierno Central;10392011;0
16;38;02;05;02;009;Fondo Nacional de Salud - Prestaciones Institucionales;10392001;0
16;38;02;05;02;201;Recuperación de Licencias Médicas - FONASA;10;0
16;38;02;08;00;000;OTROS INGRESOS CORRIENTES;30;0
16;38;02;08;01;000;Recuperaciones y Reembolsos por Licencias Médicas;10;0
16;38;02;08;02;000;Multas y Sanciones Pecuniarias;10;0
16;38;02;08;99;000;Otros;10;0
16;38;02;15;00;000;SALDO INICIAL DE CAJA;10;0
16;38;02;21;00;000;GASTOS EN PERSONAL;8992963;0
16;38;02;22;00;000;BIENES Y SERVICIOS DE CONSUMO;1399048;0
16;38;02;23;00;000;PRESTACIONES DE SEGURIDAD SOCIAL;10;0
16;38;02;23;03;000;Prestaciones Sociales del Empleador;10;0
16;38;02;23;03;001;Indemnización de Cargo Fiscal;10;0
16;38;02;25;00;000;INTEGROS AL FISCO;10;0
16;38;02;25;99;000;Otros Integros al Fisco;10;0
16;38;02;34;00;000;SERVICIO DE LA DEUDA;10;0
16;38;02;34;07;000;Deuda Flotante;10;0
16;38;02;35;00;000;SALDO FINAL DE CAJA;10;0
16;39;01;05;00;000;TRANSFERENCIAS CORRIENTES;373177347;0
16;39;01;05;02;000;Del Gobierno Central;373177347;0
16;39;01;05;02;007;Fondo Nacional de Salud - Atención Primaria;104500931;0
16;39;01;05;02;009;Fondo Nacional de Salud - Prestaciones Institucionales;81305349;0
16;39;01;05;02;010;Subsecretaría de Salud Pública;355197;0
16;39;01;05;02;014;Hospital de Puerto Montt;187015860;0
16;39;01;05;02;201;Recuperación de Licencias Médicas - FONASA;10;0
16;39;01;06;00;000;RENTAS DE LA PROPIEDAD;38429;0
16;39;01;07;00;000;INGRESOS DE OPERACIÓN;1717585;0
16;39;01;08;00;000;OTROS INGRESOS CORRIENTES;2885305;0
16;39;01;08;01;000;Recuperaciones y Reembolsos por Licencias Médicas;2365791;0
16;39;01;08;02;000;Multas y Sanciones Pecuniarias;24112;0
16;39;01;08;99;000;Otros;495402;0
16;39;01;12;00;000;RECUPERACIÓN DE PRÉSTAMOS;392337;0
16;39;01;12;10;000;Ingresos por Percibir;392337;0
16;39;01;15;00;000;SALDO INICIAL DE CAJA;10;0
16;39;01;21;00;000;GASTOS EN PERSONAL;182874203;0
16;39;01;22;00;000;BIENES Y SERVICIOS DE CONSUMO;98577577;0
16;39;01;23;00;000;PRESTACIONES DE SEGURIDAD SOCIAL;12636;0
16;39;01;23;02;000;Prestaciones de Asistencia Social;12626;0
16;39;01;23;02;004;Ayudas Económicas y Otros Pagos Preventivos;12626;0
16;39;01;23;03;000;Prestaciones Sociales del Empleador;10;0
16;39;01;23;03;001;Indemnización de Cargo Fiscal;10;0
16;39;01;24;00;000;TRANSFERENCIAS CORRIENTES;93858628;0
16;39;01;24;03;000;A Otras Entidades Públicas;93801295;0
16;39;01;24;03;298;Atención Primaria, Ley N° 19.378;93801295;0
16;39;01;24;08;000;A Instituciones Privadas Ejecutoras de Políticas Públicas;57333;0
16;39;01;24;08;395;Programa Especial de Salud y Pueblos Indígenas;50719;0
16;39;01;24;08;461;Centros de Prevención de Alcoholismo y Salud Mental;6614;0
16;39;01;25;00;000;INTEGROS AL FISCO;2365802;0
16;39;01;25;99;000;Otros Integros al Fisco;2365802;0
16;39;01;29;00;000;ADQUISICIÓN DE ACTIVOS NO FINANCIEROS;522147;0
16;39;01;29;04;000;Mobiliario y Otros;50139;0
16;39;01;29;05;000;Máquinas y Equipos;472008;0
16;39;01;34;00;000;SERVICIO DE LA DEUDA;10;0
16;39;01;34;07;000;Deuda Flotante;10;0
16;39;01;35;00;000;SALDO FINAL DE CAJA;10;0
16;39;02;05;00;000;TRANSFERENCIAS CORRIENTES;10166501;0
16;39;02;05;02;000;Del Gobierno Central;10166501;0
16;39;02;05;02;009;Fondo Nacional de Salud - Prestaciones Institucionales;10166491;0
16;39;02;05;02;201;Recuperación de Licencias Médicas - FONASA;10;0
16;39;02;08;00;000;OTROS INGRESOS CORRIENTES;30;0
16;39;02;08;01;000;Recuperaciones y Reembolsos por Licencias Médicas;10;0
16;39;02;08;02;000;Multas y Sanciones Pecuniarias;10;0
16;39;02;08;99;000;Otros;10;0
16;39;02;15;00;000;SALDO INICIAL DE CAJA;10;0
16;39;02;21;00;000;GASTOS EN PERSONAL;7012903;0
16;39;02;22;00;000;BIENES Y SERVICIOS DE CONSUMO;3153598;0
16;39;02;23;00;000;PRESTACIONES DE SEGURIDAD SOCIAL;10;0
16;39;02;23;03;000;Prestaciones Sociales del Empleador;10;0
16;39;02;23;03;001;Indemnización de Cargo Fiscal;10;0
16;39;02;25;00;000;INTEGROS AL FISCO;10;0
16;39;02;25;99;000;Otros Integros al Fisco;10;0
16;39;02;34;00;000;SERVICIO DE LA DEUDA;10;0
16;39;02;34;07;000;Deuda Flotante;10;0
16;39;02;35;00;000;SALDO FINAL DE CAJA;10;0
16;40;01;05;00;000;TRANSFERENCIAS CORRIENTES;184228680;0
16;40;01;05;02;000;Del Gobierno Central;184228680;0
16;40;01;05;02;007;Fondo Nacional de Salud - Atención Primaria;17100995;0
16;40;01;05;02;009;Fondo Nacional de Salud - Prestaciones Institucionales;57439554;0
16;40;01;05;02;010;Subsecretaría de Salud Pública;137131;0
16;40;01;05;02;014;Hospital de Coyhaique;79951985;0
16;40;01;05;02;015;Hospital de Puerto Aysén;29599005;0
16;40;01;05;02;201;Recuperación de Licencias Médicas - FONASA;10;0
16;40;01;06;00;000;RENTAS DE LA PROPIEDAD;21905;0
16;40;01;07;00;000;INGRESOS DE OPERACIÓN;2537690;0
16;40;01;08;00;000;OTROS INGRESOS CORRIENTES;1013984;0
16;40;01;08;01;000;Recuperaciones y Reembolsos por Licencias Médicas;918534;0
16;40;01;08;02;000;Multas y Sanciones Pecuniarias;4134;0
16;40;01;08;99;000;Otros;91316;0
16;40;01;12;00;000;RECUPERACIÓN DE PRÉSTAMOS;418085;0
16;40;01;12;10;000;Ingresos por Percibir;418085;0
16;40;01;15;00;000;SALDO INICIAL DE CAJA;10;0
16;40;01;21;00;000;GASTOS EN PERSONAL;144868462;0
16;40;01;22;00;000;BIENES Y SERVICIOS DE CONSUMO;42113592;0
16;40;01;23;00;000;PRESTACIONES DE SEGURIDAD SOCIAL;7210;0
16;40;01;23;02;000;Prestaciones de Asistencia Social;7200;0
16;40;01;23;02;004;Ayudas Económicas y Otros Pagos Preventivos;7200;0
16;40;01;23;03;000;Prestaciones Sociales del Empleador;10;0
16;40;01;23;03;001;Indemnización de Cargo Fiscal;10;0
16;40;01;24;00;000;TRANSFERENCIAS CORRIENTES;8419;0
16;40;01;24;08;000;A Instituciones Privadas Ejecutoras de Políticas Públicas;8419;0
16;40;01;24;08;461;Centros de Prevención de Alcoholismo y Salud Mental;8419;0
16;40;01;25;00;000;INTEGROS AL FISCO;918545;0
16;40;01;25;99;000;Otros Integros al Fisco;918545;0
16;40;01;29;00;000;ADQUISICIÓN DE ACTIVOS NO FINANCIEROS;304106;0
16;40;01;29;04;000;Mobiliario y Otros;29204;0
16;40;01;29;05;000;Máquinas y Equipos;274902;0
16;40;01;34;00;000;SERVICIO DE LA DEUDA;10;0
16;40;01;34;07;000;Deuda Flotante;10;0
16;40;01;35;00;000;SALDO FINAL DE CAJA;10;0
16;40;02;05;00;000;TRANSFERENCIAS CORRIENTES;8935478;0
16;40;02;05;02;000;Del Gobierno Central;8935478;0
16;40;02;05;02;009;Fondo Nacional de Salud - Prestaciones Institucionales;8935468;0
16;40;02;05;02;201;Recuperación de Licencias Médicas - FONASA;10;0
16;40;02;08;00;000;OTROS INGRESOS CORRIENTES;30;0
16;40;02;08;01;000;Recuperaciones y Reembolsos por Licencias Médicas;10;0
16;40;02;08;02;000;Multas y Sanciones Pecuniarias;10;0
16;40;02;08;99;000;Otros;10;0
16;40;02;15;00;000;SALDO INICIAL DE CAJA;10;0
16;40;02;21;00;000;GASTOS EN PERSONAL;6316370;0
16;40;02;22;00;000;BIENES Y SERVICIOS DE CONSUMO;2619108;0
16;40;02;23;00;000;PRESTACIONES DE SEGURIDAD SOCIAL;10;0
16;40;02;23;03;000;Prestaciones Sociales del Empleador;10;0
16;40;02;23;03;001;Indemnización de Cargo Fiscal;10;0
16;40;02;25;00;000;INTEGROS AL FISCO;10;0
16;40;02;25;99;000;Otros Integros al Fisco;10;0
16;40;02;34;00;000;SERVICIO DE LA DEUDA;10;0
16;40;02;34;07;000;Deuda Flotante;10;0
16;40;02;35;00;000;SALDO FINAL DE CAJA;10;0
16;41;01;05;00;000;TRANSFERENCIAS CORRIENTES;206817132;0
16;41;01;05;02;000;Del Gobierno Central;206817132;0
16;41;01;05;02;007;Fondo Nacional de Salud - Atención Primaria;39144752;0
16;41;01;05;02;009;Fondo Nacional de Salud - Prestaciones Institucionales;57367308;0
16;41;01;05;02;010;Subsecretaría de Salud Pública;297266;0
16;41;01;05;02;014;Hospital Regional de Punta Arenas;110007796;0
16;41;01;05;02;201;Recuperación de Licencias Médicas - FONASA;10;0
16;41;01;06;00;000;RENTAS DE LA PROPIEDAD;21873;0
16;41;01;07;00;000;INGRESOS DE OPERACIÓN;2463629;0
16;41;01;08;00;000;OTROS INGRESOS CORRIENTES;1395901;0
16;41;01;08;01;000;Recuperaciones y Reembolsos por Licencias Médicas;1165148;0
16;41;01;08;02;000;Multas y Sanciones Pecuniarias;8875;0
16;41;01;08;99;000;Otros;221878;0
16;41;01;12;00;000;RECUPERACIÓN DE PRÉSTAMOS;676563;0
16;41;01;12;10;000;Ingresos por Percibir;676563;0
16;41;01;15;00;000;SALDO INICIAL DE CAJA;10;0
16;41;01;21;00;000;GASTOS EN PERSONAL;120547343;0
16;41;01;22;00;000;BIENES Y SERVICIOS DE CONSUMO;52568335;0
16;41;01;23;00;000;PRESTACIONES DE SEGURIDAD SOCIAL;7197;0
16;41;01;23;02;000;Prestaciones de Asistencia Social;7187;0
16;41;01;23;02;004;Ayudas Económicas y Otros Pagos Preventivos;7187;0
16;41;01;23;03;000;Prestaciones Sociales del Empleador;10;0
16;41;01;23;03;001;Indemnización de Cargo Fiscal;10;0
16;41;01;24;00;000;TRANSFERENCIAS CORRIENTES;36789161;0
16;41;01;24;03;000;A Otras Entidades Públicas;36728877;0
16;41;01;24;03;298;Atención Primaria, Ley N° 19.378;36728877;0
16;41;01;24;08;000;A Instituciones Privadas Ejecutoras de Políticas Públicas;60284;0
16;41;01;24;08;395;Programa Especial de Salud y Pueblos Indígenas;54871;0
16;41;01;24;08;461;Centros de Prevención de Alcoholismo y Salud Mental;5413;0
16;41;01;25;00;000;INTEGROS AL FISCO;1165158;0
16;41;01;25;99;000;Otros Integros al Fisco;1165158;0
16;41;01;29;00;000;ADQUISICIÓN DE ACTIVOS NO FINANCIEROS;297894;0
16;41;01;29;04;000;Mobiliario y Otros;28606;0
16;41;01;29;05;000;Máquinas y Equipos;269288;0
16;41;01;34;00;000;SERVICIO DE LA DEUDA;10;0
16;41;01;34;07;000;Deuda Flotante;10;0
16;41;01;35;00;000;SALDO FINAL DE CAJA;10;0
16;41;02;05;00;000;TRANSFERENCIAS CORRIENTES;9990151;0
16;41;02;05;02;000;Del Gobierno Central;9990151;0
16;41;02;05;02;009;Fondo Nacional de Salud - Prestaciones Institucionales;9990141;0
16;41;02;05;02;201;Recuperación de Licencias Médicas - FONASA;10;0
16;41;02;08;00;000;OTROS INGRESOS CORRIENTES;30;0
16;41;02;08;01;000;Recuperaciones y Reembolsos por Licencias Médicas;10;0
16;41;02;08;02;000;Multas y Sanciones Pecuniarias;10;0
16;41;02;08;99;000;Otros;10;0
16;41;02;15;00;000;SALDO INICIAL DE CAJA;10;0
16;41;02;21;00;000;GASTOS EN PERSONAL;8305523;0
16;41;02;22;00;000;BIENES Y SERVICIOS DE CONSUMO;1684628;0
16;41;02;23;00;000;PRESTACIONES DE SEGURIDAD SOCIAL;10;0
16;41;02;23;03;000;Prestaciones Sociales del Empleador;10;0
16;41;02;23;03;001;Indemnización de Cargo Fiscal;10;0
16;41;02;25;00;000;INTEGROS AL FISCO;10;0
16;41;02;25;99;000;Otros Integros al Fisco;10;0
16;41;02;34;00;000;SERVICIO DE LA DEUDA;10;0
16;41;02;34;07;000;Deuda Flotante;10;0
16;41;02;35;00;000;SALDO FINAL DE CAJA;10;0
16;42;01;05;00;000;TRANSFERENCIAS CORRIENTES;742842420;0
16;42;01;05;02;000;Del Gobierno Central;742842420;0
16;42;01;05;02;007;Fondo Nacional de Salud - Atención Primaria;148206533;0
16;42;01;05;02;009;Fondo Nacional de Salud - Prestaciones Institucionales;127634718;0
16;42;01;05;02;010;Subsecretaría de Salud Pública;470414;0
16;42;01;05;02;014;Hospital Salvador;224979692;0
16;42;01;05;02;015;Hospital Santiago Oriente Luis Tisne;70401254;0
16;42;01;05;02;016;Hospital Luis Calvo Mackenna;74499828;0
16;42;01;05;02;017;Hospital del Tórax;60787127;0
16;42;01;05;02;018;Instituto de Neurocirugía;35862844;0
16;42;01;05;02;201;Recuperación de Licencias Médicas - FONASA;10;0
16;42;01;06;00;000;RENTAS DE LA PROPIEDAD;67057;0
16;42;01;07;00;000;INGRESOS DE OPERACIÓN;7168888;0
16;42;01;08;00;000;OTROS INGRESOS CORRIENTES;5812788;0
16;42;01;08;01;000;Recuperaciones y Reembolsos por Licencias Médicas;4035896;0
16;42;01;08;02;000;Multas y Sanciones Pecuniarias;81864;0
16;42;01;08;99;000;Otros;1695028;0
16;42;01;12;00;000;RECUPERACIÓN DE PRÉSTAMOS;1160005;0
16;42;01;12;10;000;Ingresos por Percibir;1160005;0
16;42;01;15;00;000;SALDO INICIAL DE CAJA;10;0
16;42;01;21;00;000;GASTOS EN PERSONAL;308071645;0
16;42;01;22;00;000;BIENES Y SERVICIOS DE CONSUMO;301759785;0
16;42;01;23;00;000;PRESTACIONES DE SEGURIDAD SOCIAL;22046;0
16;42;01;23;02;000;Prestaciones de Asistencia Social;22036;0
16;42;01;23;02;004;Ayudas Económicas y Otros Pagos Preventivos;22036;0
16;42;01;23;03;000;Prestaciones Sociales del Empleador;10;0
16;42;01;23;03;001;Indemnización de Cargo Fiscal;10;0
16;42;01;24;00;000;TRANSFERENCIAS CORRIENTES;142271271;0
16;42;01;24;03;000;A Otras Entidades Públicas;142196656;0
16;42;01;24;03;298;Atención Primaria, Ley N° 19.378;142196656;0
16;42;01;24;08;000;A Instituciones Privadas Ejecutoras de Políticas Públicas;74615;0
16;42;01;24;08;395;Programa Especial de Salud y Pueblos Indígenas;68001;0
16;42;01;24;08;461;Centros de Prevención de Alcoholismo y Salud Mental;6614;0
16;42;01;25;00;000;INTEGROS AL FISCO;4035906;0
16;42;01;25;99;000;Otros Integros al Fisco;4035906;0
16;42;01;29;00;000;ADQUISICIÓN DE ACTIVOS NO FINANCIEROS;890495;0
16;42;01;29;04;000;Mobiliario y Otros;85511;0
16;42;01;29;05;000;Máquinas y Equipos;804984;0
16;42;01;34;00;000;SERVICIO DE LA DEUDA;10;0
16;42;01;34;07;000;Deuda Flotante;10;0
16;42;01;35;00;000;SALDO FINAL DE CAJA;10;0
16;42;02;05;00;000;TRANSFERENCIAS CORRIENTES;13039636;0
16;42;02;05;02;000;Del Gobierno Central;13039636;0
16;42;02;05;02;009;Fondo Nacional de Salud - Prestaciones Institucionales;13039626;0
16;42;02;05;02;201;Recuperación de Licencias Médicas - FONASA;10;0
16;42;02;08;00;000;OTROS INGRESOS CORRIENTES;30;0
16;42;02;08;01;000;Recuperaciones y Reembolsos por Licencias Médicas;10;0
16;42;02;08;02;000;Multas y Sanciones Pecuniarias;10;0
16;42;02;08;99;000;Otros;10;0
16;42;02;15;00;000;SALDO INICIAL DE CAJA;10;0
16;42;02;21;00;000;GASTOS EN PERSONAL;10506346;0
16;42;02;22;00;000;BIENES Y SERVICIOS DE CONSUMO;2533290;0
16;42;02;23;00;000;PRESTACIONES DE SEGURIDAD SOCIAL;10;0
16;42;02;23;03;000;Prestaciones Sociales del Empleador;10;0
16;42;02;23;03;001;Indemnización de Cargo Fiscal;10;0
16;42;02;25;00;000;INTEGROS AL FISCO;10;0
16;42;02;25;99;000;Otros Integros al Fisco;10;0
16;42;02;34;00;000;SERVICIO DE LA DEUDA;10;0
16;42;02;34;07;000;Deuda Flotante;10;0
16;42;02;35;00;000;SALDO FINAL DE CAJA;10;0
16;43;01;05;00;000;TRANSFERENCIAS CORRIENTES;583374716;0
16;43;01;05;02;000;Del Gobierno Central;583374716;0
16;43;01;05;02;007;Fondo Nacional de Salud - Atención Primaria;119596972;0
16;43;01;05;02;009;Fondo Nacional de Salud - Prestaciones Institucionales;52223025;0
16;43;01;05;02;010;Subsecretaría de Salud Pública;567676;0
16;43;01;05;02;014;Hospital Clínico San Borja Arriaran;165165810;0
16;43;01;05;02;015;Hospital El Carmen;135816072;0
16;43;01;05;02;016;Hospital de Urgencia Asistencia Pública;110005151;0
16;43;01;05;02;201;Recuperación de Licencias Médicas - FONASA;10;0
16;43;01;06;00;000;RENTAS DE LA PROPIEDAD;73955;0
16;43;01;07;00;000;INGRESOS DE OPERACIÓN;3421135;0
16;43;01;08;00;000;OTROS INGRESOS CORRIENTES;6243095;0
16;43;01;08;01;000;Recuperaciones y Reembolsos por Licencias Médicas;5723027;0
16;43;01;08;02;000;Multas y Sanciones Pecuniarias;21169;0
16;43;01;08;99;000;Otros;498899;0
16;43;01;12;00;000;RECUPERACIÓN DE PRÉSTAMOS;674656;0
16;43;01;12;10;000;Ingresos por Percibir;674656;0
16;43;01;15;00;000;SALDO INICIAL DE CAJA;10;0
16;43;01;21;00;000;GASTOS EN PERSONAL;323488062;0
16;43;01;22;00;000;BIENES Y SERVICIOS DE CONSUMO;186942138;0
16;43;01;23;00;000;PRESTACIONES DE SEGURIDAD SOCIAL;24313;0
16;43;01;23;02;000;Prestaciones de Asistencia Social;24303;0
16;43;01;23;02;004;Ayudas Económicas y Otros Pagos Preventivos;24303;0
16;43;01;23;03;000;Prestaciones Sociales del Empleador;10;0
16;43;01;23;03;001;Indemnización de Cargo Fiscal;10;0
16;43;01;24;00;000;TRANSFERENCIAS CORRIENTES;76623629;0
16;43;01;24;03;000;A Otras Entidades Públicas;76582631;0
16;43;01;24;03;298;Atención Primaria, Ley N° 19.378;76582631;0
16;43;01;24;08;000;A Instituciones Privadas Ejecutoras de Políticas Públicas;40998;0
16;43;01;24;08;395;Programa Especial de Salud y Pueblos Indígenas;31979;0
16;43;01;24;08;461;Centros de Prevención de Alcoholismo y Salud Mental;9019;0
16;43;01;25;00;000;INTEGROS AL FISCO;5723037;0
16;43;01;25;99;000;Otros Integros al Fisco;5723037;0
16;43;01;29;00;000;ADQUISICIÓN DE ACTIVOS NO FINANCIEROS;986368;0
16;43;01;29;04;000;Mobiliario y Otros;94716;0
16;43;01;29;05;000;Máquinas y Equipos;891652;0
16;43;01;34;00;000;SERVICIO DE LA DEUDA;10;0
16;43;01;34;07;000;Deuda Flotante;10;0
16;43;01;35;00;000;SALDO FINAL DE CAJA;10;0
16;43;02;05;00;000;TRANSFERENCIAS CORRIENTES;10714612;0
16;43;02;05;02;000;Del Gobierno Central;10714612;0
16;43;02;05;02;009;Fondo Nacional de Salud - Prestaciones Institucionales;10714602;0
16;43;02;05;02;201;Recuperación de Licencias Médicas - FONASA;10;0
16;43;02;08;00;000;OTROS INGRESOS CORRIENTES;30;0
16;43;02;08;01;000;Recuperaciones y Reembolsos por Licencias Médicas;10;0
16;43;02;08;02;000;Multas y Sanciones Pecuniarias;10;0
16;43;02;08;99;000;Otros;10;0
16;43;02;15;00;000;SALDO INICIAL DE CAJA;10;0
16;43;02;21;00;000;GASTOS EN PERSONAL;8359457;0
16;43;02;22;00;000;BIENES Y SERVICIOS DE CONSUMO;2355155;0
16;43;02;23;00;000;PRESTACIONES DE SEGURIDAD SOCIAL;10;0
16;43;02;23;03;000;Prestaciones Sociales del Empleador;10;0
16;43;02;23;03;001;Indemnización de Cargo Fiscal;10;0
16;43;02;25;00;000;INTEGROS AL FISCO;10;0
16;43;02;25;99;000;Otros Integros al Fisco;10;0
16;43;02;34;00;000;SERVICIO DE LA DEUDA;10;0
16;43;02;34;07;000;Deuda Flotante;10;0
16;43;02;35;00;000;SALDO FINAL DE CAJA;10;0
16;44;01;05;00;000;TRANSFERENCIAS CORRIENTES;707177141;0
16;44;01;05;02;000;Del Gobierno Central;707177141;0
16;44;01;05;02;007;Fondo Nacional de Salud - Atención Primaria;258867668;0
16;44;01;05;02;009;Fondo Nacional de Salud - Prestaciones Institucionales;84056672;0
16;44;01;05;02;010;Subsecretaría de Salud Pública;633889;0
16;44;01;05;02;014;Hospital Barros Luco Trudeau;198355046;0
16;44;01;05;02;015;Hospital Exequiel González Cortés;56050588;0
16;44;01;05;02;016;Hospital San Luis de Buin;35226162;0
16;44;01;05;02;017;Hospital Sanatorio El Pino;73987106;0
16;44;01;05;02;201;Recuperación de Licencias Médicas - FONASA;10;0
16;44;01;06;00;000;RENTAS DE LA PROPIEDAD;63143;0
16;44;01;07;00;000;INGRESOS DE OPERACIÓN;7174666;0
16;44;01;08;00;000;OTROS INGRESOS CORRIENTES;6580601;0
16;44;01;08;01;000;Recuperaciones y Reembolsos por Licencias Médicas;5308150;0
16;44;01;08;02;000;Multas y Sanciones Pecuniarias;63074;0
16;44;01;08;99;000;Otros;1209377;0
16;44;01;12;00;000;RECUPERACIÓN DE PRÉSTAMOS;409373;0
16;44;01;12;10;000;Ingresos por Percibir;409373;0
16;44;01;15;00;000;SALDO INICIAL DE CAJA;10;0
16;44;01;21;00;000;GASTOS EN PERSONAL;265830820;0
16;44;01;22;00;000;BIENES Y SERVICIOS DE CONSUMO;200260350;0
16;44;01;23;00;000;PRESTACIONES DE SEGURIDAD SOCIAL;20761;0
16;44;01;23;02;000;Prestaciones de Asistencia Social;20751;0
16;44;01;23;02;004;Ayudas Económicas y Otros Pagos Preventivos;20751;0
16;44;01;23;03;000;Prestaciones Sociales del Empleador;10;0
16;44;01;23;03;001;Indemnización de Cargo Fiscal;10;0
16;44;01;24;00;000;TRANSFERENCIAS CORRIENTES;249138511;0
16;44;01;24;03;000;A Otras Entidades Públicas;249040180;0
16;44;01;24;03;298;Atención Primaria, Ley N° 19.378;249040180;0
16;44;01;24;08;000;A Instituciones Privadas Ejecutoras de Políticas Públicas;98331;0
16;44;01;24;08;395;Programa Especial de Salud y Pueblos Indígenas;81494;0
16;44;01;24;08;461;Centros de Prevención de Alcoholismo y Salud Mental;16837;0
16;44;01;25;00;000;INTEGROS AL FISCO;5308160;0
16;44;01;25;99;000;Otros Integros al Fisco;5308160;0
16;44;01;29;00;000;ADQUISICIÓN DE ACTIVOS NO FINANCIEROS;846312;0
16;44;01;29;04;000;Mobiliario y Otros;81269;0
16;44;01;29;05;000;Máquinas y Equipos;765043;0
16;44;01;34;00;000;SERVICIO DE LA DEUDA;10;0
16;44;01;34;07;000;Deuda Flotante;10;0
16;44;01;35;00;000;SALDO FINAL DE CAJA;10;0
16;44;02;05;00;000;TRANSFERENCIAS CORRIENTES;14164410;0
16;44;02;05;02;000;Del Gobierno Central;14164410;0
16;44;02;05;02;009;Fondo Nacional de Salud - Prestaciones Institucionales;14164400;0
16;44;02;05;02;201;Recuperación de Licencias Médicas - FONASA;10;0
16;44;02;08;00;000;OTROS INGRESOS CORRIENTES;30;0
16;44;02;08;01;000;Recuperaciones y Reembolsos por Licencias Médicas;10;0
16;44;02;08;02;000;Multas y Sanciones Pecuniarias;10;0
16;44;02;08;99;000;Otros;10;0
16;44;02;15;00;000;SALDO INICIAL DE CAJA;10;0
16;44;02;21;00;000;GASTOS EN PERSONAL;10575948;0
16;44;02;22;00;000;BIENES Y SERVICIOS DE CONSUMO;3588462;0
16;44;02;23;00;000;PRESTACIONES DE SEGURIDAD SOCIAL;10;0
16;44;02;23;03;000;Prestaciones Sociales del Empleador;10;0
16;44;02;23;03;001;Indemnización de Cargo Fiscal;10;0
16;44;02;25;00;000;INTEGROS AL FISCO;10;0
16;44;02;25;99;000;Otros Integros al Fisco;10;0
16;44;02;34;00;000;SERVICIO DE LA DEUDA;10;0
16;44;02;34;07;000;Deuda Flotante;10;0
16;44;02;35;00;000;SALDO FINAL DE CAJA;10;0
16;45;01;05;00;000;TRANSFERENCIAS CORRIENTES;500022446;0
16;45;01;05;02;000;Del Gobierno Central;500022446;0
16;45;01;05;02;007;Fondo Nacional de Salud - Atención Primaria;177640953;0
16;45;01;05;02;009;Fondo Nacional de Salud - Prestaciones Institucionales;100501233;0
16;45;01;05;02;010;Subsecretaría de Salud Pública;693140;0
16;45;01;05;02;014;Hospital San José;153186418;0
16;45;01;05;02;015;Hospital Roberto del Río;68000692;0
16;45;01;05;02;201;Recuperación de Licencias Médicas - FONASA;10;0
16;45;01;06;00;000;RENTAS DE LA PROPIEDAD;50561;0
16;45;01;07;00;000;INGRESOS DE OPERACIÓN;6018360;0
16;45;01;08;00;000;OTROS INGRESOS CORRIENTES;4606367;0
16;45;01;08;01;000;Recuperaciones y Reembolsos por Licencias Médicas;3965622;0
16;45;01;08;02;000;Multas y Sanciones Pecuniarias;19405;0
16;45;01;08;99;000;Otros;621340;0
16;45;01;12;00;000;RECUPERACIÓN DE PRÉSTAMOS;662877;0
16;45;01;12;10;000;Ingresos por Percibir;662877;0
16;45;01;15;00;000;SALDO INICIAL DE CAJA;10;0
16;45;01;21;00;000;GASTOS EN PERSONAL;218331049;0
16;45;01;22;00;000;BIENES Y SERVICIOS DE CONSUMO;122207495;0
16;45;01;23;00;000;PRESTACIONES DE SEGURIDAD SOCIAL;16625;0
16;45;01;23;02;000;Prestaciones de Asistencia Social;16615;0
16;45;01;23;02;004;Ayudas Económicas y Otros Pagos Preventivos;16615;0
16;45;01;23;03;000;Prestaciones Sociales del Empleador;10;0
16;45;01;23;03;001;Indemnización de Cargo Fiscal;10;0
16;45;01;24;00;000;TRANSFERENCIAS CORRIENTES;166149058;0
16;45;01;24;03;000;A Otras Entidades Públicas;166116464;0
16;45;01;24;03;298;Atención Primaria, Ley N° 19.378;166116464;0
16;45;01;24;08;000;A Instituciones Privadas Ejecutoras de Políticas Públicas;32594;0
16;45;01;24;08;395;Programa Especial de Salud y Pueblos Indígenas;24778;0
16;45;01;24;08;461;Centros de Prevención de Alcoholismo y Salud Mental;7816;0
16;45;01;25;00;000;INTEGROS AL FISCO;3965632;0
16;45;01;25;99;000;Otros Integros al Fisco;3965632;0
16;45;01;29;00;000;ADQUISICIÓN DE ACTIVOS NO FINANCIEROS;690742;0
16;45;01;29;04;000;Mobiliario y Otros;66330;0
16;45;01;29;05;000;Máquinas y Equipos;624412;0
16;45;01;34;00;000;SERVICIO DE LA DEUDA;10;0
16;45;01;34;07;000;Deuda Flotante;10;0
16;45;01;35;00;000;SALDO FINAL DE CAJA;10;0
16;45;02;05;00;000;TRANSFERENCIAS CORRIENTES;12951419;0
16;45;02;05;02;000;Del Gobierno Central;12951419;0
16;45;02;05;02;009;Fondo Nacional de Salud - Prestaciones Institucionales;12951409;0
16;45;02;05;02;201;Recuperación de Licencias Médicas - FONASA;10;0
16;45;02;08;00;000;OTROS INGRESOS CORRIENTES;30;0
16;45;02;08;01;000;Recuperaciones y Reembolsos por Licencias Médicas;10;0
16;45;02;08;02;000;Multas y Sanciones Pecuniarias;10;0
16;45;02;08;99;000;Otros;10;0
16;45;02;15;00;000;SALDO INICIAL DE CAJA;10;0
16;45;02;21;00;000;GASTOS EN PERSONAL;11573538;0
16;45;02;22;00;000;BIENES Y SERVICIOS DE CONSUMO;1377881;0
16;45;02;23;00;000;PRESTACIONES DE SEGURIDAD SOCIAL;10;0
16;45;02;23;03;000;Prestaciones Sociales del Empleador;10;0
16;45;02;23;03;001;Indemnización de Cargo Fiscal;10;0
16;45;02;25;00;000;INTEGROS AL FISCO;10;0
16;45;02;25;99;000;Otros Integros al Fisco;10;0
16;45;02;34;00;000;SERVICIO DE LA DEUDA;10;0
16;45;02;34;07;000;Deuda Flotante;10;0
16;45;02;35;00;000;SALDO FINAL DE CAJA;10;0
16;46;01;05;00;000;TRANSFERENCIAS CORRIENTES;847997728;0
16;46;01;05;02;000;Del Gobierno Central;847997728;0
16;46;01;05;02;007;Fondo Nacional de Salud - Atención Primaria;273319504;0
16;46;01;05;02;009;Fondo Nacional de Salud - Prestaciones Institucionales;36785303;0
16;46;01;05;02;010;Subsecretaría de Salud Pública;506108;0
16;46;01;05;02;014;Hospital San Juan de Dios;227717440;0
16;46;01;05;02;015;Hospital Félix Bulnes;165476956;0
16;46;01;05;02;016;Hospital de Talagante;32533399;0
16;46;01;05;02;017;Hospital de Melipilla;69091695;0
16;46;01;05;02;018;Instituto Traumatológico;26003768;0
16;46;01;05;02;019;Hospital de Peñaflor;16563545;0
16;46;01;05;02;201;Recuperación de Licencias Médicas - FONASA;10;0
16;46;01;06;00;000;RENTAS DE LA PROPIEDAD;67338;0
16;46;01;07;00;000;INGRESOS DE OPERACIÓN;5537482;0
16;46;01;08;00;000;OTROS INGRESOS CORRIENTES;6035540;0
16;46;01;08;01;000;Recuperaciones y Reembolsos por Licencias Médicas;5590937;0
16;46;01;08;02;000;Multas y Sanciones Pecuniarias;15369;0
16;46;01;08;99;000;Otros;429234;0
16;46;01;12;00;000;RECUPERACIÓN DE PRÉSTAMOS;550382;0
16;46;01;12;10;000;Ingresos por Percibir;550382;0
16;46;01;15;00;000;SALDO INICIAL DE CAJA;10;0
16;46;01;21;00;000;GASTOS EN PERSONAL;343134545;0
16;46;01;22;00;000;BIENES Y SERVICIOS DE CONSUMO;250146581;0
16;46;01;23;00;000;PRESTACIONES DE SEGURIDAD SOCIAL;22139;0
16;46;01;23;02;000;Prestaciones de Asistencia Social;22129;0
16;46;01;23;02;004;Ayudas Económicas y Otros Pagos Preventivos;22129;0
16;46;01;23;03;000;Prestaciones Sociales del Empleador;10;0
16;46;01;23;03;001;Indemnización de Cargo Fiscal;10;0
16;46;01;24;00;000;TRANSFERENCIAS CORRIENTES;260389472;0
16;46;01;24;03;000;A Otras Entidades Públicas;260221284;0
16;46;01;24;03;298;Atención Primaria, Ley N° 19.378;260221284;0
16;46;01;24;08;000;A Instituciones Privadas Ejecutoras de Políticas Públicas;168188;0
16;46;01;24;08;395;Programa Especial de Salud y Pueblos Indígenas;158569;0
16;46;01;24;08;461;Centros de Prevención de Alcoholismo y Salud Mental;9619;0
16;46;01;25;00;000;INTEGROS AL FISCO;5590948;0
16;46;01;25;99;000;Otros Integros al Fisco;5590948;0
16;46;01;29;00;000;ADQUISICIÓN DE ACTIVOS NO FINANCIEROS;904775;0
16;46;01;29;04;000;Mobiliario y Otros;86883;0
16;46;01;29;05;000;Máquinas y Equipos;817892;0
16;46;01;34;00;000;SERVICIO DE LA DEUDA;10;0
16;46;01;34;07;000;Deuda Flotante;10;0
16;46;01;35;00;000;SALDO FINAL DE CAJA;10;0
16;46;02;05;00;000;TRANSFERENCIAS CORRIENTES;11062983;0
16;46;02;05;02;000;Del Gobierno Central;11062983;0
16;46;02;05;02;009;Fondo Nacional de Salud - Prestaciones Institucionales;11062973;0
16;46;02;05;02;201;Recuperación de Licencias Médicas - FONASA;10;0
16;46;02;08;00;000;OTROS INGRESOS CORRIENTES;30;0
16;46;02;08;01;000;Recuperaciones y Reembolsos por Licencias Médicas;10;0
16;46;02;08;02;000;Multas y Sanciones Pecuniarias;10;0
16;46;02;08;99;000;Otros;10;0
16;46;02;15;00;000;SALDO INICIAL DE CAJA;10;0
16;46;02;21;00;000;GASTOS EN PERSONAL;9873339;0
16;46;02;22;00;000;BIENES Y SERVICIOS DE CONSUMO;1189644;0
16;46;02;23;00;000;PRESTACIONES DE SEGURIDAD SOCIAL;10;0
16;46;02;23;03;000;Prestaciones Sociales del Empleador;10;0
16;46;02;23;03;001;Indemnización de Cargo Fiscal;10;0
16;46;02;25;00;000;INTEGROS AL FISCO;10;0
16;46;02;25;99;000;Otros Integros al Fisco;10;0
16;46;02;34;00;000;SERVICIO DE LA DEUDA;10;0
16;46;02;34;07;000;Deuda Flotante;10;0
16;46;02;35;00;000;SALDO FINAL DE CAJA;10;0
16;47;01;05;00;000;TRANSFERENCIAS CORRIENTES;908838856;0
16;47;01;05;02;000;Del Gobierno Central;908838856;0
16;47;01;05;02;007;Fondo Nacional de Salud - Atención Primaria;266915724;0
16;47;01;05;02;009;Fondo Nacional de Salud - Prestaciones Institucionales;89282031;0
16;47;01;05;02;010;Subsecretaría de Salud Pública;459366;0
16;47;01;05;02;014;Hospital Sotero del Río;297978750;0
16;47;01;05;02;015;Hospital La Florida;140556675;0
16;47;01;05;02;016;Hospital Padre Alberto Hurtado;113646300;0
16;47;01;05;02;201;Recuperación de Licencias Médicas - FONASA;10;0
16;47;01;06;00;000;RENTAS DE LA PROPIEDAD;90497;0
16;47;01;07;00;000;INGRESOS DE OPERACIÓN;4996465;0
16;47;01;08;00;000;OTROS INGRESOS CORRIENTES;10150753;0
16;47;01;08;01;000;Recuperaciones y Reembolsos por Licencias Médicas;7698505;0
16;47;01;08;02;000;Multas y Sanciones Pecuniarias;120407;0
16;47;01;08;99;000;Otros;2331841;0
16;47;01;12;00;000;RECUPERACIÓN DE PRÉSTAMOS;212571;0
16;47;01;12;10;000;Ingresos por Percibir;212571;0
16;47;01;15;00;000;SALDO INICIAL DE CAJA;10;0
16;47;01;21;00;000;GASTOS EN PERSONAL;383863853;0
16;47;01;22;00;000;BIENES Y SERVICIOS DE CONSUMO;289435312;0
16;47;01;23;00;000;PRESTACIONES DE SEGURIDAD SOCIAL;29746;0
16;47;01;23;02;000;Prestaciones de Asistencia Social;29736;0
16;47;01;23;02;004;Ayudas Económicas y Otros Pagos Preventivos;29736;0
16;47;01;23;03;000;Prestaciones Sociales del Empleador;10;0
16;47;01;23;03;001;Indemnización de Cargo Fiscal;10;0
16;47;01;24;00;000;TRANSFERENCIAS CORRIENTES;242051874;0
16;47;01;24;03;000;A Otras Entidades Públicas;241878980;0
16;47;01;24;03;298;Atención Primaria, Ley N° 19.378;241878980;0
16;47;01;24;08;000;A Instituciones Privadas Ejecutoras de Políticas Públicas;172894;0
16;47;01;24;08;395;Programa Especial de Salud y Pueblos Indígenas;154854;0
16;47;01;24;08;461;Centros de Prevención de Alcoholismo y Salud Mental;18040;0
16;47;01;25;00;000;INTEGROS AL FISCO;7698516;0
16;47;01;25;99;000;Otros Integros al Fisco;7698516;0
16;47;01;29;00;000;ADQUISICIÓN DE ACTIVOS NO FINANCIEROS;1209831;0
16;47;01;29;04;000;Mobiliario y Otros;116176;0
16;47;01;29;05;000;Máquinas y Equipos;1093655;0
16;47;01;34;00;000;SERVICIO DE LA DEUDA;10;0
16;47;01;34;07;000;Deuda Flotante;10;0
16;47;01;35;00;000;SALDO FINAL DE CAJA;10;0
16;47;02;05;00;000;TRANSFERENCIAS CORRIENTES;17091565;0
16;47;02;05;02;000;Del Gobierno Central;17091565;0
16;47;02;05;02;009;Fondo Nacional de Salud - Prestaciones Institucionales;17091555;0
16;47;02;05;02;201;Recuperación de Licencias Médicas - FONASA;10;0
16;47;02;08;00;000;OTROS INGRESOS CORRIENTES;30;0
16;47;02;08;01;000;Recuperaciones y Reembolsos por Licencias Médicas;10;0
16;47;02;08;02;000;Multas y Sanciones Pecuniarias;10;0
16;47;02;08;99;000;Otros;10;0
16;47;02;15;00;000;SALDO INICIAL DE CAJA;10;0
16;47;02;21;00;000;GASTOS EN PERSONAL;13131399;0
16;47;02;22;00;000;BIENES Y SERVICIOS DE CONSUMO;3960166;0
16;47;02;23;00;000;PRESTACIONES DE SEGURIDAD SOCIAL;10;0
16;47;02;23;03;000;Prestaciones Sociales del Empleador;10;0
16;47;02;23;03;001;Indemnización de Cargo Fiscal;10;0
16;47;02;25;00;000;INTEGROS AL FISCO;10;0
16;47;02;25;99;000;Otros Integros al Fisco;10;0
16;47;02;34;00;000;SERVICIO DE LA DEUDA;10;0
16;47;02;34;07;000;Deuda Flotante;10;0
16;47;02;35;00;000;SALDO FINAL DE CAJA;10;0
16;49;01;05;00;000;TRANSFERENCIAS CORRIENTES;583636283;0
16;49;01;05;02;000;Del Gobierno Central;583636283;0
16;49;01;05;02;007;Fondo Nacional de Salud - Atención Primaria;241067330;0
16;49;01;05;02;009;Fondo Nacional de Salud - Prestaciones Institucionales;315277549;0
16;49;01;05;02;014;Fondo Nacional de Salud - Financiamiento GRD;27291404;0
16;49;01;15;00;000;SALDO INICIAL DE CAJA;10;0
16;49;01;21;00;000;GASTOS EN PERSONAL;210698569;0
16;49;01;22;00;000;BIENES Y SERVICIOS DE CONSUMO;152614719;0
16;49;01;24;00;000;TRANSFERENCIAS CORRIENTES;213352733;0
16;49;01;24;03;000;A Otras Entidades Públicas;213352733;0
16;49;01;24;03;298;Atención Primaria, Ley N° 19.378;213352733;0
16;49;01;26;00;000;OTROS GASTOS CORRIENTES;6970262;0
16;49;01;26;02;000;Compensaciones por Daños a Terceros y/o a la Propiedad;6970262;0
16;49;01;35;00;000;SALDO FINAL DE CAJA;10;0
16;51;01;05;00;000;TRANSFERENCIAS CORRIENTES;14776283;0
16;51;01;05;02;000;Del Gobierno Central;14776283;0
16;51;01;05;02;009;Fondo Nacional de Salud - Prestaciones Institucionales;14729730;0
16;51;01;05;02;010;Subsecretaría de Salud Pública;46543;0
16;51;01;05;02;201;Recuperación de Licencias Médicas - FONASA;10;0
16;51;01;06;00;000;RENTAS DE LA PROPIEDAD;2318;0
16;51;01;07;00;000;INGRESOS DE OPERACIÓN;10;0
16;51;01;08;00;000;OTROS INGRESOS CORRIENTES;50617;0
16;51;01;08;01;000;Recuperaciones y Reembolsos por Licencias Médicas;50617;0
16;51;01;12;00;000;RECUPERACIÓN DE PRÉSTAMOS;100738;0
16;51;01;12;10;000;Ingresos por Percibir;100738;0
16;51;01;15;00;000;SALDO INICIAL DE CAJA;10;0
16;51;01;21;00;000;GASTOS EN PERSONAL;8524450;0
16;51;01;22;00;000;BIENES Y SERVICIOS DE CONSUMO;6319904;0
16;51;01;23;00;000;PRESTACIONES DE SEGURIDAD SOCIAL;776;0
16;51;01;23;02;000;Prestaciones de Asistencia Social;766;0
16;51;01;23;02;004;Ayudas Económicas y Otros Pagos Preventivos;766;0
16;51;01;23;03;000;Prestaciones Sociales del Empleador;10;0
16;51;01;23;03;001;Indemnización de Cargo Fiscal;10;0
16;51;01;25;00;000;INTEGROS AL FISCO;50627;0
16;51;01;25;99;000;Otros Integros al Fisco;50627;0
16;51;01;29;00;000;ADQUISICIÓN DE ACTIVOS NO FINANCIEROS;34199;0
16;51;01;29;04;000;Mobiliario y Otros;3285;0
16;51;01;29;05;000;Máquinas y Equipos;30914;0
16;51;01;34;00;000;SERVICIO DE LA DEUDA;10;0
16;51;01;34;07;000;Deuda Flotante;10;0
16;51;01;35;00;000;SALDO FINAL DE CAJA;10;0
16;52;01;05;00;000;TRANSFERENCIAS CORRIENTES;14560794;0
16;52;01;05;02;000;Del Gobierno Central;14560794;0
16;52;01;05;02;009;Fondo Nacional de Salud - Prestaciones Institucionales;14560784;0
16;52;01;05;02;201;Recuperación de Licencias Médicas - FONASA;10;0
16;52;01;06;00;000;RENTAS DE LA PROPIEDAD;2324;0
16;52;01;07;00;000;INGRESOS DE OPERACIÓN;10;0
16;52;01;08;00;000;OTROS INGRESOS CORRIENTES;94687;0
16;52;01;08;01;000;Recuperaciones y Reembolsos por Licencias Médicas;94687;0
16;52;01;12;00;000;RECUPERACIÓN DE PRÉSTAMOS;881410;0
16;52;01;12;10;000;Ingresos por Percibir;881410;0
16;52;01;15;00;000;SALDO INICIAL DE CAJA;10;0
16;52;01;21;00;000;GASTOS EN PERSONAL;8037801;0
16;52;01;22;00;000;BIENES Y SERVICIOS DE CONSUMO;7371687;0
16;52;01;23;00;000;PRESTACIONES DE SEGURIDAD SOCIAL;777;0
16;52;01;23;02;000;Prestaciones de Asistencia Social;767;0
16;52;01;23;02;004;Ayudas Económicas y Otros Pagos Preventivos;767;0
16;52;01;23;03;000;Prestaciones Sociales del Empleador;10;0
16;52;01;23;03;001;Indemnización de Cargo Fiscal;10;0
16;52;01;25;00;000;INTEGROS AL FISCO;94697;0
16;52;01;25;99;000;Otros Integros al Fisco;94697;0
16;52;01;29;00;000;ADQUISICIÓN DE ACTIVOS NO FINANCIEROS;34253;0
16;52;01;29;04;000;Mobiliario y Otros;3289;0
16;52;01;29;05;000;Máquinas y Equipos;30964;0
16;52;01;34;00;000;SERVICIO DE LA DEUDA;10;0
16;52;01;34;07;000;Deuda Flotante;10;0
16;52;01;35;00;000;SALDO FINAL DE CAJA;10;0
16;53;01;05;00;000;TRANSFERENCIAS CORRIENTES;214294792;0
16;53;01;05;02;000;Del Gobierno Central;214294792;0
16;53;01;05;02;007;Fondo Nacional de Salud - Atención Primaria;68974444;0
16;53;01;05;02;009;Fondo Nacional de Salud - Prestaciones Institucionales;54186927;0
16;53;01;05;02;010;Subsecretaría de Salud Pública;148644;0
16;53;01;05;02;014;Hospital Castro;48303347;0
16;53;01;05;02;015;Hospital de Ancud;42681420;0
16;53;01;05;02;201;Recuperación de Licencias Médicas - FONASA;10;0
16;53;01;06;00;000;RENTAS DE LA PROPIEDAD;15907;0
16;53;01;07;00;000;INGRESOS DE OPERACIÓN;2066094;0
16;53;01;08;00;000;OTROS INGRESOS CORRIENTES;1473511;0
16;53;01;08;01;000;Recuperaciones y Reembolsos por Licencias Médicas;1264439;0
16;53;01;08;02;000;Multas y Sanciones Pecuniarias;9714;0
16;53;01;08;99;000;Otros;199358;0
16;53;01;12;00;000;RECUPERACIÓN DE PRÉSTAMOS;123072;0
16;53;01;12;10;000;Ingresos por Percibir;123072;0
16;53;01;15;00;000;SALDO INICIAL DE CAJA;10;0
16;53;01;21;00;000;GASTOS EN PERSONAL;110486508;0
16;53;01;22;00;000;BIENES Y SERVICIOS DE CONSUMO;40302616;0
16;53;01;23;00;000;PRESTACIONES DE SEGURIDAD SOCIAL;5238;0
16;53;01;23;02;000;Prestaciones de Asistencia Social;5228;0
16;53;01;23;02;004;Ayudas Económicas y Otros Pagos Preventivos;5228;0
16;53;01;23;03;000;Prestaciones Sociales del Empleador;10;0
16;53;01;23;03;001;Indemnización de Cargo Fiscal;10;0
16;53;01;24;00;000;TRANSFERENCIAS CORRIENTES;65692201;0
16;53;01;24;03;000;A Otras Entidades Públicas;65577520;0
16;53;01;24;03;298;Atención Primaria, Ley N° 19.378;65577520;0
16;53;01;24;08;000;A Instituciones Privadas Ejecutoras de Políticas Públicas;114681;0
16;53;01;24;08;395;Programa Especial de Salud y Pueblos Indígenas;109871;0
16;53;01;24;08;461;Centros de Prevención de Alcoholismo y Salud Mental;4810;0
16;53;01;25;00;000;INTEGROS AL FISCO;1264450;0
16;53;01;25;99;000;Otros Integros al Fisco;1264450;0
16;53;01;29;00;000;ADQUISICIÓN DE ACTIVOS NO FINANCIEROS;222353;0
16;53;01;29;04;000;Mobiliario y Otros;21352;0
16;53;01;29;05;000;Máquinas y Equipos;201001;0
16;53;01;34;00;000;SERVICIO DE LA DEUDA;10;0
16;53;01;34;07;000;Deuda Flotante;10;0
16;53;01;35;00;000;SALDO FINAL DE CAJA;10;0
16;53;02;05;00;000;TRANSFERENCIAS CORRIENTES;8151218;0
16;53;02;05;02;000;Del Gobierno Central;8151218;0
16;53;02;05;02;009;Fondo Nacional de Salud - Prestaciones Institucionales;8151208;0
16;53;02;05;02;201;Recuperación de Licencias Médicas - FONASA;10;0
16;53;02;08;00;000;OTROS INGRESOS CORRIENTES;30;0
16;53;02;08;01;000;Recuperaciones y Reembolsos por Licencias Médicas;10;0
16;53;02;08;02;000;Multas y Sanciones Pecuniarias;10;0
16;53;02;08;99;000;Otros;10;0
16;53;02;15;00;000;SALDO INICIAL DE CAJA;10;0
16;53;02;21;00;000;GASTOS EN PERSONAL;6610913;0
16;53;02;22;00;000;BIENES Y SERVICIOS DE CONSUMO;1540305;0
16;53;02;23;00;000;PRESTACIONES DE SEGURIDAD SOCIAL;10;0
16;53;02;23;03;000;Prestaciones Sociales del Empleador;10;0
16;53;02;23;03;001;Indemnización de Cargo Fiscal;10;0
16;53;02;25;00;000;INTEGROS AL FISCO;10;0
16;53;02;25;99;000;Otros Integros al Fisco;10;0
16;53;02;34;00;000;SERVICIO DE LA DEUDA;10;0
16;53;02;34;07;000;Deuda Flotante;10;0
16;53;02;35;00;000;SALDO FINAL DE CAJA;10;0
17;01;01;05;00;000;TRANSFERENCIAS CORRIENTES;10;0
17;01;01;05;02;000;Del Gobierno Central;10;0
17;01;01;05;02;201;Recuperación de Licencias Médicas - FONASA;10;0
17;01;01;08;00;000;OTROS INGRESOS CORRIENTES;63835;0
17;01;01;08;01;000;Recuperaciones y Reembolsos por Licencias Médicas;63825;0
17;01;01;08;99;000;Otros;10;0
17;01;01;09;00;000;APORTE FISCAL;9349051;0
17;01;01;09;01;000;Libre;9349051;0
17;01;01;12;00;000;RECUPERACIÓN DE PRÉSTAMOS;10;0
17;01;01;12;10;000;Ingresos por Percibir;10;0
17;01;01;15;00;000;SALDO INICIAL DE CAJA;10;0
17;01;01;21;00;000;GASTOS EN PERSONAL;7237742;0
17;01;01;22;00;000;BIENES Y SERVICIOS DE CONSUMO;1945224;0
17;01;01;23;00;000;PRESTACIONES DE SEGURIDAD SOCIAL;10;0
17;01;01;23;03;000;Prestaciones Sociales del Empleador;10;0
17;01;01;25;00;000;INTEGROS AL FISCO;63825;0
17;01;01;25;99;000;Otros Integros al Fisco;63825;0
17;01;01;29;00;000;ADQUISICIÓN DE ACTIVOS NO FINANCIEROS;166095;0
17;01;01;29;04;000;Mobiliario y Otros;2058;0
17;01;01;29;05;000;Máquinas y Equipos;1924;0
17;01;01;29;07;000;Programas Informáticos;162113;0
17;01;01;34;00;000;SERVICIO DE LA DEUDA;10;0
17;01;01;34;07;000;Deuda Flotante;10;0
17;01;01;35;00;000;SALDO FINAL DE CAJA;10;0
17;01;02;08;00;000;OTROS INGRESOS CORRIENTES;10;0
17;01;02;08;01;000;Recuperaciones y Reembolsos por Licencias Médicas;10;0
17;01;02;09;00;000;APORTE FISCAL;2358097;0
17;01;02;09;01;000;Libre;2358097;0
17;01;02;15;00;000;SALDO INICIAL DE CAJA;10;0
17;01;02;21;00;000;GASTOS EN PERSONAL;139309;0
17;01;02;22;00;000;BIENES Y SERVICIOS DE CONSUMO;514;0
17;01;02;24;00;000;TRANSFERENCIAS CORRIENTES;1106742;0
17;01;02;24;01;000;Al Sector Privado;863678;0
17;01;02;24;01;485;Programa Capacitación y Transferencia Tecnológica Pequeña Minería Artesanal;863678;0
17;01;02;24;03;000;A Otras Entidades Públicas;243054;0
17;01;02;24;03;485;Programa  Capacitación y Transferencia Tecnológica Pequeña Minería Artesanal;243054;0
17;01;02;24;09;000;A Unidades o Programas del Servicio;10;0
17;01;02;24;09;485;Programa Capacitación y Transferencia Tecnológica Pequeña Minería Artesanal;10;0
17;01;02;25;00;000;INTEGROS AL FISCO;10;0
17;01;02;25;99;000;Otros Integros al Fisco;10;0
17;01;02;33;00;000;TRANSFERENCIAS DE CAPITAL;1111522;0
17;01;02;33;01;000;Al Sector Privado;1111522;0
17;01;02;33;01;001;Equipamiento para Pequeña Minería;1111522;0
17;01;02;34;00;000;SERVICIO DE LA DEUDA;10;0
17;01;02;34;07;000;Deuda Flotante;10;0
17;01;02;35;00;000;SALDO FINAL DE CAJA;10;0
17;02;01;05;00;000;TRANSFERENCIAS CORRIENTES;10;0
17;02;01;05;02;000;Del Gobierno Central;10;0
17;02;01;05;02;201;Recuperación de Licencias Médicas - FONASA;10;0
17;02;01;08;00;000;OTROS INGRESOS CORRIENTES;48971;0
17;02;01;08;01;000;Recuperaciones y Reembolsos por Licencias Médicas;48961;0
17;02;01;08;99;000;Otros;10;0
17;02;01;09;00;000;APORTE FISCAL;6707454;0
17;02;01;09;01;000;Libre;6707454;0
17;02;01;12;00;000;RECUPERACIÓN DE PRÉSTAMOS;10;0
17;02;01;12;10;000;Ingresos por Percibir;10;0
17;02;01;15;00;000;SALDO INICIAL DE CAJA;10;0
17;02;01;21;00;000;GASTOS EN PERSONAL;5610935;0
17;02;01;22;00;000;BIENES Y SERVICIOS DE CONSUMO;939367;0
17;02;01;23;00;000;PRESTACIONES DE SEGURIDAD SOCIAL;10;0
17;02;01;23;03;000;Prestaciones Sociales del Empleador;10;0
17;02;01;25;00;000;INTEGROS AL FISCO;48961;0
17;02;01;25;99;000;Otros Integros al Fisco;48961;0
17;02;01;29;00;000;ADQUISICIÓN DE ACTIVOS NO FINANCIEROS;157162;0
17;02;01;29;03;000;Vehículos;41152;0
17;02;01;29;04;000;Mobiliario y Otros;1543;0
17;02;01;29;05;000;Máquinas y Equipos;7716;0
17;02;01;29;06;000;Equipos Informáticos;13691;0
17;02;01;29;07;000;Programas Informáticos;93060;0
17;02;01;34;00;000;SERVICIO DE LA DEUDA;10;0
17;02;01;34;07;000;Deuda Flotante;10;0
17;02;01;35;00;000;SALDO FINAL DE CAJA;10;0
17;03;01;05;00;000;TRANSFERENCIAS CORRIENTES;10;0
17;03;01;05;02;000;Del Gobierno Central;10;0
17;03;01;05;02;201;Recuperación de Licencias Médicas - FONASA;10;0
17;03;01;07;00;000;INGRESOS DE OPERACIÓN;2124312;0
17;03;01;08;00;000;OTROS INGRESOS CORRIENTES;374919;0
17;03;01;08;01;000;Recuperaciones y Reembolsos por Licencias Médicas;374909;0
17;03;01;08;99;000;Otros;10;0
17;03;01;09;00;000;APORTE FISCAL;20279623;0
17;03;01;09;01;000;Libre;20279623;0
17;03;01;12;00;000;RECUPERACIÓN DE PRÉSTAMOS;10;0
17;03;01;12;10;000;Ingresos por Percibir;10;0
17;03;01;15;00;000;SALDO INICIAL DE CAJA;10;0
17;03;01;21;00;000;GASTOS EN PERSONAL;15856452;0
17;03;01;22;00;000;BIENES Y SERVICIOS DE CONSUMO;4941869;0
17;03;01;23;00;000;PRESTACIONES DE SEGURIDAD SOCIAL;10;0
17;03;01;23;03;000;Prestaciones Sociales del Empleador;10;0
17;03;01;25;00;000;INTEGROS AL FISCO;374909;0
17;03;01;25;99;000;Otros Integros al Fisco;374909;0
17;03;01;29;00;000;ADQUISICIÓN DE ACTIVOS NO FINANCIEROS;1605624;0
17;03;01;29;04;000;Mobiliario y Otros;412;0
17;03;01;29;05;000;Máquinas y Equipos;14403;0
17;03;01;29;06;000;Equipos Informáticos;111821;0
17;03;01;29;07;000;Programas Informáticos;1478988;0
17;03;01;34;00;000;SERVICIO DE LA DEUDA;10;0
17;03;01;34;07;000;Deuda Flotante;10;0
17;03;01;35;00;000;SALDO FINAL DE CAJA;10;0
17;03;02;05;00;000;TRANSFERENCIAS CORRIENTES;10;0
17;03;02;05;02;000;Del Gobierno Central;10;0
17;03;02;05;02;201;Recuperación de Licencias Médicas - FONASA;10;0
17;03;02;08;00;000;OTROS INGRESOS CORRIENTES;20;0
17;03;02;08;01;000;Recuperaciones y Reembolsos por Licencias Médicas;10;0
17;03;02;08;99;000;Otros;10;0
17;03;02;09;00;000;APORTE FISCAL;3956132;0
17;03;02;09;01;000;Libre;3956132;0
17;03;02;15;00;000;SALDO INICIAL DE CAJA;10;0
17;03;02;21;00;000;GASTOS EN PERSONAL;2732416;0
17;03;02;22;00;000;BIENES Y SERVICIOS DE CONSUMO;915076;0
17;03;02;23;00;000;PRESTACIONES DE SEGURIDAD SOCIAL;10;0
17;03;02;23;03;000;Prestaciones Sociales del Empleador;10;0
17;03;02;25;00;000;INTEGROS AL FISCO;10;0
17;03;02;25;99;000;Otros Integros al Fisco;10;0
17;03;02;29;00;000;ADQUISICIÓN DE ACTIVOS NO FINANCIEROS;308640;0
17;03;02;29;05;000;Máquinas y Equipos;308640;0
17;03;02;34;00;000;SERVICIO DE LA DEUDA;10;0
17;03;02;34;07;000;Deuda Flotante;10;0
17;03;02;35;00;000;SALDO FINAL DE CAJA;10;0
17;03;03;05;00;000;TRANSFERENCIAS CORRIENTES;10;0
17;03;03;05;02;000;Del Gobierno Central;10;0
17;03;03;05;02;201;Recuperación de Licencias Médicas - FONASA;10;0
17;03;03;08;00;000;OTROS INGRESOS CORRIENTES;20;0
17;03;03;08;01;000;Recuperaciones y Reembolsos por Licencias Médicas;10;0
17;03;03;08;99;000;Otros;10;0
17;03;03;09;00;000;APORTE FISCAL;4424667;0
17;03;03;09;01;000;Libre;4424667;0
17;03;03;15;00;000;SALDO INICIAL DE CAJA;10;0
17;03;03;21;00;000;GASTOS EN PERSONAL;4198008;0
17;03;03;22;00;000;BIENES Y SERVICIOS DE CONSUMO;226659;0
17;03;03;23;00;000;PRESTACIONES DE SEGURIDAD SOCIAL;10;0
17;03;03;23;03;000;Prestaciones Sociales del Empleador;10;0
17;03;03;25;00;000;INTEGROS AL FISCO;10;0
17;03;03;25;99;000;Otros Integros al Fisco;10;0
17;03;03;34;00;000;SERVICIO DE LA DEUDA;10;0
17;03;03;34;07;000;Deuda Flotante;10;0
17;03;03;35;00;000;SALDO FINAL DE CAJA;10;0
17;03;04;05;00;000;TRANSFERENCIAS CORRIENTES;10;0
17;03;04;05;02;000;Del Gobierno Central;10;0
17;03;04;05;02;201;Recuperación de Licencias Médicas - FONASA;10;0
17;03;04;08;00;000;OTROS INGRESOS CORRIENTES;20;0
17;03;04;08;01;000;Recuperaciones y Reembolsos por Licencias Médicas;10;0
17;03;04;08;99;000;Otros;10;0
17;03;04;09;00;000;APORTE FISCAL;6885702;0
17;03;04;09;01;000;Libre;6885702;0
17;03;04;15;00;000;SALDO INICIAL DE CAJA;10;0
17;03;04;21;00;000;GASTOS EN PERSONAL;6498429;0
17;03;04;22;00;000;BIENES Y SERVICIOS DE CONSUMO;263817;0
17;03;04;23;00;000;PRESTACIONES DE SEGURIDAD SOCIAL;10;0
17;03;04;23;03;000;Prestaciones Sociales del Empleador;10;0
17;03;04;25;00;000;INTEGROS AL FISCO;10;0
17;03;04;25;99;000;Otros Integros al Fisco;10;0
17;03;04;29;00;000;ADQUISICIÓN DE ACTIVOS NO FINANCIEROS;123456;0
17;03;04;29;03;000;Vehículos;123456;0
17;03;04;34;00;000;SERVICIO DE LA DEUDA;10;0
17;03;04;34;07;000;Deuda Flotante;10;0
17;03;04;35;00;000;SALDO FINAL DE CAJA;10;0
18;01;01;06;00;000;RENTAS DE LA PROPIEDAD;30;0
18;01;01;06;01;000;Arriendo de Activos No Financieros;10;0
18;01;01;06;03;000;Intereses;10;0
18;01;01;06;99;000;Otras Rentas de la Propiedad;10;0
18;01;01;07;00;000;INGRESOS DE OPERACIÓN;20;0
18;01;01;07;01;000;Venta de Bienes;10;0
18;01;01;07;02;000;Venta de Servicios;10;0
18;01;01;08;00;000;OTROS INGRESOS CORRIENTES;1206368;0
18;01;01;08;01;000;Recuperaciones y Reembolsos por Licencias Médicas;1044232;0
18;01;01;08;02;000;Multas y Sanciones Pecuniarias;10;0
18;01;01;08;99;000;Otros;162126;0
18;01;01;09;00;000;APORTE FISCAL;458747745;0
18;01;01;09;01;000;Libre;458747745;0
18;01;01;15;00;000;SALDO INICIAL DE CAJA;10;0
18;01;01;21;00;000;GASTOS EN PERSONAL;77321469;0
18;01;01;22;00;000;BIENES Y SERVICIOS DE CONSUMO;18024323;0
18;01;01;23;00;000;PRESTACIONES DE SEGURIDAD SOCIAL;10;0
18;01;01;23;03;000;Prestaciones Sociales del Empleador;10;0
18;01;01;24;00;000;TRANSFERENCIAS CORRIENTES;2736893;0
18;01;01;24;01;000;Al Sector Privado;622446;0
18;01;01;24;01;005;Convenio Fundación Nacional para la Superación de la Pobreza;336417;0
18;01;01;24;01;012;Convenio Instituto Forestal;20062;0
18;01;01;24;01;050;Convenio Centro de Innovación en Madera;61728;0
18;01;01;24;01;500;Instituto de la Construcción;105329;0
18;01;01;24;01;502;Instituto Nacional de Normalización;98910;0
18;01;01;24;07;000;A Organismos Internacionales;1185178;0
18;01;01;24;07;037;Convenio PNUD;1185178;0
18;01;01;24;09;000;A Unidades o Programas del Servicio;929269;0
18;01;01;24;09;107;DOM en línea;929269;0
18;01;01;25;00;000;INTEGROS AL FISCO;1054116;0
18;01;01;25;01;000;Impuestos;9884;0
18;01;01;25;99;000;Otros Integros al Fisco;1044232;0
18;01;01;26;00;000;OTROS GASTOS CORRIENTES;5474540;0
18;01;01;26;02;000;Compensaciones por Daños a Terceros y/o a la Propiedad;5474540;0
18;01;01;29;00;000;ADQUISICIÓN DE ACTIVOS NO FINANCIEROS;6170861;0
18;01;01;29;03;000;Vehículos;408458;0
18;01;01;29;04;000;Mobiliario y Otros;69388;0
18;01;01;29;05;000;Máquinas y Equipos;23962;0
18;01;01;29;06;000;Equipos Informáticos;861990;0
18;01;01;29;07;000;Programas Informáticos;4807063;0
18;01;01;31;00;000;INICIATIVAS DE INVERSIÓN;7058633;0
18;01;01;31;01;000;Estudios Básicos;922303;0
18;01;01;31;02;000;Proyectos;6136330;0
18;01;01;33;00;000;TRANSFERENCIAS DE CAPITAL;342113308;0
18;01;01;33;01;000;Al Sector Privado;256129341;0
18;01;01;33;01;124;Subsidio Complementario;74020;0
18;01;01;33;01;125;Subsidio a la Originación;793271;0
18;01;01;33;01;127;Subsidios Leasing;30185195;0
18;01;01;33;01;129;Subsidios Cartera Hipotecaria;122613750;0
18;01;01;33;01;134;Subsidio al Arriendo;102463105;0
18;01;01;33;03;000;A Otras Entidades Públicas;85983967;0
18;01;01;33;03;001;Otras Transferencias a  SERVIU;580380;0
18;01;01;33;03;008;Reconstrucción Sistema Frontal Zona Norte;84361600;0
18;01;01;33;03;107;Municipalidades DOM en Línea;1041987;0
18;01;01;34;00;000;SERVICIO DE LA DEUDA;10;0
18;01;01;34;07;000;Deuda Flotante;10;0
18;01;01;35;00;000;SALDO FINAL DE CAJA;10;0
18;01;02;09;00;000;APORTE FISCAL;23561642;0
18;01;02;09;01;000;Libre;23561642;0
18;01;02;15;00;000;SALDO INICIAL DE CAJA;10;0
18;01;02;21;00;000;GASTOS EN PERSONAL;557915;0
18;01;02;22;00;000;BIENES Y SERVICIOS DE CONSUMO;452223;0
18;01;02;23;00;000;PRESTACIONES DE SEGURIDAD SOCIAL;10;0
18;01;02;23;03;000;Prestaciones Sociales del Empleador;10;0
18;01;02;24;00;000;TRANSFERENCIAS CORRIENTES;484180;0
18;01;02;24;02;000;Al Gobierno Central;160;0
18;01;02;24;02;010;Programa Asentamientos Precarios - SERVIU;160;0
18;01;02;24;03;000;A Otras Entidades Públicas;484020;0
18;01;02;24;03;003;Municipalidades para el Programa Asentamientos Precarios;484020;0
18;01;02;33;00;000;TRANSFERENCIAS DE CAPITAL;22067304;0
18;01;02;33;01;000;Al Sector Privado;19860571;0
18;01;02;33;01;021;Subsidios soluciones progresivas;19860571;0
18;01;02;33;02;000;Al Gobierno Central;160;0
18;01;02;33;02;010;Programa Asentamientos Precarios - SERVIU;160;0
18;01;02;33;03;000;A Otras Entidades Públicas;2206573;0
18;01;02;33;03;003;Municipalidades para el Programa Asentamientos Precarios;2206573;0
18;01;02;34;00;000;SERVICIO DE LA DEUDA;10;0
18;01;02;34;07;000;Deuda Flotante;10;0
18;01;02;35;00;000;SALDO FINAL DE CAJA;10;0
18;01;04;09;00;000;APORTE FISCAL;60487617;0
18;01;04;09;01;000;Libre;60487617;0
18;01;04;15;00;000;SALDO INICIAL DE CAJA;10;0
18;01;04;21;00;000;GASTOS EN PERSONAL;2280114;0
18;01;04;22;00;000;BIENES Y SERVICIOS DE CONSUMO;840411;0
18;01;04;23;00;000;PRESTACIONES DE SEGURIDAD SOCIAL;10;0
18;01;04;23;03;000;Prestaciones Sociales del Empleador;10;0
18;01;04;24;00;000;TRANSFERENCIAS CORRIENTES;1239954;0
18;01;04;24;03;000;A Otras Entidades Públicas;1239954;0
18;01;04;24;03;002;Municipalidades para el Programa Recuperación de Barrios;993042;0
18;01;04;24;03;106;Municipalidades para Pequeñas Localidades;246912;0
18;01;04;31;00;000;INICIATIVAS DE INVERSIÓN;2745073;0
18;01;04;31;01;000;Estudios Básicos;692269;0
18;01;04;31;02;000;Proyectos;2052804;0
18;01;04;33;00;000;TRANSFERENCIAS DE CAPITAL;53382045;0
18;01;04;33;03;000;A Otras Entidades Públicas;53382045;0
18;01;04;33;03;002;Municipalidades para el Programa Recuperación de Barrios;36553263;0
18;01;04;33;03;106;Municipalidades para Pequeñas Localidades;14673971;0
18;01;04;33;03;110;Municipalidades para Planes Maestros Ciudad Justa;2154811;0
18;01;04;34;00;000;SERVICIO DE LA DEUDA;10;0
18;01;04;34;07;000;Deuda Flotante;10;0
18;01;04;35;00;000;SALDO FINAL DE CAJA;10;0
18;01;60;13;00;000;TRANSFERENCIAS PARA GASTOS DE CAPITAL;137943079;0
18;01;60;13;02;000;Del Gobierno Central;137943079;0
18;01;60;13;02;400;Fondo de Emergencia Transitorio por Incendios - Ley N° 21.681;137943079;0
18;01;60;24;00;000;TRANSFERENCIAS CORRIENTES;82975;0
18;01;60;24;09;000;A Unidades o Programas del Servicio;82975;0
18;01;60;24;09;001;Programa Reconstrucción de Incendio 2F 2024;82975;0
18;01;60;31;00;000;INICIATIVAS DE INVERSIÓN;26824284;0
18;01;60;31;02;000;Proyectos;26824284;0
18;01;60;33;00;000;TRANSFERENCIAS DE CAPITAL;111035810;0
18;01;60;33;01;000;Al Sector Privado;111035810;0
18;01;60;33;01;132;Sistema Integrado de Subsidio (DS 01/2011);16855026;0
18;01;60;33;01;133;Fondo Solidario de Elección de Vivienda;83433876;0
18;01;60;33;01;134;Subsidio al Arriendo;1353835;0
18;01;60;33;01;135;Programa Mejoramiento de Viviendas y Barrios (DS 27/2016);37203;0
18;01;60;33;01;136;Programa de Habitabilidad Rural;9355870;0
18;01;60;35;00;000;SALDO FINAL DE CAJA;10;0
18;02;01;05;00;000;TRANSFERENCIAS CORRIENTES;10;0
18;02;01;05;02;000;Del Gobierno Central;10;0
18;02;01;05;02;201;Recuperación de Licencias Médicas - FONASA;10;0
18;02;01;06;00;000;RENTAS DE LA PROPIEDAD;30;0
18;02;01;06;01;000;Arriendo de Activos No Financieros;10;0
18;02;01;06;03;000;Intereses;10;0
18;02;01;06;99;000;Otras Rentas de la Propiedad;10;0
18;02;01;07;00;000;INGRESOS DE OPERACIÓN;20;0
18;02;01;07;01;000;Venta de Bienes;10;0
18;02;01;07;02;000;Venta de Servicios;10;0
18;02;01;08;00;000;OTROS INGRESOS CORRIENTES;187922;0
18;02;01;08;01;000;Recuperaciones y Reembolsos por Licencias Médicas;154320;0
18;02;01;08;02;000;Multas y Sanciones Pecuniarias;10;0
18;02;01;08;99;000;Otros;33592;0
18;02;01;09;00;000;APORTE FISCAL;50747891;0
18;02;01;09;01;000;Libre;50747891;0
18;02;01;15;00;000;SALDO INICIAL DE CAJA;10;0
18;02;01;21;00;000;GASTOS EN PERSONAL;10536258;0
18;02;01;22;00;000;BIENES Y SERVICIOS DE CONSUMO;2788419;0
18;02;01;23;00;000;PRESTACIONES DE SEGURIDAD SOCIAL;10;0
18;02;01;23;03;000;Prestaciones Sociales del Empleador;10;0
18;02;01;25;00;000;INTEGROS AL FISCO;162256;0
18;02;01;25;01;000;Impuestos;7936;0
18;02;01;25;99;000;Otros Integros al Fisco;154320;0
18;02;01;26;00;000;OTROS GASTOS CORRIENTES;10;0
18;02;01;26;02;000;Compensaciones por Daños a Terceros y/o a la Propiedad;10;0
18;02;01;29;00;000;ADQUISICIÓN DE ACTIVOS NO FINANCIEROS;23245;0
18;02;01;29;04;000;Mobiliario y Otros;15760;0
18;02;01;29;05;000;Máquinas y Equipos;7485;0
18;02;01;31;00;000;INICIATIVAS DE INVERSIÓN;37425665;0
18;02;01;31;01;000;Estudios Básicos;340124;0
18;02;01;31;02;000;Proyectos;37085541;0
18;02;01;34;00;000;SERVICIO DE LA DEUDA;10;0
18;02;01;34;07;000;Deuda Flotante;10;0
18;02;01;35;00;000;SALDO FINAL DE CAJA;10;0
18;21;01;05;00;000;TRANSFERENCIAS CORRIENTES;20;0
18;21;01;05;02;000;Del Gobierno Central;20;0
18;21;01;05;02;010;Programa Asentamientos Precarios;10;0
18;21;01;05;02;201;Recuperación de Licencias Médicas - FONASA;10;0
18;21;01;06;00;000;RENTAS DE LA PROPIEDAD;30;0
18;21;01;06;01;000;Arriendo de Activos No Financieros;10;0
18;21;01;06;03;000;Intereses;10;0
18;21;01;06;99;000;Otras Rentas de la Propiedad;10;0
18;21;01;07;00;000;INGRESOS DE OPERACIÓN;20;0
18;21;01;07;01;000;Venta de Bienes;10;0
18;21;01;07;02;000;Venta de Servicios;10;0
18;21;01;08;00;000;OTROS INGRESOS CORRIENTES;87468;0
18;21;01;08;01;000;Recuperaciones y Reembolsos por Licencias Médicas;87448;0
18;21;01;08;02;000;Multas y Sanciones Pecuniarias;10;0
18;21;01;08;99;000;Otros;10;0
18;21;01;09;00;000;APORTE FISCAL;90489389;0
18;21;01;09;01;000;Libre;90489389;0
18;21;01;12;00;000;RECUPERACIÓN DE PRÉSTAMOS;16737643;0
18;21;01;12;02;000;Hipotecarios;16737643;0
18;21;01;13;00;000;TRANSFERENCIAS PARA GASTOS DE CAPITAL;40;0
18;21;01;13;02;000;Del Gobierno Central;10;0
18;21;01;13;02;010;Programa Asentamientos Precarios;10;0
18;21;01;13;03;000;De Otras Entidades Públicas;30;0
18;21;01;13;03;001;De Municipalidades para Pavimentos Participativos;10;0
18;21;01;13;03;003;De Municipalidades para Programa Rehabilitación de Espacios Públicos;10;0
18;21;01;13;03;004;De Municipalidades para Conservación y Mantención de Parques;10;0
18;21;01;15;00;000;SALDO INICIAL DE CAJA;10;0
18;21;01;21;00;000;GASTOS EN PERSONAL;5762120;0
18;21;01;22;00;000;BIENES Y SERVICIOS DE CONSUMO;405019;0
18;21;01;23;00;000;PRESTACIONES DE SEGURIDAD SOCIAL;10;0
18;21;01;23;03;000;Prestaciones Sociales del Empleador;10;0
18;21;01;24;00;000;TRANSFERENCIAS CORRIENTES;627285;0
18;21;01;24;09;000;A Unidades o Programas del Servicio;627285;0
18;21;01;24;09;010;Programa Asentamientos Precarios;627285;0
18;21;01;25;00;000;INTEGROS AL FISCO;87448;0
18;21;01;25;99;000;Otros Integros al Fisco;87448;0
18;21;01;26;00;000;OTROS GASTOS CORRIENTES;10;0
18;21;01;26;02;000;Compensaciones por Daños a Terceros y/o a la Propiedad;10;0
18;21;01;29;00;000;ADQUISICIÓN DE ACTIVOS NO FINANCIEROS;5805;0
18;21;01;29;04;000;Mobiliario y Otros;4045;0
18;21;01;29;05;000;Máquinas y Equipos;1760;0
18;21;01;31;00;000;INICIATIVAS DE INVERSIÓN;7380136;0
18;21;01;31;02;000;Proyectos;7380136;0
18;21;01;32;00;000;PRÉSTAMOS;29070037;0
18;21;01;32;02;000;Hipotecarios;29070037;0
18;21;01;32;02;003;Préstamos Subsidio Habitacional;29070037;0
18;21;01;33;00;000;TRANSFERENCIAS DE CAPITAL;63976730;0
18;21;01;33;01;000;Al Sector Privado;63481867;0
18;21;01;33;01;010;Programa Asentamientos Precarios;699680;0
18;21;01;33;01;028;Subsidio de Protección del Patrimonio Familiar;764676;0
18;21;01;33;01;127;Subsidios Leasing;2802;0
18;21;01;33;01;132;Sistema Integrado de Subsidio;9726284;0
18;21;01;33;01;133;Fondo Solidario de Elección de Vivienda;38618930;0
18;21;01;33;01;135;Programa Mejoramiento de Viviendas y Barrios;7467986;0
18;21;01;33;01;136;Programa Habitabilidad Rural;1660463;0
18;21;01;33;01;138;Programa de Integración Social y Territorial;4541046;0
18;21;01;33;03;000;A Otras Entidades Públicas;494863;0
18;21;01;33;03;003;Municipalidades para el Programa Asentamiento Precario;10;0
18;21;01;33;03;102;Municipalidades para el Programa Recuperación de Barrios;494853;0
18;21;01;34;00;000;SERVICIO DE LA DEUDA;10;0
18;21;01;34;07;000;Deuda Flotante;10;0
18;21;01;35;00;000;SALDO FINAL DE CAJA;10;0
18;22;01;05;00;000;TRANSFERENCIAS CORRIENTES;20;0
18;22;01;05;02;000;Del Gobierno Central;20;0
18;22;01;05;02;010;Programa Asentamientos Precarios;10;0
18;22;01;05;02;201;Recuperación de Licencias Médicas - FONASA;10;0
18;22;01;06;00;000;RENTAS DE LA PROPIEDAD;30;0
18;22;01;06;01;000;Arriendo de Activos No Financieros;20;0
18;22;01;06;03;000;Intereses;10;0
18;22;01;07;00;000;INGRESOS DE OPERACIÓN;20;0
18;22;01;07;01;000;Venta de Bienes;10;0
18;22;01;07;02;000;Venta de Servicios;10;0
18;22;01;08;00;000;OTROS INGRESOS CORRIENTES;87468;0
18;22;01;08;01;000;Recuperaciones y Reembolsos por Licencias Médicas;87448;0
18;22;01;08;02;000;Multas y Sanciones Pecuniarias;10;0
18;22;01;08;99;000;Otros;10;0
18;22;01;09;00;000;APORTE FISCAL;163457288;0
18;22;01;09;01;000;Libre;163457288;0
18;22;01;12;00;000;RECUPERACIÓN DE PRÉSTAMOS;106354256;0
18;22;01;12;02;000;Hipotecarios;106354256;0
18;22;01;13;00;000;TRANSFERENCIAS PARA GASTOS DE CAPITAL;40;0
18;22;01;13;02;000;Del Gobierno Central;10;0
18;22;01;13;02;010;Programa Asentamientos Precarios;10;0
18;22;01;13;03;000;De Otras Entidades Públicas;30;0
18;22;01;13;03;001;De Municipalidades para Pavimentos Participativos;10;0
18;22;01;13;03;003;De Municipalidades para Programas de Rehabilitación de Espacios Públicos;10;0
18;22;01;13;03;004;De Municipalidades para Conservación y Mantención de Parques;10;0
18;22;01;15;00;000;SALDO INICIAL DE CAJA;10;0
18;22;01;21;00;000;GASTOS EN PERSONAL;5921235;0
18;22;01;22;00;000;BIENES Y SERVICIOS DE CONSUMO;557398;0
18;22;01;23;00;000;PRESTACIONES DE SEGURIDAD SOCIAL;10;0
18;22;01;23;03;000;Prestaciones Sociales del Empleador;10;0
18;22;01;24;00;000;TRANSFERENCIAS CORRIENTES;609262;0
18;22;01;24;09;000;A Unidades o Programas del Servicio;609262;0
18;22;01;24;09;010;Programa Asentamientos Precarios;609262;0
18;22;01;25;00;000;INTEGROS AL FISCO;87448;0
18;22;01;25;99;000;Otros Integros al Fisco;87448;0
18;22;01;26;00;000;OTROS GASTOS CORRIENTES;10;0
18;22;01;26;02;000;Compensaciones por Daños a Terceros y/o a la Propiedad;10;0
18;22;01;29;00;000;ADQUISICIÓN DE ACTIVOS NO FINANCIEROS;22580;0
18;22;01;29;04;000;Mobiliario y Otros;4152;0
18;22;01;29;05;000;Máquinas y Equipos;18428;0
18;22;01;31;00;000;INICIATIVAS DE INVERSIÓN;11242573;0
18;22;01;31;02;000;Proyectos;11242573;0
18;22;01;32;00;000;PRÉSTAMOS;95516355;0
18;22;01;32;02;000;Hipotecarios;95516355;0
18;22;01;32;02;003;Préstamos Subsidio Habitacional;95516355;0
18;22;01;33;00;000;TRANSFERENCIAS DE CAPITAL;155942241;0
18;22;01;33;01;000;Al Sector Privado;155942231;0
18;22;01;33;01;010;Programa Asentamientos Precarios;722615;0
18;22;01;33;01;028;Subsidio de Protección del Patrimonio Familiar;265932;0
18;22;01;33;01;127;Subsidios Leasing;61226;0
18;22;01;33;01;132;Sistema Integrado de Subsidio;13537066;0
18;22;01;33;01;133;Fondo Solidario de Elección de Vivienda;105616470;0
18;22;01;33;01;135;Programa Mejoramiento de Viviendas y Barrios;5854339;0
18;22;01;33;01;136;Programa Habitabilidad Rural;6060540;0
18;22;01;33;01;138;Programa de Integración Social y Territorial;23824043;0
18;22;01;33;03;000;A Otras Entidades Públicas;10;0
18;22;01;33;03;003;Municipalidades para el Programa Asentamientos Precarios;10;0
18;22;01;34;00;000;SERVICIO DE LA DEUDA;10;0
18;22;01;34;07;000;Deuda Flotante;10;0
18;22;01;35;00;000;SALDO FINAL DE CAJA;10;0
18;23;01;05;00;000;TRANSFERENCIAS CORRIENTES;20;0
18;23;01;05;02;000;Del Gobierno Central;20;0
18;23;01;05;02;010;Programa Asentamientos Precarios;10;0
18;23;01;05;02;201;Recuperación de Licencias Médicas - FONASA;10;0
18;23;01;06;00;000;RENTAS DE LA PROPIEDAD;30;0
18;23;01;06;01;000;Arriendo de Activos No Financieros;20;0
18;23;01;06;03;000;Intereses;10;0
18;23;01;07;00;000;INGRESOS DE OPERACIÓN;20;0
18;23;01;07;01;000;Venta de Bienes;10;0
18;23;01;07;02;000;Venta de Servicios;10;0
18;23;01;08;00;000;OTROS INGRESOS CORRIENTES;56604;0
18;23;01;08;01;000;Recuperaciones y Reembolsos por Licencias Médicas;56584;0
18;23;01;08;02;000;Multas y Sanciones Pecuniarias;10;0
18;23;01;08;99;000;Otros;10;0
18;23;01;09;00;000;APORTE FISCAL;118654409;0
18;23;01;09;01;000;Libre;118654409;0
18;23;01;12;00;000;RECUPERACIÓN DE PRÉSTAMOS;87170186;0
18;23;01;12;02;000;Hipotecarios;87170186;0
18;23;01;13;00;000;TRANSFERENCIAS PARA GASTOS DE CAPITAL;40;0
18;23;01;13;02;000;Del Gobierno Central;10;0
18;23;01;13;02;010;Programa Asentamientos Precarios;10;0
18;23;01;13;03;000;De Otras Entidades Públicas;30;0
18;23;01;13;03;001;De Municipalidades para Pavimentos Participativos;10;0
18;23;01;13;03;003;De Municipalidades para Programa Rehabilitación de Espacios Públicos;10;0
18;23;01;13;03;004;De Municipalidades para Conservación y Mantención de Parques;10;0
18;23;01;15;00;000;SALDO INICIAL DE CAJA;10;0
18;23;01;21;00;000;GASTOS EN PERSONAL;4402919;0
18;23;01;22;00;000;BIENES Y SERVICIOS DE CONSUMO;508998;0
18;23;01;23;00;000;PRESTACIONES DE SEGURIDAD SOCIAL;10;0
18;23;01;23;03;000;Prestaciones Sociales del Empleador;10;0
18;23;01;24;00;000;TRANSFERENCIAS CORRIENTES;116717;0
18;23;01;24;09;000;A Unidades o Programas del Servicio;116717;0
18;23;01;24;09;010;Programa Asentamientos Precarios;116717;0
18;23;01;25;00;000;INTEGROS AL FISCO;56584;0
18;23;01;25;99;000;Otros Integros al Fisco;56584;0
18;23;01;26;00;000;OTROS GASTOS CORRIENTES;10;0
18;23;01;26;02;000;Compensaciones por Daños a Terceros y/o a la Propiedad;10;0
18;23;01;29;00;000;ADQUISICIÓN DE ACTIVOS NO FINANCIEROS;13416;0
18;23;01;29;04;000;Mobiliario y Otros;7053;0
18;23;01;29;05;000;Máquinas y Equipos;6363;0
18;23;01;31;00;000;INICIATIVAS DE INVERSIÓN;11205231;0
18;23;01;31;02;000;Proyectos;11205231;0
18;23;01;32;00;000;PRÉSTAMOS;79513327;0
18;23;01;32;02;000;Hipotecarios;79513327;0
18;23;01;32;02;003;Préstamos Subsidio Habitacional;79513327;0
18;23;01;33;00;000;TRANSFERENCIAS DE CAPITAL;110064087;0
18;23;01;33;01;000;Al Sector Privado;108284627;0
18;23;01;33;01;010;Programa Asentamientos Precarios;3034587;0
18;23;01;33;01;028;Subsidio de Protección del Patrimonio Familiar;164144;0
18;23;01;33;01;127;Subsidios Leasing;1652;0
18;23;01;33;01;132;Sistema Integrado de Subsidio;8654603;0
18;23;01;33;01;133;Fondo Solidario de Elección de Vivienda;74197539;0
18;23;01;33;01;135;Programa Mejoramiento de Vivienda y Barrios;3134493;0
18;23;01;33;01;136;Programa Habitabilidad Rural;1567501;0
18;23;01;33;01;138;Programa de Integración Social y Territorial;17530108;0
18;23;01;33;03;000;A Otras Entidades Públicas;1779460;0
18;23;01;33;03;003;Municipalidades para el Programa Asentamientos Precarios;10;0
18;23;01;33;03;102;Municipalidades para el Programa Recuperación de Barrios;102880;0
18;23;01;33;03;106;Municipalidades para Pequeñas Localides;1676570;0
18;23;01;34;00;000;SERVICIO DE LA DEUDA;10;0
18;23;01;34;07;000;Deuda Flotante;10;0
18;23;01;35;00;000;SALDO FINAL DE CAJA;10;0
18;24;01;05;00;000;TRANSFERENCIAS CORRIENTES;20;0
18;24;01;05;02;000;Del Gobierno Central;20;0
18;24;01;05;02;010;Programa Asentamientos Precarios;10;0
18;24;01;05;02;201;Recuperación de Licencias Médicas - FONASA;10;0
18;24;01;06;00;000;RENTAS DE LA PROPIEDAD;30;0
18;24;01;06;01;000;Arriendo de Activos No Financieros;20;0
18;24;01;06;03;000;Intereses;10;0
18;24;01;07;00;000;INGRESOS DE OPERACIÓN;20;0
18;24;01;07;01;000;Venta de Bienes;10;0
18;24;01;07;02;000;Venta de Servicios;10;0
18;24;01;08;00;000;OTROS INGRESOS CORRIENTES;56604;0
18;24;01;08;01;000;Recuperaciones y Reembolsos por Licencias Médicas;56584;0
18;24;01;08;02;000;Multas y Sanciones Pecuniarias;10;0
18;24;01;08;99;000;Otros;10;0
18;24;01;09;00;000;APORTE FISCAL;203341011;0
18;24;01;09;01;000;Libre;203341011;0
18;24;01;12;00;000;RECUPERACIÓN DE PRÉSTAMOS;76900789;0
18;24;01;12;02;000;Hipotecarios;76900789;0
18;24;01;13;00;000;TRANSFERENCIAS PARA GASTOS DE CAPITAL;40;0
18;24;01;13;02;000;Del Gobierno Central;10;0
18;24;01;13;02;010;Programa Asentamientos Precarios;10;0
18;24;01;13;03;000;De Otras Entidades Públicas;30;0
18;24;01;13;03;001;De Municipalidades para Pavimentos Participativos;10;0
18;24;01;13;03;003;De Municipalidades para Progrma Rehabilitación de Espacios Públicos;10;0
18;24;01;13;03;004;De Municipalidades para Conservación y Mantención de Parques;10;0
18;24;01;15;00;000;SALDO INICIAL DE CAJA;10;0
18;24;01;21;00;000;GASTOS EN PERSONAL;5967459;0
18;24;01;22;00;000;BIENES Y SERVICIOS DE CONSUMO;512205;0
18;24;01;23;00;000;PRESTACIONES DE SEGURIDAD SOCIAL;10;0
18;24;01;23;03;000;Prestaciones Sociales del Empleador;10;0
18;24;01;25;00;000;INTEGROS AL FISCO;56584;0
18;24;01;25;99;000;Otros Integros al Fisco;56584;0
18;24;01;26;00;000;OTROS GASTOS CORRIENTES;10;0
18;24;01;26;02;000;Compensaciones por Daños a Terceros y/o a la Propiedad;10;0
18;24;01;29;00;000;ADQUISICIÓN DE ACTIVOS NO FINANCIEROS;13708;0
18;24;01;29;04;000;Mobiliario y Otros;6873;0
18;24;01;29;05;000;Máquinas y Equipos;6835;0
18;24;01;31;00;000;INICIATIVAS DE INVERSIÓN;20793028;0
18;24;01;31;02;000;Proyectos;20793028;0
18;24;01;32;00;000;PRÉSTAMOS;112037172;0
18;24;01;32;02;000;Hipotecarios;112037172;0
18;24;01;32;02;003;Préstamos Subsidio Habitacional;112037172;0
18;24;01;33;00;000;TRANSFERENCIAS DE CAPITAL;140918328;0
18;24;01;33;01;000;Al Sector Privado;139868942;0
18;24;01;33;01;010;Programa Asentamientos Precarios;10;0
18;24;01;33;01;028;Subsidio de Protección del Patrimonio Familiar;2380332;0
18;24;01;33;01;127;Subsidios Leasing;12458;0
18;24;01;33;01;132;Sistema Integrado de Subsidio;19455618;0
18;24;01;33;01;133;Fondo Solidario de Elección de Vivienda;74954812;0
18;24;01;33;01;135;Programa Mejoramiento de Viviendas y Barrios;9141407;0
18;24;01;33;01;136;Programa Habitabilidad Rural;8448718;0
18;24;01;33;01;138;Programa de Integración Social y Territorial;25475587;0
18;24;01;33;03;000;A Otras Entidades Públicas;1049386;0
18;24;01;33;03;003;Municipalidades para el Programa Asentamientos Precarios;10;0
18;24;01;33;03;102;Municipalidades para el Programa Recuperación de Barrios;205760;0
18;24;01;33;03;106;Municipalidades para Pequeñas Localidades;843616;0
18;24;01;34;00;000;SERVICIO DE LA DEUDA;10;0
18;24;01;34;07;000;Deuda Flotante;10;0
18;24;01;35;00;000;SALDO FINAL DE CAJA;10;0
18;25;01;05;00;000;TRANSFERENCIAS CORRIENTES;20;0
18;25;01;05;02;000;Del Gobierno Central;20;0
18;25;01;05;02;010;Programa Asentamientos Precarios;10;0
18;25;01;05;02;201;Recuperación de Licencias Médicas - FONASA;10;0
18;25;01;06;00;000;RENTAS DE LA PROPIEDAD;30;0
18;25;01;06;01;000;Arriendo de Activos No Financieros;20;0
18;25;01;06;03;000;Intereses;10;0
18;25;01;07;00;000;INGRESOS DE OPERACIÓN;20;0
18;25;01;07;01;000;Venta de Bienes;10;0
18;25;01;07;02;000;Venta de Servicios;10;0
18;25;01;08;00;000;OTROS INGRESOS CORRIENTES;308660;0
18;25;01;08;01;000;Recuperaciones y Reembolsos por Licencias Médicas;308640;0
18;25;01;08;02;000;Multas y Sanciones Pecuniarias;10;0
18;25;01;08;99;000;Otros;10;0
18;25;01;09;00;000;APORTE FISCAL;334023534;0
18;25;01;09;01;000;Libre;334023534;0
18;25;01;12;00;000;RECUPERACIÓN DE PRÉSTAMOS;125236281;0
18;25;01;12;02;000;Hipotecarios;125236281;0
18;25;01;13;00;000;TRANSFERENCIAS PARA GASTOS DE CAPITAL;40;0
18;25;01;13;02;000;Del Gobierno Central;10;0
18;25;01;13;02;010;Programa Asentamientos Precarios;10;0
18;25;01;13;03;000;De Otras Entidades Públicas;30;0
18;25;01;13;03;001;De Municipalidades para Pavimentos Participativos;10;0
18;25;01;13;03;003;De Municipalidades para Programa Rehabilitación de Espacios Públicos;10;0
18;25;01;13;03;004;De Municipalidades para Conservación y Mantención de Parques;10;0
18;25;01;15;00;000;SALDO INICIAL DE CAJA;10;0
18;25;01;21;00;000;GASTOS EN PERSONAL;13614365;0
18;25;01;22;00;000;BIENES Y SERVICIOS DE CONSUMO;1346538;0
18;25;01;23;00;000;PRESTACIONES DE SEGURIDAD SOCIAL;10;0
18;25;01;23;03;000;Prestaciones Sociales del Empleador;10;0
18;25;01;24;00;000;TRANSFERENCIAS CORRIENTES;118266;0
18;25;01;24;09;000;A Unidades o Programas del Servicio;118266;0
18;25;01;24;09;010;Programa Asentamientos Precarios;118266;0
18;25;01;25;00;000;INTEGROS AL FISCO;308640;0
18;25;01;25;99;000;Otros Integros al Fisco;308640;0
18;25;01;26;00;000;OTROS GASTOS CORRIENTES;10;0
18;25;01;26;02;000;Compensaciones por Daños a Terceros y/o a la Propiedad;10;0
18;25;01;29;00;000;ADQUISICIÓN DE ACTIVOS NO FINANCIEROS;21729;0
18;25;01;29;04;000;Mobiliario y Otros;12289;0
18;25;01;29;05;000;Máquinas y Equipos;9440;0
18;25;01;31;00;000;INICIATIVAS DE INVERSIÓN;30531877;0
18;25;01;31;01;000;Estudios Básicos;502628;0
18;25;01;31;02;000;Proyectos;30029249;0
18;25;01;32;00;000;PRÉSTAMOS;104750728;0
18;25;01;32;02;000;Hipotecarios;104750728;0
18;25;01;32;02;003;Préstamos Subsidio Habitacional;104750728;0
18;25;01;33;00;000;TRANSFERENCIAS DE CAPITAL;308876412;0
18;25;01;33;01;000;Al Sector Privado;306999871;0
18;25;01;33;01;010;Programa Asentamientos Precarios;988206;0
18;25;01;33;01;028;Subsidio de Protección del Patrimonio Familiar;925875;0
18;25;01;33;01;127;Subsidios Leasing;60882;0
18;25;01;33;01;132;Sistema Integrado de Subsidio;40899625;0
18;25;01;33;01;133;Fondo Solidario de Elección de Vivienda;121937369;0
18;25;01;33;01;135;Programa Mejoramiento de Viviendas y Barrios;55114024;0
18;25;01;33;01;136;Programa Habitabilidad Rural;10004243;0
18;25;01;33;01;138;Programa de Integración Social y Territorial;77069647;0
18;25;01;33;03;000;A Otras Entidades Públicas;1876541;0
18;25;01;33;03;003;Municipalidades para el Programa Asentamientos Precarios;10;0
18;25;01;33;03;102;Municipalidades para el Programa Recuperación de Barrios;874480;0
18;25;01;33;03;106;Municipalidades para Pequeñas Localidades;1002051;0
18;25;01;34;00;000;SERVICIO DE LA DEUDA;10;0
18;25;01;34;07;000;Deuda Flotante;10;0
18;25;01;35;00;000;SALDO FINAL DE CAJA;10;0
18;25;60;13;00;000;TRANSFERENCIAS PARA GASTOS DE CAPITAL;167594600;0
18;25;60;13;02;000;Del Gobierno Central;167594600;0
18;25;60;13;02;400;Fondo de Emergencia Transitorio por Incendios - Ley N° 21.681;167594600;0
18;25;60;24;00;000;TRANSFERENCIAS CORRIENTES;671458;0
18;25;60;24;09;000;A Unidades o Programas del Servicio;671458;0
18;25;60;24;09;001;Programa Reconstrucción de Incendio 2F 2024;671458;0
18;25;60;31;00;000;INICIATIVAS DE INVERSIÓN;50879449;0
18;25;60;31;02;000;Proyectos;50879449;0
18;25;60;33;00;000;TRANSFERENCIAS DE CAPITAL;116043683;0
18;25;60;33;01;000;Al Sector Privado;116043683;0
18;25;60;33;01;132;Sistema Integrado de Subsidio;10033969;0
18;25;60;33;01;133;Fondo Solidario de Elección de Vivienda;106009714;0
18;25;60;35;00;000;SALDO FINAL DE CAJA;10;0
18;26;01;05;00;000;TRANSFERENCIAS CORRIENTES;20;0
18;26;01;05;02;000;Del Gobierno Central;20;0
18;26;01;05;02;010;Programa Asentamientos Precarios;10;0
18;26;01;05;02;201;Recuperación de Licencias Médicas - FONASA;10;0
18;26;01;06;00;000;RENTAS DE LA PROPIEDAD;30;0
18;26;01;06;01;000;Arriendo de Activos No Financieros;20;0
18;26;01;06;03;000;Intereses;10;0
18;26;01;07;00;000;INGRESOS DE OPERACIÓN;20;0
18;26;01;07;01;000;Venta de Bienes;10;0
18;26;01;07;02;000;Venta de Servicios;10;0
18;26;01;08;00;000;OTROS INGRESOS CORRIENTES;133764;0
18;26;01;08;01;000;Recuperaciones y Reembolsos por Licencias Médicas;133744;0
18;26;01;08;02;000;Multas y Sanciones Pecuniarias;10;0
18;26;01;08;99;000;Otros;10;0
18;26;01;09;00;000;APORTE FISCAL;239876847;0
18;26;01;09;01;000;Libre;239876847;0
18;26;01;12;00;000;RECUPERACIÓN DE PRÉSTAMOS;36585173;0
18;26;01;12;02;000;Hipotecarios;36585173;0
18;26;01;13;00;000;TRANSFERENCIAS PARA GASTOS DE CAPITAL;40;0
18;26;01;13;02;000;Del Gobierno Central;10;0
18;26;01;13;02;010;Programa Asentamientos Precarios;10;0
18;26;01;13;03;000;De Otras Entidades Públicas;30;0
18;26;01;13;03;001;De Municipalidades para Pavimentos Participativos;10;0
18;26;01;13;03;003;De Municipalidades para Programa Rehabilitación de Espacios Públicos;10;0
18;26;01;13;03;004;De Municipalidades para Conservación y Mantención de Parques;10;0
18;26;01;15;00;000;SALDO INICIAL DE CAJA;10;0
18;26;01;21;00;000;GASTOS EN PERSONAL;7012151;0
18;26;01;22;00;000;BIENES Y SERVICIOS DE CONSUMO;749854;0
18;26;01;23;00;000;PRESTACIONES DE SEGURIDAD SOCIAL;10;0
18;26;01;23;03;000;Prestaciones Sociales del Empleador;10;0
18;26;01;24;00;000;TRANSFERENCIAS CORRIENTES;245523;0
18;26;01;24;09;000;A Unidades o Programas del Servicio;245523;0
18;26;01;24;09;010;Programa Asentamientos Precarios;245523;0
18;26;01;25;00;000;INTEGROS AL FISCO;133744;0
18;26;01;25;99;000;Otros Integros al Fisco;133744;0
18;26;01;26;00;000;OTROS GASTOS CORRIENTES;10;0
18;26;01;26;02;000;Compensaciones por Daños a Terceros y/o a la Propiedad;10;0
18;26;01;29;00;000;ADQUISICIÓN DE ACTIVOS NO FINANCIEROS;10917;0
18;26;01;29;04;000;Mobiliario y Otros;4192;0
18;26;01;29;05;000;Máquinas y Equipos;6725;0
18;26;01;31;00;000;INICIATIVAS DE INVERSIÓN;13959754;0
18;26;01;31;02;000;Proyectos;13959754;0
18;26;01;32;00;000;PRÉSTAMOS;33995699;0
18;26;01;32;02;000;Hipotecarios;33995699;0
18;26;01;32;02;003;Préstamos Subsidio Habitacional;33995699;0
18;26;01;33;00;000;TRANSFERENCIAS DE CAPITAL;220488222;0
18;26;01;33;01;000;Al Sector Privado;219127110;0
18;26;01;33;01;010;Programa Asentamientos Precarios;31325;0
18;26;01;33;01;028;Subsidio de Protección del Patrimonio Familiar;3132511;0
18;26;01;33;01;127;Subsidios Leasing;9406;0
18;26;01;33;01;132;Sistema Integrado de Subsidio;21362383;0
18;26;01;33;01;133;Fondo Solidario de Elección de Vivienda;133855312;0
18;26;01;33;01;135;Programa Mejoramiento de Viviendas y Barrios;16219005;0
18;26;01;33;01;136;Programa Habitabilidad Rural;10378183;0
18;26;01;33;01;138;Programa de Integración Social y Territorial (DS 19/2016);34138985;0
18;26;01;33;03;000;A Otras Entidades Públicas;1361112;0
18;26;01;33;03;003;Municipalidades para el Programa Asentamientos Precarios;10;0
18;26;01;33;03;102;Municipalidades para el Programa Recuperación de Barrios;682094;0
18;26;01;33;03;106;Municipalidades para pequeñas localidades;679008;0
18;26;01;34;00;000;SERVICIO DE LA DEUDA;10;0
18;26;01;34;07;000;Deuda Flotante;10;0
18;26;01;35;00;000;SALDO FINAL DE CAJA;10;0
18;27;01;05;00;000;TRANSFERENCIAS CORRIENTES;20;0
18;27;01;05;02;000;Del Gobierno Central;20;0
18;27;01;05;02;010;Programa Asentamientos Precarios;10;0
18;27;01;05;02;201;Recuperación de Licencias Médicas - FONASA;10;0
18;27;01;06;00;000;RENTAS DE LA PROPIEDAD;30;0
18;27;01;06;01;000;Arriendo de Activos No Financieros;20;0
18;27;01;06;03;000;Intereses;10;0
18;27;01;07;00;000;INGRESOS DE OPERACIÓN;20;0
18;27;01;07;01;000;Venta de Bienes;10;0
18;27;01;07;02;000;Venta de Servicios;10;0
18;27;01;08;00;000;OTROS INGRESOS CORRIENTES;87468;0
18;27;01;08;01;000;Recuperaciones y Reembolsos por Licencias Médicas;87448;0
18;27;01;08;02;000;Multas y Sanciones Pecuniarias;10;0
18;27;01;08;99;000;Otros;10;0
18;27;01;09;00;000;APORTE FISCAL;304392337;0
18;27;01;09;01;000;Libre;304392337;0
18;27;01;12;00;000;RECUPERACIÓN DE PRÉSTAMOS;172627284;0
18;27;01;12;02;000;Hipotecarios;172627284;0
18;27;01;13;00;000;TRANSFERENCIAS PARA GASTOS DE CAPITAL;40;0
18;27;01;13;02;000;Del Gobierno Central;10;0
18;27;01;13;02;010;Programa Asentamientos Precarios;10;0
18;27;01;13;03;000;De Otras Entidades Públicas;30;0
18;27;01;13;03;001;De Municipalidades para Pavimentos Participativos;10;0
18;27;01;13;03;003;De Municipalidades para Programa Rehabilitación de Espacios Públicos;10;0
18;27;01;13;03;004;De Municipalidades para Conservación y Mantención de Parques;10;0
18;27;01;15;00;000;SALDO INICIAL DE CAJA;10;0
18;27;01;21;00;000;GASTOS EN PERSONAL;8188240;0
18;27;01;22;00;000;BIENES Y SERVICIOS DE CONSUMO;931037;0
18;27;01;23;00;000;PRESTACIONES DE SEGURIDAD SOCIAL;10;0
18;27;01;23;03;000;Prestaciones Sociales del Empleador;10;0
18;27;01;24;00;000;TRANSFERENCIAS CORRIENTES;17601;0
18;27;01;24;09;000;A Unidades o Programas del Servicio;17601;0
18;27;01;24;09;010;Programa Asentamientos Precarios;17601;0
18;27;01;25;00;000;INTEGROS AL FISCO;87448;0
18;27;01;25;99;000;Otros Integros al Fisco;87448;0
18;27;01;26;00;000;OTROS GASTOS CORRIENTES;10;0
18;27;01;26;02;000;Compensaciones por Daños a Terceros y/o a la Propiedad;10;0
18;27;01;29;00;000;ADQUISICIÓN DE ACTIVOS NO FINANCIEROS;7646;0
18;27;01;29;04;000;Mobiliario y Otros;6642;0
18;27;01;29;05;000;Máquinas y Equipos;1004;0
18;27;01;31;00;000;INICIATIVAS DE INVERSIÓN;15018117;0
18;27;01;31;02;000;Proyectos;15018117;0
18;27;01;32;00;000;PRÉSTAMOS;144055560;0
18;27;01;32;02;000;Hipotecarios;144055560;0
18;27;01;32;02;003;Préstamos Subsidio Habitacional;144055560;0
18;27;01;33;00;000;TRANSFERENCIAS DE CAPITAL;308801520;0
18;27;01;33;01;000;Al Sector Privado;305667683;0
18;27;01;33;01;010;Programa Asentamientos Precarios;10;0
18;27;01;33;01;028;Subsidio de Protección del Patrimonio Familiar;6221915;0
18;27;01;33;01;127;Subsidios Leasing;2160;0
18;27;01;33;01;132;Sistema Integrado de Subsidio;48420144;0
18;27;01;33;01;133;Fondo Solidario de Elección de Vivienda;152750840;0
18;27;01;33;01;135;Programa Mejoramiento de Viviendas y Barrios;32604227;0
18;27;01;33;01;136;Programa de Habitabilidad Rural;16512113;0
18;27;01;33;01;138;Programa de Integración Social y Territorial (DS 19/2016);49156274;0
18;27;01;33;03;000;A Otras Entidades Públicas;3133837;0
18;27;01;33;03;003;Municipalidades para el Programa Asentamientos Precarios;10;0
18;27;01;33;03;102;Municipalidades para el Programa Recuperación de Barrios;1333427;0
18;27;01;33;03;106;Municipalidades para Pequeñas Localidades;1800400;0
18;27;01;34;00;000;SERVICIO DE LA DEUDA;10;0
18;27;01;34;07;000;Deuda Flotante;10;0
18;27;01;35;00;000;SALDO FINAL DE CAJA;10;0
18;28;01;05;00;000;TRANSFERENCIAS CORRIENTES;20;0
18;28;01;05;02;000;Del Gobierno Central;20;0
18;28;01;05;02;010;Programa Asentamientos Precarios;10;0
18;28;01;05;02;201;Recuperación de Licencias Médicas - FONASA;10;0
18;28;01;06;00;000;RENTAS DE LA PROPIEDAD;30;0
18;28;01;06;01;000;Arriendo de Activos No Financieros;20;0
18;28;01;06;03;000;Intereses;10;0
18;28;01;07;00;000;INGRESOS DE OPERACIÓN;20;0
18;28;01;07;01;000;Venta de Bienes;10;0
18;28;01;07;02;000;Venta de Servicios;10;0
18;28;01;08;00;000;OTROS INGRESOS CORRIENTES;531148;0
18;28;01;08;01;000;Recuperaciones y Reembolsos por Licencias Médicas;277776;0
18;28;01;08;02;000;Multas y Sanciones Pecuniarias;10;0
18;28;01;08;99;000;Otros;253362;0
18;28;01;09;00;000;APORTE FISCAL;337182615;0
18;28;01;09;01;000;Libre;337182615;0
18;28;01;12;00;000;RECUPERACIÓN DE PRÉSTAMOS;194853409;0
18;28;01;12;02;000;Hipotecarios;194853409;0
18;28;01;13;00;000;TRANSFERENCIAS PARA GASTOS DE CAPITAL;40;0
18;28;01;13;02;000;Del Gobierno Central;10;0
18;28;01;13;02;010;Programa Asentamientos Precarios;10;0
18;28;01;13;03;000;De Otras Entidades Públicas;30;0
18;28;01;13;03;001;De Municipalidades para Pavimentos Participativos;10;0
18;28;01;13;03;003;De Municipalidades para Programa Rehabilitación de Espacios Públicos;10;0
18;28;01;13;03;004;De Municipalidades para Conservación y Mantención de Parques;10;0
18;28;01;15;00;000;SALDO INICIAL DE CAJA;10;0
18;28;01;21;00;000;GASTOS EN PERSONAL;18892790;0
18;28;01;22;00;000;BIENES Y SERVICIOS DE CONSUMO;1203374;0
18;28;01;23;00;000;PRESTACIONES DE SEGURIDAD SOCIAL;10;0
18;28;01;23;03;000;Prestaciones Sociales del Empleador;10;0
18;28;01;24;00;000;TRANSFERENCIAS CORRIENTES;57407;0
18;28;01;24;09;000;A Unidades o Programas del Servicio;57407;0
18;28;01;24;09;010;Programa Asentamientos Precarios;57407;0
18;28;01;25;00;000;INTEGROS AL FISCO;277776;0
18;28;01;25;99;000;Otros Integros al Fisco;277776;0
18;28;01;26;00;000;OTROS GASTOS CORRIENTES;10;0
18;28;01;26;02;000;Compensaciones por Daños a Terceros y/o a la Propiedad;10;0
18;28;01;29;00;000;ADQUISICIÓN DE ACTIVOS NO FINANCIEROS;13591;0
18;28;01;29;04;000;Mobiliario y Otros;12710;0
18;28;01;29;05;000;Máquinas y Equipos;881;0
18;28;01;31;00;000;INICIATIVAS DE INVERSIÓN;43679017;0
18;28;01;31;01;000;Estudios Básicos;35777;0
18;28;01;31;02;000;Proyectos;43643240;0
18;28;01;32;00;000;PRÉSTAMOS;124484975;0
18;28;01;32;02;000;Hipotecarios;124484975;0
18;28;01;32;02;003;Préstamos Subsidio Habitacional;124484975;0
18;28;01;33;00;000;TRANSFERENCIAS DE CAPITAL;343958322;0
18;28;01;33;01;000;Al Sector Privado;338668532;0
18;28;01;33;01;010;Programa Asentamientos Precarios;284000;0
18;28;01;33;01;028;Subsidio de Protección del Patrimonio Familiar;9954310;0
18;28;01;33;01;127;Subsidios Leasing;31108;0
18;28;01;33;01;132;Sistema Integrado de Subsidio;80180224;0
18;28;01;33;01;133;Fondo Solidario de Elección de Vivienda;124575850;0
18;28;01;33;01;135;Programa Mejoramiento de Viviendas y Barrios;56334378;0
18;28;01;33;01;136;Programa Habitabilidad Rural;14792942;0
18;28;01;33;01;138;Programa de Integración Social y Territorial;52515720;0
18;28;01;33;03;000;A Otras Entidades Públicas;5289790;0
18;28;01;33;03;003;Municipalidades para el Programa Asentamientos Precarios;10;0
18;28;01;33;03;102;Municipalidades para el Programa Recuperación de Barrios;514400;0
18;28;01;33;03;106;Municipalidades para Pequeñas Localidades;4775380;0
18;28;01;34;00;000;SERVICIO DE LA DEUDA;10;0
18;28;01;34;07;000;Deuda Flotante;10;0
18;28;01;35;00;000;SALDO FINAL DE CAJA;10;0
18;29;01;05;00;000;TRANSFERENCIAS CORRIENTES;20;0
18;29;01;05;02;000;Del Gobierno Central;20;0
18;29;01;05;02;010;Programa Asentamientos Precarios;10;0
18;29;01;05;02;201;Recuperación de Licencias Médicas - FONASA;10;0
18;29;01;06;00;000;RENTAS DE LA PROPIEDAD;30;0
18;29;01;06;01;000;Arriendo de Activos No Financieros;20;0
18;29;01;06;03;000;Intereses;10;0
18;29;01;07;00;000;INGRESOS DE OPERACIÓN;20;0
18;29;01;07;01;000;Venta de Bienes;10;0
18;29;01;07;02;000;Venta de Servicios;10;0
18;29;01;08;00;000;OTROS INGRESOS CORRIENTES;133764;0
18;29;01;08;01;000;Recuperaciones y Reembolsos por Licencias Médicas;133744;0
18;29;01;08;02;000;Multas y Sanciones Pecuniarias;10;0
18;29;01;08;99;000;Otros;10;0
18;29;01;09;00;000;APORTE FISCAL;323476414;0
18;29;01;09;01;000;Libre;323476414;0
18;29;01;12;00;000;RECUPERACIÓN DE PRÉSTAMOS;109258331;0
18;29;01;12;02;000;Hipotecarios;109258331;0
18;29;01;13;00;000;TRANSFERENCIAS PARA GASTOS DE CAPITAL;40;0
18;29;01;13;02;000;Del Gobierno Central;10;0
18;29;01;13;02;010;Programa Asentamientos Precarios;10;0
18;29;01;13;03;000;De Otras Entidades Públicas;30;0
18;29;01;13;03;001;De Municipalidades para Pavimentos Participativos;10;0
18;29;01;13;03;003;De Municipalidades para Programa Rehabilitación de Espacios Públicos;10;0
18;29;01;13;03;004;De Municipalidades para Conservación y Mantención de Parques;10;0
18;29;01;15;00;000;SALDO INICIAL DE CAJA;10;0
18;29;01;21;00;000;GASTOS EN PERSONAL;7161056;0
18;29;01;22;00;000;BIENES Y SERVICIOS DE CONSUMO;570990;0
18;29;01;23;00;000;PRESTACIONES DE SEGURIDAD SOCIAL;10;0
18;29;01;23;03;000;Prestaciones Sociales del Empleador;10;0
18;29;01;24;00;000;TRANSFERENCIAS CORRIENTES;1069746;0
18;29;01;24;09;000;A Unidades o Programas del Servicio;1069746;0
18;29;01;24;09;010;Programa Asentamientos Precarios;1069746;0
18;29;01;25;00;000;INTEGROS AL FISCO;133744;0
18;29;01;25;99;000;Otros Integros al Fisco;133744;0
18;29;01;26;00;000;OTROS GASTOS CORRIENTES;10;0
18;29;01;26;02;000;Compensaciones por Daños a Terceros y/o a la Propiedad;10;0
18;29;01;29;00;000;ADQUISICIÓN DE ACTIVOS NO FINANCIEROS;5710;0
18;29;01;29;04;000;Mobiliario y Otros;2825;0
18;29;01;29;05;000;Máquinas y Equipos;2885;0
18;29;01;31;00;000;INICIATIVAS DE INVERSIÓN;12961119;0
18;29;01;31;02;000;Proyectos;12961119;0
18;29;01;32;00;000;PRÉSTAMOS;125917490;0
18;29;01;32;02;000;Hipotecarios;125917490;0
18;29;01;32;02;003;Préstamos Subsidio Habitacional;125917490;0
18;29;01;33;00;000;TRANSFERENCIAS DE CAPITAL;285048734;0
18;29;01;33;01;000;Al Sector Privado;280505941;0
18;29;01;33;01;010;Programa Asentamientos Precarios;10;0
18;29;01;33;01;028;Subsidio de Protección del Patrimonio Familiar;29046156;0
18;29;01;33;01;127;Subsidios Leasing;6215;0
18;29;01;33;01;132;Sistema Integrado de Subsidio;19886570;0
18;29;01;33;01;133;Fondo Solidario de Elección de Vivienda;142202716;0
18;29;01;33;01;135;Programa Mejoramiento de Viviendas y Barrios;27629099;0
18;29;01;33;01;136;Programa de Habitabilidad Rural;43212750;0
18;29;01;33;01;138;Programa de Integración Social y Territorial (DS 19/2016);18522425;0
18;29;01;33;03;000;A Otras Entidades Públicas;4542793;0
18;29;01;33;03;003;Municipalidades para el Programa Asentamientos Precarios;10;0
18;29;01;33;03;102;Municipalidades para el Programa Recuperación de Barrios;899573;0
18;29;01;33;03;106;Municipalidades para Pequeñas Localidades;3643210;0
18;29;01;34;00;000;SERVICIO DE LA DEUDA;10;0
18;29;01;34;07;000;Deuda Flotante;10;0
18;29;01;35;00;000;SALDO FINAL DE CAJA;10;0
18;30;01;05;00;000;TRANSFERENCIAS CORRIENTES;20;0
18;30;01;05;02;000;Del Gobierno Central;20;0
18;30;01;05;02;010;Programa Asentamientos Precarios;10;0
18;30;01;05;02;201;Recuperación de Licencias Médicas - FONASA;10;0
18;30;01;06;00;000;RENTAS DE LA PROPIEDAD;30;0
18;30;01;06;01;000;Arriendo de Activos No Financieros;20;0
18;30;01;06;03;000;Intereses;10;0
18;30;01;07;00;000;INGRESOS DE OPERACIÓN;20;0
18;30;01;07;01;000;Venta de Bienes;10;0
18;30;01;07;02;000;Venta de Servicios;10;0
18;30;01;08;00;000;OTROS INGRESOS CORRIENTES;87468;0
18;30;01;08;01;000;Recuperaciones y Reembolsos por Licencias Médicas;87448;0
18;30;01;08;02;000;Multas y Sanciones Pecuniarias;10;0
18;30;01;08;99;000;Otros;10;0
18;30;01;09;00;000;APORTE FISCAL;254937339;0
18;30;01;09;01;000;Libre;254937339;0
18;30;01;12;00;000;RECUPERACIÓN DE PRÉSTAMOS;162367727;0
18;30;01;12;02;000;Hipotecarios;162367727;0
18;30;01;13;00;000;TRANSFERENCIAS PARA GASTOS DE CAPITAL;40;0
18;30;01;13;02;000;Del Gobierno Central;10;0
18;30;01;13;02;010;Programa Asentamientos Precarios;10;0
18;30;01;13;03;000;De Otras Entidades Públicas;30;0
18;30;01;13;03;001;De Municipalidades para Pavimentos Participativos;10;0
18;30;01;13;03;003;De Municipalidades para Programa Rehabilitación de Espacios Públicos;10;0
18;30;01;13;03;004;De Municipalidades para Conservación y Mantención de Parques;10;0
18;30;01;15;00;000;SALDO INICIAL DE CAJA;10;0
18;30;01;21;00;000;GASTOS EN PERSONAL;7510451;0
18;30;01;22;00;000;BIENES Y SERVICIOS DE CONSUMO;454557;0
18;30;01;23;00;000;PRESTACIONES DE SEGURIDAD SOCIAL;10;0
18;30;01;23;03;000;Prestaciones Sociales del Empleador;10;0
18;30;01;24;00;000;TRANSFERENCIAS CORRIENTES;210801;0
18;30;01;24;09;000;A Unidades o Programas del Servicio;210801;0
18;30;01;24;09;010;Programa Asentamientos Precarios;210801;0
18;30;01;25;00;000;INTEGROS AL FISCO;87448;0
18;30;01;25;99;000;Otros Integros al Fisco;87448;0
18;30;01;26;00;000;OTROS GASTOS CORRIENTES;10;0
18;30;01;26;02;000;Compensaciones por Daños a Terceros y/o a la Propiedad;10;0
18;30;01;29;00;000;ADQUISICIÓN DE ACTIVOS NO FINANCIEROS;6293;0
18;30;01;29;04;000;Mobiliario y Otros;3337;0
18;30;01;29;05;000;Máquinas y Equipos;2956;0
18;30;01;31;00;000;INICIATIVAS DE INVERSIÓN;14874740;0
18;30;01;31;02;000;Proyectos;14874740;0
18;30;01;32;00;000;PRÉSTAMOS;127300068;0
18;30;01;32;02;000;Hipotecarios;127300068;0
18;30;01;32;02;003;Préstamos Subsidio Habitacional;127300068;0
18;30;01;33;00;000;TRANSFERENCIAS DE CAPITAL;266948256;0
18;30;01;33;01;000;Al Sector Privado;265096406;0
18;30;01;33;01;010;Programa Asentamientos Precarios;160000;0
18;30;01;33;01;028;Subsidio de Protección del Patrimonio Familiar;7615311;0
18;30;01;33;01;127;Subsidios Leasing;13626;0
18;30;01;33;01;132;Sistema Integrado de Subsidio;22208863;0
18;30;01;33;01;133;Fondo Solidario de Elección de Vivienda;183060929;0
18;30;01;33;01;135;Programa Mejoramiento de Viviendas y Barrios;22614492;0
18;30;01;33;01;136;Programa Habitabilidad Rural;17677115;0
18;30;01;33;01;138;Programa de Integración Social y Territorial;11746070;0
18;30;01;33;03;000;A Otras Entidades Públicas;1851850;0
18;30;01;33;03;003;Municipalidades para el Programa Asentamientos Precarios;10;0
18;30;01;33;03;102;Municipalidades para el Programa Recuperación de Barrios;1851840;0
18;30;01;34;00;000;SERVICIO DE LA DEUDA;10;0
18;30;01;34;07;000;Deuda Flotante;10;0
18;30;01;35;00;000;SALDO FINAL DE CAJA;10;0
18;31;01;05;00;000;TRANSFERENCIAS CORRIENTES;20;0
18;31;01;05;02;000;Del Gobierno Central;20;0
18;31;01;05;02;010;Programa Asentamientos Precarios;10;0
18;31;01;05;02;201;Recuperación de Licencias Médicas - FONASA;10;0
18;31;01;06;00;000;RENTAS DE LA PROPIEDAD;30;0
18;31;01;06;01;000;Arriendo de Activos No Financieros;20;0
18;31;01;06;03;000;Intereses;10;0
18;31;01;07;00;000;INGRESOS DE OPERACIÓN;20;0
18;31;01;07;01;000;Venta de Bienes;10;0
18;31;01;07;02;000;Venta de Servicios;10;0
18;31;01;08;00;000;OTROS INGRESOS CORRIENTES;87468;0
18;31;01;08;01;000;Recuperaciones y Reembolsos por Licencias Médicas;87448;0
18;31;01;08;02;000;Multas y Sanciones Pecuniarias;10;0
18;31;01;08;99;000;Otros;10;0
18;31;01;09;00;000;APORTE FISCAL;69210738;0
18;31;01;09;01;000;Libre;69210738;0
18;31;01;12;00;000;RECUPERACIÓN DE PRÉSTAMOS;33463711;0
18;31;01;12;02;000;Hipotecarios;33463711;0
18;31;01;13;00;000;TRANSFERENCIAS PARA GASTOS DE CAPITAL;40;0
18;31;01;13;02;000;Del Gobierno Central;10;0
18;31;01;13;02;010;Programa Asentamientos Precarios;10;0
18;31;01;13;03;000;De Otras Entidades Públicas;30;0
18;31;01;13;03;001;De Municipalidades para Pavimentos Participativos;10;0
18;31;01;13;03;003;De Municipalidades para Programa Rehabilitación de Espacios Públicos;10;0
18;31;01;13;03;004;De Municipalidades para Conservación y Mantención de Parques;10;0
18;31;01;15;00;000;SALDO INICIAL DE CAJA;10;0
18;31;01;21;00;000;GASTOS EN PERSONAL;4526194;0
18;31;01;22;00;000;BIENES Y SERVICIOS DE CONSUMO;378329;0
18;31;01;23;00;000;PRESTACIONES DE SEGURIDAD SOCIAL;10;0
18;31;01;23;03;000;Prestaciones Sociales del Empleador;10;0
18;31;01;24;00;000;TRANSFERENCIAS CORRIENTES;89506;0
18;31;01;24;09;000;A Unidades o Programas del Servicio;89506;0
18;31;01;24;09;010;Programa Asentamientos Precarios;89506;0
18;31;01;25;00;000;INTEGROS AL FISCO;87448;0
18;31;01;25;99;000;Otros Integros al Fisco;87448;0
18;31;01;26;00;000;OTROS GASTOS CORRIENTES;10;0
18;31;01;26;02;000;Compensaciones por Daños a Terceros y/o a la Propiedad;10;0
18;31;01;29;00;000;ADQUISICIÓN DE ACTIVOS NO FINANCIEROS;8552;0
18;31;01;29;04;000;Mobiliario y Otros;7356;0
18;31;01;29;05;000;Máquinas y Equipos;1196;0
18;31;01;31;00;000;INICIATIVAS DE INVERSIÓN;11555597;0
18;31;01;31;02;000;Proyectos;11555597;0
18;31;01;32;00;000;PRÉSTAMOS;20722921;0
18;31;01;32;02;000;Hipotecarios;20722921;0
18;31;01;32;02;003;Préstamos Subsidio Habitacional;20722921;0
18;31;01;33;00;000;TRANSFERENCIAS DE CAPITAL;65393450;0
18;31;01;33;01;000;Al Sector Privado;60257411;0
18;31;01;33;01;010;Programa Asentamientos Precarios;10;0
18;31;01;33;01;028;Subsidio de Protección del Patrimonio Familiar;10946157;0
18;31;01;33;01;132;Sistema Integrado de Subsidio;1835832;0
18;31;01;33;01;133;Fondo Solidario de Elección de Vivienda;33885888;0
18;31;01;33;01;135;Programa Mejoramiento de Viviendas y Barrios;7865222;0
18;31;01;33;01;136;Programa Habitacional Rural;4129403;0
18;31;01;33;01;138;Programa de Integración Social y Territorial;1594899;0
18;31;01;33;03;000;A Otras Entidades Públicas;5136039;0
18;31;01;33;03;003;Municipalidades para el Programa Asentamientos Precarios;10;0
18;31;01;33;03;102;Municipalidades para el Programa Recuperación de Barrios;3826133;0
18;31;01;33;03;106;Municipalidades para Pequeñas Localidades;1309896;0
18;31;01;34;00;000;SERVICIO DE LA DEUDA;10;0
18;31;01;34;07;000;Deuda Flotante;10;0
18;31;01;35;00;000;SALDO FINAL DE CAJA;10;0
18;32;01;05;00;000;TRANSFERENCIAS CORRIENTES;20;0
18;32;01;05;02;000;Del Gobierno Central;20;0
18;32;01;05;02;010;Programa Asentamientos Precarios;10;0
18;32;01;05;02;201;Recuperación de Licencias Médicas - FONASA;10;0
18;32;01;06;00;000;RENTAS DE LA PROPIEDAD;30;0
18;32;01;06;01;000;Arriendo de Activos No Financieros;20;0
18;32;01;06;03;000;Intereses;10;0
18;32;01;07;00;000;INGRESOS DE OPERACIÓN;20;0
18;32;01;07;01;000;Venta de Bienes;10;0
18;32;01;07;02;000;Venta de Servicios;10;0
18;32;01;08;00;000;OTROS INGRESOS CORRIENTES;68167;0
18;32;01;08;01;000;Recuperaciones y Reembolsos por Licencias Médicas;51440;0
18;32;01;08;02;000;Multas y Sanciones Pecuniarias;10;0
18;32;01;08;99;000;Otros;16717;0
18;32;01;09;00;000;APORTE FISCAL;101871615;0
18;32;01;09;01;000;Libre;101871615;0
18;32;01;12;00;000;RECUPERACIÓN DE PRÉSTAMOS;74214029;0
18;32;01;12;02;000;Hipotecarios;74214029;0
18;32;01;13;00;000;TRANSFERENCIAS PARA GASTOS DE CAPITAL;40;0
18;32;01;13;02;000;Del Gobierno Central;10;0
18;32;01;13;02;010;Programa Asentamientos Precarios;10;0
18;32;01;13;03;000;De Otras Entidades Públicas;30;0
18;32;01;13;03;001;De Municipalidades Para Pavimentos Participativos;10;0
18;32;01;13;03;003;De Municipalidades Para Programa Rehabilitación De Espacios Públicos;10;0
18;32;01;13;03;004;DE MUNICIPALIDADES PARA CONSERVACION Y MANTENCION DE PARQUES;10;0
18;32;01;15;00;000;SALDO INICIAL DE CAJA;10;0
18;32;01;21;00;000;GASTOS EN PERSONAL;4660384;0
18;32;01;22;00;000;BIENES Y SERVICIOS DE CONSUMO;360752;0
18;32;01;23;00;000;PRESTACIONES DE SEGURIDAD SOCIAL;10;0
18;32;01;23;03;000;Prestaciones Sociales del Empleador;10;0
18;32;01;24;00;000;TRANSFERENCIAS CORRIENTES;535285;0
18;32;01;24;09;000;A Unidades o Programas del Servicio;535285;0
18;32;01;24;09;010;Programa Asentamientos Precarios;535285;0
18;32;01;25;00;000;INTEGROS AL FISCO;51440;0
18;32;01;25;99;000;Otros Integros al Fisco;51440;0
18;32;01;26;00;000;OTROS GASTOS CORRIENTES;10;0
18;32;01;26;02;000;Compensaciones por Daños a Terceros y/o a la Propiedad;10;0
18;32;01;29;00;000;ADQUISICIÓN DE ACTIVOS NO FINANCIEROS;1450;0
18;32;01;29;04;000;Mobiliario y Otros;1450;0
18;32;01;31;00;000;INICIATIVAS DE INVERSIÓN;19673318;0
18;32;01;31;01;000;Estudios Básicos;371242;0
18;32;01;31;02;000;Proyectos;19302076;0
18;32;01;32;00;000;PRÉSTAMOS;63530671;0
18;32;01;32;02;000;Hipotecarios;63530671;0
18;32;01;32;02;003;Préstamos Subsidio Habitacional;63530671;0
18;32;01;33;00;000;TRANSFERENCIAS DE CAPITAL;87340591;0
18;32;01;33;01;000;Al Sector Privado;85866367;0
18;32;01;33;01;010;Programa Asentamientos Precarios;169004;0
18;32;01;33;01;028;Subsidio de Protección del Patrimonio Familiar;2607;0
18;32;01;33;01;132;Sistema Integrado de Subsidio;6394644;0
18;32;01;33;01;133;Fondo Solidario de Elección de Vivienda;72060659;0
18;32;01;33;01;135;Programa Mejoramiento de Viviendas y Barrios;2410329;0
18;32;01;33;01;136;Programa Habitacional Rural;3560150;0
18;32;01;33;01;138;Programa de Integración Social y Territorial;1268974;0
18;32;01;33;03;000;A Otras Entidades Públicas;1474224;0
18;32;01;33;03;003;Municipalidades para el Programa Asentamientos Precarios;10;0
18;32;01;33;03;102;Municipalidades para el Programa Recuperación de Barrios;239654;0
18;32;01;33;03;106;Municipalidades para Pequeñas Localidades;1234560;0
18;32;01;34;00;000;SERVICIO DE LA DEUDA;10;0
18;32;01;34;07;000;Deuda Flotante;10;0
18;32;01;35;00;000;SALDO FINAL DE CAJA;10;0
18;33;01;05;00;000;TRANSFERENCIAS CORRIENTES;20;0
18;33;01;05;02;000;Del Gobierno Central;20;0
18;33;01;05;02;010;Programa Asentamientos Precarios;10;0
18;33;01;05;02;201;Recuperación de Licencias Médicas - FONASA;10;0
18;33;01;06;00;000;RENTAS DE LA PROPIEDAD;30;0
18;33;01;06;01;000;Arriendo de Activos No Financieros;10;0
18;33;01;06;03;000;Intereses;10;0
18;33;01;06;99;000;Otras Rentas de la Propiedad;10;0
18;33;01;07;00;000;INGRESOS DE OPERACIÓN;20;0
18;33;01;07;01;000;Venta de Bienes;10;0
18;33;01;07;02;000;Venta de Servicios;10;0
18;33;01;08;00;000;OTROS INGRESOS CORRIENTES;3167126;0
18;33;01;08;01;000;Recuperaciones y Reembolsos por Licencias Médicas;478392;0
18;33;01;08;02;000;Multas y Sanciones Pecuniarias;160;0
18;33;01;08;99;000;Otros;2688574;0
18;33;01;09;00;000;APORTE FISCAL;895196926;0
18;33;01;09;01;000;Libre;895196926;0
18;33;01;12;00;000;RECUPERACIÓN DE PRÉSTAMOS;589125740;0
18;33;01;12;02;000;Hipotecarios;589125740;0
18;33;01;13;00;000;TRANSFERENCIAS PARA GASTOS DE CAPITAL;40;0
18;33;01;13;02;000;Del Gobierno Central;10;0
18;33;01;13;02;010;Programa Asentamientos Precarios;10;0
18;33;01;13;03;000;De Otras Entidades Públicas;30;0
18;33;01;13;03;001;De Municipalidades para Pavimentos Participativos;10;0
18;33;01;13;03;003;De Municipalidades para Programa Rehabilitación de Espacios Públicos;10;0
18;33;01;13;03;004;De Municipalidades para Conservación y Mantención de Parques;10;0
18;33;01;15;00;000;SALDO INICIAL DE CAJA;10;0
18;33;01;21;00;000;GASTOS EN PERSONAL;30389832;0
18;33;01;22;00;000;BIENES Y SERVICIOS DE CONSUMO;2962377;0
18;33;01;23;00;000;PRESTACIONES DE SEGURIDAD SOCIAL;10;0
18;33;01;23;03;000;Prestaciones Sociales del Empleador;10;0
18;33;01;24;00;000;TRANSFERENCIAS CORRIENTES;256953;0
18;33;01;24;09;000;A Unidades o Programas del Servicio;256953;0
18;33;01;24;09;010;Programa Asentamientos Precarios;256953;0
18;33;01;25;00;000;INTEGROS AL FISCO;478392;0
18;33;01;25;99;000;Otros Integros al Fisco;478392;0
18;33;01;26;00;000;OTROS GASTOS CORRIENTES;10;0
18;33;01;26;02;000;Compensaciones por Daños a Terceros y/o a la Propiedad;10;0
18;33;01;29;00;000;ADQUISICIÓN DE ACTIVOS NO FINANCIEROS;44741;0
18;33;01;29;04;000;Mobiliario y Otros;44741;0
18;33;01;31;00;000;INICIATIVAS DE INVERSIÓN;75992354;0
18;33;01;31;01;000;Estudios Básicos;371242;0
18;33;01;31;02;000;Proyectos;75621112;0
18;33;01;32;00;000;PRÉSTAMOS;671915965;0
18;33;01;32;02;000;Hipotecarios;671915965;0
18;33;01;32;02;003;Préstamos Subsidio Habitacional;671915965;0
18;33;01;33;00;000;TRANSFERENCIAS DE CAPITAL;705449258;0
18;33;01;33;01;000;Al Sector Privado;702900748;0
18;33;01;33;01;010;Programa Asentamientos Precarios;6900;0
18;33;01;33;01;028;Subsidio de Protección del Patrimonio Familiar;2740243;0
18;33;01;33;01;127;Subsidios Leasing;204622;0
18;33;01;33;01;132;Sistema Integrado de Subsidio;76695652;0
18;33;01;33;01;133;Fondo Solidario de Elección de Vivienda;351857043;0
18;33;01;33;01;135;Programa Mejoramiento de Viviendas y Barrios;99222039;0
18;33;01;33;01;136;Programa Habitacional Rural;69473086;0
18;33;01;33;01;138;Programa Integración Social y Territorial;102701163;0
18;33;01;33;03;000;A Otras Entidades Públicas;2548510;0
18;33;01;33;03;003;Municipalidades para el Programa Asentamientos Precarios;10;0
18;33;01;33;03;102;Municipalidades para el Programa Recuperación de Barrios;1621989;0
18;33;01;33;03;106;Municipalidades para Pequeñas Localidades;926511;0
18;33;01;34;00;000;SERVICIO DE LA DEUDA;10;0
18;33;01;34;07;000;Deuda Flotante;10;0
18;33;01;35;00;000;SALDO FINAL DE CAJA;10;0
18;34;01;05;00;000;TRANSFERENCIAS CORRIENTES;20;0
18;34;01;05;02;000;Del Gobierno Central;20;0
18;34;01;05;02;010;Programa Asentamientos Precarios;10;0
18;34;01;05;02;201;Recuperación de Licencias Médicas - FONASA;10;0
18;34;01;06;00;000;RENTAS DE LA PROPIEDAD;30;0
18;34;01;06;01;000;Arriendo de Activos No Financieros;20;0
18;34;01;06;03;000;Intereses;10;0
18;34;01;07;00;000;INGRESOS DE OPERACIÓN;20;0
18;34;01;07;01;000;Venta de Bienes;10;0
18;34;01;07;02;000;Venta de Servicios;10;0
18;34;01;08;00;000;OTROS INGRESOS CORRIENTES;66892;0
18;34;01;08;01;000;Recuperaciones y Reembolsos por Licencias Médicas;66872;0
18;34;01;08;02;000;Multas y Sanciones Pecuniarias;10;0
18;34;01;08;99;000;Otros;10;0
18;34;01;09;00;000;APORTE FISCAL;129723247;0
18;34;01;09;01;000;Libre;129723247;0
18;34;01;12;00;000;RECUPERACIÓN DE PRÉSTAMOS;3912211;0
18;34;01;12;02;000;Hipotecarios;3912211;0
18;34;01;13;00;000;TRANSFERENCIAS PARA GASTOS DE CAPITAL;40;0
18;34;01;13;02;000;Del Gobierno Central;10;0
18;34;01;13;02;010;Programa Asentamientos Precarios;10;0
18;34;01;13;03;000;De Otras Entidades Públicas;30;0
18;34;01;13;03;001;De Municipalidades para Pavimentos Participativos;10;0
18;34;01;13;03;003;De Municipalidades para Programa Rehabilitación de Espacios Públicos;10;0
18;34;01;13;03;004;De Municipalidades para Conservación y Mantención de Parques;10;0
18;34;01;15;00;000;SALDO INICIAL DE CAJA;10;0
18;34;01;21;00;000;GASTOS EN PERSONAL;4580241;0
18;34;01;22;00;000;BIENES Y SERVICIOS DE CONSUMO;303971;0
18;34;01;23;00;000;PRESTACIONES DE SEGURIDAD SOCIAL;10;0
18;34;01;23;03;000;Prestaciones Sociales del Empleador;10;0
18;34;01;25;00;000;INTEGROS AL FISCO;66872;0
18;34;01;25;99;000;Otros Integros al Fisco;66872;0
18;34;01;26;00;000;OTROS GASTOS CORRIENTES;10;0
18;34;01;26;02;000;Compensaciones por Daños a Terceros y/o a la Propiedad;10;0
18;34;01;29;00;000;ADQUISICIÓN DE ACTIVOS NO FINANCIEROS;3990;0
18;34;01;29;04;000;Mobiliario y Otros;2805;0
18;34;01;29;05;000;Máquinas y Equipos;1185;0
18;34;01;31;00;000;INICIATIVAS DE INVERSIÓN;18502167;0
18;34;01;31;01;000;Estudios Básicos;105009;0
18;34;01;31;02;000;Proyectos;18397158;0
18;34;01;32;00;000;PRÉSTAMOS;20690967;0
18;34;01;32;02;000;Hipotecarios;20690967;0
18;34;01;32;02;003;Préstamos Subsidio Habitacional;20690967;0
18;34;01;33;00;000;TRANSFERENCIAS DE CAPITAL;89554222;0
18;34;01;33;01;000;Al Sector Privado;88227060;0
18;34;01;33;01;010;Programa Asentamientos Precarios;10;0
18;34;01;33;01;028;Subsidio de Protección del Patrimonio Familiar;2598575;0
18;34;01;33;01;132;Sistema Integrado de Subsidio;7318222;0
18;34;01;33;01;133;Fondo Solidario de Elección de Vivienda;51428850;0
18;34;01;33;01;135;Programa Mejoramiento de Viviendas y Barrios;9613568;0
18;34;01;33;01;136;Programa Habitabilidad Rural;11566352;0
18;34;01;33;01;138;'Programa de Integración Social y Territorial (DS 19/2016);5701483;0
18;34;01;33;03;000;A Otras Entidades Públicas;1327162;0
18;34;01;33;03;003;Municipalidades para el Programa Asentamientos Precarios;10;0
18;34;01;33;03;102;Municipalidades para el Programa Recuperación de Barrios;308640;0
18;34;01;33;03;106;Municipalidades para Pequeñas Localidades;1018512;0
18;34;01;34;00;000;SERVICIO DE LA DEUDA;10;0
18;34;01;34;07;000;Deuda Flotante;10;0
18;34;01;35;00;000;SALDO FINAL DE CAJA;10;0
18;35;01;05;00;000;TRANSFERENCIAS CORRIENTES;20;0
18;35;01;05;02;000;Del Gobierno Central;20;0
18;35;01;05;02;010;Programa Asentamientos Precarios;10;0
18;35;01;05;02;201;Recuperación de Licencias Médicas - FONASA;10;0
18;35;01;06;00;000;RENTAS DE LA PROPIEDAD;30;0
18;35;01;06;01;000;Arriendo de Activos No Financieros;20;0
18;35;01;06;03;000;Intereses;10;0
18;35;01;07;00;000;INGRESOS DE OPERACIÓN;20;0
18;35;01;07;01;000;Venta de Bienes;10;0
18;35;01;07;02;000;Venta de Servicios;10;0
18;35;01;08;00;000;OTROS INGRESOS CORRIENTES;118469;0
18;35;01;08;01;000;Recuperaciones y Reembolsos por Licencias Médicas;51440;0
18;35;01;08;02;000;Multas y Sanciones Pecuniarias;10;0
18;35;01;08;99;000;Otros;67019;0
18;35;01;09;00;000;APORTE FISCAL;132521444;0
18;35;01;09;01;000;Libre;132521444;0
18;35;01;12;00;000;RECUPERACIÓN DE PRÉSTAMOS;53800446;0
18;35;01;12;02;000;Hipotecarios;53800446;0
18;35;01;13;00;000;TRANSFERENCIAS PARA GASTOS DE CAPITAL;40;0
18;35;01;13;02;000;Del Gobierno Central;10;0
18;35;01;13;02;010;Programa Asentamientos Precarios;10;0
18;35;01;13;03;000;De Otras Entidades Públicas;30;0
18;35;01;13;03;001;De Municipalidades para Pavimentos Participativos;10;0
18;35;01;13;03;003;De Municipalidades para Programa Rehabilitación de Espacios Públicos;10;0
18;35;01;13;03;004;De Municipalidades para Conservación y Mantención de Parques;10;0
18;35;01;15;00;000;SALDO INICIAL DE CAJA;10;0
18;35;01;21;00;000;GASTOS EN PERSONAL;4377961;0
18;35;01;22;00;000;BIENES Y SERVICIOS DE CONSUMO;380693;0
18;35;01;23;00;000;PRESTACIONES DE SEGURIDAD SOCIAL;10;0
18;35;01;23;03;000;Prestaciones Sociales del Empleador;10;0
18;35;01;24;00;000;TRANSFERENCIAS CORRIENTES;299381;0
18;35;01;24;09;000;A Unidades o Programas del Servicio;299381;0
18;35;01;24;09;010;Programa Asentamientos Precarios;299381;0
18;35;01;25;00;000;INTEGROS AL FISCO;51440;0
18;35;01;25;99;000;Otros Integros al Fisco;51440;0
18;35;01;26;00;000;OTROS GASTOS CORRIENTES;10;0
18;35;01;26;02;000;Compensaciones por Daños a Terceros y/o a la Propiedad;10;0
18;35;01;29;00;000;ADQUISICIÓN DE ACTIVOS NO FINANCIEROS;6742;0
18;35;01;29;04;000;Mobiliario y Otros;3966;0
18;35;01;29;05;000;Máquinas y Equipos;2776;0
18;35;01;31;00;000;INICIATIVAS DE INVERSIÓN;2335867;0
18;35;01;31;02;000;Proyectos;2335867;0
18;35;01;32;00;000;PRÉSTAMOS;60493037;0
18;35;01;32;02;000;Hipotecarios;60493037;0
18;35;01;32;02;003;Préstamos Subsidio Habitacional;60493037;0
18;35;01;33;00;000;TRANSFERENCIAS DE CAPITAL;118495318;0
18;35;01;33;01;000;Al Sector Privado;118310124;0
18;35;01;33;01;010;Programa Asentamientos Precarios;151092;0
18;35;01;33;01;028;Subsidio de Protección del Patrimonio Familiar;388198;0
18;35;01;33;01;127;Subsidios Leasing;1606;0
18;35;01;33;01;132;Sistema Integrado de Subsidio;5377798;0
18;35;01;33;01;133;Fondo Solidario de Elección de Vivienda;97534832;0
18;35;01;33;01;135;Programa Mejoramiento de Viviendas y Barrios;5987643;0
18;35;01;33;01;136;Programa Habitabilidad Rural;1826846;0
18;35;01;33;01;138;Programa de Integración Social y Territorial;7042109;0
18;35;01;33;03;000;A Otras Entidades Públicas;185194;0
18;35;01;33;03;003;Municipalidades para el Programa Asentamientos Precarios;10;0
18;35;01;33;03;102;Municipalidades para el Programa Recuperación de Barrios;102880;0
18;35;01;33;03;106;Municipalidades para Pequeñas Localidades;82304;0
18;35;01;34;00;000;SERVICIO DE LA DEUDA;10;0
18;35;01;34;07;000;Deuda Flotante;10;0
18;35;01;35;00;000;SALDO FINAL DE CAJA;10;0
18;36;01;05;00;000;TRANSFERENCIAS CORRIENTES;20;0
18;36;01;05;02;000;Del Gobierno Central;20;0
18;36;01;05;02;010;Programa Asentamientos Precarios;10;0
18;36;01;05;02;201;Recuperación de Licencias Médicas - FONASA;10;0
18;36;01;06;00;000;RENTAS DE LA PROPIEDAD;30;0
18;36;01;06;01;000;Arriendo de Activos No Financieros;20;0
18;36;01;06;03;000;Intereses;10;0
18;36;01;07;00;000;INGRESOS DE OPERACIÓN;20;0
18;36;01;07;01;000;Venta de Bienes;10;0
18;36;01;07;02;000;Venta de Servicios;10;0
18;36;01;08;00;000;OTROS INGRESOS CORRIENTES;51460;0
18;36;01;08;01;000;Recuperaciones y Reembolsos por Licencias Médicas;51440;0
18;36;01;08;02;000;Multas y Sanciones Pecuniarias;10;0
18;36;01;08;99;000;Otros;10;0
18;36;01;09;00;000;APORTE FISCAL;184004366;0
18;36;01;09;01;000;Libre;184004366;0
18;36;01;12;00;000;RECUPERACIÓN DE PRÉSTAMOS;59244631;0
18;36;01;12;02;000;Hipotecarios;59244631;0
18;36;01;13;00;000;TRANSFERENCIAS PARA GASTOS DE CAPITAL;40;0
18;36;01;13;02;000;Del Gobierno Central;10;0
18;36;01;13;02;010;Programa Asentamientos Precarios;10;0
18;36;01;13;03;000;De Otras Entidades Públicas;30;0
18;36;01;13;03;001;De Municipalidades para Pavimentos Participativos;10;0
18;36;01;13;03;003;De Municipalidades para Programa Rehabilitación de Espacios Públicos;10;0
18;36;01;13;03;004;De Municipalidades para Conservación y Mantención de Parques;10;0
18;36;01;15;00;000;SALDO INICIAL DE CAJA;10;0
18;36;01;21;00;000;GASTOS EN PERSONAL;4531510;0
18;36;01;22;00;000;BIENES Y SERVICIOS DE CONSUMO;348449;0
18;36;01;23;00;000;PRESTACIONES DE SEGURIDAD SOCIAL;10;0
18;36;01;23;03;000;Prestaciones Sociales del Empleador;10;0
18;36;01;24;00;000;TRANSFERENCIAS CORRIENTES;156688;0
18;36;01;24;09;000;A Unidades o Programas del Servicio;156688;0
18;36;01;24;09;010;Programa Asentamientos Precarios;156688;0
18;36;01;25;00;000;INTEGROS AL FISCO;51440;0
18;36;01;25;99;000;Otros Integros al Fisco;51440;0
18;36;01;26;00;000;OTROS GASTOS CORRIENTES;10;0
18;36;01;26;02;000;Compensaciones por Daños a Terceros y/o a la Propiedad;10;0
18;36;01;29;00;000;ADQUISICIÓN DE ACTIVOS NO FINANCIEROS;4804;0
18;36;01;29;04;000;Mobiliario y Otros;2919;0
18;36;01;29;05;000;Máquinas y Equipos;1885;0
18;36;01;31;00;000;INICIATIVAS DE INVERSIÓN;11038717;0
18;36;01;31;02;000;Proyectos;11038717;0
18;36;01;32;00;000;PRÉSTAMOS;55759714;0
18;36;01;32;02;000;Hipotecarios;55759714;0
18;36;01;32;02;003;Préstamos Subsidio Habitacional;55759714;0
18;36;01;33;00;000;TRANSFERENCIAS DE CAPITAL;171409215;0
18;36;01;33;01;000;Al Sector Privado;169214203;0
18;36;01;33;01;010;Programa Asentamientos Precarios;7000;0
18;36;01;33;01;028;Subsidio de Protección del Patrimonio Familiar (DS 255/2006);25713681;0
18;36;01;33;01;132;Sistema Integrado de Subsidio;11732522;0
18;36;01;33;01;133;Fondo Solidario de Elección de Vivienda;58799952;0
18;36;01;33;01;135;Programa Mejoramiento de Viviendas y Barrios;36004465;0
18;36;01;33;01;136;Programa Habitabilidad Rural;25810492;0
18;36;01;33;01;138;Programa de Integración Social y Territorial;11146091;0
18;36;01;33;03;000;A Otras Entidades Públicas;2195012;0
18;36;01;33;03;003;Municipalidades para el Programa Asentamientos Precarios;10;0
18;36;01;33;03;102;Municipalidades para el Programa Recuperación de Barrios;205760;0
18;36;01;33;03;106;Municipalidades para Pequeñas Localidades;1989242;0
18;36;01;34;00;000;SERVICIO DE LA DEUDA;10;0
18;36;01;34;07;000;Deuda Flotante;10;0
18;36;01;35;00;000;SALDO FINAL DE CAJA;10;0
19;01;01;05;00;000;TRANSFERENCIAS CORRIENTES;10;0
19;01;01;05;02;000;Del Gobierno Central;10;0
19;01;01;05;02;201;Recuperación de Licencias Médicas - FONASA;10;0
19;01;01;07;00;000;INGRESOS DE OPERACIÓN;160922;0
19;01;01;08;00;000;OTROS INGRESOS CORRIENTES;931180;0
19;01;01;08;01;000;Recuperaciones y Reembolsos por Licencias Médicas;360520;0
19;01;01;08;02;000;Multas y Sanciones Pecuniarias;376506;0
19;01;01;08;99;000;Otros;194154;0
19;01;01;09;00;000;APORTE FISCAL;24754146;0
19;01;01;09;01;000;Libre;24754146;0
19;01;01;12;00;000;RECUPERACIÓN DE PRÉSTAMOS;10;0
19;01;01;12;10;000;Ingresos por Percibir;10;0
19;01;01;15;00;000;SALDO INICIAL DE CAJA;10;0
19;01;01;21;00;000;GASTOS EN PERSONAL;18706315;0
19;01;01;22;00;000;BIENES Y SERVICIOS DE CONSUMO;5453939;0
19;01;01;23;00;000;PRESTACIONES DE SEGURIDAD SOCIAL;10;0
19;01;01;23;03;000;Prestaciones Sociales del Empleador;10;0
19;01;01;25;00;000;INTEGROS AL FISCO;556969;0
19;01;01;25;01;000;Impuestos;25693;0
19;01;01;25;99;000;Otros Integros al Fisco;531276;0
19;01;01;29;00;000;ADQUISICIÓN DE ACTIVOS NO FINANCIEROS;990328;0
19;01;01;29;03;000;Vehículos;22551;0
19;01;01;29;04;000;Mobiliario y Otros;10802;0
19;01;01;29;06;000;Equipos Informáticos;120382;0
19;01;01;29;07;000;Programas Informáticos;836593;0
19;01;01;31;00;000;INICIATIVAS DE INVERSIÓN;138697;0
19;01;01;31;02;000;Proyectos;138697;0
19;01;01;34;00;000;SERVICIO DE LA DEUDA;10;0
19;01;01;34;07;000;Deuda Flotante;10;0
19;01;01;35;00;000;SALDO FINAL DE CAJA;10;0
19;01;03;05;00;000;TRANSFERENCIAS CORRIENTES;10;0
19;01;03;05;02;000;Del Gobierno Central;10;0
19;01;03;05;02;201;Recuperación de Licencias Médicas - FONASA;10;0
19;01;03;08;00;000;OTROS INGRESOS CORRIENTES;96681;0
19;01;03;08;01;000;Recuperaciones y Reembolsos por Licencias Médicas;77406;0
19;01;03;08;02;000;Multas y Sanciones Pecuniarias;17071;0
19;01;03;08;99;000;Otros;2204;0
19;01;03;09;00;000;APORTE FISCAL;36751433;0
19;01;03;09;01;000;Libre;36751433;0
19;01;03;12;00;000;RECUPERACIÓN DE PRÉSTAMOS;10;0
19;01;03;12;10;000;Ingresos por Percibir;10;0
19;01;03;15;00;000;SALDO INICIAL DE CAJA;10;0
19;01;03;21;00;000;GASTOS EN PERSONAL;6102145;0
19;01;03;22;00;000;BIENES Y SERVICIOS DE CONSUMO;5189116;0
19;01;03;23;00;000;PRESTACIONES DE SEGURIDAD SOCIAL;10;0
19;01;03;23;03;000;Prestaciones Sociales del Empleador;10;0
19;01;03;25;00;000;INTEGROS AL FISCO;77417;0
19;01;03;25;99;000;Otros Integros al Fisco;77417;0
19;01;03;29;00;000;ADQUISICIÓN DE ACTIVOS NO FINANCIEROS;508044;0
19;01;03;29;06;000;Equipos Informáticos;30531;0
19;01;03;29;07;000;Programas Informáticos;477513;0
19;01;03;31;00;000;INICIATIVAS DE INVERSIÓN;24971392;0
19;01;03;31;02;000;Proyectos;24971392;0
19;01;03;34;00;000;SERVICIO DE LA DEUDA;10;0
19;01;03;34;07;000;Deuda Flotante;10;0
19;01;03;35;00;000;SALDO FINAL DE CAJA;10;0
19;01;04;05;00;000;TRANSFERENCIAS CORRIENTES;10;0
19;01;04;05;02;000;Del Gobierno Central;10;0
19;01;04;05;02;201;Recuperación de Licencias Médicas - FONASA;10;0
19;01;04;07;00;000;INGRESOS DE OPERACIÓN;108807;0
19;01;04;08;00;000;OTROS INGRESOS CORRIENTES;70465;0
19;01;04;08;01;000;Recuperaciones y Reembolsos por Licencias Médicas;58716;0
19;01;04;08;02;000;Multas y Sanciones Pecuniarias;10;0
19;01;04;08;99;000;Otros;11739;0
19;01;04;09;00;000;APORTE FISCAL;18600703;0
19;01;04;09;01;000;Libre;18600703;0
19;01;04;12;00;000;RECUPERACIÓN DE PRÉSTAMOS;10;0
19;01;04;12;10;000;Ingresos por Percibir;10;0
19;01;04;15;00;000;SALDO INICIAL DE CAJA;10;0
19;01;04;21;00;000;GASTOS EN PERSONAL;4176201;0
19;01;04;22;00;000;BIENES Y SERVICIOS DE CONSUMO;742273;0
19;01;04;23;00;000;PRESTACIONES DE SEGURIDAD SOCIAL;10;0
19;01;04;23;03;000;Prestaciones Sociales del Empleador;10;0
19;01;04;25;00;000;INTEGROS AL FISCO;87245;0
19;01;04;25;01;000;Impuestos;17372;0
19;01;04;25;99;000;Otros Integros al Fisco;69873;0
19;01;04;29;00;000;ADQUISICIÓN DE ACTIVOS NO FINANCIEROS;68380;0
19;01;04;29;06;000;Equipos Informáticos;12424;0
19;01;04;29;07;000;Programas Informáticos;55956;0
19;01;04;31;00;000;INICIATIVAS DE INVERSIÓN;13705876;0
19;01;04;31;02;000;Proyectos;13705876;0
19;01;04;34;00;000;SERVICIO DE LA DEUDA;10;0
19;01;04;34;07;000;Deuda Flotante;10;0
19;01;04;35;00;000;SALDO FINAL DE CAJA;10;0
19;01;05;05;00;000;TRANSFERENCIAS CORRIENTES;10;0
19;01;05;05;02;000;Del Gobierno Central;10;0
19;01;05;05;02;201;Recuperación de Licencias Médicas - FONASA;10;0
19;01;05;08;00;000;OTROS INGRESOS CORRIENTES;184051;0
19;01;05;08;01;000;Recuperaciones y Reembolsos por Licencias Médicas;165131;0
19;01;05;08;02;000;Multas y Sanciones Pecuniarias;10611;0
19;01;05;08;99;000;Otros;8309;0
19;01;05;09;00;000;APORTE FISCAL;16661136;0
19;01;05;09;01;000;Libre;16661136;0
19;01;05;12;00;000;RECUPERACIÓN DE PRÉSTAMOS;10;0
19;01;05;12;10;000;Ingresos por Percibir;10;0
19;01;05;15;00;000;SALDO INICIAL DE CAJA;10;0
19;01;05;21;00;000;GASTOS EN PERSONAL;11036535;0
19;01;05;22;00;000;BIENES Y SERVICIOS DE CONSUMO;3099704;0
19;01;05;23;00;000;PRESTACIONES DE SEGURIDAD SOCIAL;10;0
19;01;05;23;03;000;Prestaciones Sociales del Empleador;10;0
19;01;05;25;00;000;INTEGROS AL FISCO;165141;0
19;01;05;25;99;000;Otros Integros al Fisco;165141;0
19;01;05;29;00;000;ADQUISICIÓN DE ACTIVOS NO FINANCIEROS;2338047;0
19;01;05;29;04;000;Mobiliario y Otros;2829;0
19;01;05;29;06;000;Equipos Informáticos;769110;0
19;01;05;29;07;000;Programas Informáticos;1566108;0
19;01;05;31;00;000;INICIATIVAS DE INVERSIÓN;205760;0
19;01;05;31;01;000;Estudios Básicos;205760;0
19;01;05;34;00;000;SERVICIO DE LA DEUDA;10;0
19;01;05;34;07;000;Deuda Flotante;10;0
19;01;05;35;00;000;SALDO FINAL DE CAJA;10;0
19;01;06;08;00;000;OTROS INGRESOS CORRIENTES;1658730;0
19;01;06;08;02;000;Multas y Sanciones Pecuniarias;559911;0
19;01;06;08;99;000;Otros;1098819;0
19;01;06;09;00;000;APORTE FISCAL;1737999569;0
19;01;06;09;01;000;Libre;1737999569;0
19;01;06;12;00;000;RECUPERACIÓN DE PRÉSTAMOS;10;0
19;01;06;12;10;000;Ingresos por Percibir;10;0
19;01;06;15;00;000;SALDO INICIAL DE CAJA;10;0
19;01;06;24;00;000;TRANSFERENCIAS CORRIENTES;1712381117;0
19;01;06;24;01;000;Al Sector Privado;1712381117;0
19;01;06;24;01;511;Subsidios al Transporte Regional;25131849;0
19;01;06;24;01;512;Subsidio Nacional al Transporte Público;536959457;0
19;01;06;24;01;514;Tarifa Rabajada Adulto Mayor Regiones;39835644;0
19;01;06;24;01;520;Subsidio Transitorio - Red Movilidad;482964171;0
19;01;06;24;01;521;Subsidio Transporte Público - Red Movilidad;562577909;0
19;01;06;24;01;523;Rebaja tarifa adulto mayor en Sistema Red Movilidad;64912087;0
19;01;06;25;00;000;INTEGROS AL FISCO;1658730;0
19;01;06;25;99;000;Otros Integros al Fisco;1658730;0
19;01;06;31;00;000;INICIATIVAS DE INVERSIÓN;3182078;0
19;01;06;31;02;000;Proyectos;3182078;0
19;01;06;33;00;000;TRANSFERENCIAS DE CAPITAL;22436374;0
19;01;06;33;01;000;Al Sector Privado;10079958;0
19;01;06;33;01;001;Metro Regional de Valparaíso S.A;2926534;0
19;01;06;33;01;002;Trenes Metropolitanos S.A;1571194;0
19;01;06;33;01;003;FESUB Concepción S.A;5582230;0
19;01;06;33;02;000;Al Gobierno Central;12356416;0
19;01;06;33;02;003;Fondo de Apoyo al Transporte Público y la Conectividad Regional;12356416;0
19;01;06;34;00;000;SERVICIO DE LA DEUDA;10;0
19;01;06;34;07;000;Deuda Flotante;10;0
19;01;06;35;00;000;SALDO FINAL DE CAJA;10;0
19;01;07;05;00;000;TRANSFERENCIAS CORRIENTES;10;0
19;01;07;05;02;000;Del Gobierno Central;10;0
19;01;07;05;02;201;Recuperación de Licencias Médicas - FONASA;10;0
19;01;07;07;00;000;INGRESOS DE OPERACIÓN;927797;0
19;01;07;08;00;000;OTROS INGRESOS CORRIENTES;10856;0
19;01;07;08;01;000;Recuperaciones y Reembolsos por Licencias Médicas;6614;0
19;01;07;08;02;000;Multas y Sanciones Pecuniarias;10;0
19;01;07;08;99;000;Otros;4232;0
19;01;07;09;00;000;APORTE FISCAL;2223410;0
19;01;07;09;01;000;Libre;2223410;0
19;01;07;12;00;000;RECUPERACIÓN DE PRÉSTAMOS;10;0
19;01;07;12;10;000;Ingresos por Percibir;10;0
19;01;07;15;00;000;SALDO INICIAL DE CAJA;10;0
19;01;07;21;00;000;GASTOS EN PERSONAL;1541221;0
19;01;07;22;00;000;BIENES Y SERVICIOS DE CONSUMO;675290;0
19;01;07;23;00;000;PRESTACIONES DE SEGURIDAD SOCIAL;10;0
19;01;07;23;03;000;Prestaciones Sociales del Empleador;10;0
19;01;07;25;00;000;INTEGROS AL FISCO;921341;0
19;01;07;25;01;000;Impuestos;148135;0
19;01;07;25;99;000;Otros Integros al Fisco;773206;0
19;01;07;29;00;000;ADQUISICIÓN DE ACTIVOS NO FINANCIEROS;24211;0
19;01;07;29;05;000;Máquinas y Equipos;2212;0
19;01;07;29;06;000;Equipos Informáticos;9705;0
19;01;07;29;07;000;Programas Informáticos;12294;0
19;01;07;34;00;000;SERVICIO DE LA DEUDA;10;0
19;01;07;34;07;000;Deuda Flotante;10;0
19;01;07;35;00;000;SALDO FINAL DE CAJA;10;0
19;01;08;05;00;000;TRANSFERENCIAS CORRIENTES;10;0
19;01;08;05;02;000;Del Gobierno Central;10;0
19;01;08;05;02;201;Recuperación de Licencias Médicas - FONASA;10;0
19;01;08;08;00;000;OTROS INGRESOS CORRIENTES;59050;0
19;01;08;08;01;000;Recuperaciones y Reembolsos por Licencias Médicas;31644;0
19;01;08;08;02;000;Multas y Sanciones Pecuniarias;27108;0
19;01;08;08;99;000;Otros;298;0
19;01;08;09;00;000;APORTE FISCAL;8866340;0
19;01;08;09;01;000;Libre;8866340;0
19;01;08;12;00;000;RECUPERACIÓN DE PRÉSTAMOS;10;0
19;01;08;12;10;000;Ingresos por Percibir;10;0
19;01;08;15;00;000;SALDO INICIAL DE CAJA;10;0
19;01;08;21;00;000;GASTOS EN PERSONAL;3950367;0
19;01;08;22;00;000;BIENES Y SERVICIOS DE CONSUMO;515132;0
19;01;08;23;00;000;PRESTACIONES DE SEGURIDAD SOCIAL;10;0
19;01;08;23;03;000;Prestaciones Sociales del Empleador;10;0
19;01;08;25;00;000;INTEGROS AL FISCO;45208;0
19;01;08;25;99;000;Otros Integros al Fisco;45208;0
19;01;08;29;00;000;ADQUISICIÓN DE ACTIVOS NO FINANCIEROS;163508;0
19;01;08;29;06;000;Equipos Informáticos;9671;0
19;01;08;29;07;000;Programas Informáticos;153837;0
19;01;08;31;00;000;INICIATIVAS DE INVERSIÓN;4251175;0
19;01;08;31;01;000;Estudios Básicos;2356816;0
19;01;08;31;02;000;Proyectos;1894359;0
19;01;08;34;00;000;SERVICIO DE LA DEUDA;10;0
19;01;08;34;07;000;Deuda Flotante;10;0
19;01;08;35;00;000;SALDO FINAL DE CAJA;10;0
19;01;09;05;00;000;TRANSFERENCIAS CORRIENTES;10;0
19;01;09;05;02;000;Del Gobierno Central;10;0
19;01;09;05;02;201;Recuperación de Licencias Médicas - FONASA;10;0
19;01;09;07;00;000;INGRESOS DE OPERACIÓN;1005191;0
19;01;09;08;00;000;OTROS INGRESOS CORRIENTES;33752;0
19;01;09;08;01;000;Recuperaciones y Reembolsos por Licencias Médicas;32494;0
19;01;09;08;02;000;Multas y Sanciones Pecuniarias;10;0
19;01;09;08;99;000;Otros;1248;0
19;01;09;09;00;000;APORTE FISCAL;2775801;0
19;01;09;09;01;000;Libre;2775801;0
19;01;09;12;00;000;RECUPERACIÓN DE PRÉSTAMOS;10;0
19;01;09;12;10;000;Ingresos por Percibir;10;0
19;01;09;15;00;000;SALDO INICIAL DE CAJA;10;0
19;01;09;21;00;000;GASTOS EN PERSONAL;2115218;0
19;01;09;22;00;000;BIENES Y SERVICIOS DE CONSUMO;1219626;0
19;01;09;23;00;000;PRESTACIONES DE SEGURIDAD SOCIAL;10;0
19;01;09;23;03;000;Prestaciones Sociales del Empleador;10;0
19;01;09;25;00;000;INTEGROS AL FISCO;194235;0
19;01;09;25;01;000;Impuestos;160493;0
19;01;09;25;99;000;Otros Integros al Fisco;33742;0
19;01;09;29;00;000;ADQUISICIÓN DE ACTIVOS NO FINANCIEROS;285665;0
19;01;09;29;05;000;Máquinas y Equipos;180318;0
19;01;09;29;06;000;Equipos Informáticos;11831;0
19;01;09;29;07;000;Programas Informáticos;93516;0
19;01;09;34;00;000;SERVICIO DE LA DEUDA;10;0
19;01;09;34;07;000;Deuda Flotante;10;0
19;01;09;35;00;000;SALDO FINAL DE CAJA;10;0
19;01;10;05;00;000;TRANSFERENCIAS CORRIENTES;10;0
19;01;10;05;02;000;Del Gobierno Central;10;0
19;01;10;05;02;201;Recuperación de Licencias Médicas - FONASA;10;0
19;01;10;08;00;000;OTROS INGRESOS CORRIENTES;122210;0
19;01;10;08;01;000;Recuperaciones y Reembolsos por Licencias Médicas;120120;0
19;01;10;08;02;000;Multas y Sanciones Pecuniarias;1237;0
19;01;10;08;99;000;Otros;853;0
19;01;10;09;00;000;APORTE FISCAL;11684079;0
19;01;10;09;01;000;Libre;11684079;0
19;01;10;12;00;000;RECUPERACIÓN DE PRÉSTAMOS;10;0
19;01;10;12;10;000;Ingresos por Percibir;10;0
19;01;10;15;00;000;SALDO INICIAL DE CAJA;10;0
19;01;10;21;00;000;GASTOS EN PERSONAL;9195158;0
19;01;10;22;00;000;BIENES Y SERVICIOS DE CONSUMO;1893462;0
19;01;10;23;00;000;PRESTACIONES DE SEGURIDAD SOCIAL;10;0
19;01;10;23;03;000;Prestaciones Sociales del Empleador;10;0
19;01;10;25;00;000;INTEGROS AL FISCO;122200;0
19;01;10;25;99;000;Otros Integros al Fisco;122200;0
19;01;10;29;00;000;ADQUISICIÓN DE ACTIVOS NO FINANCIEROS;595469;0
19;01;10;29;07;000;Programas Informáticos;595469;0
19;01;10;34;00;000;SERVICIO DE LA DEUDA;10;0
19;01;10;34;07;000;Deuda Flotante;10;0
19;01;10;35;00;000;SALDO FINAL DE CAJA;10;0
19;02;01;05;00;000;TRANSFERENCIAS CORRIENTES;16393717;0
19;02;01;05;02;000;Del Gobierno Central;16393717;0
19;02;01;05;02;001;Subsecretaría de Educación;16393707;0
19;02;01;05;02;201;Recuperación de Licencias Médicas - FONASA;10;0
19;02;01;08;00;000;OTROS INGRESOS CORRIENTES;86231;0
19;02;01;08;01;000;Recuperaciones y Reembolsos por Licencias Médicas;10;0
19;02;01;08;02;000;Multas y Sanciones Pecuniarias;10;0
19;02;01;08;99;000;Otros;86211;0
19;02;01;09;00;000;APORTE FISCAL;22009275;0
19;02;01;09;01;000;Libre;22009275;0
19;02;01;12;00;000;RECUPERACIÓN DE PRÉSTAMOS;10;0
19;02;01;12;10;000;Ingresos por Percibir;10;0
19;02;01;15;00;000;SALDO INICIAL DE CAJA;10;0
19;02;01;21;00;000;GASTOS EN PERSONAL;12985515;0
19;02;01;22;00;000;BIENES Y SERVICIOS DE CONSUMO;1360018;0
19;02;01;23;00;000;PRESTACIONES DE SEGURIDAD SOCIAL;10;0
19;02;01;23;03;000;Prestaciones Sociales del Empleador;10;0
19;02;01;24;00;000;TRANSFERENCIAS CORRIENTES;16925110;0
19;02;01;24;07;000;A Organismos Internacionales;17209;0
19;02;01;24;07;002;Organización Internacional del Trabajo;17209;0
19;02;01;24;08;000;A Instituciones Privadas Ejecutoras de Políticas Públicas;16907901;0
19;02;01;24;08;039;Fondo de Desarrollo de las Telecomunicaciones;16907901;0
19;02;01;25;00;000;INTEGROS AL FISCO;86241;0
19;02;01;25;99;000;Otros Integros al Fisco;86241;0
19;02;01;29;00;000;ADQUISICIÓN DE ACTIVOS NO FINANCIEROS;1199324;0
19;02;01;29;05;000;Máquinas y Equipos;46296;0
19;02;01;29;06;000;Equipos Informáticos;20576;0
19;02;01;29;07;000;Programas Informáticos;1132452;0
19;02;01;33;00;000;TRANSFERENCIAS DE CAPITAL;5933005;0
19;02;01;33;01;000;Al Sector Privado;5933005;0
19;02;01;33;01;039;Fondo de Desarrollo de las Telecomunicaciones;5933005;0
19;02;01;34;00;000;SERVICIO DE LA DEUDA;10;0
19;02;01;34;07;000;Deuda Flotante;10;0
19;02;01;35;00;000;SALDO FINAL DE CAJA;10;0
19;03;01;05;00;000;TRANSFERENCIAS CORRIENTES;10;0
19;03;01;05;02;000;Del Gobierno Central;10;0
19;03;01;05;02;201;Recuperación de Licencias Médicas - FONASA;10;0
19;03;01;08;00;000;OTROS INGRESOS CORRIENTES;8722;0
19;03;01;08;01;000;Recuperaciones y Reembolsos por Licencias Médicas;8702;0
19;03;01;08;02;000;Multas y Sanciones Pecuniarias;10;0
19;03;01;08;99;000;Otros;10;0
19;03;01;09;00;000;APORTE FISCAL;1504966;0
19;03;01;09;01;000;Libre;1504966;0
19;03;01;12;00;000;RECUPERACIÓN DE PRÉSTAMOS;10;0
19;03;01;12;10;000;Ingresos por Percibir;10;0
19;03;01;15;00;000;SALDO INICIAL DE CAJA;10;0
19;03;01;21;00;000;GASTOS EN PERSONAL;1327855;0
19;03;01;22;00;000;BIENES Y SERVICIOS DE CONSUMO;150853;0
19;03;01;23;00;000;PRESTACIONES DE SEGURIDAD SOCIAL;10;0
19;03;01;23;03;000;Prestaciones Sociales del Empleador;10;0
19;03;01;24;00;000;TRANSFERENCIAS CORRIENTES;18823;0
19;03;01;24;02;000;Al Gobierno Central;18823;0
19;03;01;24;02;001;Convenio de Atención de Usuarios;18823;0
19;03;01;25;00;000;INTEGROS AL FISCO;8732;0
19;03;01;25;99;000;Otros Integros al Fisco;8732;0
19;03;01;29;00;000;ADQUISICIÓN DE ACTIVOS NO FINANCIEROS;7425;0
19;03;01;29;07;000;Programas Informáticos;7425;0
19;03;01;34;00;000;SERVICIO DE LA DEUDA;10;0
19;03;01;34;07;000;Deuda Flotante;10;0
19;03;01;35;00;000;SALDO FINAL DE CAJA;10;0
20;01;01;05;00;000;TRANSFERENCIAS CORRIENTES;10;0
20;01;01;05;02;000;Del Gobierno Central;10;0
20;01;01;05;02;201;Recuperación de Licencias Médicas - FONASA;10;0
20;01;01;08;00;000;OTROS INGRESOS CORRIENTES;303998;0
20;01;01;08;01;000;Recuperaciones y Reembolsos por Licencias Médicas;303998;0
20;01;01;09;00;000;APORTE FISCAL;27154767;0
20;01;01;09;01;000;Libre;27154767;0
20;01;01;15;00;000;SALDO INICIAL DE CAJA;20;0
20;01;01;21;00;000;GASTOS EN PERSONAL;17912049;0
20;01;01;22;00;000;BIENES Y SERVICIOS DE CONSUMO;2884523;0
20;01;01;23;00;000;PRESTACIONES DE SEGURIDAD SOCIAL;10;0
20;01;01;23;03;000;Prestaciones Sociales del Empleador;10;0
20;01;01;24;00;000;TRANSFERENCIAS CORRIENTES;6122661;0
20;01;01;24;01;000;Al Sector Privado;4073475;0
20;01;01;24;01;316;Fondo de Fomento de Medios  de Comunicación  Regionales , Provinciales y Comunales;2547366;0
20;01;01;24;01;318;Fondo de Fortalecimiento  de Organizaciones y Asociaciones de Interés Público (Ley N 20.500);1526109;0
20;01;01;24;09;000;A Unidades o Programas del Servicio;2049186;0
20;01;01;24;09;313;División  de Organizaciones Sociales;457395;0
20;01;01;24;09;314;Secretaría  de Comunicaciones;613000;0
20;01;01;24;09;315;Seguimiento de Políticas Públicas y Gestión Institucional;625298;0
20;01;01;24;09;316;Fondo de Fomento de Medios  de Comunicación Regionales Provinciales y Comunales;129951;0
20;01;01;24;09;318;Fondo de Fortalecimiento  de Organizaciones  y Asociaciones de Interés  Público (Ley N°20.500);132009;0
20;01;01;24;09;319;Observatorio de  Participación Ciudadana y No Discriminación;91533;0
20;01;01;25;00;000;INTEGROS AL FISCO;304008;0
20;01;01;25;99;000;Otros Integros al Fisco;304008;0
20;01;01;29;00;000;ADQUISICIÓN DE ACTIVOS NO FINANCIEROS;235524;0
20;01;01;29;07;000;Programas Informáticos;235524;0
20;01;01;34;00;000;SERVICIO DE LA DEUDA;10;0
20;01;01;34;07;000;Deuda Flotante;10;0
20;01;01;35;00;000;SALDO FINAL DE CAJA;10;0
20;02;01;05;00;000;TRANSFERENCIAS CORRIENTES;5756650;0
20;02;01;05;02;000;Del Gobierno Central;5756650;0
20;02;01;05;02;001;Subsecretaría de las Culturas y las Artes, Programa 01;5756640;0
20;02;01;05;02;201;Recuperación de Licencias Médicas - FONASA;10;0
20;02;01;08;00;000;OTROS INGRESOS CORRIENTES;112327;0
20;02;01;08;01;000;Recuperaciones y Reembolsos por Licencias Médicas;112327;0
20;02;01;09;00;000;APORTE FISCAL;5725883;0
20;02;01;09;01;000;Libre;5725883;0
20;02;01;15;00;000;SALDO INICIAL DE CAJA;20;0
20;02;01;21;00;000;GASTOS EN PERSONAL;4640369;0
20;02;01;22;00;000;BIENES Y SERVICIOS DE CONSUMO;957980;0
20;02;01;23;00;000;PRESTACIONES DE SEGURIDAD SOCIAL;10;0
20;02;01;23;03;000;Prestaciones Sociales del Empleador;10;0
20;02;01;24;00;000;TRANSFERENCIAS CORRIENTES;5756640;0
20;02;01;24;01;000;Al Sector Privado;4819716;0
20;02;01;24;01;560;Fondo de Apoyo a Programas Culturales;4819716;0
20;02;01;24;03;000;A Otras Entidades Públicas;733438;0
20;02;01;24;03;563;Programa de Televisión Cultural y Educativa CNTV Infantil (ex Novasur);733438;0
20;02;01;24;09;000;A Unidades o Programas del Servicio;203486;0
20;02;01;24;09;560;Fondo de Apoyo a Programas Culturales;203486;0
20;02;01;25;00;000;INTEGROS AL FISCO;112337;0
20;02;01;25;99;000;Otros Integros al Fisco;112337;0
20;02;01;29;00;000;ADQUISICIÓN DE ACTIVOS NO FINANCIEROS;127524;0
20;02;01;29;06;000;Equipos Informáticos;81967;0
20;02;01;29;07;000;Programas Informáticos;45557;0
20;02;01;34;00;000;SERVICIO DE LA DEUDA;10;0
20;02;01;34;07;000;Deuda Flotante;10;0
20;02;01;35;00;000;SALDO FINAL DE CAJA;10;0
21;01;01;05;00;000;TRANSFERENCIAS CORRIENTES;10;0
21;01;01;05;02;000;Del Gobierno Central;10;0
21;01;01;05;02;201;Recuperación de Licencias Médicas - FONASA;10;0
21;01;01;08;00;000;OTROS INGRESOS CORRIENTES;30;0
21;01;01;08;01;000;Recuperaciones y Reembolsos por Licencias Médicas;10;0
21;01;01;08;02;000;Multas y Sanciones Pecuniarias;10;0
21;01;01;08;99;000;Otros;10;0
21;01;01;09;00;000;APORTE FISCAL;93614040;0
21;01;01;09;01;000;Libre;89286121;0
21;01;01;09;02;000;Servicio de la Deuda Interna;1728131;0
21;01;01;09;03;000;Servicio de la Deuda Externa;2599788;0
21;01;01;10;00;000;VENTA DE ACTIVOS NO FINANCIEROS;10;0
21;01;01;10;03;000;Vehículos;10;0
21;01;01;12;00;000;RECUPERACIÓN DE PRÉSTAMOS;10;0
21;01;01;12;10;000;Ingresos por Percibir;10;0
21;01;01;15;00;000;SALDO INICIAL DE CAJA;10;0
21;01;01;21;00;000;GASTOS EN PERSONAL;38099271;0
21;01;01;22;00;000;BIENES Y SERVICIOS DE CONSUMO;4238613;0
21;01;01;23;00;000;PRESTACIONES DE SEGURIDAD SOCIAL;10;0
21;01;01;23;03;000;Prestaciones Sociales del Empleador;10;0
21;01;01;24;00;000;TRANSFERENCIAS CORRIENTES;46443126;0
21;01;01;24;01;000;Al Sector Privado;4658407;0
21;01;01;24;01;321;Fundación de las Familias;840530;0
21;01;01;24;01;322;Subsidio a la Calefacción;3817877;0
21;01;01;24;03;000;A Otras Entidades Públicas;38972511;0
21;01;01;24;03;341;Sistema de Apoyo a la Selección de Beneficios Sociales;5521362;0
21;01;01;24;03;342;Apoyo, Monitoreo y Supervisión a la Gestión Territorial;226336;0
21;01;01;24;03;414;Programa Vivienda Primero;7565461;0
21;01;01;24;03;998;Programa Noche Digna;25659352;0
21;01;01;24;09;000;A Unidades o Programas del Servicio;2812208;0
21;01;01;24;09;003;Elige Vivir Sano;709246;0
21;01;01;24;09;005;Programa Red Integral de Protección Social;303195;0
21;01;01;24;09;006;Programa de Apoyo a la Selección de Beneficios Sociales;1298624;0
21;01;01;24;09;007;Comisión para la Paz y el Entendimiento;501143;0
21;01;01;25;00;000;INTEGROS AL FISCO;10;0
21;01;01;25;99;000;Otros Integros al Fisco;10;0
21;01;01;29;00;000;ADQUISICIÓN DE ACTIVOS NO FINANCIEROS;505141;0
21;01;01;29;03;000;Vehículos;180040;0
21;01;01;29;07;000;Programas Informáticos;325101;0
21;01;01;34;00;000;SERVICIO DE LA DEUDA;4327929;0
21;01;01;34;01;000;Amortización Deuda Interna;942485;0
21;01;01;34;03;000;Intereses Deuda Interna;785646;0
21;01;01;34;04;000;Intereses Deuda Externa;2599788;0
21;01;01;34;07;000;Deuda Flotante;10;0
21;01;01;35;00;000;SALDO FINAL DE CAJA;10;0
21;01;05;08;00;000;OTROS INGRESOS CORRIENTES;10;0
21;01;05;08;99;000;Otros;10;0
21;01;05;09;00;000;APORTE FISCAL;186534821;0
21;01;05;09;01;000;Libre;186534821;0
21;01;05;12;00;000;RECUPERACIÓN DE PRÉSTAMOS;10;0
21;01;05;12;10;000;Ingresos por Percibir;10;0
21;01;05;15;00;000;SALDO INICIAL DE CAJA;10;0
21;01;05;24;00;000;TRANSFERENCIAS CORRIENTES;168299643;0
21;01;05;24;01;000;Al Sector Privado;99584863;0
21;01;05;24;01;010;Programa Bonificación Ley N°20.595;71015730;0
21;01;05;24;01;337;Bonos Art. 2° Transitorio, Ley N° 19.949;28569133;0
21;01;05;24;02;000;Al Gobierno Central;51667949;0
21;01;05;24;02;010;Programa de Ayudas Técnicas - SENADIS;1273127;0
21;01;05;24;02;012;Programas de Alimentación - JUNAEB;4275496;0
21;01;05;24;02;014;Programas de Acompañamiento Familiar y Comunitario - FOSIS;43624084;0
21;01;05;24;02;015;INTEGRA - Subsecretaría de Educación Parvularia;1973689;0
21;01;05;24;02;340;Programa de Apoyo Integral al Adulto Mayor - SENAMA;521553;0
21;01;05;24;03;000;A Otras Entidades Públicas;17046831;0
21;01;05;24;03;340;Programa de Apoyo Integral al Adulto Mayor Chile Solidario;11544477;0
21;01;05;24;03;343;Programa de Apoyo a Personas en Situación de Calle;3590713;0
21;01;05;24;03;344;Programa de Apoyo a Familias para el Autoconsumo;1382175;0
21;01;05;24;03;997;Centros para Niños(as) con Cuidadores Principales Temporeras(os);529466;0
21;01;05;25;00;000;INTEGROS AL FISCO;10;0
21;01;05;25;99;000;Otros Integros al Fisco;10;0
21;01;05;33;00;000;TRANSFERENCIAS DE CAPITAL;18235178;0
21;01;05;33;02;000;Al Gobierno Central;18235178;0
21;01;05;33;02;014;Programas de Generación de Ingresos Autónomos - FOSIS;18235178;0
21;01;05;34;00;000;SERVICIO DE LA DEUDA;10;0
21;01;05;34;07;000;Deuda Flotante;10;0
21;01;05;35;00;000;SALDO FINAL DE CAJA;10;0
21;01;08;08;00;000;OTROS INGRESOS CORRIENTES;10;0
21;01;08;08;99;000;Otros;10;0
21;01;08;09;00;000;APORTE FISCAL;159427021;0
21;01;08;09;01;000;Libre;159427021;0
21;01;08;15;00;000;SALDO INICIAL DE CAJA;10;0
21;01;08;24;00;000;TRANSFERENCIAS CORRIENTES;159427011;0
21;01;08;24;01;000;Al Sector Privado;13112421;0
21;01;08;24;01;352;Programa Pago Cuidadores de Personas con Discapacidad;13112421;0
21;01;08;24;02;000;Al Gobierno Central;77938217;0
21;01;08;24;02;002;Programas de Cuidados SENADIS;29831417;0
21;01;08;24;02;003;Programas de Cuidados SENAMA;48106800;0
21;01;08;24;03;000;A Otras Entidades Públicas;66205391;0
21;01;08;24;03;351;Red Local de Apoyos y Cuidados;59003635;0
21;01;08;24;03;354;Centros Comunitarios de Cuidado;7201756;0
21;01;08;24;09;000;A Unidades o Programas del Servicio;2170982;0
21;01;08;24;09;001;Apoyo al Sistema Nacional de Cuidados;657656;0
21;01;08;24;09;002;Chile te Cuida;1513326;0
21;01;08;25;00;000;INTEGROS AL FISCO;10;0
21;01;08;25;99;000;Otros Integros al Fisco;10;0
21;01;08;34;00;000;SERVICIO DE LA DEUDA;10;0
21;01;08;34;07;000;Deuda Flotante;10;0
21;01;08;35;00;000;SALDO FINAL DE CAJA;10;0
21;02;01;05;00;000;TRANSFERENCIAS CORRIENTES;10;0
21;02;01;05;02;000;Del Gobierno Central;10;0
21;02;01;05;02;201;Recuperación de Licencias Médicas - FONASA;10;0
21;02;01;08;00;000;OTROS INGRESOS CORRIENTES;30;0
21;02;01;08;01;000;Recuperaciones y Reembolsos por Licencias Médicas;10;0
21;02;01;08;02;000;Multas y Sanciones Pecuniarias;10;0
21;02;01;08;99;000;Otros;10;0
21;02;01;09;00;000;APORTE FISCAL;26028058;0
21;02;01;09;01;000;Libre;26028058;0
21;02;01;10;00;000;VENTA DE ACTIVOS NO FINANCIEROS;10;0
21;02;01;10;03;000;Vehículos;10;0
21;02;01;12;00;000;RECUPERACIÓN DE PRÉSTAMOS;10;0
21;02;01;12;10;000;Ingresos por Percibir;10;0
21;02;01;15;00;000;SALDO INICIAL DE CAJA;10;0
21;02;01;21;00;000;GASTOS EN PERSONAL;20982312;0
21;02;01;22;00;000;BIENES Y SERVICIOS DE CONSUMO;3865564;0
21;02;01;23;00;000;PRESTACIONES DE SEGURIDAD SOCIAL;10;0
21;02;01;23;03;000;Prestaciones Sociales del Empleador;10;0
21;02;01;24;00;000;TRANSFERENCIAS CORRIENTES;477729;0
21;02;01;24;01;000;Al Sector Privado;477729;0
21;02;01;24;01;548;Innova FOSIS - Compromiso País;477729;0
21;02;01;25;00;000;INTEGROS AL FISCO;10;0
21;02;01;25;99;000;Otros Integros al Fisco;10;0
21;02;01;26;00;000;OTROS GASTOS CORRIENTES;10;0
21;02;01;26;02;000;Compensaciones por Daños a Terceros y/o a la Propiedad;10;0
21;02;01;29;00;000;ADQUISICIÓN DE ACTIVOS NO FINANCIEROS;702473;0
21;02;01;29;07;000;Programas Informáticos;702473;0
21;02;01;34;00;000;SERVICIO DE LA DEUDA;10;0
21;02;01;34;07;000;Deuda Flotante;10;0
21;02;01;35;00;000;SALDO FINAL DE CAJA;10;0
21;02;03;05;00;000;TRANSFERENCIAS CORRIENTES;10;0
21;02;03;05;02;000;Del Gobierno Central;10;0
21;02;03;05;02;201;Recuperación de Licencias Médicas - FONASA;10;0
21;02;03;08;00;000;OTROS INGRESOS CORRIENTES;30;0
21;02;03;08;01;000;Recuperaciones y Reembolsos por Licencias Médicas;10;0
21;02;03;08;02;000;Multas y Sanciones Pecuniarias;10;0
21;02;03;08;99;000;Otros;10;0
21;02;03;09;00;000;APORTE FISCAL;19230388;0
21;02;03;09;01;000;Libre;19230388;0
21;02;03;13;00;000;TRANSFERENCIAS PARA GASTOS DE CAPITAL;18235178;0
21;02;03;13;02;000;Del Gobierno Central;18235178;0
21;02;03;13;02;100;Subsistema Seguridades y Oportunidades - Subsecretaría de Servicios Sociales;18235178;0
21;02;03;15;00;000;SALDO INICIAL DE CAJA;10;0
21;02;03;21;00;000;GASTOS EN PERSONAL;2107051;0
21;02;03;22;00;000;BIENES Y SERVICIOS DE CONSUMO;135278;0
21;02;03;25;00;000;INTEGROS AL FISCO;10;0
21;02;03;25;99;000;Otros Integros al Fisco;10;0
21;02;03;33;00;000;TRANSFERENCIAS DE CAPITAL;35223257;0
21;02;03;33;01;000;Al Sector Privado;35223257;0
21;02;03;33;01;004;Acceso al Microcrédito;1060693;0
21;02;03;33;01;005;Emprendamos;11310772;0
21;02;03;33;01;006;Emprendamos Semilla;21822992;0
21;02;03;33;01;046;Chile Trabaja;1028800;0
21;02;03;34;00;000;SERVICIO DE LA DEUDA;10;0
21;02;03;34;07;000;Deuda Flotante;10;0
21;02;03;35;00;000;SALDO FINAL DE CAJA;10;0
21;02;04;05;00;000;TRANSFERENCIAS CORRIENTES;43624094;0
21;02;04;05;02;000;Del Gobierno Central;43624094;0
21;02;04;05;02;002;Subsistema Seguridades y Oportunidades - Subsecretaría de Servicios Sociales;43624084;0
21;02;04;05;02;201;Recuperación de Licencias Médicas - FONASA;10;0
21;02;04;08;00;000;OTROS INGRESOS CORRIENTES;30;0
21;02;04;08;01;000;Recuperaciones y Reembolsos por Licencias Médicas;10;0
21;02;04;08;02;000;Multas y Sanciones Pecuniarias;10;0
21;02;04;08;99;000;Otros;10;0
21;02;04;09;00;000;APORTE FISCAL;8108035;0
21;02;04;09;01;000;Libre;8108035;0
21;02;04;15;00;000;SALDO INICIAL DE CAJA;10;0
21;02;04;21;00;000;GASTOS EN PERSONAL;7377994;0
21;02;04;22;00;000;BIENES Y SERVICIOS DE CONSUMO;54253;0
21;02;04;24;00;000;TRANSFERENCIAS CORRIENTES;43624084;0
21;02;04;24;03;000;A Otras Entidades Públicas;41537280;0
21;02;04;24;03;335;Programa de Acompañamiento Familiar Integral;27002604;0
21;02;04;24;03;336;Programa Habitabilidad;14534676;0
21;02;04;24;09;000;A Unidades o Programas del Servicio;2086804;0
21;02;04;24;09;336;Asistencia Técnica al Programa Habitabilidad;1385650;0
21;02;04;24;09;337;Asistencia Técnica al Programa Apoyo a la Seguridad Alimentaria;701154;0
21;02;04;25;00;000;INTEGROS AL FISCO;10;0
21;02;04;25;99;000;Otros Integros al Fisco;10;0
21;02;04;33;00;000;TRANSFERENCIAS DE CAPITAL;675808;0
21;02;04;33;03;000;A Otras Entidades Públicas;675808;0
21;02;04;33;03;004;Comunidades Solidarias;675808;0
21;02;04;34;00;000;SERVICIO DE LA DEUDA;10;0
21;02;04;34;07;000;Deuda Flotante;10;0
21;02;04;35;00;000;SALDO FINAL DE CAJA;10;0
21;05;01;05;00;000;TRANSFERENCIAS CORRIENTES;10;0
21;05;01;05;02;000;Del Gobierno Central;10;0
21;05;01;05;02;201;Recuperación de Licencias Médicas - FONASA;10;0
21;05;01;08;00;000;OTROS INGRESOS CORRIENTES;30;0
21;05;01;08;01;000;Recuperaciones y Reembolsos por Licencias Médicas;10;0
21;05;01;08;02;000;Multas y Sanciones Pecuniarias;10;0
21;05;01;08;99;000;Otros;10;0
21;05;01;09;00;000;APORTE FISCAL;2571535;0
21;05;01;09;01;000;Libre;2571535;0
21;05;01;15;00;000;SALDO INICIAL DE CAJA;10;0
21;05;01;21;00;000;GASTOS EN PERSONAL;2184330;0
21;05;01;22;00;000;BIENES Y SERVICIOS DE CONSUMO;365966;0
21;05;01;23;00;000;PRESTACIONES DE SEGURIDAD SOCIAL;10;0
21;05;01;23;03;000;Prestaciones Sociales del Empleador;10;0
21;05;01;25;00;000;INTEGROS AL FISCO;10;0
21;05;01;25;99;000;Otros Integros al Fisco;10;0
21;05;01;29;00;000;ADQUISICIÓN DE ACTIVOS NO FINANCIEROS;21249;0
21;05;01;29;07;000;Programas Informáticos;21249;0
21;05;01;34;00;000;SERVICIO DE LA DEUDA;10;0
21;05;01;34;07;000;Deuda Flotante;10;0
21;05;01;35;00;000;SALDO FINAL DE CAJA;10;0
21;06;01;05;00;000;TRANSFERENCIAS CORRIENTES;2925266;0
21;06;01;05;02;000;Del Gobierno Central;2925266;0
21;06;01;05;02;003;Servicio Nacional del Patrimonio Cultural, Programa 01;2925256;0
21;06;01;05;02;201;Recuperación de Licencias Médicas - FONASA;10;0
21;06;01;08;00;000;OTROS INGRESOS CORRIENTES;30;0
21;06;01;08;01;000;Recuperaciones y Reembolsos por Licencias Médicas;10;0
21;06;01;08;02;000;Multas y Sanciones Pecuniarias;10;0
21;06;01;08;99;000;Otros;10;0
21;06;01;09;00;000;APORTE FISCAL;122865194;0
21;06;01;09;01;000;Libre;122865194;0
21;06;01;10;00;000;VENTA DE ACTIVOS NO FINANCIEROS;10;0
21;06;01;10;03;000;Vehículos;10;0
21;06;01;12;00;000;RECUPERACIÓN DE PRÉSTAMOS;10;0
21;06;01;12;10;000;Ingresos por Percibir;10;0
21;06;01;15;00;000;SALDO INICIAL DE CAJA;10;0
21;06;01;21;00;000;GASTOS EN PERSONAL;17532065;0
21;06;01;22;00;000;BIENES Y SERVICIOS DE CONSUMO;2948117;0
21;06;01;23;00;000;PRESTACIONES DE SEGURIDAD SOCIAL;10;0
21;06;01;23;03;000;Prestaciones Sociales del Empleador;10;0
21;06;01;24;00;000;TRANSFERENCIAS CORRIENTES;18274005;0
21;06;01;24;01;000;Al Sector Privado;10348827;0
21;06;01;24;01;576;Fondo de Desarrollo Indígena;6981766;0
21;06;01;24;01;579;Fondo de Cultura y Educación Indígena;2925256;0
21;06;01;24;01;600;Turismo y Pueblos Indígenas;441805;0
21;06;01;24;02;000;Al Gobierno Central;6222480;0
21;06;01;24;02;003;Instituto de Desarrollo Agropecuario;5460162;0
21;06;01;24;02;004;Subsecretaría de Bienes Nacionales;591038;0
21;06;01;24;02;005;Corporación de Fomento de la Producción;171280;0
21;06;01;24;03;000;A Otras Entidades Públicas;901157;0
21;06;01;24;03;887;Programa de Apoyo al Turismo y Pueblos Indígenas;615177;0
21;06;01;24;03;889;Instrumentos Cofinanciados de Apoyo al Fondo de Desarrollo Indígena;285980;0
21;06;01;24;09;000;A Unidades o Programas del Servicio;801541;0
21;06;01;24;09;001;Consultas a los Pueblos Indígenas;801541;0
21;06;01;25;00;000;INTEGROS AL FISCO;10;0
21;06;01;25;99;000;Otros Integros al Fisco;10;0
21;06;01;26;00;000;OTROS GASTOS CORRIENTES;10;0
21;06;01;26;02;000;Compensaciones por Daños a Terceros y/o a la Propiedad;10;0
21;06;01;29;00;000;ADQUISICIÓN DE ACTIVOS NO FINANCIEROS;449776;0
21;06;01;29;06;000;Equipos Informáticos;30600;0
21;06;01;29;07;000;Programas Informáticos;419176;0
21;06;01;33;00;000;TRANSFERENCIAS DE CAPITAL;86586507;0
21;06;01;33;01;000;Al Sector Privado;75237753;0
21;06;01;33;01;043;Fondo de Tierras y Aguas Indígenas;66810804;0
21;06;01;33;01;045;Programa Chile Indígena;8426949;0
21;06;01;33;02;000;Al Gobierno Central;4931875;0
21;06;01;33;02;003;Instituto de Desarrollo Agropecuario;4931875;0
21;06;01;33;03;000;A Otras Entidades Públicas;6416879;0
21;06;01;33;03;999;Programa de Apoyo al Fondo de Tierras y Aguas Indígenas;6416879;0
21;06;01;34;00;000;SERVICIO DE LA DEUDA;10;0
21;06;01;34;07;000;Deuda Flotante;10;0
21;06;01;35;00;000;SALDO FINAL DE CAJA;10;0
21;07;01;05;00;000;TRANSFERENCIAS CORRIENTES;31104554;0
21;07;01;05;02;000;Del Gobierno Central;31104554;0
21;07;01;05;02;001;Ley N° 20.595 y Sistema Chile Solidario;1273127;0
21;07;01;05;02;003;Sistema Nacional de Cuidados - Subsecretaría de Servicios Sociales;29831417;0
21;07;01;05;02;201;Recuperación de Licencias Médicas - FONASA;10;0
21;07;01;08;00;000;OTROS INGRESOS CORRIENTES;30;0
21;07;01;08;01;000;Recuperaciones y Reembolsos por Licencias Médicas;10;0
21;07;01;08;02;000;Multas y Sanciones Pecuniarias;10;0
21;07;01;08;99;000;Otros;10;0
21;07;01;09;00;000;APORTE FISCAL;12683201;0
21;07;01;09;01;000;Libre;12683201;0
21;07;01;15;00;000;SALDO INICIAL DE CAJA;10;0
21;07;01;21;00;000;GASTOS EN PERSONAL;8378380;0
21;07;01;22;00;000;BIENES Y SERVICIOS DE CONSUMO;964814;0
21;07;01;23;00;000;PRESTACIONES DE SEGURIDAD SOCIAL;10;0
21;07;01;23;03;000;Prestaciones Sociales del Empleador;10;0
21;07;01;24;00;000;TRANSFERENCIAS CORRIENTES;34353341;0
21;07;01;24;01;000;Al Sector Privado;1409002;0
21;07;01;24;01;001;Apoyo para Estudiantes de Educación Superior en Situación de Discapacidad;1409002;0
21;07;01;24;03;000;A Otras Entidades Públicas;26228684;0
21;07;01;24;03;004;Adultos con Discapacidad en Residencias;21826381;0
21;07;01;24;03;006;Fondo Nacional de Proyectos Inclusivos (FONAPI);1839795;0
21;07;01;24;03;007;Programa de Servicios de Apoyos para la Autonomía y Vida Independiente;2562508;0
21;07;01;24;09;000;A Unidades o Programas del Servicio;6715655;0
21;07;01;24;09;001;Programa Ayudas Técnicas Ley N°20.422;6715655;0
21;07;01;25;00;000;INTEGROS AL FISCO;10;0
21;07;01;25;99;000;Otros Integros al Fisco;10;0
21;07;01;29;00;000;ADQUISICIÓN DE ACTIVOS NO FINANCIEROS;91220;0
21;07;01;29;07;000;Programas Informáticos;91220;0
21;07;01;34;00;000;SERVICIO DE LA DEUDA;10;0
21;07;01;34;07;000;Deuda Flotante;10;0
21;07;01;35;00;000;SALDO FINAL DE CAJA;10;0
21;08;01;05;00;000;TRANSFERENCIAS CORRIENTES;48628363;0
21;08;01;05;02;000;Del Gobierno Central;48628363;0
21;08;01;05;02;001;Sistema Nacional de Cuidados - Subsecretaría de Servicios Sociales;48106800;0
21;08;01;05;02;003;Programa de Apoyo Integral al Adulto Mayor - Subsecretaría de Servicios Sociales;521553;0
21;08;01;05;02;201;Recuperación de Licencias Médicas - FONASA;10;0
21;08;01;08;00;000;OTROS INGRESOS CORRIENTES;30;0
21;08;01;08;01;000;Recuperaciones y Reembolsos por Licencias Médicas;10;0
21;08;01;08;02;000;Multas y Sanciones Pecuniarias;10;0
21;08;01;08;99;000;Otros;10;0
21;08;01;09;00;000;APORTE FISCAL;19751522;0
21;08;01;09;01;000;Libre;19751522;0
21;08;01;12;00;000;RECUPERACIÓN DE PRÉSTAMOS;10;0
21;08;01;12;10;000;Ingresos por Percibir;10;0
21;08;01;15;00;000;SALDO INICIAL DE CAJA;10;0
21;08;01;21;00;000;GASTOS EN PERSONAL;12350823;0
21;08;01;22;00;000;BIENES Y SERVICIOS DE CONSUMO;1332989;0
21;08;01;23;00;000;PRESTACIONES DE SEGURIDAD SOCIAL;10;0
21;08;01;23;03;000;Prestaciones Sociales del Empleador;10;0
21;08;01;24;00;000;TRANSFERENCIAS CORRIENTES;54349421;0
21;08;01;24;01;000;Al Sector Privado;4644265;0
21;08;01;24;01;001;Fondo Nacional del Adulto Mayor - Proyectos Autogestionados;4644265;0
21;08;01;24;03;000;A Otras Entidades Públicas;46125167;0
21;08;01;24;03;700;Fondo Nacional del Adulto Mayor;385750;0
21;08;01;24;03;716;Residencias Comunitarias para Personas Mayores;16738742;0
21;08;01;24;03;718;Programa de Viviendas y Apoyos para Personas Mayores;1650454;0
21;08;01;24;03;721;Programa Fondo Subsidio ELEAM;11314988;0
21;08;01;24;03;722;Programa de Cuidados Domiciliarios;3682588;0
21;08;01;24;03;723;Programa Centros Diurnos del Adulto Mayor;12352645;0
21;08;01;24;09;000;A Unidades o Programas del Servicio;3579989;0
21;08;01;24;09;001;Programa de Participación y Formación de Personas Mayores;1180579;0
21;08;01;24;09;004;Apoyo a la Gestión de Residencias Comunitarias para Personas Mayores;1337427;0
21;08;01;24;09;005;Apoyo a la Gestión de Programas para Personas Mayores;1029956;0
21;08;01;24;09;007;Servicio de Asistencia Técnica al Programa Vínculos;32027;0
21;08;01;25;00;000;INTEGROS AL FISCO;10;0
21;08;01;25;99;000;Otros Integros al Fisco;10;0
21;08;01;29;00;000;ADQUISICIÓN DE ACTIVOS NO FINANCIEROS;346662;0
21;08;01;29;07;000;Programas Informáticos;346662;0
21;08;01;34;00;000;SERVICIO DE LA DEUDA;10;0
21;08;01;34;07;000;Deuda Flotante;10;0
21;08;01;35;00;000;SALDO FINAL DE CAJA;10;0
21;09;01;05;00;000;TRANSFERENCIAS CORRIENTES;20;0
21;09;01;05;01;000;Del Sector Privado;10;0
21;09;01;05;01;001;Aplicación Ley N° 19.885;10;0
21;09;01;05;02;000;Del Gobierno Central;10;0
21;09;01;05;02;201;Recuperación de Licencias Médicas - FONASA;10;0
21;09;01;08;00;000;OTROS INGRESOS CORRIENTES;30;0
21;09;01;08;01;000;Recuperaciones y Reembolsos por Licencias Médicas;10;0
21;09;01;08;02;000;Multas y Sanciones Pecuniarias;10;0
21;09;01;08;99;000;Otros;10;0
21;09;01;09;00;000;APORTE FISCAL;27807961;0
21;09;01;09;01;000;Libre;27807961;0
21;09;01;12;00;000;RECUPERACIÓN DE PRÉSTAMOS;10;0
21;09;01;12;10;000;Ingresos por Percibir;10;0
21;09;01;15;00;000;SALDO INICIAL DE CAJA;10;0
21;09;01;21;00;000;GASTOS EN PERSONAL;13695726;0
21;09;01;22;00;000;BIENES Y SERVICIOS DE CONSUMO;2835822;0
21;09;01;23;00;000;PRESTACIONES DE SEGURIDAD SOCIAL;10;0
21;09;01;23;03;000;Prestaciones Sociales del Empleador;10;0
21;09;01;24;00;000;TRANSFERENCIAS CORRIENTES;9892473;0
21;09;01;24;01;000;Al Sector Privado;4198635;0
21;09;01;24;01;030;Aplicación Ley N° 19.885;10;0
21;09;01;24;01;033;Fundación Superación de la Pobreza;3311571;0
21;09;01;24;01;034;Iniciativas de Concurso para la Superación de la Pobreza;487054;0
21;09;01;24;01;035;Fundación Deportistas por un Sueño;400000;0
21;09;01;24;02;000;Al Gobierno Central;160978;0
21;09;01;24;02;001;Colaboración INE Encuesta;160978;0
21;09;01;24;09;000;A Unidades o Programas del Servicio;5532860;0
21;09;01;24;09;001;Encuesta CASEN;3488276;0
21;09;01;24;09;002;Encuesta de Niñez y Adolescencia (ENA);1854517;0
21;09;01;24;09;027;Sistema Nacional de Inversiones;190067;0
21;09;01;25;00;000;INTEGROS AL FISCO;10;0
21;09;01;25;99;000;Otros Integros al Fisco;10;0
21;09;01;29;00;000;ADQUISICIÓN DE ACTIVOS NO FINANCIEROS;1383970;0
21;09;01;29;06;000;Equipos Informáticos;228301;0
21;09;01;29;07;000;Programas Informáticos;1155669;0
21;09;01;34;00;000;SERVICIO DE LA DEUDA;10;0
21;09;01;34;07;000;Deuda Flotante;10;0
21;09;01;35;00;000;SALDO FINAL DE CAJA;10;0
21;10;01;05;00;000;TRANSFERENCIAS CORRIENTES;10;0
21;10;01;05;02;000;Del Gobierno Central;10;0
21;10;01;05;02;201;Recuperación de Licencias Médicas - FONASA;10;0
21;10;01;08;00;000;OTROS INGRESOS CORRIENTES;30;0
21;10;01;08;01;000;Recuperaciones y Reembolsos por Licencias Médicas;10;0
21;10;01;08;02;000;Multas y Sanciones Pecuniarias;10;0
21;10;01;08;99;000;Otros;10;0
21;10;01;09;00;000;APORTE FISCAL;3733584;0
21;10;01;09;01;000;Libre;3733584;0
21;10;01;12;00;000;RECUPERACIÓN DE PRÉSTAMOS;10;0
21;10;01;12;10;000;Ingresos por Percibir;10;0
21;10;01;15;00;000;SALDO INICIAL DE CAJA;10;0
21;10;01;21;00;000;GASTOS EN PERSONAL;3283703;0
21;10;01;22;00;000;BIENES Y SERVICIOS DE CONSUMO;400460;0
21;10;01;25;00;000;INTEGROS AL FISCO;10;0
21;10;01;25;99;000;Otros Integros al Fisco;10;0
21;10;01;29;00;000;ADQUISICIÓN DE ACTIVOS NO FINANCIEROS;49451;0
21;10;01;29;07;000;Programas Informáticos;49451;0
21;10;01;34;00;000;SERVICIO DE LA DEUDA;10;0
21;10;01;34;07;000;Deuda Flotante;10;0
21;10;01;35;00;000;SALDO FINAL DE CAJA;10;0
21;10;02;08;00;000;OTROS INGRESOS CORRIENTES;20;0
21;10;02;08;02;000;Multas y Sanciones Pecuniarias;10;0
21;10;02;08;99;000;Otros;10;0
21;10;02;09;00;000;APORTE FISCAL;115697484;0
21;10;02;09;01;000;Libre;115697484;0
21;10;02;12;00;000;RECUPERACIÓN DE PRÉSTAMOS;10;0
21;10;02;12;10;000;Ingresos por Percibir;10;0
21;10;02;15;00;000;SALDO INICIAL DE CAJA;10;0
21;10;02;24;00;000;TRANSFERENCIAS CORRIENTES;115697494;0
21;10;02;24;02;000;Al Gobierno Central;47408480;0
21;10;02;24;02;001;Programa de Apoyo al Desarrollo Biopsicosocial - Ministerio de Salud;25440415;0
21;10;02;24;02;002;Programa de Apoyo al Recién Nacido - Ministerio de Salud;16285849;0
21;10;02;24;02;007;Programa de Apoyo a la Salud Mental Infantil;5682216;0
21;10;02;24;03;000;A Otras Entidades Públicas;65008702;0
21;10;02;24;03;001;Fondo de Intervenciones de Apoyo al Desarrollo Infantil;10499955;0
21;10;02;24;03;004;Oficina Local de la Niñez;44455053;0
21;10;02;24;03;005;Programa Diagnóstico de Vulnerabilidad en Pre-escolares;77600;0
21;10;02;24;03;353;Ayudas Técnicas Chile Crece Contigo;2767961;0
21;10;02;24;03;986;Programa de Apoyo a Niños(as) y Adolescentes con un Adulto Significativo Privado de Libertad;7208133;0
21;10;02;24;08;000;A Instituciones Privadas Ejecutoras de Políticas Públicas;608920;0
21;10;02;24;08;001;Fono Infancia;608920;0
21;10;02;24;09;000;A Unidades o Programas del Servicio;2671392;0
21;10;02;24;09;001;Apoyo a la Implementación de Oficinas Locales de la Niñez;537170;0
21;10;02;24;09;002;Programa Educativo;2134222;0
21;10;02;25;00;000;INTEGROS AL FISCO;10;0
21;10;02;25;99;000;Otros Integros al Fisco;10;0
21;10;02;34;00;000;SERVICIO DE LA DEUDA;10;0
21;10;02;34;07;000;Deuda Flotante;10;0
21;10;02;35;00;000;SALDO FINAL DE CAJA;10;0
21;11;01;05;00;000;TRANSFERENCIAS CORRIENTES;10;0
21;11;01;05;02;000;Del Gobierno Central;10;0
21;11;01;05;02;201;Recuperación de Licencias Médicas - FONASA;10;0
21;11;01;08;00;000;OTROS INGRESOS CORRIENTES;30;0
21;11;01;08;01;000;Recuperaciones y Reembolsos por Licencias Médicas;10;0
21;11;01;08;02;000;Multas y Sanciones Pecuniarias;10;0
21;11;01;08;99;000;Otros;10;0
21;11;01;09;00;000;APORTE FISCAL;618296333;0
21;11;01;09;01;000;Libre;618296333;0
21;11;01;12;00;000;RECUPERACIÓN DE PRÉSTAMOS;10;0
21;11;01;12;10;000;Ingresos por Percibir;10;0
21;11;01;15;00;000;SALDO INICIAL DE CAJA;10;0
21;11;01;21;00;000;GASTOS EN PERSONAL;48900258;0
21;11;01;22;00;000;BIENES Y SERVICIOS DE CONSUMO;11175674;0
21;11;01;23;00;000;PRESTACIONES DE SEGURIDAD SOCIAL;10;0
21;11;01;23;03;000;Prestaciones Sociales del Empleador;10;0
21;11;01;24;00;000;TRANSFERENCIAS CORRIENTES;556525319;0
21;11;01;24;01;000;Al Sector Privado;553660110;0
21;11;01;24;01;001;Diagnóstico Clínico Especializado y Pericia;39655530;0
21;11;01;24;01;002;Intervenciones Ambulatorias de Reparación;291497107;0
21;11;01;24;01;003;Fortalecimiento y Vinculación;61912186;0
21;11;01;24;01;004;Cuidado Alternativo;160220510;0
21;11;01;24;01;005;Programas de Adopción;374777;0
21;11;01;24;07;000;A Organismos Internacionales;321191;0
21;11;01;24;07;002;Convenios con Organismos Internacionales;321191;0
21;11;01;24;09;000;A Unidades o Programas del Servicio;2544018;0
21;11;01;24;09;001;Transferencia Técnica a Organismos Colaboradores Acreditados;2544018;0
21;11;01;25;00;000;INTEGROS AL FISCO;10;0
21;11;01;25;99;000;Otros Integros al Fisco;10;0
21;11;01;26;00;000;OTROS GASTOS CORRIENTES;10;0
21;11;01;26;02;000;Compensaciones por Daños a Terceros y/o a la Propiedad;10;0
21;11;01;29;00;000;ADQUISICIÓN DE ACTIVOS NO FINANCIEROS;1695092;0
21;11;01;29;07;000;Programas Informáticos;1695092;0
21;11;01;34;00;000;SERVICIO DE LA DEUDA;10;0
21;11;01;34;07;000;Deuda Flotante;10;0
21;11;01;35;00;000;SALDO FINAL DE CAJA;10;0
21;11;02;05;00;000;TRANSFERENCIAS CORRIENTES;10;0
21;11;02;05;02;000;Del Gobierno Central;10;0
21;11;02;05;02;201;Recuperación de Licencias Médicas - FONASA;10;0
21;11;02;08;00;000;OTROS INGRESOS CORRIENTES;30;0
21;11;02;08;01;000;Recuperaciones y Reembolsos por Licencias Médicas;10;0
21;11;02;08;02;000;Multas y Sanciones Pecuniarias;10;0
21;11;02;08;99;000;Otros;10;0
21;11;02;09;00;000;APORTE FISCAL;80316612;0
21;11;02;09;01;000;Libre;80316612;0
21;11;02;12;00;000;RECUPERACIÓN DE PRÉSTAMOS;10;0
21;11;02;12;10;000;Ingresos por Percibir;10;0
21;11;02;15;00;000;SALDO INICIAL DE CAJA;10;0
21;11;02;21;00;000;GASTOS EN PERSONAL;51602441;0
21;11;02;22;00;000;BIENES Y SERVICIOS DE CONSUMO;22642733;0
21;11;02;23;00;000;PRESTACIONES DE SEGURIDAD SOCIAL;10;0
21;11;02;23;03;000;Prestaciones Sociales del Empleador;10;0
21;11;02;24;00;000;TRANSFERENCIAS CORRIENTES;5006827;0
21;11;02;24;03;000;A Otras Entidades Públicas;5006827;0
21;11;02;24;03;003;Programa de Derivaciones Terapéuticas NNA;5006827;0
21;11;02;25;00;000;INTEGROS AL FISCO;10;0
21;11;02;25;99;000;Otros Integros al Fisco;10;0
21;11;02;26;00;000;OTROS GASTOS CORRIENTES;10;0
21;11;02;26;02;000;Compensaciones por Daños a Terceros y/o a la Propiedad;10;0
21;11;02;29;00;000;ADQUISICIÓN DE ACTIVOS NO FINANCIEROS;1064621;0
21;11;02;29;04;000;Mobiliario y Otros;370176;0
21;11;02;29;05;000;Máquinas y Equipos;156728;0
21;11;02;29;06;000;Equipos Informáticos;102038;0
21;11;02;29;07;000;Programas Informáticos;435679;0
21;11;02;34;00;000;SERVICIO DE LA DEUDA;10;0
21;11;02;34;07;000;Deuda Flotante;10;0
21;11;02;35;00;000;SALDO FINAL DE CAJA;10;0
22;01;01;05;00;000;TRANSFERENCIAS CORRIENTES;10;0
22;01;01;05;02;000;Del Gobierno Central;10;0
22;01;01;05;02;201;Recuperación de Licencias Médicas - FONASA;10;0
22;01;01;08;00;000;OTROS INGRESOS CORRIENTES;112826;0
22;01;01;08;01;000;Recuperaciones y Reembolsos por Licencias Médicas;112796;0
22;01;01;08;02;000;Multas y Sanciones Pecuniarias;10;0
22;01;01;08;99;000;Otros;20;0
22;01;01;09;00;000;APORTE FISCAL;10388341;0
22;01;01;09;01;000;Libre;10388341;0
22;01;01;12;00;000;RECUPERACIÓN DE PRÉSTAMOS;10;0
22;01;01;12;10;000;Ingresos por Percibir;10;0
22;01;01;15;00;000;SALDO INICIAL DE CAJA;10;0
22;01;01;21;00;000;GASTOS EN PERSONAL;8744689;0
22;01;01;22;00;000;BIENES Y SERVICIOS DE CONSUMO;1630667;0
22;01;01;23;00;000;PRESTACIONES DE SEGURIDAD SOCIAL;10;0
22;01;01;23;03;000;Prestaciones Sociales del Empleador;10;0
22;01;01;25;00;000;INTEGROS AL FISCO;112847;0
22;01;01;25;99;000;Otros Integros al Fisco;112847;0
22;01;01;29;00;000;ADQUISICIÓN DE ACTIVOS NO FINANCIEROS;12964;0
22;01;01;29;04;000;Mobiliario y Otros;5941;0
22;01;01;29;05;000;Máquinas y Equipos;3036;0
22;01;01;29;06;000;Equipos Informáticos;3987;0
22;01;01;34;00;000;SERVICIO DE LA DEUDA;10;0
22;01;01;34;07;000;Deuda Flotante;10;0
22;01;01;35;00;000;SALDO FINAL DE CAJA;10;0
22;01;05;05;00;000;TRANSFERENCIAS CORRIENTES;10;0
22;01;05;05;02;000;Del Gobierno Central;10;0
22;01;05;05;02;201;Recuperación de Licencias Médicas - FONASA;10;0
22;01;05;08;00;000;OTROS INGRESOS CORRIENTES;30;0
22;01;05;08;01;000;Recuperaciones y Reembolsos por Licencias Médicas;10;0
22;01;05;08;02;000;Multas y Sanciones Pecuniarias;10;0
22;01;05;08;99;000;Otros;10;0
22;01;05;09;00;000;APORTE FISCAL;1985941;0
22;01;05;09;01;000;Libre;1985941;0
22;01;05;12;00;000;RECUPERACIÓN DE PRÉSTAMOS;10;0
22;01;05;12;10;000;Ingresos por Percibir;10;0
22;01;05;15;00;000;SALDO INICIAL DE CAJA;10;0
22;01;05;21;00;000;GASTOS EN PERSONAL;1835208;0
22;01;05;22;00;000;BIENES Y SERVICIOS DE CONSUMO;150713;0
22;01;05;23;00;000;PRESTACIONES DE SEGURIDAD SOCIAL;10;0
22;01;05;23;03;000;Prestaciones Sociales del Empleador;10;0
22;01;05;25;00;000;INTEGROS AL FISCO;50;0
22;01;05;25;99;000;Otros Integros al Fisco;50;0
22;01;05;34;00;000;SERVICIO DE LA DEUDA;10;0
22;01;05;34;07;000;Deuda Flotante;10;0
22;01;05;35;00;000;SALDO FINAL DE CAJA;10;0
23;01;01;05;00;000;TRANSFERENCIAS CORRIENTES;12937658;0
23;01;01;05;02;000;Del Gobierno Central;12937658;0
23;01;01;05;02;002;Plan FOCO;12937648;0
23;01;01;05;02;201;Recuperación de Licencias Médicas - FONASA;10;0
23;01;01;08;00;000;OTROS INGRESOS CORRIENTES;1928108;0
23;01;01;08;01;000;Recuperaciones y Reembolsos por Licencias Médicas;1928108;0
23;01;01;09;00;000;APORTE FISCAL;316169088;0
23;01;01;09;01;000;Libre;316169088;0
23;01;01;15;00;000;SALDO INICIAL DE CAJA;10;0
23;01;01;21;00;000;GASTOS EN PERSONAL;246393987;0
23;01;01;22;00;000;BIENES Y SERVICIOS DE CONSUMO;62091062;0
23;01;01;23;00;000;PRESTACIONES DE SEGURIDAD SOCIAL;530377;0
23;01;01;23;01;000;Prestaciones Previsionales;530367;0
23;01;01;23;03;000;Prestaciones Sociales del Empleador;10;0
23;01;01;24;00;000;TRANSFERENCIAS CORRIENTES;15033851;0
23;01;01;24;01;000;Al Sector Privado;61831;0
23;01;01;24;01;001;Becas Postgrado;61831;0
23;01;01;24;02;000;Al Gobierno Central;2031689;0
23;01;01;24;02;001;Programa de Concesiones Ministerio de Justicia;2031689;0
23;01;01;24;07;000;A Organismos Internacionales;2683;0
23;01;01;24;07;001;Asociación Internacional de Fiscales;2683;0
23;01;01;24;09;000;A Unidades o Programas del Servicio;12937648;0
23;01;01;24;09;005;Equipos Contra el Crimen Organizado y Homicidios (ECOH);12937648;0
23;01;01;25;00;000;INTEGROS AL FISCO;10298;0
23;01;01;25;01;000;Impuestos;10288;0
23;01;01;25;99;000;Otros Integros al Fisco;10;0
23;01;01;29;00;000;ADQUISICIÓN DE ACTIVOS NO FINANCIEROS;2228686;0
23;01;01;29;03;000;Vehículos;113168;0
23;01;01;29;04;000;Mobiliario y Otros;372949;0
23;01;01;29;05;000;Máquinas y Equipos;715001;0
23;01;01;29;06;000;Equipos Informáticos;1018397;0
23;01;01;29;07;000;Programas Informáticos;9171;0
23;01;01;31;00;000;INICIATIVAS DE INVERSIÓN;4746583;0
23;01;01;31;02;000;Proyectos;4746583;0
23;01;01;34;00;000;SERVICIO DE LA DEUDA;10;0
23;01;01;34;07;000;Deuda Flotante;10;0
23;01;01;35;00;000;SALDO FINAL DE CAJA;10;0
23;01;02;05;00;000;TRANSFERENCIAS CORRIENTES;10;0
23;01;02;05;02;000;Del Gobierno Central;10;0
23;01;02;05;02;201;Recuperación de Licencias Médicas - FONASA;10;0
23;01;02;09;00;000;APORTE FISCAL;5276755;0
23;01;02;09;01;000;Libre;5276755;0
23;01;02;21;00;000;GASTOS EN PERSONAL;3998721;0
23;01;02;22;00;000;BIENES Y SERVICIOS DE CONSUMO;1113395;0
23;01;02;25;00;000;INTEGROS AL FISCO;10;0
23;01;02;25;99;000;Otros Integros al Fisco;10;0
23;01;02;29;00;000;ADQUISICIÓN DE ACTIVOS NO FINANCIEROS;164629;0
23;01;02;29;04;000;Mobiliario y Otros;56056;0
23;01;02;29;05;000;Máquinas y Equipos;4741;0
23;01;02;29;06;000;Equipos Informáticos;103832;0
23;01;02;35;00;000;SALDO FINAL DE CAJA;10;0
24;01;01;05;00;000;TRANSFERENCIAS CORRIENTES;10;0
24;01;01;05;02;000;Del Gobierno Central;10;0
24;01;01;05;02;201;Recuperación de Licencias Médicas - FONASA;10;0
24;01;01;08;00;000;OTROS INGRESOS CORRIENTES;304412;0
24;01;01;08;01;000;Recuperaciones y Reembolsos por Licencias Médicas;304402;0
24;01;01;08;99;000;Otros;10;0
24;01;01;09;00;000;APORTE FISCAL;85845400;0
24;01;01;09;01;000;Libre;85845400;0
24;01;01;12;00;000;RECUPERACIÓN DE PRÉSTAMOS;10;0
24;01;01;12;10;000;Ingresos por Percibir;10;0
24;01;01;15;00;000;SALDO INICIAL DE CAJA;262344;0
24;01;01;21;00;000;GASTOS EN PERSONAL;18650518;0
24;01;01;22;00;000;BIENES Y SERVICIOS DE CONSUMO;4654496;0
24;01;01;23;00;000;PRESTACIONES DE SEGURIDAD SOCIAL;10;0
24;01;01;23;03;000;Prestaciones Sociales del Empleador;10;0
24;01;01;24;00;000;TRANSFERENCIAS CORRIENTES;62363821;0
24;01;01;24;01;000;Al Sector Privado;390591;0
24;01;01;24;01;004;Aplicación Programa Energización Rural y Social;390591;0
24;01;01;24;03;000;A Otras Entidades Públicas;323347;0
24;01;01;24;03;003;Apoyo al Desarrollo de Energías Renovables no Convencionales;323347;0
24;01;01;24;04;000;A Empresas Públicas no Financieras;61649883;0
24;01;01;24;04;001;Empresa Nacional del Petróleo;61649883;0
24;01;01;25;00;000;INTEGROS AL FISCO;304402;0
24;01;01;25;99;000;Otros Integros al Fisco;304402;0
24;01;01;29;00;000;ADQUISICIÓN DE ACTIVOS NO FINANCIEROS;438909;0
24;01;01;29;04;000;Mobiliario y Otros;11317;0
24;01;01;29;06;000;Equipos Informáticos;14403;0
24;01;01;29;07;000;Programas Informáticos;413189;0
24;01;01;34;00;000;SERVICIO DE LA DEUDA;10;0
24;01;01;34;07;000;Deuda Flotante;10;0
24;01;01;35;00;000;SALDO FINAL DE CAJA;10;0
24;01;05;05;00;000;TRANSFERENCIAS CORRIENTES;10;0
24;01;05;05;02;000;Del Gobierno Central;10;0
24;01;05;05;02;201;Recuperación de Licencias Médicas - FONASA;10;0
24;01;05;08;00;000;OTROS INGRESOS CORRIENTES;20;0
24;01;05;08;01;000;Recuperaciones y Reembolsos por Licencias Médicas;10;0
24;01;05;08;99;000;Otros;10;0
24;01;05;09;00;000;APORTE FISCAL;6716684;0
24;01;05;09;01;000;Libre;6716684;0
24;01;05;12;00;000;RECUPERACIÓN DE PRÉSTAMOS;10;0
24;01;05;12;10;000;Ingresos por Percibir;10;0
24;01;05;15;00;000;SALDO INICIAL DE CAJA;10;0
24;01;05;21;00;000;GASTOS EN PERSONAL;1434537;0
24;01;05;22;00;000;BIENES Y SERVICIOS DE CONSUMO;225232;0
24;01;05;24;00;000;TRANSFERENCIAS CORRIENTES;3787778;0
24;01;05;24;01;000;Al Sector Privado;2688974;0
24;01;05;24;01;006;Agencia Chilena de Eficiencia Energética;2688974;0
24;01;05;24;03;000;A Otras Entidades Públicas;271562;0
24;01;05;24;03;006;Aplicación Plan de Acción de Eficiencia Energética;271562;0
24;01;05;24;08;000;A Instituciones Privadas Ejecutoras de Políticas Públicas;827242;0
24;01;05;24;08;001;Agencia Chilena de Eficiencia Energética;827242;0
24;01;05;25;00;000;INTEGROS AL FISCO;10;0
24;01;05;25;99;000;Otros Integros al Fisco;10;0
24;01;05;29;00;000;ADQUISICIÓN DE ACTIVOS NO FINANCIEROS;32407;0
24;01;05;29;06;000;Equipos Informáticos;2572;0
24;01;05;29;07;000;Programas Informáticos;29835;0
24;01;05;33;00;000;TRANSFERENCIAS DE CAPITAL;1236750;0
24;01;05;33;01;000;Al Sector Privado;1236750;0
24;01;05;33;01;001;Agencia Chilena de Eficiencia Energética;1236750;0
24;01;05;34;00;000;SERVICIO DE LA DEUDA;10;0
24;01;05;34;07;000;Deuda Flotante;10;0
24;01;05;35;00;000;SALDO FINAL DE CAJA;10;0
24;02;01;05;00;000;TRANSFERENCIAS CORRIENTES;10;0
24;02;01;05;02;000;Del Gobierno Central;10;0
24;02;01;05;02;201;Recuperación de Licencias Médicas - FONASA;10;0
24;02;01;08;00;000;OTROS INGRESOS CORRIENTES;76078;0
24;02;01;08;01;000;Recuperaciones y Reembolsos por Licencias Médicas;75155;0
24;02;01;08;99;000;Otros;923;0
24;02;01;09;00;000;APORTE FISCAL;8973175;0
24;02;01;09;01;000;Libre;8973175;0
24;02;01;10;00;000;VENTA DE ACTIVOS NO FINANCIEROS;958;0
24;02;01;10;04;000;Mobiliario y Otros;479;0
24;02;01;10;06;000;Equipos Informáticos;479;0
24;02;01;12;00;000;RECUPERACIÓN DE PRÉSTAMOS;10;0
24;02;01;12;10;000;Ingresos por Percibir;10;0
24;02;01;15;00;000;SALDO INICIAL DE CAJA;10;0
24;02;01;21;00;000;GASTOS EN PERSONAL;6651953;0
24;02;01;22;00;000;BIENES Y SERVICIOS DE CONSUMO;1874958;0
24;02;01;23;00;000;PRESTACIONES DE SEGURIDAD SOCIAL;10;0
24;02;01;23;03;000;Prestaciones Sociales del Empleador;10;0
24;02;01;25;00;000;INTEGROS AL FISCO;75155;0
24;02;01;25;99;000;Otros Integros al Fisco;75155;0
24;02;01;29;00;000;ADQUISICIÓN DE ACTIVOS NO FINANCIEROS;448145;0
24;02;01;29;06;000;Equipos Informáticos;95678;0
24;02;01;29;07;000;Programas Informáticos;352467;0
24;02;01;34;00;000;SERVICIO DE LA DEUDA;10;0
24;02;01;34;07;000;Deuda Flotante;10;0
24;02;01;35;00;000;SALDO FINAL DE CAJA;10;0
24;03;01;05;00;000;TRANSFERENCIAS CORRIENTES;10;0
24;03;01;05;02;000;Del Gobierno Central;10;0
24;03;01;05;02;201;Recuperación de Licencias Médicas - FONASA;10;0
24;03;01;06;00;000;RENTAS DE LA PROPIEDAD;234052;0
24;03;01;07;00;000;INGRESOS DE OPERACIÓN;1621769;0
24;03;01;08;00;000;OTROS INGRESOS CORRIENTES;284585;0
24;03;01;08;01;000;Recuperaciones y Reembolsos por Licencias Médicas;284575;0
24;03;01;08;99;000;Otros;10;0
24;03;01;09;00;000;APORTE FISCAL;13440481;0
24;03;01;09;01;000;Libre;13440481;0
24;03;01;12;00;000;RECUPERACIÓN DE PRÉSTAMOS;10;0
24;03;01;12;10;000;Ingresos por Percibir;10;0
24;03;01;15;00;000;SALDO INICIAL DE CAJA;10;0
24;03;01;21;00;000;GASTOS EN PERSONAL;9750690;0
24;03;01;22;00;000;BIENES Y SERVICIOS DE CONSUMO;3247417;0
24;03;01;23;00;000;PRESTACIONES DE SEGURIDAD SOCIAL;10;0
24;03;01;23;03;000;Prestaciones Sociales del Empleador;10;0
24;03;01;24;00;000;TRANSFERENCIAS CORRIENTES;81949;0
24;03;01;24;07;000;A Organismos Internacionales;81949;0
24;03;01;24;07;001;Organismo Internacional de Energía Atómica;81949;0
24;03;01;25;00;000;INTEGROS AL FISCO;284575;0
24;03;01;25;99;000;Otros Integros al Fisco;284575;0
24;03;01;29;00;000;ADQUISICIÓN DE ACTIVOS NO FINANCIEROS;378084;0
24;03;01;29;05;000;Máquinas y Equipos;239196;0
24;03;01;29;06;000;Equipos Informáticos;59156;0
24;03;01;29;07;000;Programas Informáticos;79732;0
24;03;01;31;00;000;INICIATIVAS DE INVERSIÓN;1838172;0
24;03;01;31;02;000;Proyectos;1838172;0
24;03;01;34;00;000;SERVICIO DE LA DEUDA;10;0
24;03;01;34;07;000;Deuda Flotante;10;0
24;03;01;35;00;000;SALDO FINAL DE CAJA;10;0
24;04;01;05;00;000;TRANSFERENCIAS CORRIENTES;10;0
24;04;01;05;02;000;Del Gobierno Central;10;0
24;04;01;05;02;201;Recuperación de Licencias Médicas - FONASA;10;0
24;04;01;08;00;000;OTROS INGRESOS CORRIENTES;290608;0
24;04;01;08;01;000;Recuperaciones y Reembolsos por Licencias Médicas;289579;0
24;04;01;08;99;000;Otros;1029;0
24;04;01;09;00;000;APORTE FISCAL;19975412;0
24;04;01;09;01;000;Libre;19975412;0
24;04;01;12;00;000;RECUPERACIÓN DE PRÉSTAMOS;10;0
24;04;01;12;10;000;Ingresos por Percibir;10;0
24;04;01;15;00;000;SALDO INICIAL DE CAJA;10;0
24;04;01;21;00;000;GASTOS EN PERSONAL;17016988;0
24;04;01;22;00;000;BIENES Y SERVICIOS DE CONSUMO;2710483;0
24;04;01;23;00;000;PRESTACIONES DE SEGURIDAD SOCIAL;10;0
24;04;01;23;03;000;Prestaciones Sociales del Empleador;10;0
24;04;01;25;00;000;INTEGROS AL FISCO;289579;0
24;04;01;25;99;000;Otros Integros al Fisco;289579;0
24;04;01;29;00;000;ADQUISICIÓN DE ACTIVOS NO FINANCIEROS;248970;0
24;04;01;29;04;000;Mobiliario y Otros;2058;0
24;04;01;29;05;000;Máquinas y Equipos;3086;0
24;04;01;29;06;000;Equipos Informáticos;7202;0
24;04;01;29;07;000;Programas Informáticos;236624;0
24;04;01;34;00;000;SERVICIO DE LA DEUDA;10;0
24;04;01;34;07;000;Deuda Flotante;10;0
24;04;01;35;00;000;SALDO FINAL DE CAJA;10;0
25;01;01;05;00;000;TRANSFERENCIAS CORRIENTES;10;0
25;01;01;05;02;000;Del Gobierno Central;10;0
25;01;01;05;02;201;Recuperación de Licencias Médicas - FONASA;10;0
25;01;01;08;00;000;OTROS INGRESOS CORRIENTES;30;0
25;01;01;08;01;000;Recuperaciones y Reembolsos por Licencias Médicas;10;0
25;01;01;08;02;000;Multas y Sanciones Pecuniarias;10;0
25;01;01;08;99;000;Otros;10;0
25;01;01;09;00;000;APORTE FISCAL;30335245;0
25;01;01;09;01;000;Libre;30335245;0
25;01;01;12;00;000;RECUPERACIÓN DE PRÉSTAMOS;10;0
25;01;01;12;10;000;Ingresos por Percibir;10;0
25;01;01;15;00;000;SALDO INICIAL DE CAJA;10;0
25;01;01;21;00;000;GASTOS EN PERSONAL;23620705;0
25;01;01;22;00;000;BIENES Y SERVICIOS DE CONSUMO;5540918;0
25;01;01;23;00;000;PRESTACIONES DE SEGURIDAD SOCIAL;10;0
25;01;01;23;03;000;Prestaciones Sociales del Empleador;10;0
25;01;01;24;00;000;TRANSFERENCIAS CORRIENTES;668954;0
25;01;01;24;01;000;Al Sector Privado;611107;0
25;01;01;24;01;003;Fondo de Protección Ambiental;611107;0
25;01;01;24;09;000;A Unidades o Programas del Servicio;57847;0
25;01;01;24;09;003;Fondo de Protección Ambiental;57847;0
25;01;01;25;00;000;INTEGROS AL FISCO;20;0
25;01;01;25;99;000;Otros Integros al Fisco;20;0
25;01;01;29;00;000;ADQUISICIÓN DE ACTIVOS NO FINANCIEROS;504678;0
25;01;01;29;07;000;Programas Informáticos;504678;0
25;01;01;34;00;000;SERVICIO DE LA DEUDA;10;0
25;01;01;34;07;000;Deuda Flotante;10;0
25;01;01;35;00;000;SALDO FINAL DE CAJA;10;0
25;01;02;05;00;000;TRANSFERENCIAS CORRIENTES;10;0
25;01;02;05;02;000;Del Gobierno Central;10;0
25;01;02;05;02;201;Recuperación de Licencias Médicas - FONASA;10;0
25;01;02;08;00;000;OTROS INGRESOS CORRIENTES;30;0
25;01;02;08;01;000;Recuperaciones y Reembolsos por Licencias Médicas;10;0
25;01;02;08;02;000;Multas y Sanciones Pecuniarias;10;0
25;01;02;08;99;000;Otros;10;0
25;01;02;09;00;000;APORTE FISCAL;1382658;0
25;01;02;09;01;000;Libre;1382658;0
25;01;02;12;00;000;RECUPERACIÓN DE PRÉSTAMOS;10;0
25;01;02;12;10;000;Ingresos por Percibir;10;0
25;01;02;15;00;000;SALDO INICIAL DE CAJA;10;0
25;01;02;21;00;000;GASTOS EN PERSONAL;1049413;0
25;01;02;23;00;000;PRESTACIONES DE SEGURIDAD SOCIAL;10;0
25;01;02;23;03;000;Prestaciones Sociales del Empleador;10;0
25;01;02;24;00;000;TRANSFERENCIAS CORRIENTES;293132;0
25;01;02;24;09;000;A Unidades o Programas del Servicio;293132;0
25;01;02;24;09;023;Cambio Climático y Contribución Determinada a Nivel Nacional (NDC);293132;0
25;01;02;25;00;000;INTEGROS AL FISCO;20;0
25;01;02;25;99;000;Otros Integros al Fisco;20;0
25;01;02;29;00;000;ADQUISICIÓN DE ACTIVOS NO FINANCIEROS;40123;0
25;01;02;29;07;000;Programas Informáticos;40123;0
25;01;02;34;00;000;SERVICIO DE LA DEUDA;10;0
25;01;02;34;07;000;Deuda Flotante;10;0
25;01;02;35;00;000;SALDO FINAL DE CAJA;10;0
25;01;03;08;00;000;OTROS INGRESOS CORRIENTES;20;0
25;01;03;08;02;000;Multas y Sanciones Pecuniarias;10;0
25;01;03;08;99;000;Otros;10;0
25;01;03;09;00;000;APORTE FISCAL;4555111;0
25;01;03;09;01;000;Libre;4555111;0
25;01;03;12;00;000;RECUPERACIÓN DE PRÉSTAMOS;10;0
25;01;03;12;10;000;Ingresos por Percibir;10;0
25;01;03;15;00;000;SALDO INICIAL DE CAJA;10;0
25;01;03;22;00;000;BIENES Y SERVICIOS DE CONSUMO;79012;0
25;01;03;24;00;000;TRANSFERENCIAS CORRIENTES;4476099;0
25;01;03;24;03;000;A Otras Entidades Públicas;147201;0
25;01;03;24;03;009;Modelo de Pronóstico de Calidad del Aire;147201;0
25;01;03;24;09;000;A Unidades o Programas del Servicio;4328898;0
25;01;03;24;09;011;Calefacción Sustentable;1355707;0
25;01;03;24;09;019;Planes de Descontaminación Ambiental;2973191;0
25;01;03;25;00;000;INTEGROS AL FISCO;20;0
25;01;03;25;99;000;Otros Integros al Fisco;20;0
25;01;03;34;00;000;SERVICIO DE LA DEUDA;10;0
25;01;03;34;07;000;Deuda Flotante;10;0
25;01;03;35;00;000;SALDO FINAL DE CAJA;10;0
25;02;01;05;00;000;TRANSFERENCIAS CORRIENTES;10;0
25;02;01;05;02;000;Del Gobierno Central;10;0
25;02;01;05;02;201;Recuperación de Licencias Médicas - FONASA;10;0
25;02;01;08;00;000;OTROS INGRESOS CORRIENTES;20;0
25;02;01;08;01;000;Recuperaciones y Reembolsos por Licencias Médicas;10;0
25;02;01;08;99;000;Otros;10;0
25;02;01;09;00;000;APORTE FISCAL;23064297;0
25;02;01;09;01;000;Libre;23064297;0
25;02;01;12;00;000;RECUPERACIÓN DE PRÉSTAMOS;10;0
25;02;01;12;10;000;Ingresos por Percibir;10;0
25;02;01;15;00;000;SALDO INICIAL DE CAJA;10;0
25;02;01;21;00;000;GASTOS EN PERSONAL;19097786;0
25;02;01;22;00;000;BIENES Y SERVICIOS DE CONSUMO;2252987;0
25;02;01;23;00;000;PRESTACIONES DE SEGURIDAD SOCIAL;10;0
25;02;01;23;03;000;Prestaciones Sociales del Empleador;10;0
25;02;01;24;00;000;TRANSFERENCIAS CORRIENTES;1396734;0
25;02;01;24;09;000;A Unidades o Programas del Servicio;1396734;0
25;02;01;24;09;200;Administración de Procesos de Evaluación de Impacto Ambiental;697767;0
25;02;01;24;09;300;Administración Sistema SEIA Electrónico;698967;0
25;02;01;25;00;000;INTEGROS AL FISCO;20;0
25;02;01;25;99;000;Otros Integros al Fisco;20;0
25;02;01;29;00;000;ADQUISICIÓN DE ACTIVOS NO FINANCIEROS;316790;0
25;02;01;29;07;000;Programas Informáticos;316790;0
25;02;01;34;00;000;SERVICIO DE LA DEUDA;10;0
25;02;01;34;07;000;Deuda Flotante;10;0
25;02;01;35;00;000;SALDO FINAL DE CAJA;10;0
25;03;01;05;00;000;TRANSFERENCIAS CORRIENTES;10;0
25;03;01;05;02;000;Del Gobierno Central;10;0
25;03;01;05;02;201;Recuperación de Licencias Médicas - FONASA;10;0
25;03;01;08;00;000;OTROS INGRESOS CORRIENTES;30;0
25;03;01;08;01;000;Recuperaciones y Reembolsos por Licencias Médicas;10;0
25;03;01;08;02;000;Multas y Sanciones Pecuniarias;10;0
25;03;01;08;99;000;Otros;10;0
25;03;01;09;00;000;APORTE FISCAL;16989949;0
25;03;01;09;01;000;Libre;16989949;0
25;03;01;12;00;000;RECUPERACIÓN DE PRÉSTAMOS;10;0
25;03;01;12;10;000;Ingresos por Percibir;10;0
25;03;01;15;00;000;SALDO INICIAL DE CAJA;10;0
25;03;01;21;00;000;GASTOS EN PERSONAL;13438670;0
25;03;01;22;00;000;BIENES Y SERVICIOS DE CONSUMO;2160892;0
25;03;01;23;00;000;PRESTACIONES DE SEGURIDAD SOCIAL;10;0
25;03;01;23;03;000;Prestaciones Sociales del Empleador;10;0
25;03;01;24;00;000;TRANSFERENCIAS CORRIENTES;1217444;0
25;03;01;24;09;000;A Unidades o Programas del Servicio;1217444;0
25;03;01;24;09;001;Programas de Fiscalización Ambiental;909639;0
25;03;01;24;09;002;Laboratorio de Alta Complejidad;307805;0
25;03;01;25;00;000;INTEGROS AL FISCO;20;0
25;03;01;25;99;000;Otros Integros al Fisco;20;0
25;03;01;29;00;000;ADQUISICIÓN DE ACTIVOS NO FINANCIEROS;172953;0
25;03;01;29;04;000;Mobiliario y Otros;1029;0
25;03;01;29;06;000;Equipos Informáticos;871;0
25;03;01;29;07;000;Programas Informáticos;171053;0
25;03;01;34;00;000;SERVICIO DE LA DEUDA;10;0
25;03;01;34;07;000;Deuda Flotante;10;0
25;03;01;35;00;000;SALDO FINAL DE CAJA;10;0
25;04;01;05;00;000;TRANSFERENCIAS CORRIENTES;10;0
25;04;01;05;02;000;Del Gobierno Central;10;0
25;04;01;05;02;201;Recuperación de Licencias Médicas - FONASA;10;0
25;04;01;08;00;000;OTROS INGRESOS CORRIENTES;30;0
25;04;01;08;01;000;Recuperaciones y Reembolsos por Licencias Médicas;10;0
25;04;01;08;02;000;Multas y Sanciones Pecuniarias;10;0
25;04;01;08;99;000;Otros;10;0
25;04;01;09;00;000;APORTE FISCAL;22304043;0
25;04;01;09;01;000;Libre;22304043;0
25;04;01;12;00;000;RECUPERACIÓN DE PRÉSTAMOS;10;0
25;04;01;12;10;000;Ingresos por Percibir;10;0
25;04;01;15;00;000;SALDO INICIAL DE CAJA;10;0
25;04;01;21;00;000;GASTOS EN PERSONAL;14226291;0
25;04;01;22;00;000;BIENES Y SERVICIOS DE CONSUMO;7033247;0
25;04;01;23;00;000;PRESTACIONES DE SEGURIDAD SOCIAL;10;0
25;04;01;23;03;000;Prestaciones Sociales del Empleador;10;0
25;04;01;24;00;000;TRANSFERENCIAS CORRIENTES;10;0
25;04;01;24;01;000;Al Sector Privado;10;0
25;04;01;24;01;001;Fondo Nacional de la Biodiversidad;10;0
25;04;01;25;00;000;INTEGROS AL FISCO;20;0
25;04;01;25;99;000;Otros Integros al Fisco;20;0
25;04;01;29;00;000;ADQUISICIÓN DE ACTIVOS NO FINANCIEROS;514467;0
25;04;01;29;04;000;Mobiliario y Otros;51440;0
25;04;01;29;05;000;Máquinas y Equipos;24691;0
25;04;01;29;07;000;Programas Informáticos;438336;0
25;04;01;31;00;000;INICIATIVAS DE INVERSIÓN;530038;0
25;04;01;31;02;000;Proyectos;530038;0
25;04;01;34;00;000;SERVICIO DE LA DEUDA;10;0
25;04;01;34;07;000;Deuda Flotante;10;0
25;04;01;35;00;000;SALDO FINAL DE CAJA;10;0
26;01;01;05;00;000;TRANSFERENCIAS CORRIENTES;10;0
26;01;01;05;02;000;Del Gobierno Central;10;0
26;01;01;05;02;201;Recuperación de Licencias Médicas - FONASA;10;0
26;01;01;08;00;000;OTROS INGRESOS CORRIENTES;106042;0
26;01;01;08;01;000;Recuperaciones y Reembolsos por Licencias Médicas;106022;0
26;01;01;08;02;000;Multas y Sanciones Pecuniarias;10;0
26;01;01;08;99;000;Otros;10;0
26;01;01;09;00;000;APORTE FISCAL;9542455;0
26;01;01;09;01;000;Libre;9542455;0
26;01;01;15;00;000;SALDO INICIAL DE CAJA;10;0
26;01;01;21;00;000;GASTOS EN PERSONAL;6945407;0
26;01;01;22;00;000;BIENES Y SERVICIOS DE CONSUMO;1552562;0
26;01;01;23;00;000;PRESTACIONES DE SEGURIDAD SOCIAL;10;0
26;01;01;23;03;000;Prestaciones Sociales del Empleador;10;0
26;01;01;24;00;000;TRANSFERENCIAS CORRIENTES;837455;0
26;01;01;24;01;000;Al Sector Privado;837455;0
26;01;01;24;01;006;Comisión Nacional de Control de Dopaje;837455;0
26;01;01;25;00;000;INTEGROS AL FISCO;106022;0
26;01;01;25;99;000;Otros Integros al Fisco;106022;0
26;01;01;29;00;000;ADQUISICIÓN DE ACTIVOS NO FINANCIEROS;207041;0
26;01;01;29;03;000;Vehículos;36008;0
26;01;01;29;04;000;Mobiliario y Otros;10288;0
26;01;01;29;07;000;Programas Informáticos;160745;0
26;01;01;34;00;000;SERVICIO DE LA DEUDA;10;0
26;01;01;34;07;000;Deuda Flotante;10;0
26;01;01;35;00;000;SALDO FINAL DE CAJA;10;0
26;01;02;09;00;000;APORTE FISCAL;91438329;0
26;01;02;09;01;000;Libre;91438329;0
26;01;02;12;00;000;RECUPERACIÓN DE PRÉSTAMOS;10;0
26;01;02;12;10;000;Ingresos por Percibir;10;0
26;01;02;15;00;000;SALDO INICIAL DE CAJA;10;0
26;01;02;24;00;000;TRANSFERENCIAS CORRIENTES;91438329;0
26;01;02;24;01;000;Al Sector Privado;9257662;0
26;01;02;24;01;007;Mundial Olimpiadas Especiales 2027;9257662;0
26;01;02;24;02;000;Al Gobierno Central;82180667;0
26;01;02;24;02;007;Mundial Olimpiadas Especiales;82180667;0
26;01;02;34;00;000;SERVICIO DE LA DEUDA;10;0
26;01;02;34;07;000;Deuda Flotante;10;0
26;01;02;35;00;000;SALDO FINAL DE CAJA;10;0
26;02;01;05;00;000;TRANSFERENCIAS CORRIENTES;18364565;0
26;02;01;05;02;000;Del Gobierno Central;10;0
26;02;01;05;02;201;Recuperación de Licencias Médicas - FONASA;10;0
26;02;01;05;03;000;De Otras Entidades Públicas;18364555;0
26;02;01;05;03;008;Polla Chilena de Beneficencia;18364555;0
26;02;01;06;00;000;RENTAS DE LA PROPIEDAD;10;0
26;02;01;08;00;000;OTROS INGRESOS CORRIENTES;1701902;0
26;02;01;08;01;000;Recuperaciones y Reembolsos por Licencias Médicas;681696;0
26;02;01;08;02;000;Multas y Sanciones Pecuniarias;10;0
26;02;01;08;99;000;Otros;1020196;0
26;02;01;09;00;000;APORTE FISCAL;92655925;0
26;02;01;09;01;000;Libre;92655925;0
26;02;01;12;00;000;RECUPERACIÓN DE PRÉSTAMOS;10;0
26;02;01;12;10;000;Ingresos por Percibir;10;0
26;02;01;15;00;000;SALDO INICIAL DE CAJA;10;0
26;02;01;21;00;000;GASTOS EN PERSONAL;34573501;0
26;02;01;22;00;000;BIENES Y SERVICIOS DE CONSUMO;3899561;0
26;02;01;23;00;000;PRESTACIONES DE SEGURIDAD SOCIAL;10;0
26;02;01;23;03;000;Prestaciones Sociales del Empleador;10;0
26;02;01;24;00;000;TRANSFERENCIAS CORRIENTES;62243516;0
26;02;01;24;01;000;Al Sector Privado;45698102;0
26;02;01;24;01;337;Fortalecimiento del Deporte de Rendimiento Convencional y Paralímpico;27075763;0
26;02;01;24;01;338;Art.5° Letra e) D.L. 1.298 y Ley 19.135;8196;0
26;02;01;24;01;340;Art.1° Ley 19.135 C.O.CH.;368561;0
26;02;01;24;01;341;Art. 1° Ley 19.135 Fed. D. Nacional;2395647;0
26;02;01;24;01;345;Art. Único Ley N° 19.909;230723;0
26;02;01;24;01;354;ADO - Chile;707765;0
26;02;01;24;01;381;Asistencia a la Carrera Deportiva;14082655;0
26;02;01;24;01;383;COPACHI;453845;0
26;02;01;24;01;385;Comité Nacional de Arbitraje;168158;0
26;02;01;24;01;387;Special Olympics;206789;0
26;02;01;24;09;000;A Unidades o Programas del Servicio;16545414;0
26;02;01;24;09;337;Fortalecimiento del Deporte de Rendimiento Convencional y Paralímpico;4315595;0
26;02;01;24;09;359;Sistema Nacional de Competencias Deportivas;11190385;0
26;02;01;24;09;361;Programa de Normalización de Infraestructura Deportiva;906115;0
26;02;01;24;09;365;Sistema Nacional de Capacitación y Acreditación Deportiva;133319;0
26;02;01;25;00;000;INTEGROS AL FISCO;681706;0
26;02;01;25;99;000;Otros Integros al Fisco;681706;0
26;02;01;29;00;000;ADQUISICIÓN DE ACTIVOS NO FINANCIEROS;662491;0
26;02;01;29;03;000;Vehículos;39094;0
26;02;01;29;04;000;Mobiliario y Otros;8578;0
26;02;01;29;05;000;Máquinas y Equipos;10257;0
26;02;01;29;06;000;Equipos Informáticos;11596;0
26;02;01;29;07;000;Programas Informáticos;592966;0
26;02;01;31;00;000;INICIATIVAS DE INVERSIÓN;7698961;0
26;02;01;31;02;000;Proyectos;7698961;0
26;02;01;33;00;000;TRANSFERENCIAS DE CAPITAL;2962656;0
26;02;01;33;03;000;A Otras Entidades Públicas;2962656;0
26;02;01;33;03;002;Aportes para Inversiones en Infraestructura Deportiva;2962656;0
26;02;01;34;00;000;SERVICIO DE LA DEUDA;10;0
26;02;01;34;07;000;Deuda Flotante;10;0
26;02;01;35;00;000;SALDO FINAL DE CAJA;10;0
26;02;02;05;00;000;TRANSFERENCIAS CORRIENTES;10;0
26;02;02;05;01;000;Del Sector Privado;10;0
26;02;02;05;01;001;Donaciones;10;0
26;02;02;08;00;000;OTROS INGRESOS CORRIENTES;143328;0
26;02;02;08;02;000;Multas y Sanciones Pecuniarias;10;0
26;02;02;08;99;000;Otros;143318;0
26;02;02;09;00;000;APORTE FISCAL;3194207;0
26;02;02;09;01;000;Libre;3194207;0
26;02;02;12;00;000;RECUPERACIÓN DE PRÉSTAMOS;10;0
26;02;02;12;10;000;Ingresos por Percibir;10;0
26;02;02;15;00;000;SALDO INICIAL DE CAJA;10;0
26;02;02;22;00;000;BIENES Y SERVICIOS DE CONSUMO;132231;0
26;02;02;24;00;000;TRANSFERENCIAS CORRIENTES;3205314;0
26;02;02;24;01;000;Al Sector Privado;3168278;0
26;02;02;24;01;346;Formación para el Deporte;618372;0
26;02;02;24;01;347;Deporte Recreativo;1304051;0
26;02;02;24;01;348;Deporte de Competición;1230251;0
26;02;02;24;01;349;Ciencias del Deporte;15604;0
26;02;02;24;03;000;A Otras Entidades Públicas;37036;0
26;02;02;24;03;050;Formación para el Deporte;18518;0
26;02;02;24;03;051;Deporte Recreativo;18518;0
26;02;02;34;00;000;SERVICIO DE LA DEUDA;10;0
26;02;02;34;07;000;Deuda Flotante;10;0
26;02;02;35;00;000;SALDO FINAL DE CAJA;10;0
26;02;03;06;00;000;RENTAS DE LA PROPIEDAD;10;0
26;02;03;07;00;000;INGRESOS DE OPERACIÓN;3331254;0
26;02;03;08;00;000;OTROS INGRESOS CORRIENTES;30;0
26;02;03;08;01;000;Recuperaciones y Reembolsos por Licencias Médicas;10;0
26;02;03;08;02;000;Multas y Sanciones Pecuniarias;10;0
26;02;03;08;99;000;Otros;10;0
26;02;03;09;00;000;APORTE FISCAL;28046504;0
26;02;03;09;01;000;Libre;28046504;0
26;02;03;12;00;000;RECUPERACIÓN DE PRÉSTAMOS;10;0
26;02;03;12;10;000;Ingresos por Percibir;10;0
26;02;03;15;00;000;SALDO INICIAL DE CAJA;10;0
26;02;03;21;00;000;GASTOS EN PERSONAL;7971612;0
26;02;03;22;00;000;BIENES Y SERVICIOS DE CONSUMO;22545761;0
26;02;03;23;00;000;PRESTACIONES DE SEGURIDAD SOCIAL;10;0
26;02;03;23;03;000;Prestaciones Sociales del Empleador;10;0
26;02;03;25;00;000;INTEGROS AL FISCO;456975;0
26;02;03;25;01;000;Impuestos;456975;0
26;02;03;29;00;000;ADQUISICIÓN DE ACTIVOS NO FINANCIEROS;403440;0
26;02;03;29;03;000;Vehículos;6173;0
26;02;03;29;04;000;Mobiliario y Otros;32854;0
26;02;03;29;05;000;Máquinas y Equipos;322696;0
26;02;03;29;06;000;Equipos Informáticos;21888;0
26;02;03;29;07;000;Programas Informáticos;19829;0
26;02;03;34;00;000;SERVICIO DE LA DEUDA;10;0
26;02;03;34;07;000;Deuda Flotante;10;0
26;02;03;35;00;000;SALDO FINAL DE CAJA;10;0
26;02;04;08;00;000;OTROS INGRESOS CORRIENTES;20;0
26;02;04;08;02;000;Multas y Sanciones Pecuniarias;10;0
26;02;04;08;99;000;Otros;10;0
26;02;04;09;00;000;APORTE FISCAL;6454685;0
26;02;04;09;01;000;Libre;6454685;0
26;02;04;12;00;000;RECUPERACIÓN DE PRÉSTAMOS;10;0
26;02;04;12;10;000;Ingresos por Percibir;10;0
26;02;04;15;00;000;SALDO INICIAL DE CAJA;10;0
26;02;04;21;00;000;GASTOS EN PERSONAL;4343100;0
26;02;04;22;00;000;BIENES Y SERVICIOS DE CONSUMO;2051925;0
26;02;04;25;00;000;INTEGROS AL FISCO;10;0
26;02;04;25;99;000;Otros Integros al Fisco;10;0
26;02;04;29;00;000;ADQUISICIÓN DE ACTIVOS NO FINANCIEROS;59670;0
26;02;04;29;05;000;Máquinas y Equipos;59670;0
26;02;04;34;00;000;SERVICIO DE LA DEUDA;10;0
26;02;04;34;07;000;Deuda Flotante;10;0
26;02;04;35;00;000;SALDO FINAL DE CAJA;10;0
26;02;05;08;00;000;OTROS INGRESOS CORRIENTES;20;0
26;02;05;08;02;000;Multas y Sanciones Pecuniarias;10;0
26;02;05;08;99;000;Otros;10;0
26;02;05;09;00;000;APORTE FISCAL;8311779;0
26;02;05;09;01;000;Libre;8311779;0
26;02;05;12;00;000;RECUPERACIÓN DE PRÉSTAMOS;10;0
26;02;05;12;10;000;Ingresos por Percibir;10;0
26;02;05;15;00;000;SALDO INICIAL DE CAJA;10;0
26;02;05;21;00;000;GASTOS EN PERSONAL;6372651;0
26;02;05;22;00;000;BIENES Y SERVICIOS DE CONSUMO;1840347;0
26;02;05;25;00;000;INTEGROS AL FISCO;10;0
26;02;05;25;99;000;Otros Integros al Fisco;10;0
26;02;05;29;00;000;ADQUISICIÓN DE ACTIVOS NO FINANCIEROS;98791;0
26;02;05;29;05;000;Máquinas y Equipos;44728;0
26;02;05;29;07;000;Programas Informáticos;54063;0
26;02;05;34;00;000;SERVICIO DE LA DEUDA;10;0
26;02;05;34;07;000;Deuda Flotante;10;0
26;02;05;35;00;000;SALDO FINAL DE CAJA;10;0
26;02;06;05;00;000;TRANSFERENCIAS CORRIENTES;82180667;0
26;02;06;05;02;000;Del Gobierno Central;82180667;0
26;02;06;05;02;007;Mundial Olimpiadas Especiales 2027;82180667;0
26;02;06;08;00;000;OTROS INGRESOS CORRIENTES;20;0
26;02;06;08;02;000;Multas y Sanciones Pecuniarias;10;0
26;02;06;08;99;000;Otros;10;0
26;02;06;09;00;000;APORTE FISCAL;4599518;0
26;02;06;09;01;000;Libre;4599518;0
26;02;06;12;00;000;RECUPERACIÓN DE PRÉSTAMOS;10;0
26;02;06;12;10;000;Ingresos por Percibir;10;0
26;02;06;15;00;000;SALDO INICIAL DE CAJA;10;0
26;02;06;21;00;000;GASTOS EN PERSONAL;1345619;0
26;02;06;22;00;000;BIENES Y SERVICIOS DE CONSUMO;493016;0
26;02;06;24;00;000;TRANSFERENCIAS CORRIENTES;84941560;0
26;02;06;24;01;000;Al Sector Privado;703293;0
26;02;06;24;01;999;Otros Eventos;703293;0
26;02;06;24;09;000;A Unidades o Programas del Servicio;84238267;0
26;02;06;24;09;007;Mundial Olimpiadas Especiales 2027;82180667;0
26;02;06;24;09;016;Juegos Suramericanos de Playa 2027;2057600;0
26;02;06;25;00;000;INTEGROS AL FISCO;10;0
26;02;06;25;99;000;Otros Integros al Fisco;10;0
26;02;06;34;00;000;SERVICIO DE LA DEUDA;10;0
26;02;06;34;07;000;Deuda Flotante;10;0
26;02;06;35;00;000;SALDO FINAL DE CAJA;10;0
27;01;01;05;00;000;TRANSFERENCIAS CORRIENTES;10;0
27;01;01;05;02;000;Del Gobierno Central;10;0
27;01;01;05;02;201;Recuperación de Licencias Médicas - FONASA;10;0
27;01;01;08;00;000;OTROS INGRESOS CORRIENTES;174431;0
27;01;01;08;01;000;Recuperaciones y Reembolsos por Licencias Médicas;174401;0
27;01;01;08;99;000;Otros;30;0
27;01;01;09;00;000;APORTE FISCAL;11471342;0
27;01;01;09;01;000;Libre;11471342;0
27;01;01;12;00;000;RECUPERACIÓN DE PRÉSTAMOS;10;0
27;01;01;12;10;000;Ingresos por Percibir;10;0
27;01;01;15;00;000;SALDO INICIAL DE CAJA;10;0
27;01;01;21;00;000;GASTOS EN PERSONAL;8126960;0
27;01;01;22;00;000;BIENES Y SERVICIOS DE CONSUMO;2992116;0
27;01;01;23;00;000;PRESTACIONES DE SEGURIDAD SOCIAL;10;0
27;01;01;23;03;000;Prestaciones Sociales del Empleador;10;0
27;01;01;25;00;000;INTEGROS AL FISCO;174411;0
27;01;01;25;99;000;Otros Integros al Fisco;174411;0
27;01;01;29;00;000;ADQUISICIÓN DE ACTIVOS NO FINANCIEROS;352286;0
27;01;01;29;03;000;Vehículos;32922;0
27;01;01;29;04;000;Mobiliario y Otros;3863;0
27;01;01;29;05;000;Máquinas y Equipos;1337;0
27;01;01;29;07;000;Programas Informáticos;314164;0
27;01;01;34;00;000;SERVICIO DE LA DEUDA;10;0
27;01;01;34;07;000;Deuda Flotante;10;0
27;01;01;35;00;000;SALDO FINAL DE CAJA;10;0
27;02;01;05;00;000;TRANSFERENCIAS CORRIENTES;10;0
27;02;01;05;02;000;Del Gobierno Central;10;0
27;02;01;05;02;201;Recuperación de Licencias Médicas - FONASA;10;0
27;02;01;08;00;000;OTROS INGRESOS CORRIENTES;295112;0
27;02;01;08;01;000;Recuperaciones y Reembolsos por Licencias Médicas;295112;0
27;02;01;09;00;000;APORTE FISCAL;31837005;0
27;02;01;09;01;000;Libre;31837005;0
27;02;01;15;00;000;SALDO INICIAL DE CAJA;10;0
27;02;01;21;00;000;GASTOS EN PERSONAL;19554675;0
27;02;01;22;00;000;BIENES Y SERVICIOS DE CONSUMO;2581942;0
27;02;01;23;00;000;PRESTACIONES DE SEGURIDAD SOCIAL;10;0
27;02;01;23;03;000;Prestaciones Sociales del Empleador;10;0
27;02;01;24;00;000;TRANSFERENCIAS CORRIENTES;9425749;0
27;02;01;24;01;000;Al Sector Privado;8434840;0
27;02;01;24;01;001;PRODEMU;8371599;0
27;02;01;24;01;009;Fondo para la Equidad de Género;63241;0
27;02;01;24;03;000;A Otras Entidades Públicas;990909;0
27;02;01;24;03;010;Mujer, Sexualidad, Maternidad y Corresponsabilidad;990909;0
27;02;01;25;00;000;INTEGROS AL FISCO;295122;0
27;02;01;25;99;000;Otros Integros al Fisco;295122;0
27;02;01;29;00;000;ADQUISICIÓN DE ACTIVOS NO FINANCIEROS;274619;0
27;02;01;29;07;000;Programas Informáticos;274619;0
27;02;01;34;00;000;SERVICIO DE LA DEUDA;10;0
27;02;01;34;07;000;Deuda Flotante;10;0
27;02;01;35;00;000;SALDO FINAL DE CAJA;10;0
27;02;02;09;00;000;APORTE FISCAL;19882160;0
27;02;02;09;01;000;Libre;19882160;0
27;02;02;15;00;000;SALDO INICIAL DE CAJA;10;0
27;02;02;21;00;000;GASTOS EN PERSONAL;17341;0
27;02;02;22;00;000;BIENES Y SERVICIOS DE CONSUMO;56766;0
27;02;02;24;00;000;TRANSFERENCIAS CORRIENTES;19808043;0
27;02;02;24;02;000;Al Gobierno Central;6343875;0
27;02;02;24;02;004;Programa 4 a 7 -JUNAEB;2171618;0
27;02;02;24;02;005;Servicio de Cooperación Técnica;4172257;0
27;02;02;24;03;000;A Otras Entidades Públicas;13396325;0
27;02;02;24;03;003;Mujeres Jefas de Hogar;5251376;0
27;02;02;24;03;005;Programa 4 a 7;8144949;0
27;02;02;24;08;000;A Instituciones Privadas Ejecutoras de Políticas Públicas;67843;0
27;02;02;24;08;003;Mujeres Jefas de Hogar;67843;0
27;02;02;34;00;000;SERVICIO DE LA DEUDA;10;0
27;02;02;34;07;000;Deuda Flotante;10;0
27;02;02;35;00;000;SALDO FINAL DE CAJA;10;0
27;02;03;09;00;000;APORTE FISCAL;29897602;0
27;02;03;09;01;000;Libre;29897602;0
27;02;03;15;00;000;SALDO INICIAL DE CAJA;10;0
27;02;03;22;00;000;BIENES Y SERVICIOS DE CONSUMO;102221;0
27;02;03;24;00;000;TRANSFERENCIAS CORRIENTES;29795371;0
27;02;03;24;03;000;A Otras Entidades Públicas;25217589;0
27;02;03;24;03;007;Atención Inicial de las Violencias de Género;12035800;0
27;02;03;24;03;008;Prevención de las Violencias de Género;2517211;0
27;02;03;24;03;014;Recuperación del Ejercicio de la Autonomía para Víctimas y Sobrevivientes de VG;10664578;0
27;02;03;24;08;000;A Instituciones Privadas Ejecutoras de Políticas Públicas;3496471;0
27;02;03;24;08;007;Atención Inicial de las Violencias de Género;249726;0
27;02;03;24;08;008;Prevención de las Violencias de Género;157630;0
27;02;03;24;08;014;Recuperación del Ejercicio de la Autonomía para Víctimas y Sobrevivientes de VG;3089115;0
27;02;03;24;09;000;A Unidades o Programas del Servicio;1081311;0
27;02;03;24;09;007;Atención Inicial de las Violencias de Género;1031047;0
27;02;03;24;09;008;Prevención de las Violencias de Género;50264;0
27;02;03;34;00;000;SERVICIO DE LA DEUDA;10;0
27;02;03;34;07;000;Deuda Flotante;10;0
27;02;03;35;00;000;SALDO FINAL DE CAJA;10;0
28;01;01;05;00;000;TRANSFERENCIAS CORRIENTES;10;0
28;01;01;05;02;000;Del Gobierno Central;10;0
28;01;01;05;02;201;Recuperación de Licencias Médicas - FONASA;10;0
28;01;01;08;00;000;OTROS INGRESOS CORRIENTES;115730;0
28;01;01;08;01;000;Recuperaciones y Reembolsos por Licencias Médicas;108857;0
28;01;01;08;99;000;Otros;6873;0
28;01;01;09;00;000;APORTE FISCAL;26032401;0
28;01;01;09;01;000;Libre;26032401;0
28;01;01;10;00;000;VENTA DE ACTIVOS NO FINANCIEROS;20;0
28;01;01;10;03;000;Vehículos;10;0
28;01;01;10;04;000;Mobiliario y Otros;10;0
28;01;01;12;00;000;RECUPERACIÓN DE PRÉSTAMOS;10;0
28;01;01;12;10;000;Ingresos por Percibir;10;0
28;01;01;15;00;000;SALDO INICIAL DE CAJA;10;0
28;01;01;21;00;000;GASTOS EN PERSONAL;19678722;0
28;01;01;22;00;000;BIENES Y SERVICIOS DE CONSUMO;6243653;0
28;01;01;23;00;000;PRESTACIONES DE SEGURIDAD SOCIAL;20;0
28;01;01;23;03;000;Prestaciones Sociales del Empleador;20;0
28;01;01;24;00;000;TRANSFERENCIAS CORRIENTES;5527;0
28;01;01;24;07;000;A Organismos Internacionales;5527;0
28;01;01;24;07;001;Unión Interamericana de Organismos Electorales (UNIORE);5527;0
28;01;01;25;00;000;INTEGROS AL FISCO;115969;0
28;01;01;25;99;000;Otros Integros al Fisco;115969;0
28;01;01;29;00;000;ADQUISICIÓN DE ACTIVOS NO FINANCIEROS;104270;0
28;01;01;29;03;000;Vehículos;20576;0
28;01;01;29;04;000;Mobiliario y Otros;20443;0
28;01;01;29;05;000;Máquinas y Equipos;6667;0
28;01;01;29;06;000;Equipos Informáticos;54012;0
28;01;01;29;07;000;Programas Informáticos;2572;0
28;01;01;34;00;000;SERVICIO DE LA DEUDA;10;0
28;01;01;34;07;000;Deuda Flotante;10;0
28;01;01;35;00;000;SALDO FINAL DE CAJA;10;0
28;01;05;09;00;000;APORTE FISCAL;8927170;0
28;01;05;09;01;000;Libre;8927170;0
28;01;05;15;00;000;SALDO INICIAL DE CAJA;10;0
28;01;05;21;00;000;GASTOS EN PERSONAL;72045;0
28;01;05;22;00;000;BIENES Y SERVICIOS DE CONSUMO;8855125;0
28;01;05;35;00;000;SALDO FINAL DE CAJA;10;0
29;01;01;05;00;000;TRANSFERENCIAS CORRIENTES;10;0
29;01;01;05;02;000;Del Gobierno Central;10;0
29;01;01;05;02;201;Recuperación de Licencias Médicas - FONASA;10;0
29;01;01;08;00;000;OTROS INGRESOS CORRIENTES;288094;0
29;01;01;08;01;000;Recuperaciones y Reembolsos por Licencias Médicas;10;0
29;01;01;08;02;000;Multas y Sanciones Pecuniarias;10;0
29;01;01;08;99;000;Otros;288074;0
29;01;01;09;00;000;APORTE FISCAL;79457956;0
29;01;01;09;01;000;Libre;79457956;0
29;01;01;12;00;000;RECUPERACIÓN DE PRÉSTAMOS;105860;0
29;01;01;12;10;000;Ingresos por Percibir;105860;0
29;01;01;15;00;000;SALDO INICIAL DE CAJA;10;0
29;01;01;21;00;000;GASTOS EN PERSONAL;35724990;0
29;01;01;22;00;000;BIENES Y SERVICIOS DE CONSUMO;6033059;0
29;01;01;23;00;000;PRESTACIONES DE SEGURIDAD SOCIAL;10;0
29;01;01;23;03;000;Prestaciones Sociales del Empleador;10;0
29;01;01;24;00;000;TRANSFERENCIAS CORRIENTES;36688407;0
29;01;01;24;01;000;Al Sector Privado;3000000;0
29;01;01;24;01;003;Pase Cultural;3000000;0
29;01;01;24;02;000;Al Gobierno Central;22947106;0
29;01;01;24;02;001;Ministerio Secretaría General de Gobierno-Consejo Nacional de Televisión;5756640;0
29;01;01;24;02;002;Ministerio de Relaciones Exteriores;1464782;0
29;01;01;24;02;006;Actividades Artísticas y Culturales - Gobiernos Regionales;15725684;0
29;01;01;24;09;000;A Unidades o Programas del Servicio;10741301;0
29;01;01;24;09;087;Actividades de Fomento y Desarrollo Cultural;5881140;0
29;01;01;24;09;098;Conjuntos Artísticos Estables;4860161;0
29;01;01;25;00;000;INTEGROS AL FISCO;30;0
29;01;01;25;01;000;Impuestos;10;0
29;01;01;25;99;000;Otros Integros al Fisco;20;0
29;01;01;29;00;000;ADQUISICIÓN DE ACTIVOS NO FINANCIEROS;1045334;0
29;01;01;29;07;000;Programas Informáticos;1045334;0
29;01;01;33;00;000;TRANSFERENCIAS DE CAPITAL;360080;0
29;01;01;33;02;000;Al Gobierno Central;360080;0
29;01;01;33;02;012;Ministerio de Obras Públicas-Dirección de Arquitectura;360080;0
29;01;01;34;00;000;SERVICIO DE LA DEUDA;10;0
29;01;01;34;07;000;Deuda Flotante;10;0
29;01;01;35;00;000;SALDO FINAL DE CAJA;10;0
29;01;02;05;00;000;TRANSFERENCIAS CORRIENTES;10;0
29;01;02;05;02;000;Del Gobierno Central;10;0
29;01;02;05;02;201;Recuperación de Licencias Médicas - FONASA;10;0
29;01;02;08;00;000;OTROS INGRESOS CORRIENTES;30;0
29;01;02;08;01;000;Recuperaciones y Reembolsos por Licencias Médicas;10;0
29;01;02;08;02;000;Multas y Sanciones Pecuniarias;10;0
29;01;02;08;99;000;Otros;10;0
29;01;02;09;00;000;APORTE FISCAL;84773020;0
29;01;02;09;01;000;Libre;84773020;0
29;01;02;12;00;000;RECUPERACIÓN DE PRÉSTAMOS;10;0
29;01;02;12;10;000;Ingresos por Percibir;10;0
29;01;02;15;00;000;SALDO INICIAL DE CAJA;10;0
29;01;02;21;00;000;GASTOS EN PERSONAL;5598413;0
29;01;02;22;00;000;BIENES Y SERVICIOS DE CONSUMO;133135;0
29;01;02;23;00;000;PRESTACIONES DE SEGURIDAD SOCIAL;10;0
29;01;02;23;03;000;Prestaciones Sociales del Empleador;10;0
29;01;02;24;00;000;TRANSFERENCIAS CORRIENTES;79041482;0
29;01;02;24;01;000;Al Sector Privado;74452674;0
29;01;02;24;01;094;Fondo Nacional de Fomento del Libro y la Lectura, Ley N°19.227;10416381;0
29;01;02;24;01;097;Fondo Nacional de Desarrollo Cultural  y las Artes, Ley N°19.891;18123573;0
29;01;02;24;01;520;Fondo para el Fomento de la Música Nacional, Ley N°19.928;10052155;0
29;01;02;24;01;521;Fondo de Fomento Audiovisual, Ley N°19.981;25126525;0
29;01;02;24;01;522;Fondo Nacional de Fomento y Desarrollo de las Artes Escénicas, Ley N°21.175;10430570;0
29;01;02;24;01;523;Fondo Nacional de Fomento y Desarrollo de la Artesanía, Ley N°21.788;303470;0
29;01;02;24;02;000;Al Gobierno Central;4588808;0
29;01;02;24;02;002;Ministerio de Relaciones Exteriores;2202249;0
29;01;02;24;02;004;Apoyo a Inversiones Audiovisuales de Alto Impacto-CORFO;2386559;0
29;01;02;25;00;000;INTEGROS AL FISCO;20;0
29;01;02;25;99;000;Otros Integros al Fisco;20;0
29;01;02;34;00;000;SERVICIO DE LA DEUDA;10;0
29;01;02;34;07;000;Deuda Flotante;10;0
29;01;02;35;00;000;SALDO FINAL DE CAJA;10;0
29;01;03;09;00;000;APORTE FISCAL;35238046;0
29;01;03;09;01;000;Libre;35238046;0
29;01;03;15;00;000;SALDO INICIAL DE CAJA;10;0
29;01;03;24;00;000;TRANSFERENCIAS CORRIENTES;35238036;0
29;01;03;24;01;000;Al Sector Privado;31527471;0
29;01;03;24;01;081;Fundación Artesanías de Chile;1562766;0
29;01;03;24;01;181;Fundación Tiempos Nuevos;5333787;0
29;01;03;24;01;188;Corporación Cultural Municipalidad de Santiago;4282403;0
29;01;03;24;01;269;Centro Cultural Palacio de la Moneda;2433403;0
29;01;03;24;01;279;Corporación Centro Cultural Gabriela Mistral;4626880;0
29;01;03;24;01;291;Parque Cultural Valparaíso;1726095;0
29;01;03;24;01;292;Programa de Orquestas Regionales Profesionales;5701488;0
29;01;03;24;01;293;Fundación Internacional Teatro a Mil;543538;0
29;01;03;24;01;294;Corporación Cultural Balmaceda 1215;1480310;0
29;01;03;24;01;295;Corporación Cultural Matucana 100;962293;0
29;01;03;24;01;301;Sociedad de Escritores de Chile (SECH);32102;0
29;01;03;24;01;302;Asociación de Pintores y Escultores;32793;0
29;01;03;24;01;305;Corporación Cultural Teatro Regional Biobío;957642;0
29;01;03;24;01;307;Corporación de Amigos del Teatro Regional del Maule;617323;0
29;01;03;24;01;308;Asociación Patrimonial Cultural Región de Los Ríos - Teatro Cervantes;308662;0
29;01;03;24;01;309;Corporación Cultural Municipal de la Comuna de Chillán  -  Teatro Municipal de Chillán;308662;0
29;01;03;24;01;310;Teatro Municipal de Iquique;308662;0
29;01;03;24;01;311;Teatro Municipal de Viña del Mar;308662;0
29;01;03;24;02;000;Al Gobierno Central;3710565;0
29;01;03;24;02;005;Universidades Públicas Colaboradoras en el Acceso al Arte y la Cultura;3710565;0
29;01;03;34;00;000;SERVICIO DE LA DEUDA;10;0
29;01;03;34;07;000;Deuda Flotante;10;0
29;01;03;35;00;000;SALDO FINAL DE CAJA;10;0
29;01;04;08;00;000;OTROS INGRESOS CORRIENTES;20;0
29;01;04;08;02;000;Multas y Sanciones Pecuniarias;10;0
29;01;04;08;99;000;Otros;10;0
29;01;04;09;00;000;APORTE FISCAL;33148859;0
29;01;04;09;01;000;Libre;33148859;0
29;01;04;12;00;000;RECUPERACIÓN DE PRÉSTAMOS;10;0
29;01;04;12;10;000;Ingresos por Percibir;10;0
29;01;04;15;00;000;SALDO INICIAL DE CAJA;10;0
29;01;04;21;00;000;GASTOS EN PERSONAL;481090;0
29;01;04;22;00;000;BIENES Y SERVICIOS DE CONSUMO;2506118;0
29;01;04;24;00;000;TRANSFERENCIAS CORRIENTES;24596449;0
29;01;04;24;01;000;Al Sector Privado;21380288;0
29;01;04;24;01;001;Puntos de Cultura Comunitaria;2670482;0
29;01;04;24;01;138;Apoyo a Organizaciones Culturales Colaboradoras;18709806;0
29;01;04;24;03;000;A Otras Entidades Públicas;1145118;0
29;01;04;24;03;129;Red Cultura;1145118;0
29;01;04;24;09;000;A Unidades o Programas del Servicio;2071043;0
29;01;04;24;09;146;Fomento y Desarrollo de Artes de la Visualidad;2071043;0
29;01;04;25;00;000;INTEGROS AL FISCO;10;0
29;01;04;25;99;000;Otros Integros al Fisco;10;0
29;01;04;33;00;000;TRANSFERENCIAS DE CAPITAL;5565212;0
29;01;04;33;01;000;Al Sector Privado;2782606;0
29;01;04;33;01;002;Programa de Financiamiento de Infraestructura Cultural;2782606;0
29;01;04;33;03;000;A Otras Entidades Públicas;2782606;0
29;01;04;33;03;002;Programa de Financiamiento de Infraestructura Cultural;2782606;0
29;01;04;34;00;000;SERVICIO DE LA DEUDA;10;0
29;01;04;34;07;000;Deuda Flotante;10;0
29;01;04;35;00;000;SALDO FINAL DE CAJA;10;0
29;01;05;08;00;000;OTROS INGRESOS CORRIENTES;20;0
29;01;05;08;02;000;Multas y Sanciones Pecuniarias;10;0
29;01;05;08;99;000;Otros;10;0
29;01;05;09;00;000;APORTE FISCAL;16164666;0
29;01;05;09;01;000;Libre;16164666;0
29;01;05;12;00;000;RECUPERACIÓN DE PRÉSTAMOS;10;0
29;01;05;12;10;000;Ingresos por Percibir;10;0
29;01;05;15;00;000;SALDO INICIAL DE CAJA;10;0
29;01;05;24;00;000;TRANSFERENCIAS CORRIENTES;13926922;0
29;01;05;24;01;000;Al Sector Privado;5398442;0
29;01;05;24;01;268;Orquestas Sinfónicas Juveniles e Infantiles de Chile;5398442;0
29;01;05;24;03;000;A Otras Entidades Públicas;4748157;0
29;01;05;24;03;135;Centros de Creación y Desarrollo Artístico para Niños, Niñas y Jóvenes;4748157;0
29;01;05;24;09;000;A Unidades o Programas del Servicio;3780323;0
29;01;05;24;09;122;Fomento de Arte en la Educación;2378998;0
29;01;05;24;09;139;Programa Nacional de Desarrollo Artístico en la Educación;1401325;0
29;01;05;25;00;000;INTEGROS AL FISCO;10;0
29;01;05;25;99;000;Otros Integros al Fisco;10;0
29;01;05;29;00;000;ADQUISICIÓN DE ACTIVOS NO FINANCIEROS;123664;0
29;01;05;29;04;000;Mobiliario y Otros;62307;0
29;01;05;29;05;000;Máquinas y Equipos;61357;0
29;01;05;31;00;000;INICIATIVAS DE INVERSIÓN;2114090;0
29;01;05;31;02;000;Proyectos;2114090;0
29;01;05;34;00;000;SERVICIO DE LA DEUDA;10;0
29;01;05;34;07;000;Deuda Flotante;10;0
29;01;05;35;00;000;SALDO FINAL DE CAJA;10;0
29;02;01;05;00;000;TRANSFERENCIAS CORRIENTES;10;0
29;02;01;05;02;000;Del Gobierno Central;10;0
29;02;01;05;02;201;Recuperación de Licencias Médicas - FONASA;10;0
29;02;01;06;00;000;RENTAS DE LA PROPIEDAD;10;0
29;02;01;06;01;000;Arriendo de Activos No Financieros;10;0
29;02;01;08;00;000;OTROS INGRESOS CORRIENTES;30;0
29;02;01;08;01;000;Recuperaciones y Reembolsos por Licencias Médicas;10;0
29;02;01;08;02;000;Multas y Sanciones Pecuniarias;10;0
29;02;01;08;99;000;Otros;10;0
29;02;01;09;00;000;APORTE FISCAL;3385308;0
29;02;01;09;01;000;Libre;3385308;0
29;02;01;12;00;000;RECUPERACIÓN DE PRÉSTAMOS;10;0
29;02;01;12;10;000;Ingresos por Percibir;10;0
29;02;01;15;00;000;SALDO INICIAL DE CAJA;10;0
29;02;01;21;00;000;GASTOS EN PERSONAL;1835043;0
29;02;01;22;00;000;BIENES Y SERVICIOS DE CONSUMO;1440781;0
29;02;01;23;00;000;PRESTACIONES DE SEGURIDAD SOCIAL;10;0
29;02;01;23;03;000;Prestaciones Sociales del Empleador;10;0
29;02;01;24;00;000;TRANSFERENCIAS CORRIENTES;12159;0
29;02;01;24;01;000;Al Sector Privado;12159;0
29;02;01;24;01;001;Cuota Corporación Municipal Valparaíso Sitio Patrimonio Mundial;12159;0
29;02;01;25;00;000;INTEGROS AL FISCO;20;0
29;02;01;25;99;000;Otros Integros al Fisco;20;0
29;02;01;29;00;000;ADQUISICIÓN DE ACTIVOS NO FINANCIEROS;97345;0
29;02;01;29;07;000;Programas Informáticos;97345;0
29;02;01;34;00;000;SERVICIO DE LA DEUDA;10;0
29;02;01;34;07;000;Deuda Flotante;10;0
29;02;01;35;00;000;SALDO FINAL DE CAJA;10;0
29;03;01;05;00;000;TRANSFERENCIAS CORRIENTES;10;0
29;03;01;05;02;000;Del Gobierno Central;10;0
29;03;01;05;02;201;Recuperación de Licencias Médicas - FONASA;10;0
29;03;01;07;00;000;INGRESOS DE OPERACIÓN;222618;0
29;03;01;08;00;000;OTROS INGRESOS CORRIENTES;332133;0
29;03;01;08;01;000;Recuperaciones y Reembolsos por Licencias Médicas;10;0
29;03;01;08;02;000;Multas y Sanciones Pecuniarias;23483;0
29;03;01;08;99;000;Otros;308640;0
29;03;01;09;00;000;APORTE FISCAL;109584003;0
29;03;01;09;01;000;Libre;109584003;0
29;03;01;10;00;000;VENTA DE ACTIVOS NO FINANCIEROS;10;0
29;03;01;10;03;000;Vehículos;10;0
29;03;01;12;00;000;RECUPERACIÓN DE PRÉSTAMOS;10;0
29;03;01;12;10;000;Ingresos por Percibir;10;0
29;03;01;15;00;000;SALDO INICIAL DE CAJA;10;0
29;03;01;21;00;000;GASTOS EN PERSONAL;24098320;0
29;03;01;22;00;000;BIENES Y SERVICIOS DE CONSUMO;12592138;0
29;03;01;23;00;000;PRESTACIONES DE SEGURIDAD SOCIAL;10;0
29;03;01;23;03;000;Prestaciones Sociales del Empleador;10;0
29;03;01;24;00;000;TRANSFERENCIAS CORRIENTES;11435034;0
29;03;01;24;02;000;Al Gobierno Central;4490591;0
29;03;01;24;02;001;Programa de Educación Intercultural Bilingüe-Subsecretaría de Educación;1565335;0
29;03;01;24;02;004;Fondo de Educación y Cultura Indígena-Corporación Nacional de Desarrollo Indígena;2925256;0
29;03;01;24;09;000;A Unidades o Programas del Servicio;6944443;0
29;03;01;24;09;001;Acciones Culturales Complementarias;2314575;0
29;03;01;24;09;003;Fomento y Desarrollo del Patrimonio Nacional;294010;0
29;03;01;24;09;004;Sistema Nacional de Patrimonio Material e Inmaterial;539734;0
29;03;01;24;09;005;Fomento y Difusión del Arte y las Culturas de Pueblos Indígenas;1070278;0
29;03;01;24;09;006;Programación y Difusión de los Patrimonios;2725846;0
29;03;01;25;00;000;INTEGROS AL FISCO;3010;0
29;03;01;25;01;000;Impuestos;2990;0
29;03;01;25;99;000;Otros Integros al Fisco;20;0
29;03;01;29;00;000;ADQUISICIÓN DE ACTIVOS NO FINANCIEROS;1125142;0
29;03;01;29;07;000;Programas Informáticos;1125142;0
29;03;01;31;00;000;INICIATIVAS DE INVERSIÓN;47400543;0
29;03;01;31;02;000;Proyectos;47400543;0
29;03;01;33;00;000;TRANSFERENCIAS DE CAPITAL;13484577;0
29;03;01;33;02;000;Al Gobierno Central;13484577;0
29;03;01;33;02;002;Ministerio de Obras Públicas;3609091;0
29;03;01;33;02;029;Subsecretaría de Desarrollo Regional y Administrativo-Programa de Desarrollo Local;9875486;0
29;03;01;34;00;000;SERVICIO DE LA DEUDA;10;0
29;03;01;34;07;000;Deuda Flotante;10;0
29;03;01;35;00;000;SALDO FINAL DE CAJA;10;0
29;03;02;05;00;000;TRANSFERENCIAS CORRIENTES;10;0
29;03;02;05;02;000;Del Gobierno Central;10;0
29;03;02;05;02;201;Recuperación de Licencias Médicas - FONASA;10;0
29;03;02;08;00;000;OTROS INGRESOS CORRIENTES;30;0
29;03;02;08;01;000;Recuperaciones y Reembolsos por Licencias Médicas;10;0
29;03;02;08;02;000;Multas y Sanciones Pecuniarias;10;0
29;03;02;08;99;000;Otros;10;0
29;03;02;09;00;000;APORTE FISCAL;32284833;0
29;03;02;09;01;000;Libre;32284833;0
29;03;02;12;00;000;RECUPERACIÓN DE PRÉSTAMOS;10;0
29;03;02;12;10;000;Ingresos por Percibir;10;0
29;03;02;15;00;000;SALDO INICIAL DE CAJA;10;0
29;03;02;21;00;000;GASTOS EN PERSONAL;17905493;0
29;03;02;22;00;000;BIENES Y SERVICIOS DE CONSUMO;8787791;0
29;03;02;23;00;000;PRESTACIONES DE SEGURIDAD SOCIAL;10;0
29;03;02;23;03;000;Prestaciones Sociales del Empleador;10;0
29;03;02;24;00;000;TRANSFERENCIAS CORRIENTES;3622264;0
29;03;02;24;02;000;Al Gobierno Central;3622264;0
29;03;02;24;02;002;Centro de Recursos de Lectura, Aprendizaje y Bibliotecas Escolar CRA-Subsecretaría de Educación;2940417;0
29;03;02;24;02;003;Plan de Fomento de Lectura Primera Infancia-Junta Nacional de Jardines Infantiles;681847;0
29;03;02;25;00;000;INTEGROS AL FISCO;20;0
29;03;02;25;99;000;Otros Integros al Fisco;20;0
29;03;02;29;00;000;ADQUISICIÓN DE ACTIVOS NO FINANCIEROS;1227426;0
29;03;02;29;04;000;Mobiliario y Otros;1227426;0
29;03;02;33;00;000;TRANSFERENCIAS DE CAPITAL;741869;0
29;03;02;33;03;000;A Otras Entidades Públicas;741869;0
29;03;02;33;03;005;Programa de Mejoramiento Integral de Bibliotecas Públicas;741869;0
29;03;02;34;00;000;SERVICIO DE LA DEUDA;10;0
29;03;02;34;07;000;Deuda Flotante;10;0
29;03;02;35;00;000;SALDO FINAL DE CAJA;10;0
29;03;03;05;00;000;TRANSFERENCIAS CORRIENTES;10;0
29;03;03;05;02;000;Del Gobierno Central;10;0
29;03;03;05;02;201;Recuperación de Licencias Médicas - FONASA;10;0
29;03;03;08;00;000;OTROS INGRESOS CORRIENTES;20;0
29;03;03;08;01;000;Recuperaciones y Reembolsos por Licencias Médicas;10;0
29;03;03;08;99;000;Otros;10;0
29;03;03;09;00;000;APORTE FISCAL;10971700;0
29;03;03;09;01;000;Libre;10971700;0
29;03;03;12;00;000;RECUPERACIÓN DE PRÉSTAMOS;10;0
29;03;03;12;10;000;Ingresos por Percibir;10;0
29;03;03;15;00;000;SALDO INICIAL DE CAJA;10;0
29;03;03;21;00;000;GASTOS EN PERSONAL;9162328;0
29;03;03;22;00;000;BIENES Y SERVICIOS DE CONSUMO;1809372;0
29;03;03;23;00;000;PRESTACIONES DE SEGURIDAD SOCIAL;10;0
29;03;03;23;03;000;Prestaciones Sociales del Empleador;10;0
29;03;03;25;00;000;INTEGROS AL FISCO;20;0
29;03;03;25;99;000;Otros Integros al Fisco;20;0
29;03;03;34;00;000;SERVICIO DE LA DEUDA;10;0
29;03;03;34;07;000;Deuda Flotante;10;0
29;03;03;35;00;000;SALDO FINAL DE CAJA;10;0
29;03;04;05;00;000;TRANSFERENCIAS CORRIENTES;10;0
29;03;04;05;02;000;Del Gobierno Central;10;0
29;03;04;05;02;201;Recuperación de Licencias Médicas - FONASA;10;0
29;03;04;08;00;000;OTROS INGRESOS CORRIENTES;20;0
29;03;04;08;01;000;Recuperaciones y Reembolsos por Licencias Médicas;10;0
29;03;04;08;99;000;Otros;10;0
29;03;04;09;00;000;APORTE FISCAL;21377098;0
29;03;04;09;01;000;Libre;21377098;0
29;03;04;12;00;000;RECUPERACIÓN DE PRÉSTAMOS;10;0
29;03;04;12;10;000;Ingresos por Percibir;10;0
29;03;04;15;00;000;SALDO INICIAL DE CAJA;10;0
29;03;04;21;00;000;GASTOS EN PERSONAL;15550091;0
29;03;04;22;00;000;BIENES Y SERVICIOS DE CONSUMO;4022063;0
29;03;04;23;00;000;PRESTACIONES DE SEGURIDAD SOCIAL;10;0
29;03;04;23;03;000;Prestaciones Sociales del Empleador;10;0
29;03;04;25;00;000;INTEGROS AL FISCO;20;0
29;03;04;25;99;000;Otros Integros al Fisco;20;0
29;03;04;29;00;000;ADQUISICIÓN DE ACTIVOS NO FINANCIEROS;409142;0
29;03;04;29;04;000;Mobiliario y Otros;409142;0
29;03;04;33;00;000;TRANSFERENCIAS DE CAPITAL;1395802;0
29;03;04;33;01;000;Al Sector Privado;697901;0
29;03;04;33;01;001;Fondo de Mejoramiento Integral de Museos;697901;0
29;03;04;33;03;000;A Otras Entidades Públicas;697901;0
29;03;04;33;03;006;Fondo de Mejoramiento Integral de Museos;697901;0
29;03;04;34;00;000;SERVICIO DE LA DEUDA;10;0
29;03;04;34;07;000;Deuda Flotante;10;0
29;03;04;35;00;000;SALDO FINAL DE CAJA;10;0
29;03;05;05;00;000;TRANSFERENCIAS CORRIENTES;1879195;0
29;03;05;05;02;000;Del Gobierno Central;1879195;0
29;03;05;05;02;010;Subsecretaría de Derechos Humanos;1879195;0
29;03;05;08;00;000;OTROS INGRESOS CORRIENTES;10;0
29;03;05;08;99;000;Otros;10;0
29;03;05;09;00;000;APORTE FISCAL;11304534;0
29;03;05;09;01;000;Libre;11304534;0
29;03;05;15;00;000;SALDO INICIAL DE CAJA;10;0
29;03;05;24;00;000;TRANSFERENCIAS CORRIENTES;10023243;0
29;03;05;24;01;000;Al Sector Privado;10023243;0
29;03;05;24;01;212;Museo San Francisco;100265;0
29;03;05;24;01;222;Fundación Museo de la Memoria;2642171;0
29;03;05;24;01;223;Sitios Patrimonio Mundial;1515645;0
29;03;05;24;01;225;Fondo Concursable del Patrimonio;1028800;0
29;03;05;24;01;228;Fondo Programa Sitios de Memoria;683075;0
29;03;05;24;01;229;Corporación Parque por la Paz Villa Grimaldi;415473;0
29;03;05;24;01;230;Fundación Arte y Solidaridad;726806;0
29;03;05;24;01;231;Fundación Eduardo Frei Montalva;237687;0
29;03;05;24;01;232;Londres 38 Casa Memoria;419625;0
29;03;05;24;01;233;Museo del Carmen de Maipú;135195;0
29;03;05;24;01;234;El Memorial de Paine;172123;0
29;03;05;24;01;235;Centro Cultural Museo y Memoria de Neltume;32199;0
29;03;05;24;01;236;Fundación Patricio Aylwin Azócar;112111;0
29;03;05;24;01;237;Corporación Estadio Nacional. Memoria Nacional;95762;0
29;03;05;24;01;238;Fundación Documento y Archivo Vicaría de la Solidaridad;102585;0
29;03;05;24;01;239;Fundación 1367 Casa Memoria José Domingo Cañas;30469;0
29;03;05;24;01;240;Corporación de Ex Presos Políticos de Pisagua;30469;0
29;03;05;24;01;242;Corporación Pro-Basílica Santuario Nacional de Maipú;135195;0
29;03;05;24;01;243;Museo Violeta Parra;631826;0
29;03;05;24;01;244;Fundación Larraín Echeñique;495143;0
29;03;05;24;01;245;Corporación Privada para la Divulgación de la Ciencia y la Tecnología;205774;0
29;03;05;24;01;246;Fundación de Ayuda Social de las Iglesias Cristianas, FASIC;74845;0
29;03;05;33;00;000;TRANSFERENCIAS DE CAPITAL;3160486;0
29;03;05;33;01;000;Al Sector Privado;1580243;0
29;03;05;33;01;007;Fondo del Patrimonio Ley N° 21.045;1580243;0
29;03;05;33;03;000;A Otras Entidades Públicas;1580243;0
29;03;05;33;03;007;Fondo del Patrimonio Ley N° 21.045;1580243;0
29;03;05;34;00;000;SERVICIO DE LA DEUDA;10;0
29;03;05;34;07;000;Deuda Flotante;10;0
29;03;05;35;00;000;SALDO FINAL DE CAJA;10;0
30;01;01;05;00;000;TRANSFERENCIAS CORRIENTES;10;0
30;01;01;05;02;000;Del Gobierno Central;10;0
30;01;01;05;02;201;Recuperación de Licencias Médicas - FONASA;10;0
30;01;01;08;00;000;OTROS INGRESOS CORRIENTES;30;0
30;01;01;08;01;000;Recuperaciones y Reembolsos por Licencias Médicas;10;0
30;01;01;08;02;000;Multas y Sanciones Pecuniarias;10;0
30;01;01;08;99;000;Otros;10;0
30;01;01;09;00;000;APORTE FISCAL;22677835;0
30;01;01;09;01;000;Libre;22677835;0
30;01;01;15;00;000;SALDO INICIAL DE CAJA;10;0
30;01;01;21;00;000;GASTOS EN PERSONAL;7815091;0
30;01;01;22;00;000;BIENES Y SERVICIOS DE CONSUMO;2768682;0
30;01;01;24;00;000;TRANSFERENCIAS CORRIENTES;11926426;0
30;01;01;24;01;000;Al Sector Privado;411520;0
30;01;01;24;01;300;Acceso a capacidad de cómputo IA para I+D+i;411520;0
30;01;01;24;02;000;Al Gobierno Central;1656368;0
30;01;01;24;02;003;Subsecretaría de Agricultura - INIA;823040;0
30;01;01;24;02;005;Instituto Antártico Chileno;617280;0
30;01;01;24;02;008;Servicio Hidrográfico y Oceanográfico de la Armada;216048;0
30;01;01;24;03;000;A Otras Entidades Públicas;9755658;0
30;01;01;24;03;163;Programa Explora;9241258;0
30;01;01;24;03;310;Posicionamiento Internacional de la Ciencia, la Tecnología y la Innovación Chilena;514400;0
30;01;01;24;09;000;A Unidades o Programas del Servicio;102880;0
30;01;01;24;09;001;Programa Exportación Servicios;102880;0
30;01;01;25;00;000;INTEGROS AL FISCO;10;0
30;01;01;25;99;000;Otros Integros al Fisco;10;0
30;01;01;29;00;000;ADQUISICIÓN DE ACTIVOS NO FINANCIEROS;167656;0
30;01;01;29;07;000;Programas Informáticos;167656;0
30;01;01;34;00;000;SERVICIO DE LA DEUDA;10;0
30;01;01;34;07;000;Deuda Flotante;10;0
30;01;01;35;00;000;SALDO FINAL DE CAJA;10;0
30;01;02;05;00;000;TRANSFERENCIAS CORRIENTES;1264532;0
30;01;02;05;02;000;Del Gobierno Central;1264532;0
30;01;02;05;02;004;Subsecretaria de Economía y Empresas de Menor Tamaño;1264532;0
30;01;02;08;00;000;OTROS INGRESOS CORRIENTES;10;0
30;01;02;08;99;000;Otros;10;0
30;01;02;09;00;000;APORTE FISCAL;173419680;0
30;01;02;09;01;000;Libre;173419680;0
30;01;02;15;00;000;SALDO INICIAL DE CAJA;10;0
30;01;02;21;00;000;GASTOS EN PERSONAL;149883;0
30;01;02;22;00;000;BIENES Y SERVICIOS DE CONSUMO;14112;0
30;01;02;24;00;000;TRANSFERENCIAS CORRIENTES;173057449;0
30;01;02;24;01;000;Al Sector Privado;216048;0
30;01;02;24;01;099;Fundación Encuentros del Futuro;216048;0
30;01;02;24;02;000;Al Gobierno Central;172841401;0
30;01;02;24;02;011;Fomento de la Ciencia y la Tecnología - ANID 01;108243570;0
30;01;02;24;02;012;Formación de Capital Humano - ANID 01;555552;0
30;01;02;24;02;014;Innovación de Base Científica - ANID 03;13412466;0
30;01;02;24;02;015;Fomento de la Ciencia y la Tecnología - ANID 03;21380393;0
30;01;02;24;02;016;Centros Tecnológicos  - ANID 03;7172661;0
30;01;02;24;02;018;Fomento de la Ciencia y la Tecnología - Iniciativa Científica Milenio;14956355;0
30;01;02;24;02;023;Fomento de la Ciencia y la Tecnología - Comité Innova Chile;4610087;0
30;01;02;24;02;041;Fomento de la Ciencia y la Tecnología - Subsecretaría de Agricultura - FIA;1962995;0
30;01;02;24;02;051;Encuesta sobre Gasto y Personal en I+D - INE;547322;0
30;01;02;25;00;000;INTEGROS AL FISCO;10;0
30;01;02;25;99;000;Otros Integros al Fisco;10;0
30;01;02;33;00;000;TRANSFERENCIAS DE CAPITAL;1462758;0
30;01;02;33;02;000;Al Gobierno Central;1462758;0
30;01;02;33;02;013;Fondo Equipamiento I+D - ANID 01;1094199;0
30;01;02;33;02;015;Fomento de la Ciencia y la Tecnología - ANID 03;368559;0
30;01;02;34;00;000;SERVICIO DE LA DEUDA;10;0
30;01;02;34;07;000;Deuda Flotante;10;0
30;01;02;35;00;000;SALDO FINAL DE CAJA;10;0
30;01;03;08;00;000;OTROS INGRESOS CORRIENTES;10;0
30;01;03;08;99;000;Otros;10;0
30;01;03;09;00;000;APORTE FISCAL;427484;0
30;01;03;09;01;000;Libre;427484;0
30;01;03;15;00;000;SALDO INICIAL DE CAJA;10;0
30;01;03;21;00;000;GASTOS EN PERSONAL;370063;0
30;01;03;22;00;000;BIENES Y SERVICIOS DE CONSUMO;57411;0
30;01;03;25;00;000;INTEGROS AL FISCO;10;0
30;01;03;25;99;000;Otros Integros al Fisco;10;0
30;01;03;34;00;000;SERVICIO DE LA DEUDA;10;0
30;01;03;34;07;000;Deuda Flotante;10;0
30;01;03;35;00;000;SALDO FINAL DE CAJA;10;0
30;02;01;05;00;000;TRANSFERENCIAS CORRIENTES;108799132;0
30;02;01;05;02;000;Del Gobierno Central;108799132;0
30;02;01;05;02;010;Fondo de Innovación, Ciencia y Tecnología;108799122;0
30;02;01;05;02;201;Recuperación de Licencias Médicas - FONASA;10;0
30;02;01;08;00;000;OTROS INGRESOS CORRIENTES;20;0
30;02;01;08;01;000;Recuperaciones y Reembolsos por Licencias Médicas;10;0
30;02;01;08;99;000;Otros;10;0
30;02;01;09;00;000;APORTE FISCAL;338646814;0
30;02;01;09;01;000;Libre;338646814;0
30;02;01;13;00;000;TRANSFERENCIAS PARA GASTOS DE CAPITAL;1094199;0
30;02;01;13;02;000;Del Gobierno Central;1094199;0
30;02;01;13;02;010;Fondo de Innovación, Ciencia y Tecnología;1094199;0
30;02;01;15;00;000;SALDO INICIAL DE CAJA;10;0
30;02;01;21;00;000;GASTOS EN PERSONAL;17983093;0
30;02;01;22;00;000;BIENES Y SERVICIOS DE CONSUMO;3936615;0
30;02;01;24;00;000;TRANSFERENCIAS CORRIENTES;422331698;0
30;02;01;24;01;000;Al Sector Privado;388059495;0
30;02;01;24;01;160;Fondo Nacional de Desarrollo Científico y Tecnológico (FONDECYT);194487732;0
30;02;01;24;01;161;Fondo de Fomento Ciencia y Tecnología (FONDEF);37199450;0
30;02;01;24;01;166;Programa Regional de Investigación Científica y Tecnológica;3172397;0
30;02;01;24;01;167;Centros Regionales;5491220;0
30;02;01;24;01;170;Programa de Investigación Asociativa;10517115;0
30;02;01;24;01;171;Centros de Investigación Aplicada;25787439;0
30;02;01;24;01;221;Becas Nacionales de Postgrado;65469692;0
30;02;01;24;01;222;Fondo de Publicaciones Científicas;383653;0
30;02;01;24;01;223;Cooperación Internacional;4787372;0
30;02;01;24;01;229;Acceso a la Información Electrónica para Ciencia y Tecnología;539015;0
30;02;01;24;01;230;Becas Chile;21810871;0
30;02;01;24;01;231;Programa de Inserción de Investigadores;1210057;0
30;02;01;24;01;323;Programa Científicos de Nivel Internacional;866764;0
30;02;01;24;01;326;Fondo de Financiamiento de Centros de Investigación en Áreas Prioritarias (FONDAP);3086400;0
30;02;01;24;01;327;Centros de Investigación de Interés Nacional;13250318;0
30;02;01;24;03;000;A Otras Entidades Públicas;19771103;0
30;02;01;24;03;160;Fondo Nacional de Desarrollo Científico y Tecnológico (FONDECYT);6776899;0
30;02;01;24;03;161;Fondo de Fomento Ciencia y Tecnología (FONDEF);1066956;0
30;02;01;24;03;166;Programa Regional de Investigación Científica y Tecnológica;1187640;0
30;02;01;24;03;170;Programa de Investigación Asociativa;3827016;0
30;02;01;24;03;171;Centros de Investigación Aplicada;4397499;0
30;02;01;24;03;231;Programa Inserción de Investigadores;1436000;0
30;02;01;24;03;326;Fondo de Financiamiento de Centros de Investigación en Áreas Prioritarias (FONDAP);617280;0
30;02;01;24;03;327;Centros de Investigación de Interes Nacional;461813;0
30;02;01;24;08;000;A Instituciones Privadas Ejecutoras de Políticas Públicas;14501100;0
30;02;01;24;08;166;Programa Regional de Investigación Científica y Tecnológica;848760;0
30;02;01;24;08;229;Acceso a Información Electrónica para C y T;13652340;0
30;02;01;25;00;000;INTEGROS AL FISCO;10;0
30;02;01;25;99;000;Otros Integros al Fisco;10;0
30;02;01;29;00;000;ADQUISICIÓN DE ACTIVOS NO FINANCIEROS;1367083;0
30;02;01;29;07;000;Programas Informáticos;1367083;0
30;02;01;33;00;000;TRANSFERENCIAS DE CAPITAL;2921656;0
30;02;01;33;01;000;Al Sector Privado;2921656;0
30;02;01;33;01;002;Fondo de Equipamiento Científico y Tecnológico (FONDEQUIP);2921656;0
30;02;01;34;00;000;SERVICIO DE LA DEUDA;10;0
30;02;01;34;07;000;Deuda Flotante;10;0
30;02;01;35;00;000;SALDO FINAL DE CAJA;10;0
30;02;02;05;00;000;TRANSFERENCIAS CORRIENTES;14956365;0
30;02;02;05;02;000;Del Gobierno Central;14956365;0
30;02;02;05;02;003;Fondo de Innovación, Ciencia y Tecnología;14956355;0
30;02;02;05;02;201;Recuperación de Licencias Médicas - FONASA;10;0
30;02;02;08;00;000;OTROS INGRESOS CORRIENTES;20;0
30;02;02;08;01;000;Recuperaciones y Reembolsos por Licencias Médicas;10;0
30;02;02;08;99;000;Otros;10;0
30;02;02;09;00;000;APORTE FISCAL;7579592;0
30;02;02;09;01;000;Libre;7579592;0
30;02;02;15;00;000;SALDO INICIAL DE CAJA;10;0
30;02;02;21;00;000;GASTOS EN PERSONAL;780490;0
30;02;02;22;00;000;BIENES Y SERVICIOS DE CONSUMO;140534;0
30;02;02;24;00;000;TRANSFERENCIAS CORRIENTES;21614933;0
30;02;02;24;01;000;Al Sector Privado;21614933;0
30;02;02;24;01;422;Centros Institutos Milenios;15146899;0
30;02;02;24;01;423;Nucleos Milenios;6241184;0
30;02;02;24;01;424;Proyección al Medio Externo y/o de Redes;226850;0
30;02;02;25;00;000;INTEGROS AL FISCO;10;0
30;02;02;25;99;000;Otros Integros al Fisco;10;0
30;02;02;34;00;000;SERVICIO DE LA DEUDA;10;0
30;02;02;34;07;000;Deuda Flotante;10;0
30;02;02;35;00;000;SALDO FINAL DE CAJA;10;0
30;02;03;05;00;000;TRANSFERENCIAS CORRIENTES;41965530;0
30;02;03;05;02;000;Del Gobierno Central;41965530;0
30;02;03;05;02;011;Fondo de Innovación, Ciencia y Tecnología;41965520;0
30;02;03;05;02;201;Recuperación de Licencias Médicas - FONASA;10;0
30;02;03;08;00;000;OTROS INGRESOS CORRIENTES;20;0
30;02;03;08;01;000;Recuperaciones y Reembolsos por Licencias Médicas;10;0
30;02;03;08;99;000;Otros;10;0
30;02;03;09;00;000;APORTE FISCAL;1339344;0
30;02;03;09;01;000;Libre;1339344;0
30;02;03;13;00;000;TRANSFERENCIAS PARA GASTOS DE CAPITAL;368559;0
30;02;03;13;02;000;Del Gobierno Central;368559;0
30;02;03;13;02;011;Fondo de Innovación, Ciencia y Tecnología;368559;0
30;02;03;15;00;000;SALDO INICIAL DE CAJA;10;0
30;02;03;21;00;000;GASTOS EN PERSONAL;1236319;0
30;02;03;22;00;000;BIENES Y SERVICIOS DE CONSUMO;103035;0
30;02;03;24;00;000;TRANSFERENCIAS CORRIENTES;41965520;0
30;02;03;24;01;000;Al Sector Privado;27719029;0
30;02;03;24;01;014;Apoyo Innovación Educación Superior- INES;1639178;0
30;02;03;24;01;124;Fomento a la Transferencia y Licenciamiento;1234560;0
30;02;03;24;01;125;Fomento a la Vinculación Academia - Industria;6198733;0
30;02;03;24;01;126;Centros Tecnológicos I+D+i;5019838;0
30;02;03;24;01;128;Innovación de Base Científica;11972814;0
30;02;03;24;01;200;Programa Financiamiento Estructural I+D+i Universitario;1653906;0
30;02;03;24;03;000;A Otras Entidades Públicas;14246491;0
30;02;03;24;03;014;Apoyo Innovación Educación Superior- INES;740410;0
30;02;03;24;03;125;Fomento a la Vinculación Academia -Industria;4529443;0
30;02;03;24;03;126;Centros Tecnológicos I+D+i;2152823;0
30;02;03;24;03;128;Innovación de Base Científica;205091;0
30;02;03;24;03;200;Programa Financiamiento Estructural I+D+i Universitario;6618724;0
30;02;03;25;00;000;INTEGROS AL FISCO;10;0
30;02;03;25;99;000;Otros Integros al Fisco;10;0
30;02;03;33;00;000;TRANSFERENCIAS DE CAPITAL;368559;0
30;02;03;33;01;000;Al Sector Privado;186462;0
30;02;03;33;01;014;Apoyo Innovación Educación Superior- INES;186462;0
30;02;03;33;03;000;A Otras Entidades Públicas;182097;0
30;02;03;33;03;014;Apoyo Innovación Educación Superior- INES;182097;0
30;02;03;34;00;000;SERVICIO DE LA DEUDA;10;0
30;02;03;34;07;000;Deuda Flotante;10;0
30;02;03;35;00;000;SALDO FINAL DE CAJA;10;0
31;01;03;09;00;000;APORTE FISCAL;78410779;0
31;01;03;09;01;000;Libre;78410779;0
31;01;03;15;00;000;SALDO INICIAL DE CAJA;10;0
31;01;03;24;00;000;TRANSFERENCIAS CORRIENTES;50010;0
31;01;03;24;01;000;Al Sector Privado;50010;0
31;01;03;24;01;040;Asociatividad Regional - AGORECHI;50000;0
31;01;03;24;01;041;Asociatividad Regional - ANCORE;10;0
31;01;03;33;00;000;TRANSFERENCIAS DE CAPITAL;78360769;0
31;01;03;33;03;000;A Otras Entidades Públicas;78360769;0
31;01;03;33;03;060;Planes Especiales de Zonas Extremas;69958400;0
31;01;03;33;03;070;Planes de Desarrollo para Territorios Rezagados;7373569;0
31;01;03;33;03;090;Fondo Áreas Metropolitanas;1028800;0
31;01;03;35;00;000;SALDO FINAL DE CAJA;10;0
31;01;04;05;00;000;TRANSFERENCIAS CORRIENTES;712969;0
31;01;04;05;02;000;Del Gobierno Central;712969;0
31;01;04;05;02;029;Subsecretaría de las Culturas y las Artes;712969;0
31;01;04;09;00;000;APORTE FISCAL;49049568;0
31;01;04;09;01;000;Libre;49049568;0
31;01;04;13;00;000;TRANSFERENCIAS PARA GASTOS DE CAPITAL;29370069;0
31;01;04;13;02;000;Del Gobierno Central;29370069;0
31;01;04;13;02;003;Subsecretaría de Bienes Nacionales;1736140;0
31;01;04;13;02;006;Tesoro Público Ley N°19.143, Patentes Mineras;4386884;0
31;01;04;13;02;013;Tesoro Público Artículo 129 bis Ley N°20.017, Código de Aguas;88104;0
31;01;04;13;02;019;Fondo de Inversión y Reconversión Regional;2149754;0
31;01;04;13;02;020;Tesoro Público Ley N°18.892, Patentes de Acuicultura;10102;0
31;01;04;13;02;030;Fondo de Apoyo al Transporte Público y la Conectividad Regional;9395741;0
31;01;04;13;02;040;Tesoro Público Ley N°21.210, Modernización Tributaria;38865;0
31;01;04;13;02;060;Fondo de Productividad y Desarrollo;11564479;0
31;01;04;15;00;000;SALDO INICIAL DE CAJA;20;0
31;01;04;24;00;000;TRANSFERENCIAS CORRIENTES;7835697;0
31;01;04;24;03;000;A Otras Entidades Públicas;7835697;0
31;01;04;24;03;150;Funcionamiento Regional;7835697;0
31;01;04;33;00;000;TRANSFERENCIAS DE CAPITAL;71296909;0
31;01;04;33;03;000;A Otras Entidades Públicas;71296909;0
31;01;04;33;03;150;Inversión Regional;71296909;0
31;01;04;34;00;000;SERVICIO DE LA DEUDA;10;0
31;01;04;34;07;000;Deuda Flotante;10;0
31;01;04;35;00;000;SALDO FINAL DE CAJA;10;0
31;01;05;05;00;000;TRANSFERENCIAS CORRIENTES;1161000;0
31;01;05;05;02;000;Del Gobierno Central;1161000;0
31;01;05;05;02;029;Subsecretaría de las Culturas y las Artes;1161000;0
31;01;05;09;00;000;APORTE FISCAL;59370573;0
31;01;05;09;01;000;Libre;59370573;0
31;01;05;13;00;000;TRANSFERENCIAS PARA GASTOS DE CAPITAL;66034356;0
31;01;05;13;02;000;Del Gobierno Central;66034356;0
31;01;05;13;02;003;Subsecretaría de Bienes Nacionales;11866347;0
31;01;05;13;02;006;Tesoro Público Ley N°19.143, Patentes Mineras;14104083;0
31;01;05;13;02;008;Tesoro Público Ley N°19.995, Casinos de Juegos;2755636;0
31;01;05;13;02;009;Tesoro Público Ley N°19.657, Patentes Geotérmicas;175219;0
31;01;05;13;02;013;Tesoro Público Artículo 129 bis Ley N°20.017, Código de Aguas;882775;0
31;01;05;13;02;019;Fondo de Inversión y Reconversión Regional;8918376;0
31;01;05;13;02;020;Tesoro Público Ley N°18.892, Patentes de Acuicultura;5561;0
31;01;05;13;02;030;Fondo de Apoyo al Transporte Público y la Conectividad Regional;12226790;0
31;01;05;13;02;040;Tesoro Público Ley N°21.210, Modernización Tributaria;50575;0
31;01;05;13;02;060;Fondo de Productividad y Desarrollo;15048994;0
31;01;05;15;00;000;SALDO INICIAL DE CAJA;20;0
31;01;05;24;00;000;TRANSFERENCIAS CORRIENTES;10465977;0
31;01;05;24;03;000;A Otras Entidades Públicas;10465977;0
31;01;05;24;03;150;Funcionamiento Regional;10465977;0
31;01;05;33;00;000;TRANSFERENCIAS DE CAPITAL;116099952;0
31;01;05;33;03;000;A Otras Entidades Públicas;116099952;0
31;01;05;33;03;135;Fondo de Desarrollo Región de Antofagasta Convenio Litio;10;0
31;01;05;33;03;150;Inversión Regional;116099942;0
31;01;05;34;00;000;SERVICIO DE LA DEUDA;10;0
31;01;05;34;07;000;Deuda Flotante;10;0
31;01;05;35;00;000;SALDO FINAL DE CAJA;10;0
31;01;06;05;00;000;TRANSFERENCIAS CORRIENTES;839952;0
31;01;06;05;02;000;Del Gobierno Central;839952;0
31;01;06;05;02;029;Subsecretaría de las Culturas y las Artes;839952;0
31;01;06;09;00;000;APORTE FISCAL;54946026;0
31;01;06;09;01;000;Libre;54946026;0
31;01;06;13;00;000;TRANSFERENCIAS PARA GASTOS DE CAPITAL;35338644;0
31;01;06;13;02;000;Del Gobierno Central;35338644;0
31;01;06;13;02;003;Subsecretaría de Bienes Nacionales;1869244;0
31;01;06;13;02;006;Tesoro Público Ley N°19.143, Patentes Mineras;8280628;0
31;01;06;13;02;008;Tesoro Público Ley N°19.995, Casinos de Juegos;1257972;0
31;01;06;13;02;013;Tesoro Público Artículo 129 bis Ley N°20.017, Código de Aguas;782106;0
31;01;06;13;02;019;Fondo de Inversión y Reconversión Regional;1978096;0
31;01;06;13;02;020;Tesoro Público Ley N°18.892, Patentes de Acuicultura;35602;0
31;01;06;13;02;030;Fondo de Apoyo al Transporte Público y la Conectividad Regional;9456553;0
31;01;06;13;02;040;Tesoro Público Ley N°21.210, Modernización Tributaria;39116;0
31;01;06;13;02;060;Fondo de Productividad y Desarrollo;11639327;0
31;01;06;15;00;000;SALDO INICIAL DE CAJA;20;0
31;01;06;24;00;000;TRANSFERENCIAS CORRIENTES;7129407;0
31;01;06;24;03;000;A Otras Entidades Públicas;7129407;0
31;01;06;24;03;150;Funcionamiento Regional;7129407;0
31;01;06;33;00;000;TRANSFERENCIAS DE CAPITAL;83995215;0
31;01;06;33;03;000;A Otras Entidades Públicas;83995215;0
31;01;06;33;03;150;Inversión Regional;83995215;0
31;01;06;34;00;000;SERVICIO DE LA DEUDA;10;0
31;01;06;34;07;000;Deuda Flotante;10;0
31;01;06;35;00;000;SALDO FINAL DE CAJA;10;0
31;01;07;05;00;000;TRANSFERENCIAS CORRIENTES;892114;0
31;01;07;05;02;000;Del Gobierno Central;892114;0
31;01;07;05;02;029;Subsecretaría de las Culturas y las Artes;892114;0
31;01;07;09;00;000;APORTE FISCAL;63813803;0
31;01;07;09;01;000;Libre;63813803;0
31;01;07;13;00;000;TRANSFERENCIAS PARA GASTOS DE CAPITAL;33586631;0
31;01;07;13;02;000;Del Gobierno Central;33586631;0
31;01;07;13;02;003;Subsecretaría de Bienes Nacionales;100197;0
31;01;07;13;02;006;Tesoro Público Ley N°19.143, Patentes Mineras;4199719;0
31;01;07;13;02;008;Tesoro Público Ley N°19.995, Casinos de Juegos;526899;0
31;01;07;13;02;013;Tesoro Público Artículo 129 bis Ley N°20.017, Código de Aguas;593541;0
31;01;07;13;02;019;Fondo de Inversión y Reconversión Regional;1982067;0
31;01;07;13;02;020;Tesoro Público Ley N°18.892, Patentes de Acuicultura;42394;0
31;01;07;13;02;030;Fondo de Apoyo al Transporte Público y la Conectividad Regional;11696782;0
31;01;07;13;02;040;Tesoro Público Ley N°21.210, Modernización Tributaria;48382;0
31;01;07;13;02;060;Fondo de Productividad y Desarrollo;14396650;0
31;01;07;15;00;000;SALDO INICIAL DE CAJA;20;0
31;01;07;24;00;000;TRANSFERENCIAS CORRIENTES;9081192;0
31;01;07;24;03;000;A Otras Entidades Públicas;9081192;0
31;01;07;24;03;150;Funcionamiento Regional;9081192;0
31;01;07;33;00;000;TRANSFERENCIAS DE CAPITAL;89211356;0
31;01;07;33;03;000;A Otras Entidades Públicas;89211356;0
31;01;07;33;03;150;Inversión Regional;89211356;0
31;01;07;34;00;000;SERVICIO DE LA DEUDA;10;0
31;01;07;34;07;000;Deuda Flotante;10;0
31;01;07;35;00;000;SALDO FINAL DE CAJA;10;0
31;01;08;05;00;000;TRANSFERENCIAS CORRIENTES;980100;0
31;01;08;05;02;000;Del Gobierno Central;980100;0
31;01;08;05;02;029;Subsecretaría de las Culturas y las Artes;980100;0
31;01;08;09;00;000;APORTE FISCAL;67702976;0
31;01;08;09;01;000;Libre;67702976;0
31;01;08;13;00;000;TRANSFERENCIAS PARA GASTOS DE CAPITAL;39203094;0
31;01;08;13;02;000;Del Gobierno Central;39203094;0
31;01;08;13;02;003;Subsecretaría de Bienes Nacionales;816;0
31;01;08;13;02;006;Tesoro Público Ley N°19.143, Patentes Mineras;1626700;0
31;01;08;13;02;008;Tesoro Público Ley N°19.995, Casinos de Juegos;5820890;0
31;01;08;13;02;013;Tesoro Público Artículo 129 bis Ley N°20.017, Código de Aguas;513876;0
31;01;08;13;02;019;Fondo de Inversión y Reconversión Regional;2023157;0
31;01;08;13;02;020;Tesoro Público Ley N°18.892, Patentes de Acuicultura;200;0
31;01;08;13;02;030;Fondo de Apoyo al Transporte Público y la Conectividad Regional;13072934;0
31;01;08;13;02;040;Tesoro Público Ley N°21.210, Modernización Tributaria;54075;0
31;01;08;13;02;060;Fondo de Productividad y Desarrollo;16090446;0
31;01;08;15;00;000;SALDO INICIAL DE CAJA;20;0
31;01;08;24;00;000;TRANSFERENCIAS CORRIENTES;9876159;0
31;01;08;24;03;000;A Otras Entidades Públicas;9876159;0
31;01;08;24;03;150;Funcionamiento Regional;9876159;0
31;01;08;33;00;000;TRANSFERENCIAS DE CAPITAL;98010011;0
31;01;08;33;03;000;A Otras Entidades Públicas;98010011;0
31;01;08;33;03;150;Inversión Regional;98010011;0
31;01;08;34;00;000;SERVICIO DE LA DEUDA;10;0
31;01;08;34;07;000;Deuda Flotante;10;0
31;01;08;35;00;000;SALDO FINAL DE CAJA;10;0
31;01;09;05;00;000;TRANSFERENCIAS CORRIENTES;837805;0
31;01;09;05;02;000;Del Gobierno Central;837805;0
31;01;09;05;02;029;Subsecretaría de las Culturas y las Artes;837805;0
31;01;09;09;00;000;APORTE FISCAL;52325879;0
31;01;09;09;01;000;Libre;52325879;0
31;01;09;13;00;000;TRANSFERENCIAS PARA GASTOS DE CAPITAL;38154111;0
31;01;09;13;02;000;Del Gobierno Central;38154111;0
31;01;09;13;02;006;Tesoro Público Ley N°19.143, Patentes Mineras;652765;0
31;01;09;13;02;008;Tesoro Público Ley N°19.995, Casinos de Juegos;9436865;0
31;01;09;13;02;013;Tesoro Público Artículo 129 bis Ley N°20.017, Código de Aguas;940632;0
31;01;09;13;02;019;Fondo de Inversión y Reconversión Regional;1976160;0
31;01;09;13;02;020;Tesoro Público Ley N°18.892, Patentes de Acuicultura;121224;0
31;01;09;13;02;030;Fondo de Apoyo al Transporte Público y la Conectividad Regional;11197735;0
31;01;09;13;02;040;Tesoro Público Ley N°21.210, Modernización Tributaria;46319;0
31;01;09;13;02;060;Fondo de Productividad y Desarrollo;13782411;0
31;01;09;15;00;000;SALDO INICIAL DE CAJA;20;0
31;01;09;24;00;000;TRANSFERENCIAS CORRIENTES;7537288;0
31;01;09;24;03;000;A Otras Entidades Públicas;7537288;0
31;01;09;24;03;150;Funcionamiento Regional;7537288;0
31;01;09;33;00;000;TRANSFERENCIAS DE CAPITAL;83780507;0
31;01;09;33;03;000;A Otras Entidades Públicas;83780507;0
31;01;09;33;03;150;Inversión Regional;83780507;0
31;01;09;34;00;000;SERVICIO DE LA DEUDA;10;0
31;01;09;34;07;000;Deuda Flotante;10;0
31;01;09;35;00;000;SALDO FINAL DE CAJA;10;0
31;01;10;05;00;000;TRANSFERENCIAS CORRIENTES;1086859;0
31;01;10;05;02;000;Del Gobierno Central;1086859;0
31;01;10;05;02;029;Subsecretaría de las Culturas y las Artes;1086859;0
31;01;10;09;00;000;APORTE FISCAL;80304441;0
31;01;10;09;01;000;Libre;80304441;0
31;01;10;13;00;000;TRANSFERENCIAS PARA GASTOS DE CAPITAL;37239724;0
31;01;10;13;02;000;Del Gobierno Central;37239724;0
31;01;10;13;02;003;Subsecretaría de Bienes Nacionales;12123;0
31;01;10;13;02;006;Tesoro Público Ley N°19.143, Patentes Mineras;433246;0
31;01;10;13;02;008;Tesoro Público Ley N°19.995, Casinos de Juegos;1092001;0
31;01;10;13;02;013;Tesoro Público Artículo 129 bis Ley N°20.017, Código de Aguas;2336538;0
31;01;10;13;02;019;Fondo de Inversión y Reconversión Regional;1673464;0
31;01;10;13;02;020;Tesoro Público Ley N°18.892, Patentes de Acuicultura;32;0
31;01;10;13;02;030;Fondo de Apoyo al Transporte Público y la Conectividad Regional;14180277;0
31;01;10;13;02;040;Tesoro Público Ley N°21.210, Modernización Tributaria;58656;0
31;01;10;13;02;060;Fondo de Productividad y Desarrollo;17453387;0
31;01;10;15;00;000;SALDO INICIAL DE CAJA;20;0
31;01;10;24;00;000;TRANSFERENCIAS CORRIENTES;9945130;0
31;01;10;24;03;000;A Otras Entidades Públicas;9945130;0
31;01;10;24;03;150;Funcionamiento Regional;9945130;0
31;01;10;33;00;000;TRANSFERENCIAS DE CAPITAL;108685894;0
31;01;10;33;03;000;A Otras Entidades Públicas;108685894;0
31;01;10;33;03;150;Inversión Regional;108685894;0
31;01;10;34;00;000;SERVICIO DE LA DEUDA;10;0
31;01;10;34;07;000;Deuda Flotante;10;0
31;01;10;35;00;000;SALDO FINAL DE CAJA;10;0
31;01;11;05;00;000;TRANSFERENCIAS CORRIENTES;1101073;0
31;01;11;05;02;000;Del Gobierno Central;1101073;0
31;01;11;05;02;029;Subsecretaría de las Culturas y las Artes;1101073;0
31;01;11;09;00;000;APORTE FISCAL;79206131;0
31;01;11;09;01;000;Libre;79206131;0
31;01;11;13;00;000;TRANSFERENCIAS PARA GASTOS DE CAPITAL;41173741;0
31;01;11;13;02;000;Del Gobierno Central;41173741;0
31;01;11;13;02;003;Subsecretaría de Bienes Nacionales;31004;0
31;01;11;13;02;006;Tesoro Público Ley N°19.143, Patentes Mineras;372599;0
31;01;11;13;02;008;Tesoro Público Ley N°19.995, Casinos de Juegos;4621191;0
31;01;11;13;02;013;Tesoro Público Artículo 129 bis Ley N°20.017, Código de Aguas;1149638;0
31;01;11;13;02;019;Fondo de Inversión y Reconversión Regional;1754641;0
31;01;11;13;02;020;Tesoro Público Ley N°18.892, Patentes de Acuicultura;14982;0
31;01;11;13;02;030;Fondo de Apoyo al Transporte Público y la Conectividad Regional;14868150;0
31;01;11;13;02;040;Tesoro Público Ley N°21.210, Modernización Tributaria;61501;0
31;01;11;13;02;060;Fondo de Productividad y Desarrollo;18300035;0
31;01;11;15;00;000;SALDO INICIAL DE CAJA;20;0
31;01;11;24;00;000;TRANSFERENCIAS CORRIENTES;11373651;0
31;01;11;24;03;000;A Otras Entidades Públicas;11373651;0
31;01;11;24;03;150;Funcionamiento Regional;11373651;0
31;01;11;33;00;000;TRANSFERENCIAS DE CAPITAL;110107294;0
31;01;11;33;03;000;A Otras Entidades Públicas;110107294;0
31;01;11;33;03;150;Inversión Regional;110107294;0
31;01;11;34;00;000;SERVICIO DE LA DEUDA;10;0
31;01;11;34;07;000;Deuda Flotante;10;0
31;01;11;35;00;000;SALDO FINAL DE CAJA;10;0
31;01;12;05;00;000;TRANSFERENCIAS CORRIENTES;1653764;0
31;01;12;05;02;000;Del Gobierno Central;1653764;0
31;01;12;05;02;029;Subsecretaría de las Culturas y las Artes;1653764;0
31;01;12;09;00;000;APORTE FISCAL;126443141;0
31;01;12;09;01;000;Libre;126443141;0
31;01;12;13;00;000;TRANSFERENCIAS PARA GASTOS DE CAPITAL;46631417;0
31;01;12;13;02;000;Del Gobierno Central;46631417;0
31;01;12;13;02;003;Subsecretaría de Bienes Nacionales;11772;0
31;01;12;13;02;006;Tesoro Público Ley N°19.143, Patentes Mineras;86177;0
31;01;12;13;02;008;Tesoro Público Ley N°19.995, Casinos de Juegos;2265684;0
31;01;12;13;02;013;Tesoro Público Artículo 129 bis Ley N°20.017, Código de Aguas;1663993;0
31;01;12;13;02;019;Fondo de Inversión y Reconversión Regional;2136626;0
31;01;12;13;02;020;Tesoro Público Ley N°18.892, Patentes de Acuicultura;3381;0
31;01;12;13;02;030;Fondo de Apoyo al Transporte Público y la Conectividad Regional;18104944;0
31;01;12;13;02;040;Tesoro Público Ley N°21.210, Modernización Tributaria;74889;0
31;01;12;13;02;060;Fondo de Productividad y Desarrollo;22283951;0
31;01;12;15;00;000;SALDO INICIAL DE CAJA;20;0
31;01;12;24;00;000;TRANSFERENCIAS CORRIENTES;9351959;0
31;01;12;24;03;000;A Otras Entidades Públicas;9351959;0
31;01;12;24;03;150;Funcionamiento Regional;9351959;0
31;01;12;33;00;000;TRANSFERENCIAS DE CAPITAL;165376363;0
31;01;12;33;03;000;A Otras Entidades Públicas;165376363;0
31;01;12;33;03;150;Inversión Regional;165376363;0
31;01;12;34;00;000;SERVICIO DE LA DEUDA;10;0
31;01;12;34;07;000;Deuda Flotante;10;0
31;01;12;35;00;000;SALDO FINAL DE CAJA;10;0
31;01;13;05;00;000;TRANSFERENCIAS CORRIENTES;1048630;0
31;01;13;05;02;000;Del Gobierno Central;1048630;0
31;01;13;05;02;029;Subsecretaría de las Culturas y las Artes;1048630;0
31;01;13;09;00;000;APORTE FISCAL;77655057;0
31;01;13;09;01;000;Libre;77655057;0
31;01;13;13;00;000;TRANSFERENCIAS PARA GASTOS DE CAPITAL;36360468;0
31;01;13;13;02;000;Del Gobierno Central;36360468;0
31;01;13;13;02;003;Subsecretaría de Bienes Nacionales;84419;0
31;01;13;13;02;006;Tesoro Público Ley N°19.143, Patentes Mineras;148867;0
31;01;13;13;02;008;Tesoro Público Ley N°19.995, Casinos de Juegos;1440108;0
31;01;13;13;02;013;Tesoro Público Artículo 129 bis Ley N°20.017, Código de Aguas;1775282;0
31;01;13;13;02;019;Fondo de Inversión y Reconversión Regional;1467422;0
31;01;13;13;02;020;Tesoro Público Ley N°18.892, Patentes de Acuicultura;3654101;0
31;01;13;13;02;030;Fondo de Apoyo al Transporte Público y la Conectividad Regional;12434360;0
31;01;13;13;02;040;Tesoro Público Ley N°21.210, Modernización Tributaria;51434;0
31;01;13;13;02;060;Fondo de Productividad y Desarrollo;15304475;0
31;01;13;15;00;000;SALDO INICIAL DE CAJA;20;0
31;01;13;24;00;000;TRANSFERENCIAS CORRIENTES;10201160;0
31;01;13;24;03;000;A Otras Entidades Públicas;10201160;0
31;01;13;24;03;150;Funcionamiento Regional;10201160;0
31;01;13;33;00;000;TRANSFERENCIAS DE CAPITAL;104862995;0
31;01;13;33;03;000;A Otras Entidades Públicas;104862995;0
31;01;13;33;03;150;Inversión Regional;104862995;0
31;01;13;34;00;000;SERVICIO DE LA DEUDA;10;0
31;01;13;34;07;000;Deuda Flotante;10;0
31;01;13;35;00;000;SALDO FINAL DE CAJA;10;0
31;01;14;05;00;000;TRANSFERENCIAS CORRIENTES;768108;0
31;01;14;05;02;000;Del Gobierno Central;768108;0
31;01;14;05;02;029;Subsecretaría de las Culturas y las Artes;768108;0
31;01;14;09;00;000;APORTE FISCAL;61982260;0
31;01;14;09;01;000;Libre;61982260;0
31;01;14;13;00;000;TRANSFERENCIAS PARA GASTOS DE CAPITAL;23632204;0
31;01;14;13;02;000;Del Gobierno Central;23632204;0
31;01;14;13;02;003;Subsecretaría de Bienes Nacionales;5213;0
31;01;14;13;02;006;Tesoro Público Ley N°19.143, Patentes Mineras;334222;0
31;01;14;13;02;008;Tesoro Público Ley N°19.995, Casinos de Juegos;594277;0
31;01;14;13;02;013;Tesoro Público Artículo 129 bis Ley N°20.017, Código de Aguas;945722;0
31;01;14;13;02;019;Fondo de Inversión y Reconversión Regional;1011951;0
31;01;14;13;02;020;Tesoro Público Ley N°18.892, Patentes de Acuicultura;1576305;0
31;01;14;13;02;030;Fondo de Apoyo al Transporte Público y la Conectividad Regional;8574889;0
31;01;14;13;02;040;Tesoro Público Ley N°21.210, Modernización Tributaria;35469;0
31;01;14;13;02;060;Fondo de Productividad y Desarrollo;10554156;0
31;01;14;15;00;000;SALDO INICIAL DE CAJA;20;0
31;01;14;24;00;000;TRANSFERENCIAS CORRIENTES;9571725;0
31;01;14;24;03;000;A Otras Entidades Públicas;9571725;0
31;01;14;24;03;150;Funcionamiento Regional;9571725;0
31;01;14;33;00;000;TRANSFERENCIAS DE CAPITAL;76810847;0
31;01;14;33;03;000;A Otras Entidades Públicas;76810847;0
31;01;14;33;03;150;Inversión Regional;76810847;0
31;01;14;34;00;000;SERVICIO DE LA DEUDA;10;0
31;01;14;34;07;000;Deuda Flotante;10;0
31;01;14;35;00;000;SALDO FINAL DE CAJA;10;0
31;01;15;05;00;000;TRANSFERENCIAS CORRIENTES;756174;0
31;01;15;05;02;000;Del Gobierno Central;756174;0
31;01;15;05;02;029;Subsecretaría de las Culturas y las Artes;756174;0
31;01;15;09;00;000;APORTE FISCAL;49924236;0
31;01;15;09;01;000;Libre;49924236;0
31;01;15;13;00;000;TRANSFERENCIAS PARA GASTOS DE CAPITAL;33534031;0
31;01;15;13;02;000;Del Gobierno Central;33534031;0
31;01;15;13;02;003;Subsecretaría de Bienes Nacionales;77937;0
31;01;15;13;02;006;Tesoro Público Ley N°19.143, Patentes Mineras;131499;0
31;01;15;13;02;007;Tesoro Público Ley N°19.275, Fondo de Desarrollo de Magallanes;9433087;0
31;01;15;13;02;008;Tesoro Público Ley N°19.995, Casinos de Juegos;2126793;0
31;01;15;13;02;013;Tesoro Público Artículo 129 bis Ley N°20.017, Código de Aguas;185933;0
31;01;15;13;02;019;Fondo de Inversión y Reconversión Regional;1047341;0
31;01;15;13;02;020;Tesoro Público Ley N°18.892, Patentes de Acuicultura;696724;0
31;01;15;13;02;030;Fondo de Apoyo al Transporte Público y la Conectividad Regional;8874761;0
31;01;15;13;02;040;Tesoro Público Ley N°21.210, Modernización Tributaria;36710;0
31;01;15;13;02;060;Fondo de Productividad y Desarrollo;10923246;0
31;01;15;15;00;000;SALDO INICIAL DE CAJA;20;0
31;01;15;24;00;000;TRANSFERENCIAS CORRIENTES;8597022;0
31;01;15;24;03;000;A Otras Entidades Públicas;8597022;0
31;01;15;24;03;150;Funcionamiento Regional;8597022;0
31;01;15;33;00;000;TRANSFERENCIAS DE CAPITAL;75617419;0
31;01;15;33;03;000;A Otras Entidades Públicas;75617419;0
31;01;15;33;03;120;Fondo de Desarrollo de Magallanes;9433087;0
31;01;15;33;03;150;Inversión Regional;66184332;0
31;01;15;34;00;000;SERVICIO DE LA DEUDA;10;0
31;01;15;34;07;000;Deuda Flotante;10;0
31;01;15;35;00;000;SALDO FINAL DE CAJA;10;0
31;01;16;05;00;000;TRANSFERENCIAS CORRIENTES;1855000;0
31;01;16;05;02;000;Del Gobierno Central;1855000;0
31;01;16;05;02;029;Subsecretaría de las Culturas y las Artes;1855000;0
31;01;16;09;00;000;APORTE FISCAL;134430491;0
31;01;16;09;01;000;Libre;134430491;0
31;01;16;13;00;000;TRANSFERENCIAS PARA GASTOS DE CAPITAL;67833108;0
31;01;16;13;02;000;Del Gobierno Central;67833108;0
31;01;16;13;02;003;Subsecretaría de Bienes Nacionales;169072;0
31;01;16;13;02;006;Tesoro Público Ley N°19.143, Patentes Mineras;1788216;0
31;01;16;13;02;013;Tesoro Público Artículo 129 bis Ley N°20.017, Código de Aguas;3583867;0
31;01;16;13;02;019;Fondo de Inversión y Reconversión Regional;3510974;0
31;01;16;13;02;020;Tesoro Público Ley N°18.892, Patentes de Acuicultura;159041;0
31;01;16;13;02;030;Fondo de Apoyo al Transporte Público y la Conectividad Regional;26229550;0
31;01;16;13;02;040;Tesoro Público Ley N°21.210, Modernización Tributaria;108496;0
31;01;16;13;02;060;Fondo de Productividad y Desarrollo;32283892;0
31;01;16;15;00;000;SALDO INICIAL DE CAJA;20;0
31;01;16;24;00;000;TRANSFERENCIAS CORRIENTES;18618621;0
31;01;16;24;03;000;A Otras Entidades Públicas;18618621;0
31;01;16;24;03;150;Funcionamiento Regional;18618621;0
31;01;16;33;00;000;TRANSFERENCIAS DE CAPITAL;185499978;0
31;01;16;33;03;000;A Otras Entidades Públicas;185499978;0
31;01;16;33;03;150;Inversión Regional;185499978;0
31;01;16;34;00;000;SERVICIO DE LA DEUDA;10;0
31;01;16;34;07;000;Deuda Flotante;10;0
31;01;16;35;00;000;SALDO FINAL DE CAJA;10;0
31;01;17;05;00;000;TRANSFERENCIAS CORRIENTES;730796;0
31;01;17;05;02;000;Del Gobierno Central;730796;0
31;01;17;05;02;029;Subsecretaría de las Culturas y las Artes;730796;0
31;01;17;09;00;000;APORTE FISCAL;60112656;0
31;01;17;09;01;000;Libre;60112656;0
31;01;17;13;00;000;TRANSFERENCIAS PARA GASTOS DE CAPITAL;20569245;0
31;01;17;13;02;000;Del Gobierno Central;20569245;0
31;01;17;13;02;003;Subsecretaría de Bienes Nacionales;27383;0
31;01;17;13;02;006;Tesoro Público Ley N°19.143, Patentes Mineras;88015;0
31;01;17;13;02;008;Tesoro Público Ley N°19.995, Casinos de Juegos;1285981;0
31;01;17;13;02;013;Tesoro Público Artículo 129 bis Ley N°20.017, Código de Aguas;2318635;0
31;01;17;13;02;019;Fondo de Inversión y Reconversión Regional;842607;0
31;01;17;13;02;020;Tesoro Público Ley N°18.892, Patentes de Acuicultura;49187;0
31;01;17;13;02;030;Fondo de Apoyo al Transporte Público y la Conectividad Regional;7139928;0
31;01;17;13;02;040;Tesoro Público Ley N°21.210, Modernización Tributaria;29534;0
31;01;17;13;02;060;Fondo de Productividad y Desarrollo;8787975;0
31;01;17;15;00;000;SALDO INICIAL DE CAJA;20;0
31;01;17;24;00;000;TRANSFERENCIAS CORRIENTES;8333098;0
31;01;17;24;03;000;A Otras Entidades Públicas;8333098;0
31;01;17;24;03;150;Funcionamiento Regional;8333098;0
31;01;17;33;00;000;TRANSFERENCIAS DE CAPITAL;73079599;0
31;01;17;33;03;000;A Otras Entidades Públicas;73079599;0
31;01;17;33;03;150;Inversión Regional;73079599;0
31;01;17;34;00;000;SERVICIO DE LA DEUDA;10;0
31;01;17;34;07;000;Deuda Flotante;10;0
31;01;17;35;00;000;SALDO FINAL DE CAJA;10;0
31;01;18;05;00;000;TRANSFERENCIAS CORRIENTES;518571;0
31;01;18;05;02;000;Del Gobierno Central;518571;0
31;01;18;05;02;029;Subsecretaría de las Culturas y las Artes;518571;0
31;01;18;09;00;000;APORTE FISCAL;41174162;0
31;01;18;09;01;000;Libre;41174162;0
31;01;18;13;00;000;TRANSFERENCIAS PARA GASTOS DE CAPITAL;17927422;0
31;01;18;13;02;000;Del Gobierno Central;17927422;0
31;01;18;13;02;003;Subsecretaría de Bienes Nacionales;198688;0
31;01;18;13;02;006;Tesoro Público Ley N°19.143, Patentes Mineras;640163;0
31;01;18;13;02;008;Tesoro Público Ley N°19.995, Casinos de Juegos;670956;0
31;01;18;13;02;013;Tesoro Público Artículo 129 bis Ley N°20.017, Código de Aguas;40293;0
31;01;18;13;02;019;Fondo de Inversión y Reconversión Regional;821147;0
31;01;18;13;02;020;Tesoro Público Ley N°18.892, Patentes de Acuicultura;5163;0
31;01;18;13;02;030;Fondo de Apoyo al Transporte Público y la Conectividad Regional;6958078;0
31;01;18;13;02;040;Tesoro Público Ley N°21.210, Modernización Tributaria;28783;0
31;01;18;13;02;060;Fondo de Productividad y Desarrollo;8564151;0
31;01;18;15;00;000;SALDO INICIAL DE CAJA;20;0
31;01;18;24;00;000;TRANSFERENCIAS CORRIENTES;7763043;0
31;01;18;24;03;000;A Otras Entidades Públicas;7763043;0
31;01;18;24;03;150;Funcionamiento Regional;7763043;0
31;01;18;33;00;000;TRANSFERENCIAS DE CAPITAL;51857112;0
31;01;18;33;03;000;A Otras Entidades Públicas;51857112;0
31;01;18;33;03;150;Inversión Regional;51857112;0
31;01;18;34;00;000;SERVICIO DE LA DEUDA;10;0
31;01;18;34;07;000;Deuda Flotante;10;0
31;01;18;35;00;000;SALDO FINAL DE CAJA;10;0
31;01;19;05;00;000;TRANSFERENCIAS CORRIENTES;782769;0
31;01;19;05;02;000;Del Gobierno Central;782769;0
31;01;19;05;02;029;Subsecretaría de las Culturas y las Artes;782769;0
31;01;19;09;00;000;APORTE FISCAL;57662228;0
31;01;19;09;01;000;Libre;57662228;0
31;01;19;13;00;000;TRANSFERENCIAS PARA GASTOS DE CAPITAL;26695526;0
31;01;19;13;02;000;Del Gobierno Central;26695526;0
31;01;19;13;02;003;Subsecretaría de Bienes Nacionales;1530;0
31;01;19;13;02;006;Tesoro Público Ley N°19.143, Patentes Mineras;174535;0
31;01;19;13;02;008;Tesoro Público Ley N°19.995, Casinos de Juegos;95866;0
31;01;19;13;02;013;Tesoro Público Artículo 129 bis Ley N°20.017, Código de Aguas;534352;0
31;01;19;13;02;019;Fondo de Inversión y Reconversión Regional;1298477;0
31;01;19;13;02;030;Fondo de Apoyo al Transporte Público y la Conectividad Regional;11002788;0
31;01;19;13;02;040;Tesoro Público Ley N°21.210, Modernización Tributaria;45512;0
31;01;19;13;02;060;Fondo de Productividad y Desarrollo;13542466;0
31;01;19;15;00;000;SALDO INICIAL DE CAJA;20;0
31;01;19;24;00;000;TRANSFERENCIAS CORRIENTES;6863582;0
31;01;19;24;03;000;A Otras Entidades Públicas;6863582;0
31;01;19;24;03;150;Funcionamiento Regional;6863582;0
31;01;19;33;00;000;TRANSFERENCIAS DE CAPITAL;78276941;0
31;01;19;33;03;000;A Otras Entidades Públicas;78276941;0
31;01;19;33;03;150;Inversión Regional;78276941;0
31;01;19;34;00;000;SERVICIO DE LA DEUDA;10;0
31;01;19;34;07;000;Deuda Flotante;10;0
31;01;19;35;00;000;SALDO FINAL DE CAJA;10;0
32;01;01;05;00;000;TRANSFERENCIAS CORRIENTES;10;0
32;01;01;05;02;000;Del Gobierno Central;10;0
32;01;01;05;02;201;Recuperación de Licencias Médicas - FONASA;10;0
32;01;01;08;00;000;OTROS INGRESOS CORRIENTES;10;0
32;01;01;08;01;000;Recuperaciones y Reembolsos por Licencias Médicas;10;0
32;01;01;09;00;000;APORTE FISCAL;107205691;0
32;01;01;09;01;000;Libre;104971285;0
32;01;01;09;03;000;Servicio de la Deuda Externa;2234406;0
32;01;01;14;00;000;ENDEUDAMIENTO;5516800;0
32;01;01;14;02;000;Endeudamiento Externo;5516800;0
32;01;01;21;00;000;GASTOS EN PERSONAL;12717187;0
32;01;01;22;00;000;BIENES Y SERVICIOS DE CONSUMO;3435592;0
32;01;01;23;00;000;PRESTACIONES DE SEGURIDAD SOCIAL;10;0
32;01;01;23;03;000;Prestaciones Sociales del Empleador;10;0
32;01;01;24;00;000;TRANSFERENCIAS CORRIENTES;22422302;0
32;01;01;24;01;000;Al Sector Privado;281576;0
32;01;01;24;01;003;Becas;281576;0
32;01;01;24;02;000;Al Gobierno Central;15716320;0
32;01;01;24;02;001;Programa Contra el Crimen Organizado - Carabineros de Chile;2778672;0
32;01;01;24;02;003;Plan FOCO;12937648;0
32;01;01;24;03;000;A Otras Entidades Públicas;5862091;0
32;01;01;24;03;067;Programa BID Fortalecimiento Seguridad Pública;5516800;0
32;01;01;24;03;069;Programa Contra el Crimen Organizado;196920;0
32;01;01;24;03;071;Plan FOCO;148371;0
32;01;01;24;09;000;A Unidades o Programas del Servicio;562315;0
32;01;01;24;09;053;Programa Seguimiento de Causas Judiciales;562315;0
32;01;01;29;00;000;ADQUISICIÓN DE ACTIVOS NO FINANCIEROS;75514;0
32;01;01;29;04;000;Mobiliario y Otros;16255;0
32;01;01;29;05;000;Máquinas y Equipos;10597;0
32;01;01;29;06;000;Equipos Informáticos;48662;0
32;01;01;33;00;000;TRANSFERENCIAS DE CAPITAL;71837480;0
32;01;01;33;02;000;Al Gobierno Central;49904054;0
32;01;01;33;02;131;Programa Contra el Crimen Organizado - Carabineros de Chile;39367508;0
32;01;01;33;02;132;Programa Contra el Crimen Organizado - Policía de Investigaciones de Chile;10536546;0
32;01;01;33;03;000;A Otras Entidades Públicas;21933426;0
32;01;01;33;03;003;Programa Contra el Crimen Organizado;8253564;0
32;01;01;33;03;004;Plan FOCO;13679862;0
32;01;01;34;00;000;SERVICIO DE LA DEUDA;2234416;0
32;01;01;34;04;000;Intereses Deuda Externa;2217177;0
32;01;01;34;06;000;Otros Gastos Financieros Deuda Externa;17229;0
32;01;01;34;07;000;Deuda Flotante;10;0
32;01;01;35;00;000;SALDO FINAL DE CAJA;10;0
32;02;01;05;00;000;TRANSFERENCIAS CORRIENTES;10;0
32;02;01;05;02;000;Del Gobierno Central;10;0
32;02;01;05;02;201;Recuperación de Licencias Médicas - FONASA;10;0
32;02;01;07;00;000;INGRESOS DE OPERACIÓN;10;0
32;02;01;07;02;000;Venta de Servicios;10;0
32;02;01;08;00;000;OTROS INGRESOS CORRIENTES;20;0
32;02;01;08;01;000;Recuperaciones y Reembolsos por Licencias Médicas;10;0
32;02;01;08;02;000;Multas y Sanciones Pecuniarias;10;0
32;02;01;09;00;000;APORTE FISCAL;82984527;0
32;02;01;09;01;000;Libre;82984527;0
32;02;01;15;00;000;SALDO INICIAL DE CAJA;10;0
32;02;01;21;00;000;GASTOS EN PERSONAL;24092651;0
32;02;01;22;00;000;BIENES Y SERVICIOS DE CONSUMO;3463336;0
32;02;01;24;00;000;TRANSFERENCIAS CORRIENTES;55419815;0
32;02;01;24;02;000;Al Gobierno Central;3513352;0
32;02;01;24;02;002;Encuesta Nacional Urbana de Seguridad Ciudadana - INE;3513352;0
32;02;01;24;03;000;A Otras Entidades Públicas;48815877;0
32;02;01;24;03;114;Programa Lazos;18136196;0
32;02;01;24;03;116;Sistema Municipal de Seguridad;17105290;0
32;02;01;24;03;117;Somos Barrio Comercial Protegido;1318806;0
32;02;01;24;03;118;Somos Barrio Prioritario;4429274;0
32;02;01;24;03;203;Sistema Integrado de Teleprotección con Inteligencia Artificial (SITIA);1436527;0
32;02;01;24;03;204;Sistema de Televigilancia (STV);1246391;0
32;02;01;24;03;205;Ley de Seguridad Municipal;2056993;0
32;02;01;24;03;206;Programa de Seguridad Rural;514400;0
32;02;01;24;03;211;Plan Escudo de Barrio;2572000;0
32;02;01;24;09;000;A Unidades o Programas del Servicio;3090586;0
32;02;01;24;09;002;Programa Lazos;1702801;0
32;02;01;24;09;003;Sistema de Televigilancia (STV);1119892;0
32;02;01;24;09;115;Programa Denuncia Seguro;267893;0
32;02;01;25;00;000;INTEGROS AL FISCO;10;0
32;02;01;25;99;000;Otros Integros al Fisco;10;0
32;02;01;29;00;000;ADQUISICIÓN DE ACTIVOS NO FINANCIEROS;8745;0
32;02;01;29;04;000;Mobiliario y Otros;7202;0
32;02;01;29;05;000;Máquinas y Equipos;1543;0
32;02;01;34;00;000;SERVICIO DE LA DEUDA;10;0
32;02;01;34;07;000;Deuda Flotante;10;0
32;02;01;35;00;000;SALDO FINAL DE CAJA;10;0
32;02;02;05;00;000;TRANSFERENCIAS CORRIENTES;10;0
32;02;02;05;02;000;Del Gobierno Central;10;0
32;02;02;05;02;201;Recuperación de Licencias Médicas - FONASA;10;0
32;02;02;08;00;000;OTROS INGRESOS CORRIENTES;30;0
32;02;02;08;01;000;Recuperaciones y Reembolsos por Licencias Médicas;10;0
32;02;02;08;02;000;Multas y Sanciones Pecuniarias;10;0
32;02;02;08;99;000;Otros;10;0
32;02;02;09;00;000;APORTE FISCAL;1919155;0
32;02;02;09;01;000;Libre;1919155;0
32;02;02;15;00;000;SALDO INICIAL DE CAJA;10;0
32;02;02;21;00;000;GASTOS EN PERSONAL;270628;0
32;02;02;22;00;000;BIENES Y SERVICIOS DE CONSUMO;1608100;0
32;02;02;25;00;000;INTEGROS AL FISCO;10;0
32;02;02;25;99;000;Otros Integros al Fisco;10;0
32;02;02;29;00;000;ADQUISICIÓN DE ACTIVOS NO FINANCIEROS;40447;0
32;02;02;29;04;000;Mobiliario y Otros;8590;0
32;02;02;29;05;000;Máquinas y Equipos;8230;0
32;02;02;29;06;000;Equipos Informáticos;23627;0
32;02;02;34;00;000;SERVICIO DE LA DEUDA;10;0
32;02;02;34;07;000;Deuda Flotante;10;0
32;02;02;35;00;000;SALDO FINAL DE CAJA;10;0
32;03;01;05;00;000;TRANSFERENCIAS CORRIENTES;6131842;0
32;03;01;05;02;000;Del Gobierno Central;6131842;0
32;03;01;05;02;001;Programa Contra el Crimen Organizado - Subsecretaría de Seguridad Pública;2778672;0
32;03;01;05;02;003;Dirección General de Movilización Nacional;3353160;0
32;03;01;05;02;201;Recuperación de Licencias Médicas - FONASA;10;0
32;03;01;07;00;000;INGRESOS DE OPERACIÓN;3042452;0
32;03;01;07;02;000;Venta de Servicios;3042452;0
32;03;01;08;00;000;OTROS INGRESOS CORRIENTES;2339623;0
32;03;01;08;01;000;Recuperaciones y Reembolsos por Licencias Médicas;2339623;0
32;03;01;09;00;000;APORTE FISCAL;1610393155;0
32;03;01;09;01;000;Libre;1610393155;0
32;03;01;12;00;000;RECUPERACIÓN DE PRÉSTAMOS;1213984;0
32;03;01;12;07;000;Por Anticipos por Cambio de Residencia;1213984;0
32;03;01;13;00;000;TRANSFERENCIAS PARA GASTOS DE CAPITAL;39367508;0
32;03;01;13;02;000;Del Gobierno Central;39367508;0
32;03;01;13;02;131;Programa Contra el Crimen Organizado - Subsecretaría de Seguridad Pública;39367508;0
32;03;01;15;00;000;SALDO INICIAL DE CAJA;10;0
32;03;01;21;00;000;GASTOS EN PERSONAL;1255862073;0
32;03;01;22;00;000;BIENES Y SERVICIOS DE CONSUMO;287921322;0
32;03;01;23;00;000;PRESTACIONES DE SEGURIDAD SOCIAL;10659282;0
32;03;01;23;01;000;Prestaciones Previsionales;5142568;0
32;03;01;23;02;000;Prestaciones de Asistencia Social;1270;0
32;03;01;23;03;000;Prestaciones Sociales del Empleador;5515444;0
32;03;01;24;00;000;TRANSFERENCIAS CORRIENTES;1469528;0
32;03;01;24;01;000;Al Sector Privado;183351;0
32;03;01;24;01;004;Premios y Otros;183351;0
32;03;01;24;03;000;A Otras Entidades Públicas;20;0
32;03;01;24;03;284;Fondo Desahucio;10;0
32;03;01;24;03;287;Fondo Rotativo de Abastecimiento;10;0
32;03;01;24;09;000;A Unidades o Programas del Servicio;1286157;0
32;03;01;24;09;031;Plan Modelo de Integración Carabineros-Comunidad MICC;1286157;0
32;03;01;25;00;000;INTEGROS AL FISCO;10382975;0
32;03;01;25;01;000;Impuestos;8152333;0
32;03;01;25;99;000;Otros Integros al Fisco;2230642;0
32;03;01;26;00;000;OTROS GASTOS CORRIENTES;355702;0
32;03;01;26;01;000;Devoluciones;355702;0
32;03;01;29;00;000;ADQUISICIÓN DE ACTIVOS NO FINANCIEROS;59180231;0
32;03;01;29;03;000;Vehículos;49545637;0
32;03;01;29;04;000;Mobiliario y Otros;411520;0
32;03;01;29;05;000;Máquinas y Equipos;3284322;0
32;03;01;29;06;000;Equipos Informáticos;2554398;0
32;03;01;29;07;000;Programas Informáticos;2608477;0
32;03;01;29;99;000;Otros Activos no Financieros;775877;0
32;03;01;31;00;000;INICIATIVAS DE INVERSIÓN;35443447;0
32;03;01;31;02;000;Proyectos;35443447;0
32;03;01;32;00;000;PRÉSTAMOS;1213984;0
32;03;01;32;07;000;Por Anticipos por Cambio de Residencia;1213984;0
32;03;01;33;00;000;TRANSFERENCIAS DE CAPITAL;10;0
32;03;01;33;03;000;A Otras Entidades Públicas;10;0
32;03;01;33;03;287;Fondo Rotativo de Abastecimiento;10;0
32;03;01;34;00;000;SERVICIO DE LA DEUDA;10;0
32;03;01;34;07;000;Deuda Flotante;10;0
32;03;01;35;00;000;SALDO FINAL DE CAJA;10;0
32;03;02;05;00;000;TRANSFERENCIAS CORRIENTES;10;0
32;03;02;05;02;000;Del Gobierno Central;10;0
32;03;02;05;02;201;Recuperación de Licencias Médicas - FONASA;10;0
32;03;02;08;00;000;OTROS INGRESOS CORRIENTES;10;0
32;03;02;08;01;000;Recuperaciones y Reembolsos por Licencias Médicas;10;0
32;03;02;09;00;000;APORTE FISCAL;138241767;0
32;03;02;09;01;000;Libre;138241767;0
32;03;02;15;00;000;SALDO INICIAL DE CAJA;10;0
32;03;02;21;00;000;GASTOS EN PERSONAL;117389512;0
32;03;02;22;00;000;BIENES Y SERVICIOS DE CONSUMO;18235650;0
32;03;02;24;00;000;TRANSFERENCIAS CORRIENTES;208396;0
32;03;02;24;01;000;Al Sector Privado;68166;0
32;03;02;24;01;004;Premios y Otros;68166;0
32;03;02;24;09;000;A Unidades o Programas del Servicio;140230;0
32;03;02;24;09;029;Museo Histórico y Centro Cultural de Carabineros de Chile;140230;0
32;03;02;25;00;000;INTEGROS AL FISCO;20;0
32;03;02;25;99;000;Otros Integros al Fisco;20;0
32;03;02;29;00;000;ADQUISICIÓN DE ACTIVOS NO FINANCIEROS;2408199;0
32;03;02;29;03;000;Vehículos;1145686;0
32;03;02;29;04;000;Mobiliario y Otros;453207;0
32;03;02;29;05;000;Máquinas y Equipos;462849;0
32;03;02;29;06;000;Equipos Informáticos;293144;0
32;03;02;29;07;000;Programas Informáticos;53313;0
32;03;02;34;00;000;SERVICIO DE LA DEUDA;10;0
32;03;02;34;07;000;Deuda Flotante;10;0
32;03;02;35;00;000;SALDO FINAL DE CAJA;10;0
32;04;01;05;00;000;TRANSFERENCIAS CORRIENTES;10;0
32;04;01;05;02;000;Del Gobierno Central;10;0
32;04;01;05;02;201;Recuperación de Licencias Médicas - FONASA;10;0
32;04;01;07;00;000;INGRESOS DE OPERACIÓN;25909549;0
32;04;01;07;02;000;Venta de Servicios;25909549;0
32;04;01;08;00;000;OTROS INGRESOS CORRIENTES;314842;0
32;04;01;08;01;000;Recuperaciones y Reembolsos por Licencias Médicas;10;0
32;04;01;08;99;000;Otros;314832;0
32;04;01;09;00;000;APORTE FISCAL;24426071;0
32;04;01;09;01;000;Libre;24426071;0
32;04;01;12;00;000;RECUPERACIÓN DE PRÉSTAMOS;8165394;0
32;04;01;12;10;000;Ingresos por Percibir;8165394;0
32;04;01;15;00;000;SALDO INICIAL DE CAJA;10;0
32;04;01;21;00;000;GASTOS EN PERSONAL;48183037;0
32;04;01;22;00;000;BIENES Y SERVICIOS DE CONSUMO;10398659;0
32;04;01;23;00;000;PRESTACIONES DE SEGURIDAD SOCIAL;208750;0
32;04;01;23;01;000;Prestaciones Previsionales;208750;0
32;04;01;25;00;000;INTEGROS AL FISCO;20;0
32;04;01;25;99;000;Otros Integros al Fisco;20;0
32;04;01;26;00;000;OTROS GASTOS CORRIENTES;25390;0
32;04;01;26;01;000;Devoluciones;25390;0
32;04;01;34;00;000;SERVICIO DE LA DEUDA;10;0
32;04;01;34;07;000;Deuda Flotante;10;0
32;04;01;35;00;000;SALDO FINAL DE CAJA;10;0
32;05;01;05;00;000;TRANSFERENCIAS CORRIENTES;168759;0
32;05;01;05;02;000;Del Gobierno Central;10;0
32;05;01;05;02;201;Recuperación de Licencias Médicas - FONASA;10;0
32;05;01;05;03;000;De Otras Entidades Públicas;168749;0
32;05;01;05;03;004;Municipalidades;168749;0
32;05;01;06;00;000;RENTAS DE LA PROPIEDAD;124556;0
32;05;01;06;01;000;Arriendo de Activos No Financieros;124556;0
32;05;01;07;00;000;INGRESOS DE OPERACIÓN;95212;0
32;05;01;07;02;000;Venta de Servicios;95212;0
32;05;01;08;00;000;OTROS INGRESOS CORRIENTES;308925;0
32;05;01;08;01;000;Recuperaciones y Reembolsos por Licencias Médicas;10;0
32;05;01;08;99;000;Otros;308915;0
32;05;01;09;00;000;APORTE FISCAL;615557530;0
32;05;01;09;01;000;Libre;615557530;0
32;05;01;10;00;000;VENTA DE ACTIVOS NO FINANCIEROS;1355609;0
32;05;01;10;03;000;Vehículos;1353922;0
32;05;01;10;04;000;Mobiliario y Otros;1687;0
32;05;01;12;00;000;RECUPERACIÓN DE PRÉSTAMOS;10;0
32;05;01;12;10;000;Ingresos por Percibir;10;0
32;05;01;13;00;000;TRANSFERENCIAS PARA GASTOS DE CAPITAL;10536546;0
32;05;01;13;02;000;Del Gobierno Central;10536546;0
32;05;01;13;02;132;Programa Contra el Crimen Organizado - Subsecretaría de Seguridad Pública;10536546;0
32;05;01;15;00;000;SALDO INICIAL DE CAJA;10;0
32;05;01;21;00;000;GASTOS EN PERSONAL;473350944;0
32;05;01;22;00;000;BIENES Y SERVICIOS DE CONSUMO;84380227;0
32;05;01;23;00;000;PRESTACIONES DE SEGURIDAD SOCIAL;609619;0
32;05;01;23;01;000;Prestaciones Previsionales;609619;0
32;05;01;24;00;000;TRANSFERENCIAS CORRIENTES;4815635;0
32;05;01;24;09;000;A Unidades o Programas del Servicio;4815635;0
32;05;01;24;09;049;Modelo Territorial Cero;4815635;0
32;05;01;25;00;000;INTEGROS AL FISCO;20;0
32;05;01;25;99;000;Otros Integros al Fisco;20;0
32;05;01;26;00;000;OTROS GASTOS CORRIENTES;10;0
32;05;01;26;02;000;Compensaciones por Daños a Terceros y/o a la Propiedad;10;0
32;05;01;29;00;000;ADQUISICIÓN DE ACTIVOS NO FINANCIEROS;44752722;0
32;05;01;29;03;000;Vehículos;11463852;0
32;05;01;29;04;000;Mobiliario y Otros;2068700;0
32;05;01;29;05;000;Máquinas y Equipos;11245259;0
32;05;01;29;06;000;Equipos Informáticos;6092690;0
32;05;01;29;07;000;Programas Informáticos;7740969;0
32;05;01;29;99;000;Otros Activos no Financieros;6141252;0
32;05;01;31;00;000;INICIATIVAS DE INVERSIÓN;20237960;0
32;05;01;31;02;000;Proyectos;20237960;0
32;05;01;34;00;000;SERVICIO DE LA DEUDA;10;0
32;05;01;34;07;000;Deuda Flotante;10;0
32;05;01;35;00;000;SALDO FINAL DE CAJA;10;0
32;06;01;05;00;000;TRANSFERENCIAS CORRIENTES;10;0
32;06;01;05;02;000;Del Gobierno Central;10;0
32;06;01;05;02;201;Recuperación de Licencias Médicas - FONASA;10;0
32;06;01;08;00;000;OTROS INGRESOS CORRIENTES;30;0
32;06;01;08;01;000;Recuperaciones y Reembolsos por Licencias Médicas;10;0
32;06;01;08;02;000;Multas y Sanciones Pecuniarias;10;0
32;06;01;08;99;000;Otros;10;0
32;06;01;09;00;000;APORTE FISCAL;5332732;0
32;06;01;09;01;000;Libre;5332732;0
32;06;01;15;00;000;SALDO INICIAL DE CAJA;10;0
32;06;01;21;00;000;GASTOS EN PERSONAL;2471870;0
32;06;01;22;00;000;BIENES Y SERVICIOS DE CONSUMO;2804504;0
32;06;01;29;00;000;ADQUISICIÓN DE ACTIVOS NO FINANCIEROS;56388;0
32;06;01;29;04;000;Mobiliario y Otros;5807;0
32;06;01;29;05;000;Máquinas y Equipos;11719;0
32;06;01;29;06;000;Equipos Informáticos;15463;0
32;06;01;29;07;000;Programas Informáticos;23399;0
32;06;01;34;00;000;SERVICIO DE LA DEUDA;10;0
32;06;01;34;07;000;Deuda Flotante;10;0
32;06;01;35;00;000;SALDO FINAL DE CAJA;10;0
32;07;01;05;00;000;TRANSFERENCIAS CORRIENTES;10;0
32;07;01;05;02;000;Del Gobierno Central;10;0
32;07;01;05;02;201;Recuperación de Licencias Médicas - FONASA;10;0
32;07;01;06;00;000;RENTAS DE LA PROPIEDAD;42496;0
32;07;01;06;01;000;Arriendo de Activos No Financieros;42496;0
32;07;01;07;00;000;INGRESOS DE OPERACIÓN;5682589;0
32;07;01;07;02;000;Venta de Servicios;5682589;0
32;07;01;08;00;000;OTROS INGRESOS CORRIENTES;1718597;0
32;07;01;08;01;000;Recuperaciones y Reembolsos por Licencias Médicas;1437652;0
32;07;01;08;02;000;Multas y Sanciones Pecuniarias;10;0
32;07;01;08;99;000;Otros;280935;0
32;07;01;09;00;000;APORTE FISCAL;781689786;0
32;07;01;09;01;000;Libre;781689786;0
32;07;01;12;00;000;RECUPERACIÓN DE PRÉSTAMOS;10;0
32;07;01;12;10;000;Ingresos por Percibir;10;0
32;07;01;15;00;000;SALDO INICIAL DE CAJA;10;0
32;07;01;21;00;000;GASTOS EN PERSONAL;521769170;0
32;07;01;22;00;000;BIENES Y SERVICIOS DE CONSUMO;233630748;0
32;07;01;23;00;000;PRESTACIONES DE SEGURIDAD SOCIAL;487736;0
32;07;01;23;01;000;Prestaciones Previsionales;487726;0
32;07;01;23;03;000;Prestaciones Sociales del Empleador;10;0
32;07;01;24;00;000;TRANSFERENCIAS CORRIENTES;5682589;0
32;07;01;24;09;000;A Unidades o Programas del Servicio;5682589;0
32;07;01;24;09;013;Economatos;5682589;0
32;07;01;25;00;000;INTEGROS AL FISCO;1437652;0
32;07;01;25;99;000;Otros Integros al Fisco;1437652;0
32;07;01;29;00;000;ADQUISICIÓN DE ACTIVOS NO FINANCIEROS;25518215;0
32;07;01;29;03;000;Vehículos;7986074;0
32;07;01;29;04;000;Mobiliario y Otros;1641239;0
32;07;01;29;05;000;Máquinas y Equipos;14373859;0
32;07;01;29;06;000;Equipos Informáticos;1225584;0
32;07;01;29;07;000;Programas Informáticos;291459;0
32;07;01;31;00;000;INICIATIVAS DE INVERSIÓN;607368;0
32;07;01;31;02;000;Proyectos;607368;0
32;07;01;34;00;000;SERVICIO DE LA DEUDA;10;0
32;07;01;34;07;000;Deuda Flotante;10;0
32;07;01;35;00;000;SALDO FINAL DE CAJA;10;0
32;07;02;05;00;000;TRANSFERENCIAS CORRIENTES;10;0
32;07;02;05;02;000;Del Gobierno Central;10;0
32;07;02;05;02;201;Recuperación de Licencias Médicas - FONASA;10;0
32;07;02;07;00;000;INGRESOS DE OPERACIÓN;6560719;0
32;07;02;07;02;000;Venta de Servicios;6560719;0
32;07;02;08;00;000;OTROS INGRESOS CORRIENTES;587410;0
32;07;02;08;01;000;Recuperaciones y Reembolsos por Licencias Médicas;587400;0
32;07;02;08;02;000;Multas y Sanciones Pecuniarias;10;0
32;07;02;09;00;000;APORTE FISCAL;54670278;0
32;07;02;09;01;000;Libre;54670278;0
32;07;02;12;00;000;RECUPERACIÓN DE PRÉSTAMOS;10;0
32;07;02;12;10;000;Ingresos por Percibir;10;0
32;07;02;15;00;000;SALDO INICIAL DE CAJA;10;0
32;07;02;21;00;000;GASTOS EN PERSONAL;37451858;0
32;07;02;22;00;000;BIENES Y SERVICIOS DE CONSUMO;13314925;0
32;07;02;24;00;000;TRANSFERENCIAS CORRIENTES;10464234;0
32;07;02;24;09;000;A Unidades o Programas del Servicio;10464234;0
32;07;02;24;09;001;Programas de Reinserción Social para Personas Privadas de Libertad;633570;0
32;07;02;24;09;002;Programa Centros de Educación y Trabajo Semiabiertos;3139853;0
32;07;02;24;09;003;Programa de Intermediación Laboral para Penados en el Sistema Abierto;259368;0
32;07;02;24;09;005;Programa de Reinserción Social en Convenio con Ministerio del Interior;342127;0
32;07;02;24;09;007;Programa de Reinserción Social en Secciones Juveniles;188684;0
32;07;02;24;09;008;Programa Centros de Educación y Trabajo Cerrados;4315244;0
32;07;02;24;09;009;Programa Creciendo Juntos;683005;0
32;07;02;24;09;011;Programa de Intervención para Libertad Condicional;254525;0
32;07;02;24;09;012;Programa de Apoyo a la Integración Social;647858;0
32;07;02;25;00;000;INTEGROS AL FISCO;587400;0
32;07;02;25;99;000;Otros Integros al Fisco;587400;0
32;07;02;34;00;000;SERVICIO DE LA DEUDA;10;0
32;07;02;34;07;000;Deuda Flotante;10;0
32;07;02;35;00;000;SALDO FINAL DE CAJA;10;0
50;01;01;01;00;000;IMPUESTOS;69091886931;867000
50;01;01;01;01;000;Impuestos a la Renta;20893190107;15752909
50;01;01;01;01;001;Primera Categoría;10808799575;9000078
50;01;01;01;01;002;Segunda Categoría, Sueldos, Salarios y Pensiones;5881977936;0
50;01;01;01;01;003;Global Complementario;1489317398;0
50;01;01;01;01;004;Adicional;2162538782;2136802
50;01;01;01;01;005;Tasa 40% DL N° 2.398 de 1978;411419584;0
50;01;01;01;01;006;Artículo 21 Ley Impuesto a la Renta;115218753;17691
50;01;01;01;01;007;Término de Giro;23328699;0
50;01;01;01;01;009;Impuesto Específico a la Actividad Minera;589370;4598338
50;01;01;01;01;010;Instrumentos Deuda Art.104 N° 3 Ley Impuesto Renta;10;0
50;01;01;01;02;000;Impuesto al Valor Agregado;26906087006;686522
50;01;01;01;02;001;Tasa General Débitos;137566642773;686522
50;01;01;01;02;002;Tasa General Créditos;-128140377832;0
50;01;01;01;02;101;Tasas Especiales Débitos;1379876166;0
50;01;01;01;02;102;Tasas Especiales Créditos;-582188590;0
50;01;01;01;02;201;Tasa General de Importaciones;16682134489;0
50;01;01;01;03;000;Impuestos a Productos Específicos;4163218871;0
50;01;01;01;03;001;Tabacos, Cigarros y Cigarrillos;987894135;0
50;01;01;01;03;002;Derechos de Explotación ENAP;3398160;0
50;01;01;01;03;003;Gasolinas, Petróleo Diésel y Otros;3096436648;0
50;01;01;01;03;004;Derechos de Extracción Ley de Pesca;75489928;0
50;01;01;01;04;000;Impuestos a los Actos Jurídicos;1015368753;0
50;01;01;01;05;000;Impuestos al Comercio Exterior;648496919;90
50;01;01;01;05;001;Derechos Específicos de Internación;10;0
50;01;01;01;05;002;Derechos Ad-Valorem;685078945;0
50;01;01;01;05;003;Otros;12317401;90
50;01;01;01;05;004;Sistemas de Pago;-48899437;0
50;01;01;01;06;000;Impuestos Varios;2006555063;0
50;01;01;01;06;001;Herencias y Donaciones;564218795;0
50;01;01;01;06;002;Patentes Mineras;93779781;0
50;01;01;01;06;004;Juegos de Azar;136937004;0
50;01;01;01;06;006;Otros;1211619483;0
50;01;01;01;07;000;Otros Ingresos Tributarios;407954448;6462
50;01;01;01;07;001;Reajuste de Impuestos de Declaración Anual;40375103;0
50;01;01;01;07;002;Multas e Intereses por Impuestos;367579345;6462
50;01;01;01;09;000;Sistemas de Pago de Impuestos;13051015764;-15578983
50;01;01;01;09;001;Pagos Provisionales del Año;12610650447;10590291
50;01;01;01;09;002;Créditos para Declaración Anual de Renta;-12713160186;-11841876
50;01;01;01;09;003;Devoluciones Determinadas Declaración Anual de Renta;4214947855;2450057
50;01;01;01;09;004;Devoluciones de Renta;-5392006097;-2418981
50;01;01;01;09;005;Reintegro de Devoluciones de Renta;46428589;17297
50;01;01;01;09;101;IVA Remanente Crédito del Período;170198529470;0
50;01;01;01;09;102;IVA Remanente Crédito Períodos Anteriores;-149500489529;0
50;01;01;01;09;103;Devoluciones de IVA;-17092942358;0
50;01;01;01;09;104;Reintegro de Devoluciones de IVA;26772362;0
50;01;01;01;09;201;Devoluciones de Aduanas;-2299255;-50
50;01;01;01;09;202;Devoluciones de Otros Impuestos;-75105257;0
50;01;01;01;09;301;Fluctuación Deudores del Período;-2915066298;-31593
50;01;01;01;09;302;Fluctuación Deudores de Períodos Anteriores;1138930582;3764
50;01;01;01;09;303;Reajuste por Pago Fuera de Plazo;131891473;0
50;01;01;01;09;401;Diferencias de Pago;30934721;0
50;01;01;01;09;501;Impuestos de Declaración y Pago Simultáneo Mensual de Empresas Constructoras;-344008984;0
50;01;01;01;09;502;Recuperación Peajes Ley N° 19.764;-14062163;0
50;01;01;01;09;503;Imputación Patentes Código de Aguas;-8374941;0
50;01;01;01;09;504;Imputación Crédito SENCE Artículo 6° Ley N° 20.326;-1844406;0
50;01;01;01;09;505;Crédito Sistemas Solares Térmicos Ley N° 20.365;-182088;0
50;01;01;01;09;701;Conversión de Pagos en Moneda Extranjera;12711471827;-14347892
50;01;01;05;00;000;TRANSFERENCIAS CORRIENTES;1608049108;299524
50;01;01;05;01;000;Del Sector Privado;259636;0
50;01;01;05;02;000;Del Gobierno Central;1607789462;299524
50;01;01;05;03;000;De Otras Entidades Públicas;10;0
50;01;01;06;00;000;RENTAS DE LA PROPIEDAD;969860854;1976421
50;01;01;06;03;000;Intereses;92216756;10
50;01;01;06;04;000;Participación de Utilidades;780100757;1969900
50;01;01;06;99;000;Otras Rentas de la Propiedad;97543341;6511
50;01;01;07;00;000;INGRESOS DE OPERACIÓN;64032597;2584
50;01;01;07;01;000;Venta de Bienes;64014732;0
50;01;01;07;02;000;Venta de Servicios;17865;2584
50;01;01;08;00;000;OTROS INGRESOS CORRIENTES;2390767489;15603
50;01;01;08;02;000;Multas y Sanciones Pecuniarias;292249601;15603
50;01;01;08;06;000;Otros Ingresos No Tributarios;261568665;0
50;01;01;08;99;000;Otros;1836949223;0
50;01;01;10;00;000;VENTA DE ACTIVOS NO FINANCIEROS;553830;0
50;01;01;11;00;000;VENTA DE ACTIVOS FINANCIEROS;-7876730;2703938
50;01;01;11;01;000;Venta o Rescate de Títulos y Valores;2387547284;10
50;01;01;11;03;000;Operaciones de Cambio;-2395424024;2703928
50;01;01;11;99;000;Otros Activos Financieros;10;0
50;01;01;12;00;000;RECUPERACIÓN DE PRÉSTAMOS;20;0
50;01;01;12;01;000;De Asistencia Social;10;0
50;01;01;12;04;000;De Fomento;10;0
50;01;01;13;00;000;TRANSFERENCIAS PARA GASTOS DE CAPITAL;106525949;0
50;01;01;13;02;000;Del Gobierno Central;106525949;0
50;01;01;14;00;000;ENDEUDAMIENTO;21675539535;73368
50;01;01;15;00;000;SALDO INICIAL DE CAJA;5000000;2000
50;01;02;23;00;000;PRESTACIONES DE SEGURIDAD SOCIAL;179114422;0
50;01;02;23;01;000;Prestaciones Previsionales;179114422;0
50;01;02;23;01;001;Jubilaciones, Pensiones y Montepíos;104262073;0
50;01;02;23;01;017;Fondo Bono Laboral Ley N° 20.305;74852349;0
50;01;02;24;00;000;TRANSFERENCIAS CORRIENTES;1796287224;0
50;01;02;24;01;000;Al Sector Privado;1574676790;0
50;01;02;24;01;002;Subvenciones;3058492;0
50;01;02;24;01;003;Bonificación Región Magallanes y de la Antártica Chilena, y Subsidio Isla de Pascua;28242432;0
50;01;02;24;01;005;Fondo Único de Prestaciones Familiares y Subsidios de Cesantía;691315627;0
50;01;02;24;01;006;Subsidios de Cesantía Art. 69 D.F.L. (T.y P.S.) N° 150, de 1981;10;0
50;01;02;24;01;013;Fondo Nacional de Subsidio Familiar;652800466;0
50;01;02;24;01;014;Subsidio Agua Potable Art.1° Ley N° 18.778;113760841;0
50;01;02;24;01;019;Bonificación a la Contratación de Mano de Obra Ley N° 19.853;81569895;0
50;01;02;24;01;023;Beneficio Ley N° 20.330 para Deudores Crédito Universitario, Leyes N° 19.287 y 20.027;601283;0
50;01;02;24;01;024;Aplicación Ley N° 20.765,  Art. 3° N° 6)  MEPCO;10;0
50;01;02;24;01;057;Subsidio a la Tasa Hipotecaria Ley N° 21.748;3327734;0
50;01;02;24;02;000;Al Gobierno Central;221610434;0
50;01;02;24;02;001;Fondo Único de Prestaciones Familiares y Subsidios de Cesantía;155627829;0
50;01;02;24;02;077;Empresas y Sociedades del Estado;65982605;0
50;01;02;33;00;000;TRANSFERENCIAS DE CAPITAL;176288089;0
50;01;02;33;01;000;Al Sector Privado;101553192;0
50;01;02;33;01;001;Bonificación por Inversiones de Riego y Drenaje Ley N° 18.450;94820279;0
50;01;02;33;01;002;Fondo Fomento y Desarrollo de las Regiones Extremas;3990946;0
50;01;02;33;01;029;Bosque Nativo Ley N° 20.283;2741957;0
50;01;02;33;01;031;Fomento Forestal;10;0
50;01;02;33;02;000;Al Gobierno Central;74734897;0
50;01;02;33;02;148;Empresas y Sociedades del Estado;74734897;0
50;01;02;35;00;000;SALDO FINAL DE CAJA;10;0
50;01;03;22;00;000;BIENES Y SERVICIOS DE CONSUMO;474294;10
50;01;03;23;00;000;PRESTACIONES DE SEGURIDAD SOCIAL;44074409;0
50;01;03;23;01;000;Prestaciones Previsionales;10;0
50;01;03;23;01;005;Fondo de Seguro Social de los Empleados Públicos;10;0
50;01;03;23;02;000;Prestaciones de Asistencia Social;44074399;0
50;01;03;23;02;003;Garantía Estatal Pensiones Mínimas;44074399;0
50;01;03;24;00;000;TRANSFERENCIAS CORRIENTES;3056821808;9740
50;01;03;24;01;000;Al Sector Privado;62424776;10
50;01;03;24;01;008;Reintegro Simplificado Gravámenes a Exportadores;1372955;0
50;01;03;24;01;009;Otras Devoluciones;8916680;10
50;01;03;24;01;011;Aporte Fondo de Cesantía Solidario Ley N° 19.728;16643691;0
50;01;03;24;01;012;Bonificación al Ahorro Previsional Voluntario Art.20 O D.L. N° 3.500, de 1980;15149965;0
50;01;03;24;01;030;Reembolso Gasto Electoral a Candidatos y Partidos Políticos, Ley N° 19.884;4708801;0
50;01;03;24;01;033;Aporte Permanente a los Partidos Políticos Ley N°20.900;15632684;0
50;01;03;24;02;000;Al Gobierno Central;353371217;8000
50;01;03;24;02;002;Préstamos Externos;64997339;0
50;01;03;24;02;004;Aplicación Ley N° 18.892 y Otras;10;0
50;01;03;24;02;075;Fondo de Reserva de Pensiones Ley N° 20.128;265328748;0
50;01;03;24;02;077;Empresas y Sociedades del Estado;0;8000
50;01;03;24;02;500;Fondo para la Infraestructura Escolar, Ley N° 21.819;23045120;0
50;01;03;24;03;000;A Otras Entidades Públicas;2641025805;0
50;01;03;24;03;101;Transferencias y Devoluciones Varias;377735;0
50;01;03;24;03;104;Provisión para Financiamientos Comprometidos;638296341;0
50;01;03;24;03;105;Tribunal Constitucional Ley N° 17.997;7853775;0
50;01;03;24;03;107;Aporte al Fondo Común Municipal;311816448;0
50;01;03;24;03;108;Tarifas de Cargo Fiscal en Acuerdos, Convenios o Tratados Internacionales;6142965;0
50;01;03;24;03;110;Consejo para la Transparencia;8792866;0
50;01;03;24;03;111;Tribunal Calificador de Elecciones;1030488;0
50;01;03;24;03;112;Tribunales Electorales Regionales;3672908;0
50;01;03;24;03;120;Programa Contingencia contra el  Desempleo;10;0
50;01;03;24;03;121;Tribunal de Defensa de la Libre Competencia;2968732;0
50;01;03;24;03;123;Provisión para Bonificaciones y Asignaciones Variables;753451001;0
50;01;03;24;03;125;Aporte para Bonificación a Personal Municipal  Zonas Extremas Ley N° 20.198;7656293;0
50;01;03;24;03;126;Aporte para Bonificación a Personal Asistentes de la Educación Zonas Extremas  Ley N° 20.313;10120809;0
50;01;03;24;03;133;Instituto Nacional de Derechos Humanos;16971837;0
50;01;03;24;03;134;Tribunales Ambientales;7251303;0
50;01;03;24;03;150;Defensoría de los Derechos de la Niñez;5257435;0
50;01;03;24;03;244;Municipalidades  Art. 129 bis 19 Código de Aguas;3708518;0
50;01;03;24;03;257;Aplicación Art. 44 ley N° 20.883, Bonificación Adicional Zonas Extremas;1020572;0
50;01;03;24;03;258;Bonificación al Retiro Funcionarios Municipales Ley N° 21.135;22601013;0
50;01;03;24;03;272;Consejo Fiscal Autónomo;1082786;0
50;01;03;24;03;273;Comisión Remuneraciones - Art. 38 bis Constitución Política de la República de Chile;160406;0
50;01;03;24;03;275;Provisión para Leyes Permanentes con Gasto Aleatorio;830791564;0
50;01;03;24;07;000;A Organismos Internacionales;10;1730
50;01;03;24;07;001;Organismos Financieros Internacionales;10;1730
50;01;03;26;00;000;OTROS GASTOS CORRIENTES;30;0
50;01;03;26;02;000;Compensaciones por Daños a Terceros y/o a la Propiedad;20;0
50;01;03;26;03;000;2% Constitucional;10;0
50;01;03;30;00;000;ADQUISICIÓN DE ACTIVOS FINANCIEROS;154320020;118265
50;01;03;30;01;000;Compra de Títulos y Valores;10;10
50;01;03;30;02;000;Compra de Acciones y Participaciones de Capital;154320000;118245
50;01;03;30;99;000;Otros Activos Financieros;10;10
50;01;03;33;00;000;TRANSFERENCIAS DE CAPITAL;2758435290;588417
50;01;03;33;02;000;Al Gobierno Central;2562999374;588417
50;01;03;33;02;001;Patentes Mineras Gobiernos Regionales Ley N° 19.143;37448318;0
50;01;03;33;02;002;Fondo de Magallanes Ley  N° 19.275;9433087;0
50;01;03;33;02;005;IVA Concesiones;753265138;0
50;01;03;33;02;016;Casinos de Juego Gobiernos Regionales Ley N° 19.995;33991119;0
50;01;03;33;02;040;Patentes Geotérmicas Gobiernos Regionales Ley N° 19.657;175219;0
50;01;03;33;02;059;Al Fondo de Reserva de Pensiones;0;10
50;01;03;33;02;060;Al Fondo de Estabilización Económica y Social;0;10
50;01;03;33;02;080;Al Fondo de Apoyo al Transporte Público y la Conectividad Regional;482964171;0
50;01;03;33;02;100;Al Fondo para  Diagnósticos y Tratamientos de Alto Costo;155337197;0
50;01;03;33;02;120;Al Fondo de Contingencia Estratégico;10;10
50;01;03;33;02;130;Al Fondo Plurianual para las Capacidades Estratégicas de la Defensa;10;588367
50;01;03;33;02;144;Gobiernos Regionales  Art. 129 bis 19 Código de Aguas;18335287;0
50;01;03;33;02;145;Fondo de Inversión y Reconversión Regional;34592260;0
50;01;03;33;02;146;Patentes de Acuicultura Gobiernos Regionales D.L. N° 430, de 1992 ( E.F. y T.);6373999;0
50;01;03;33;02;148;Empresas y Sociedades del Estado;484217523;20
50;01;03;33;02;300;Aplicación Art. 38 transitorio Ley N° 21.210;808316;0
50;01;03;33;02;303;Al Fondo de Productividad y Desarrollo;240520041;0
50;01;03;33;02;400;Fondo de Emergencia Transitorio por Incendios - Ley N° 21.681;305537679;0
50;01;03;33;03;000;A Otras Entidades Públicas;195435916;0
50;01;03;33;03;001;Patentes Mineras Municipalidades Ley N° 19.143;37448320;0
50;01;03;33;03;016;Casinos de Juego Municipalidades Ley N° 19.995;35989924;0
50;01;03;33;03;040;Patentes Geotérmicas Municipalidades Ley N° 19.657;75094;0
50;01;03;33;03;050;Fondo de Reconstrucción Norte;121922568;0
50;01;03;33;03;228;De Aportes al Fondo Ley N° 20.444;10;0
50;01;03;35;00;000;SALDO FINAL DE CAJA;5000000;2000
50;01;04;28;00;000;APORTE FISCAL PARA SERVICIO DE LA DEUDA;418782182;0
50;01;04;28;01;000;Amortización Deuda Interna;305650811;0
50;01;04;28;01;003;Educación Superior;302977675;0
50;01;04;28;01;029;Subsecretaría de Economía y Empresas de Menor Tamaño;1281628;0
50;01;04;28;01;044;Superintendencia de Salud;449023;0
50;01;04;28;01;046;Subsecretaría de Servicios Sociales;942485;0
50;01;04;28;02;000;Amortización Deuda Externa;56621781;0
50;01;04;28;02;002;Subsecretaría de Desarrollo Regional y Administrativo;240107;0
50;01;04;28;02;093;Programa de Modernización Sector Público;3214626;0
50;01;04;28;02;096;Junta Nacional de Jardines Infantiles;6627618;0
50;01;04;28;02;099;Fortalecimiento de la Educación Superior Pública;22790768;0
50;01;04;28;02;107;Inversión y Financiamiento;957894;0
50;01;04;28;02;108;Fortalecimiento de la Educación Escolar Pública;22790768;0
50;01;04;28;03;000;Intereses Deuda Interna;14863971;0
50;01;04;28;03;003;Educación Superior;13808309;0
50;01;04;28;03;029;Subsecretaría de Economía y Empresas de Menor Tamaño;5533;0
50;01;04;28;03;044;Superintendencia de Salud;264483;0
50;01;04;28;03;046;Subsecretaría de Servicios Sociales;785646;0
50;01;04;28;04;000;Intereses Deuda Externa;39972007;0
50;01;04;28;04;002;Subsecretaría de Desarrollo Regional y Administrativo;40659;0
50;01;04;28;04;008;Corporación de Fomento de la Producción;12599380;0
50;01;04;28;04;037;Fondo Nacional de Salud;2245471;0
50;01;04;28;04;043;Subsecretaría de Servicios Sociales;2599788;0
50;01;04;28;04;068;Subsecretaría de Previsión Social;69309;0
50;01;04;28;04;093;Programa de Modernización Sector Público;494499;0
50;01;04;28;04;096;Junta Nacional de Jardines Infantiles;1135159;0
50;01;04;28;04;098;Programa Exportación de Servicios;1538707;0
50;01;04;28;04;099;Fortalecimiento de la Educación Superior Pública;1381935;0
50;01;04;28;04;106;Fortalecimiento de la Educación Pública;1381934;0
50;01;04;28;04;107;Inversión y Financiamiento;5731970;0
50;01;04;28;04;111;Programa de Mejora de la Calidad del Gasto en las Compras Públicas;544247;0
50;01;04;28;04;112;Secretaría de Gobierno Digital;1874438;0
50;01;04;28;04;113;Innovación y Fortalecimiento Institucional para la Seguridad Alimentaria;352486;0
50;01;04;28;04;114;Subdirección de Servicios Sanitarios Rurales;5764848;0
50;01;04;28;04;115;Subsecretaría de Seguridad Pública;2217177;0
50;01;04;28;06;000;Otros Gastos Financieros Deuda Externa;1673612;0
50;01;04;28;06;008;Corporación de Fomento de la Producción;1064794;0
50;01;04;28;06;037;Fondo Nacional de Salud;292384;0
50;01;04;28;06;098;Programa Exportación de Servicios;28925;0
50;01;04;28;06;111;Programa de Mejora de la Calidad del Gasto en las Compras Públicas;23192;0
50;01;04;28;06;112;Secretaría de Gobierno Digital;209007;0
50;01;04;28;06;114;Subsecretaría de Previsión Social;38081;0
50;01;04;28;06;115;Subsecretaría de Seguridad Pública;17229;0
50;01;04;34;00;000;SERVICIO DE LA DEUDA;16140455292;4821961
50;01;04;34;01;000;Amortización Deuda Interna;12846990077;10
50;01;04;34;02;000;Amortización Deuda Externa;10;2854443
50;01;04;34;03;000;Intereses Deuda Interna;3291695235;10
50;01;04;34;04;000;Intereses Deuda Externa;10;1963703
50;01;04;34;05;000;Otros Gastos Financieros Deuda Interna;1769950;10
50;01;04;34;06;000;Otros Gastos Financieros Deuda Externa;10;3785
50;01;04;35;00;000;SALDO FINAL DE CAJA;10;10
50;01;05;27;00;000;APORTE FISCAL LIBRE;71174286503;400035
50;01;05;27;01;000;PRESIDENCIA DE LA REPÚBLICA;22806302;0
50;01;05;27;01;001;Presidencia de la República;22806302;0
50;01;05;27;02;000;CONGRESO NACIONAL;187302412;0
50;01;05;27;02;001;Senado;65081427;0
50;01;05;27;02;002;Cámara de Diputados;101699236;0
50;01;05;27;02;003;Biblioteca del Congreso;18653104;0
50;01;05;27;02;004;Consejo Resolutivo de Asignaciones Parlamentarias;1868645;0
50;01;05;27;03;000;PODER JUDICIAL;798014398;0
50;01;05;27;03;001;Poder Judicial;625066278;0
50;01;05;27;03;003;Corporación Administrativa del Poder Judicial;167989668;0
50;01;05;27;03;004;Academia Judicial;4958452;0
50;01;05;27;04;000;CONTRALORÍA GENERAL DE LA REPÚBLICA;130344569;0
50;01;05;27;04;001;Contraloría General de la República;130344569;0
50;01;05;27;05;000;MINISTERIO DEL INTERIOR Y SEGURIDAD PÚBLICA;647209134;0
50;01;05;27;05;002;Servicio de Gobierno Interior;90490277;0
50;01;05;27;05;004;Servicio Nacional de Prevención y Respuesta ante Desastres;31242645;0
50;01;05;27;05;005;Subsecretaría de Desarrollo Regional y Administrativo;273867077;0
50;01;05;27;05;007;Agencia Nacional de Inteligencia;11144958;0
50;01;05;27;05;009;Servicio Nacional para Prevención y Rehabilitación Consumo de Drogas y Alcohol;91828449;0
50;01;05;27;05;010;Subsecretaría del Interior;136700288;0
50;01;05;27;05;035;Servicio Nacional de Migraciones;11935440;0
50;01;05;27;06;000;MINISTERIO DE RELACIONES EXTERIORES;105743062;204446
50;01;05;27;06;001;Secretaría y Administración General y Servicio Exterior;46349663;184105
50;01;05;27;06;003;Dirección de Fronteras y Límites del Estado;6402447;0
50;01;05;27;06;004;Instituto Antártico Chileno;7635766;0
50;01;05;27;06;005;Agencia de Cooperación Internacional de Chile;8713359;0
50;01;05;27;06;006;Subsecretaría de Relaciones Económicas Internacionales;12312633;3195
50;01;05;27;06;007;Dirección General de Promoción de Exportaciones;24329194;17146
50;01;05;27;07;000;MINISTERIO DE ECONOMÍA, FOMENTO Y TURISMO;316564718;0
50;01;05;27;07;001;Subsecretaría de Economía y Empresas de Menor Tamaño;48086161;0
50;01;05;27;07;002;Servicio Nacional del Consumidor;19406525;0
50;01;05;27;07;003;Subsecretaría de Pesca y Acuicultura;46008222;0
50;01;05;27;07;004;Servicio Nacional de Pesca y Acuicultura;38656257;0
50;01;05;27;07;006;Corporación de Fomento de la Producción;1543210;0
50;01;05;27;07;007;Instituto Nacional de Estadísticas;59903536;0
50;01;05;27;07;008;Fiscalía Nacional Económica;9346038;0
50;01;05;27;07;009;Servicio Nacional de Turismo;32656981;0
50;01;05;27;07;016;Servicio de Cooperación Técnica;20136760;0
50;01;05;27;07;019;Comité Innova Chile;10;0
50;01;05;27;07;021;Agencia de Promoción de la Inversión Extranjera;5926207;0
50;01;05;27;07;023;Instituto Nacional de Propiedad Industrial;8802282;0
50;01;05;27;07;024;Subsecretaría de Turismo;2592614;0
50;01;05;27;07;025;Superintendencia de Insolvencia y Reemprendimiento;9603809;0
50;01;05;27;07;026;Instituto Nacional Desarrollo Sustentable Pesca Artesanal y Acuicultura;13896106;0
50;01;05;27;08;000;MINISTERIO DE HACIENDA;629194865;0
50;01;05;27;08;001;Secretaría y Administración General;44254303;0
50;01;05;27;08;002;Dirección de Presupuestos;26204770;0
50;01;05;27;08;003;Servicio de Impuestos Internos;290235074;0
50;01;05;27;08;004;Servicio Nacional de Aduanas;106889067;0
50;01;05;27;08;005;Servicio de Tesorerías;82019256;0
50;01;05;27;08;007;Dirección de Compras y Contratación Pública;16579153;0
50;01;05;27;08;015;Dirección Nacional del Servicio Civil;14166724;0
50;01;05;27;08;016;Unidad de Análisis Financiero;5894057;0
50;01;05;27;08;017;Superintendencia de Casinos de Juego;5544407;0
50;01;05;27;08;030;Consejo de Defensa del Estado;32254012;0
50;01;05;27;08;033;Defensoría del Contribuyente;5154042;0
50;01;05;27;09;000;MINISTERIO DE EDUCACIÓN;17716443603;0
50;01;05;27;09;001;Subsecretaría de Educación;9764278899;0
50;01;05;27;09;002;Superintendencia de Educación;45466741;0
50;01;05;27;09;003;Agencia de Calidad de la Educación;46027054;0
50;01;05;27;09;004;Subsecretaría de Educación Parvularia;452807388;0
50;01;05;27;09;009;Junta Nacional de Auxilio Escolar y Becas;1715734176;0
50;01;05;27;09;011;Junta Nacional de Jardines Infantiles;849430602;0
50;01;05;27;09;013;Consejo de Rectores;98587;0
50;01;05;27;09;015;Consejo Nacional de Educación;2279855;0
50;01;05;27;09;017;Dirección de Educación Pública;546224038;0
50;01;05;27;09;018;Servicio Local de Educación Barrancas;4381628;0
50;01;05;27;09;019;Servicio Local de Educación Puerto Cordillera;3231330;0
50;01;05;27;09;021;Servicio Local de Educación Huasco;3188311;0
50;01;05;27;09;022;Servicio Local de Educación Costa Araucanía;3658031;0
50;01;05;27;09;023;Servicio Local de Educación Chinchorro;4155706;0
50;01;05;27;09;024;Servicio Local de Educación Gabriela Mistral;3349745;0
50;01;05;27;09;025;Servicio Local de Educación Andalien Sur;3822847;0
50;01;05;27;09;026;Servicio Local de Educación Atacama;4141297;0
50;01;05;27;09;027;Servicio Local de Educación Valparaíso;3425095;0
50;01;05;27;09;028;Servicio Local de Educación Colchagua;3466820;0
50;01;05;27;09;029;Servicio Local de Educación Llanquihue;3497102;0
50;01;05;27;09;030;Servicio Local de Educación Iquique;3918302;0
50;01;05;27;09;031;Servicio Local de Educación Licancabur;4508225;0
50;01;05;27;09;032;Servicio Local de Educación Maule Costa;4204413;0
50;01;05;27;09;033;Servicio Local de Educación Punilla Cordillera;4073194;0
50;01;05;27;09;034;Servicio Local de Educación Aysén;4243355;0
50;01;05;27;09;035;Servicio Local de Educación Magallanes;4303371;0
50;01;05;27;09;036;Servicio Local de Educación Tamarugal;2972451;0
50;01;05;27;09;037;Servicio Local de Educación Elqui;4407181;0
50;01;05;27;09;038;Servicio Local de Educación Costa Central;4061482;0
50;01;05;27;09;039;Servicio Local de Educación Marga Marga;4182445;0
50;01;05;27;09;040;Servicio Local de Educación Los Libertadores;3729575;0
50;01;05;27;09;041;Servicio Local de Educación Santa Rosa;4160603;0
50;01;05;27;09;042;Servicio Local de Educación Santa Corina;4193146;0
50;01;05;27;09;043;Servicio Local de Educación del Pino;4745985;0
50;01;05;27;09;044;Servicio Local de Educación Andalién Costa;4718352;0
50;01;05;27;09;045;Servicio Local de Educación Valdivia;4629066;0
50;01;05;27;09;046;Servicio Local de Educación Antofagasta;4963617;0
50;01;05;27;09;047;Servicio Local de Educación Aconcagua;4053740;0
50;01;05;27;09;048;Servicio Local de Educación Los Andes;3020001;0
50;01;05;27;09;049;Servicio Local de Educación Petorca;3820665;0
50;01;05;27;09;050;Servicio Local de Educación Los Parques;3947217;0
50;01;05;27;09;051;Servicio Local de Educación Santiago Centro;4534801;0
50;01;05;27;09;052;Servicio Local de Educación Los Álamos;4699822;0
50;01;05;27;09;053;Servicio Local de Educación Valle Cachapoal;5199312;0
50;01;05;27;09;054;Servicio Local de Educación Puelche;4337358;0
50;01;05;27;09;055;Servicio Local de Educación Valle Diguillín;6081918;0
50;01;05;27;09;056;Servicio Local de Educación Chiloé;5366515;0
50;01;05;27;09;057;Servicio Local de Educación Litoral;2642698;0
50;01;05;27;09;058;Servicio Local de Educación Hanga Roa;2307638;0
50;01;05;27;09;059;Servicio Local de Educación La Quebrada;5150013;0
50;01;05;27;09;060;Servicio Local de Educación Talagante;4300001;0
50;01;05;27;09;061;Servicio Local de Educación Manquehue;615890;0
50;01;05;27;09;062;Servicio Local de Educación Colchagua;1974183;0
50;01;05;27;09;063;Servicio Local de Educación Los Cerezos;3080397;0
50;01;05;27;09;064;Servicio Local de Educación Maule Valle;2595129;0
50;01;05;27;09;065;Servicio Local de Educación Los Copihues;2903137;0
50;01;05;27;09;066;Servicio Local de Educación Reloncaví;5627928;0
50;01;05;27;09;067;Servicio Local de Educación Choapa;2077253;0
50;01;05;27;09;068;Servicio Local de Educación Limarí;2472586;0
50;01;05;27;09;069;Servicio Local de Educación Chacabuco;2898592;0
50;01;05;27;09;070;Servicio Local de Educación Los Viñedos;2743397;0
50;01;05;27;09;071;Servicio Local de Educación Maipo Sur;1732808;0
50;01;05;27;09;072;Servicio Local de Educación Mapocho;1918452;0
50;01;05;27;09;073;Servicio Local de Educación Cachapoal Norte;2400988;0
50;01;05;27;09;074;Servicio Local de Educación Cachapoal Costa;1897643;0
50;01;05;27;09;075;Servicio Local de Educación Arauco Norte;2043902;0
50;01;05;27;09;076;Servicio Local de Educación Cautín Norte;722515;0
50;01;05;27;09;077;Servicio Local de Educación Cautín Sur;735735;0
50;01;05;27;09;078;Servicio Local de Educación Quillota;641775;0
50;01;05;27;09;079;Servicio Local de Educación Melipilla;601854;0
50;01;05;27;09;080;Servicio Local de Educación Cardenal Caro;608169;0
50;01;05;27;09;081;Servicio Local de Educación Las Caletas;2330908;0
50;01;05;27;09;082;Servicio Local de Educación Costa Itata;1999692;0
50;01;05;27;09;083;Servicio Local de Educación Valle Biobío;647170;0
50;01;05;27;09;084;Servicio Local de Educación Arauco Sur;688078;0
50;01;05;27;09;085;Servicio Local de Educación Malleco Costa;679248;0
50;01;05;27;09;086;Servicio Local de Educación Malleco Cordillera;637067;0
50;01;05;27;09;087;Servicio Local de Educación Ranco;663976;0
50;01;05;27;09;088;Servicio Local de Educación Osorno;745829;0
50;01;05;27;09;090;Subsecretaría de Educación Superior;4068922029;0
50;01;05;27;09;091;Superintendencia de Educación Superior;4695559;0
50;01;05;27;10;000;MINISTERIO DE JUSTICIA Y DERECHOS HUMANOS;792797889;0
50;01;05;27;10;001;Secretaría y Administración General;437329715;0
50;01;05;27;10;003;Servicio Médico Legal;75414386;0
50;01;05;27;10;006;Subsecretaría de Derechos Humanos;9064403;0
50;01;05;27;10;009;Defensoría Penal Pública;80248499;0
50;01;05;27;10;010;Servicio Nacional de Reinserción Social Juvenil;186550781;0
50;01;05;27;10;011;Servicio Nacional de Acceso a la Justicia y Defensoría de las Víctimas;4190105;0
50;01;05;27;11;000;MINISTERIO DE DEFENSA NACIONAL;1648810213;195589
50;01;05;27;11;001;Ejército de Chile;780243872;23548
50;01;05;27;11;005;Armada de Chile;524665838;81260
50;01;05;27;11;009;Fuerza Aérea de Chile;296913136;82894
50;01;05;27;11;018;Dirección General de Movilización Nacional;2278527;0
50;01;05;27;11;019;Instituto Geográfico Militar;4074869;0
50;01;05;27;11;020;Servicio Hidrográfico y Oceanográfico de la Armada de Chile;6723932;0
50;01;05;27;11;022;Servicio Aerofotogramétrico de la FACH;1797780;0
50;01;05;27;11;023;Subsecretaría para las Fuerzas Armadas;17716291;0
50;01;05;27;11;024;Subsecretaría de Defensa;6585215;0
50;01;05;27;11;025;Estado Mayor Conjunto;7810753;7887
50;01;05;27;12;000;MINISTERIO DE OBRAS PÚBLICAS;3621870630;0
50;01;05;27;12;001;Secretaría y Administración General;34581203;0
50;01;05;27;12;002;Dirección General de Obras Públicas;3379871100;0
50;01;05;27;12;003;Dirección General de Concesiones de Obras Públicas;134511334;0
50;01;05;27;12;004;Dirección General de Aguas;52465179;0
50;01;05;27;12;005;Instituto Nacional de Hidráulica;2396802;0
50;01;05;27;12;007;Superintendencia de Servicios Sanitarios;18045012;0
50;01;05;27;13;000;MINISTERIO DE AGRICULTURA;797359218;0
50;01;05;27;13;001;Subsecretaría de Agricultura;67984776;0
50;01;05;27;13;002;Oficina de Estudios y Políticas Agrarias;8645435;0
50;01;05;27;13;003;Instituto de Desarrollo Agropecuario;222952397;0
50;01;05;27;13;004;Servicio Agrícola y Ganadero;130710423;0
50;01;05;27;13;005;Corporación Nacional Forestal;247224745;0
50;01;05;27;13;006;Comisión Nacional de Riego;119841442;0
50;01;05;27;14;000;MINISTERIO DE BIENES NACIONALES;9705758;0
50;01;05;27;14;001;Subsecretaría de Bienes Nacionales;9705758;0
50;01;05;27;15;000;MINISTERIO DEL TRABAJO Y PREVISIÓN SOCIAL;15887842375;0
50;01;05;27;15;001;Subsecretaría del Trabajo;156788444;0
50;01;05;27;15;002;Dirección del Trabajo;113280007;0
50;01;05;27;15;003;Subsecretaría de Previsión Social;7147998;0
50;01;05;27;15;005;Servicio Nacional de Capacitación y Empleo;199980480;0
50;01;05;27;15;006;Superintendencia de Seguridad Social;21826697;0
50;01;05;27;15;007;Superintendencia de Pensiones;28399017;0
50;01;05;27;15;009;Instituto de Previsión Social;12252155125;0
50;01;05;27;15;011;Chile Valora;8576238;0
50;01;05;27;15;013;Caja de Previsión de la Defensa Nacional;1730842593;0
50;01;05;27;15;014;Dirección de Previsión de Carabineros de Chile;1368845776;0
50;01;05;27;16;000;MINISTERIO DE SALUD;13387187712;0
50;01;05;27;16;002;Fondo Nacional de Salud;11716632091;0
50;01;05;27;16;004;Instituto de Salud Pública de Chile;22873861;0
50;01;05;27;16;009;Subsecretaría de Salud Pública;492336926;0
50;01;05;27;16;010;Subsecretaría de Redes Asistenciales;1135218599;0
50;01;05;27;16;011;Superintendencia de Salud;20126235;0
50;01;05;27;17;000;MINISTERIO DE MINERÍA;53960726;0
50;01;05;27;17;001;Secretaría y Administración General;11707148;0
50;01;05;27;17;002;Comisión Chilena del Cobre;6707454;0
50;01;05;27;17;003;Servicio Nacional de Geología y Minería;35546124;0
50;01;05;27;18;000;MINISTERIO DE VIVIENDA Y URBANISMO;4475904414;0
50;01;05;27;18;001;Subsecretaría de Vivienda y Urbanismo;542797004;0
50;01;05;27;18;002;Parque Metropolitano;50747891;0
50;01;05;27;18;021;Serviu Región de Tarapacá;90489389;0
50;01;05;27;18;022;Serviu Región de Antofagasta;163457288;0
50;01;05;27;18;023;Serviu Región de Atacama;118654409;0
50;01;05;27;18;024;Serviu Región de Coquimbo;203341011;0
50;01;05;27;18;025;Serviu Región de Valparaíso;334023534;0
50;01;05;27;18;026;Serviu Región del Libertador General Bernardo O'Higgins;239876847;0
50;01;05;27;18;027;Serviu Región del Maule;304392337;0
50;01;05;27;18;028;Serviu Región del Bío-Bío;337182615;0
50;01;05;27;18;029;Serviu Región de La Araucanía;323476414;0
50;01;05;27;18;030;Serviu Región de Los Lagos;254937339;0
50;01;05;27;18;031;Serviu Región de Aysén del General Carlos Ibáñez Del Campo;69210738;0
50;01;05;27;18;032;Serviu Región de Magallanes y de la Antártica Chilena;101871615;0
50;01;05;27;18;033;Serviu Región Metropolitana de Santiago;895196926;0
50;01;05;27;18;034;Serviu Región de Los Ríos;129723247;0
50;01;05;27;18;035;Serviu Región de Arica y Parinacota;132521444;0
50;01;05;27;18;036;Serviu Región de Ñuble;184004366;0
50;01;05;27;19;000;MINISTERIO DE TRANSPORTES Y TELECOMUNICACIONES;1883830858;0
50;01;05;27;19;001;Secretaría y Administración General de Transportes;1860316617;0
50;01;05;27;19;002;Subsecretaría de Telecomunicaciones;22009275;0
50;01;05;27;19;003;Junta Aeronáutica Civil;1504966;0
50;01;05;27;20;000;MINISTERIO SECRETARÍA GENERAL DE GOBIERNO;32880650;0
50;01;05;27;20;001;Secretaría General de Gobierno;27154767;0
50;01;05;27;20;002;Consejo Nacional de Televisión;5725883;0
50;01;05;27;21;000;MINISTERIO DE DESARROLLO SOCIAL Y FAMILIA;1492337870;0
50;01;05;27;21;001;Subsecretaría de Servicios Sociales;435247963;0
50;01;05;27;21;002;Fondo de Solidaridad e Inversión Social;53366481;0
50;01;05;27;21;005;Instituto Nacional de la Juventud;2571535;0
50;01;05;27;21;006;Corporación Nacional de Desarrollo Indígena;122865194;0
50;01;05;27;21;007;Servicio Nacional de la Discapacidad;12683201;0
50;01;05;27;21;008;Servicio Nacional del Adulto Mayor;19751522;0
50;01;05;27;21;009;Subsecretaría de Evaluación Social;27807961;0
50;01;05;27;21;010;Subsecretaría de la Niñez;119431068;0
50;01;05;27;21;011;Servicio Nacional de Protección Especializada a la Niñez y Adolescencia;698612945;0
50;01;05;27;22;000;MINISTERIO SECRETARÍA GENERAL DE LA PRESIDENCIA DE LA REPÚBLICA;12374282;0
50;01;05;27;22;001;Secretaría General de la Presidencia de la República;12374282;0
50;01;05;27;23;000;MINISTERIO PÚBLICO;321445843;0
50;01;05;27;23;001;Ministerio Público;321445843;0
50;01;05;27;24;000;MINISTERIO DE ENERGÍA;134951152;0
50;01;05;27;24;001;Subsecretaría de Energía;92562084;0
50;01;05;27;24;002;Comisión Nacional de Energía;8973175;0
50;01;05;27;24;003;Comisión Chilena de Energía Nuclear;13440481;0
50;01;05;27;24;004;Superintendencia de Electricidad y Combustibles;19975412;0
50;01;05;27;25;000;MINISTERIO DEL MEDIO AMBIENTE;98631303;0
50;01;05;27;25;001;Subsecretaría del  Medio Ambiente;36273014;0
50;01;05;27;25;002;Servicio de Evaluación Ambiental;23064297;0
50;01;05;27;25;003;Superintendencia del Medio Ambiente;16989949;0
50;01;05;27;25;004;Servicio de Biodiversidad y Áreas Protegidas;22304043;0
50;01;05;27;26;000;MINISTERIO DEL DEPORTE;244243402;0
50;01;05;27;26;001;Subsecretaría del Deporte;100980784;0
50;01;05;27;26;002;Instituto Nacional de Deportes;143262618;0
50;01;05;27;27;000;MINISTERIO DE LA MUJER Y EQUIDAD DE GÉNERO;93088109;0
50;01;05;27;27;001;Subsecretaría de la Mujer y Equidad de Género;11471342;0
50;01;05;27;27;002;Servicio Nacional de la Mujer y Equidad de Género;81616767;0
50;01;05;27;28;000;SERVICIO ELECTORAL;34959571;0
50;01;05;27;28;001;Servicio Electoral;34959571;0
50;01;05;27;29;000;MINISTERIO DE LAS CULTURAS, LAS ARTES Y EL PATRIMONIO;437690023;0
50;01;05;27;29;001;Subsecretaría de las Culturas y las Artes;248782547;0
50;01;05;27;29;002;Subsecretaría del Patrimonio Cultural;3385308;0
50;01;05;27;29;003;Servicio Nacional del Patrimonio Cultural;185522168;0
50;01;05;27;30;000;MINISTERIO DE CIENCIA, TECNOLOGÍA, CONOCIMIENTO E INNOVACIÓN;544090749;0
50;01;05;27;30;001;Subsecretaría de Ciencia, Tecnología, Conocimiento e Innovación;196524999;0
50;01;05;27;30;002;Agencia Nacional de Investigación y Desarrollo;347565750;0
50;01;05;27;31;000;GOBIERNOS REGIONALES;1194514407;0
50;01;05;27;31;003;Gobiernos Regionales;1194514407;0
50;01;05;27;32;000;MINISTERIO DE SEGURIDAD PÚBLICA;3420186286;0
50;01;05;27;32;001;Subsecretaría de Seguridad Pública;104971285;0
50;01;05;27;32;002;Subsecretaría de Prevención del Delito;84903682;0
50;01;05;27;32;003;Carabineros de Chile;1748634922;0
50;01;05;27;32;004;Hospital de Carabineros;24426071;0
50;01;05;27;32;005;Policía de Investigaciones;615557530;0
50;01;05;27;32;006;Agencia Nacional de Ciberseguridad;5332732;0
50;01;05;27;32;007;Gendarmería de Chile;836360064;0
50;01;06;06;00;000;RENTAS DE LA PROPIEDAD;0;265124
50;01;06;06;03;000;Intereses;0;265124
50;01;06;06;03;051;Intereses;0;265114
50;01;06;06;03;052;Ganancias de Capital;0;10
50;01;06;11;00;000;VENTA DE ACTIVOS FINANCIEROS;0;307120
50;01;06;11;01;000;Venta o Rescate de Títulos y Valores;0;307100
50;01;06;11;99;000;Otros Activos Financieros;0;20
50;01;06;13;00;000;TRANSFERENCIAS PARA GASTOS DE CAPITAL;0;20
50;01;06;13;02;000;Del Gobierno Central;0;20
50;01;06;13;02;059;De Operaciones Complementarias;0;10
50;01;06;13;02;060;Del Fondo de Estabilización Económica Social;0;10
50;01;06;22;00;000;BIENES Y SERVICIOS DE CONSUMO;0;7601
50;01;06;24;00;000;TRANSFERENCIAS CORRIENTES;0;299499
50;01;06;24;02;000;Al Gobierno Central;0;299499
50;01;06;24;02;050;A Ingresos Generales de la Nación;0;299499
50;01;06;30;00;000;ADQUISICIÓN DE ACTIVOS FINANCIEROS;0;265154
50;01;06;30;01;000;Compra de Títulos y Valores;0;265144
50;01;06;30;99;000;Otros Activos Financieros;0;10
50;01;06;35;00;000;SALDO FINAL DE CAJA;0;10
50;01;07;06;00;000;RENTAS DE LA PROPIEDAD;0;69524
50;01;07;06;03;000;Intereses;0;69524
50;01;07;06;03;061;Intereses;0;69514
50;01;07;06;03;062;Ganancias de Capital;0;10
50;01;07;11;00;000;VENTA DE ACTIVOS FINANCIEROS;0;1971
50;01;07;11;01;000;Venta o Rescate de Títulos y Valores;0;1951
50;01;07;11;99;000;Otros Activos Financieros;0;20
50;01;07;13;00;000;TRANSFERENCIAS PARA GASTOS DE CAPITAL;0;10
50;01;07;13;02;000;Del Gobierno Central;0;10
50;01;07;13;02;050;De Operaciones Complementarias;0;10
50;01;07;22;00;000;BIENES Y SERVICIOS DE CONSUMO;0;1931
50;01;07;24;00;000;TRANSFERENCIAS CORRIENTES;0;10
50;01;07;24;02;000;Al Gobierno Central;0;10
50;01;07;24;02;060;A Ingresos Generales de la Nación;0;10
50;01;07;30;00;000;ADQUISICIÓN DE ACTIVOS FINANCIEROS;0;69544
50;01;07;30;01;000;Compra de Títulos y Valores;0;69534
50;01;07;30;99;000;Otros Activos Financieros;0;10
50;01;07;33;00;000;TRANSFERENCIAS DE CAPITAL;0;10
50;01;07;33;02;000;Al Gobierno Central;0;10
50;01;07;33;02;059;Al Fondo de Reserva de Pensiones;0;10
50;01;07;35;00;000;SALDO FINAL DE CAJA;0;10
50;01;09;11;00;000;VENTA DE ACTIVOS FINANCIEROS;96196042;0
50;01;09;11;01;000;Venta o Rescate de Títulos y Valores;96196042;0
50;01;09;13;00;000;TRANSFERENCIAS PARA GASTOS DE CAPITAL;495320587;0
50;01;09;13;02;000;Del Gobierno Central;495320587;0
50;01;09;13;02;050;De Operaciones Complementarias;482964171;0
50;01;09;13;02;090;De Subsidio Nacional al Transporte Público;12356416;0
50;01;09;30;00;000;ADQUISICIÓN DE ACTIVOS FINANCIEROS;113182349;0
50;01;09;30;01;000;Compra de Títulos y Valores;113182349;0
50;01;09;33;00;000;TRANSFERENCIAS DE CAPITAL;478334270;0
50;01;09;33;02;000;Al Gobierno Central;478334260;0
50;01;09;33;02;250;Financiamiento Gobiernos Regionales;195414260;0
50;01;09;33;02;260;Empresas y Sociedades del Estado;282920000;0
50;01;09;33;03;000;A Otras Entidades Públicas;10;0
50;01;09;33;03;002;Aplicación Ley N°20.378 - Fondo de Apoyo al Transporte Público y la Conectividad Regional;10;0
50;01;09;35;00;000;SALDO FINAL DE CAJA;10;0
50;01;10;05;00;000;TRANSFERENCIAS CORRIENTES;40;0
50;01;10;05;01;000;Del Sector Privado;10;0
50;01;10;05;03;000;De Otras Entidades Públicas;10;0
50;01;10;05;06;000;De Gobiernos Extranjeros;10;0
50;01;10;05;07;000;De Organismos Internacionales;10;0
50;01;10;06;00;000;RENTAS DE LA PROPIEDAD;3065302;0
50;01;10;06;03;000;Intereses;3065302;0
50;01;10;06;03;010;Intereses;3065302;0
50;01;10;11;00;000;VENTA DE ACTIVOS FINANCIEROS;8548762;0
50;01;10;11;01;000;Venta o Rescate de Títulos y Valores;8548762;0
50;01;10;13;00;000;TRANSFERENCIAS PARA GASTOS DE CAPITAL;155337197;0
50;01;10;13;02;000;Del Gobierno Central;155337197;0
50;01;10;13;02;100;De Operaciones Complementarias;155337197;0
50;01;10;24;00;000;TRANSFERENCIAS CORRIENTES;166951281;0
50;01;10;24;02;000;Al Gobierno Central;166951281;0
50;01;10;24;02;090;Al Fondo Nacional de Salud, aplicación del Fondo para Diagnósticos y Tratamientos de Alto Costo Ley N°20.850;166951281;0
50;01;10;30;00;000;ADQUISICIÓN DE ACTIVOS FINANCIEROS;10;0
50;01;10;30;01;000;Compra de Títulos y Valores;10;0
50;01;10;35;00;000;SALDO FINAL DE CAJA;10;0
50;01;11;05;00;000;TRANSFERENCIAS CORRIENTES;65982605;8000
50;01;11;05;02;000;Del Gobierno Central;65982605;8000
50;01;11;05;02;002;De Operaciones Complementarias;0;8000
50;01;11;05;02;003;De Subsidios;65982605;0
50;01;11;13;00;000;TRANSFERENCIAS PARA GASTOS DE CAPITAL;841872420;20
50;01;11;13;02;000;Del Gobierno Central;841872420;20
50;01;11;13;02;001;De Operaciones Complementarias;484217523;20
50;01;11;13;02;003;De Subsidios;74734897;0
50;01;11;13;02;030;Fondo de Apoyo al Transporte Público y la Conectividad Regional;282920000;0
50;01;11;15;00;000;SALDO INICIAL DE CAJA;10;10
50;01;11;24;00;000;TRANSFERENCIAS CORRIENTES;305498601;8000
50;01;11;24;04;000;A Empresas Públicas no Financieras;305498601;8000
50;01;11;24;04;001;Empresa Nacional de Minería;0;8000
50;01;11;24;04;003;Empresa de los Ferrocarriles del Estado;239515996;0
50;01;11;24;04;004;Sociedad Agrícola y Servicios Isla de Pascua SpA;8769491;0
50;01;11;24;04;005;Empresa de Transporte de Pasajeros Metro S.A.;52444626;0
50;01;11;24;04;006;Televisión Nacional de Chile - NTV art. 37°, Ley N° 19.132;4768488;0
50;01;11;30;00;000;ADQUISICIÓN DE ACTIVOS FINANCIEROS;484217523;20
50;01;11;30;02;000;Compra de Acciones y Participaciones de Capital;484217523;20
50;01;11;30;02;004;Fondo de Infraestructura S.A.;10;0
50;01;11;30;02;005;Empresa de Transporte de Pasajeros Metro S.A.;484217513;0
50;01;11;30;02;008;Empresa Nacional del Petróleo;0;10
50;01;11;30;02;009;Empresa Nacional de Minería;0;10
50;01;11;33;00;000;TRANSFERENCIAS DE CAPITAL;118138901;0
50;01;11;33;04;000;A Empresas Públicas no Financieras;118138901;0
50;01;11;33;04;001;Empresa de los Ferrocarriles del Estado;114191395;0
50;01;11;33;04;002;Sociedad Agrícola y Servicios Isla de Pascua SpA;3947506;0
50;01;11;35;00;000;SALDO FINAL DE CAJA;10;10
50;01;12;06;00;000;RENTAS DE LA PROPIEDAD;10;10
50;01;12;06;03;000;Intereses;10;10
50;01;12;06;03;010;Intereses;10;10
50;01;12;11;00;000;VENTA DE ACTIVOS FINANCIEROS;30;30
50;01;12;11;01;000;Venta o Rescate de Títulos y Valores;30;30
50;01;12;13;00;000;TRANSFERENCIAS PARA GASTOS DE CAPITAL;10;10
50;01;12;13;02;000;Del Gobierno Central;10;10
50;01;12;13;02;120;De Operaciones Complementarias;10;10
50;01;12;22;00;000;BIENES Y SERVICIOS DE CONSUMO;10;10
50;01;12;24;00;000;TRANSFERENCIAS CORRIENTES;10;10
50;01;12;24;02;000;Al Gobierno Central;10;10
50;01;12;24;02;100;A Ingresos Generales de la Nación, Fondo Artículo 98 de la Ley N°18.948;10;10
50;01;12;30;00;000;ADQUISICIÓN DE ACTIVOS FINANCIEROS;20;20
50;01;12;30;01;000;Compra de Títulos y Valores;10;10
50;01;12;30;99;000;Otros Activos Financieros;10;10
50;01;12;35;00;000;SALDO FINAL DE CAJA;10;10
50;01;14;06;00;000;RENTAS DE LA PROPIEDAD;10;10
50;01;14;06;03;000;Intereses;10;10
50;01;14;06;03;010;Intereses;10;10
50;01;14;11;00;000;VENTA DE ACTIVOS FINANCIEROS;30;40
50;01;14;11;01;000;Venta o Rescate de Títulos y Valores;30;40
50;01;14;13;00;000;TRANSFERENCIAS PARA GASTOS DE CAPITAL;10;588367
50;01;14;13;02;000;Del Gobierno Central;10;588367
50;01;14;13;02;130;De Operaciones Complementarias;10;588367
50;01;14;22;00;000;BIENES Y SERVICIOS DE CONSUMO;10;10
50;01;14;24;00;000;TRANSFERENCIAS CORRIENTES;10;588367
50;01;14;24;03;000;A Otras Entidades Públicas;10;588367
50;01;14;24;03;130;Aplicación Artículo 98 de la Ley Nº 18.948;10;588367
50;01;14;30;00;000;ADQUISICIÓN DE ACTIVOS FINANCIEROS;20;30
50;01;14;30;01;000;Compra de Títulos y Valores;10;20
50;01;14;30;99;000;Otros Activos Financieros;10;10
50;01;14;35;00;000;SALDO FINAL DE CAJA;10;10
