archivo,categoria,tipo_archivo,tamano_bytes,tamano_kb,ruta_relativa
articles-426556_doc_pdf.pdf,mensaje_presidencial_articulado,pdf,3509717,3427.5,data/dipres_2027_oficial/articles-426556_doc_pdf.pdf
articles-430217_h_acta_pib_tendencial.pdf,macro_supuestos,pdf,1093941,1068.3,data/dipres_2027_oficial/articles-430217_h_acta_pib_tendencial.pdf
articles-430217_i_resultados_comite_pib_tendencial.xlsx,macro_supuestos,xlsx,111804,109.2,data/dipres_2027_oficial/articles-430217_i_resultados_comite_pib_tendencial.xlsx
articles-430217_j_acta_precio_cobre.pdf,macro_supuestos,pdf,757365,739.6,data/dipres_2027_oficial/articles-430217_j_acta_precio_cobre.pdf
articles-430217_k_resultados_comte_precio_cobre.xlsx,macro_supuestos,xlsx,22715,22.2,data/dipres_2027_oficial/articles-430217_k_resultados_comte_precio_cobre.xlsx
articles-430218_doc_pdf.pdf,detalle_partida_capitulo_pdf,pdf,40520,39.6,data/dipres_2027_oficial/articles-430218_doc_pdf.pdf
articles-430219_doc_pdf.pdf,detalle_partida_capitulo_pdf,pdf,118074,115.3,data/dipres_2027_oficial/articles-430219_doc_pdf.pdf
articles-430220_doc_pdf.pdf,detalle_partida_capitulo_pdf,pdf,137031,133.8,data/dipres_2027_oficial/articles-430220_doc_pdf.pdf
articles-430221_doc_pdf.pdf,detalle_partida_capitulo_pdf,pdf,137944,134.7,data/dipres_2027_oficial/articles-430221_doc_pdf.pdf
articles-430222_doc_pdf.pdf,detalle_partida_capitulo_pdf,pdf,127663,124.7,data/dipres_2027_oficial/articles-430222_doc_pdf.pdf
articles-430223_doc_pdf.pdf,detalle_partida_capitulo_pdf,pdf,131845,128.8,data/dipres_2027_oficial/articles-430223_doc_pdf.pdf
articles-430224_doc_pdf.pdf,detalle_partida_capitulo_pdf,pdf,40972,40.0,data/dipres_2027_oficial/articles-430224_doc_pdf.pdf
articles-430225_doc_pdf.pdf,detalle_partida_capitulo_pdf,pdf,41433,40.5,data/dipres_2027_oficial/articles-430225_doc_pdf.pdf
articles-430226_doc_pdf.pdf,detalle_partida_capitulo_pdf,pdf,115606,112.9,data/dipres_2027_oficial/articles-430226_doc_pdf.pdf
articles-430227_doc_pdf.pdf,detalle_partida_capitulo_pdf,pdf,116637,113.9,data/dipres_2027_oficial/articles-430227_doc_pdf.pdf
articles-430228_doc_pdf.pdf,detalle_partida_capitulo_pdf,pdf,117330,114.6,data/dipres_2027_oficial/articles-430228_doc_pdf.pdf
articles-430229_doc_pdf.pdf,detalle_partida_capitulo_pdf,pdf,128260,125.3,data/dipres_2027_oficial/articles-430229_doc_pdf.pdf
articles-430230_doc_pdf.pdf,detalle_partida_capitulo_pdf,pdf,134044,130.9,data/dipres_2027_oficial/articles-430230_doc_pdf.pdf
articles-430231_doc_pdf.pdf,detalle_partida_capitulo_pdf,pdf,137548,134.3,data/dipres_2027_oficial/articles-430231_doc_pdf.pdf
articles-430232_doc_pdf.pdf,detalle_partida_capitulo_pdf,pdf,136687,133.5,data/dipres_2027_oficial/articles-430232_doc_pdf.pdf
articles-430233_doc_pdf.pdf,detalle_partida_capitulo_pdf,pdf,122684,119.8,data/dipres_2027_oficial/articles-430233_doc_pdf.pdf
articles-430234_doc_pdf.pdf,detalle_partida_capitulo_pdf,pdf,139185,135.9,data/dipres_2027_oficial/articles-430234_doc_pdf.pdf
articles-430235_doc_pdf.pdf,detalle_partida_capitulo_pdf,pdf,137788,134.6,data/dipres_2027_oficial/articles-430235_doc_pdf.pdf
articles-430236_doc_pdf.pdf,detalle_partida_capitulo_pdf,pdf,133157,130.0,data/dipres_2027_oficial/articles-430236_doc_pdf.pdf
articles-430237_doc_pdf.pdf,detalle_partida_capitulo_pdf,pdf,170201,166.2,data/dipres_2027_oficial/articles-430237_doc_pdf.pdf
articles-430239_doc_pdf.pdf,detalle_partida_capitulo_pdf,pdf,141680,138.4,data/dipres_2027_oficial/articles-430239_doc_pdf.pdf
articles-430240_doc_pdf.pdf,detalle_partida_capitulo_pdf,pdf,105226,102.8,data/dipres_2027_oficial/articles-430240_doc_pdf.pdf
articles-430241_doc_pdf.pdf,detalle_partida_capitulo_pdf,pdf,142725,139.4,data/dipres_2027_oficial/articles-430241_doc_pdf.pdf
articles-430242_doc_pdf.pdf,detalle_partida_capitulo_pdf,pdf,146251,142.8,data/dipres_2027_oficial/articles-430242_doc_pdf.pdf
articles-430243_doc_pdf.pdf,detalle_partida_capitulo_pdf,pdf,120220,117.4,data/dipres_2027_oficial/articles-430243_doc_pdf.pdf
articles-430244_doc_pdf.pdf,detalle_partida_capitulo_pdf,pdf,122513,119.6,data/dipres_2027_oficial/articles-430244_doc_pdf.pdf
articles-430245_doc_pdf.pdf,detalle_partida_capitulo_pdf,pdf,128568,125.6,data/dipres_2027_oficial/articles-430245_doc_pdf.pdf
articles-430246_doc_pdf.pdf,detalle_partida_capitulo_pdf,pdf,159210,155.5,data/dipres_2027_oficial/articles-430246_doc_pdf.pdf
articles-430247_doc_pdf.pdf,detalle_partida_capitulo_pdf,pdf,130703,127.6,data/dipres_2027_oficial/articles-430247_doc_pdf.pdf
articles-430248_doc_pdf.pdf,detalle_partida_capitulo_pdf,pdf,136884,133.7,data/dipres_2027_oficial/articles-430248_doc_pdf.pdf
articles-430249_doc_pdf.pdf,detalle_partida_capitulo_pdf,pdf,130750,127.7,data/dipres_2027_oficial/articles-430249_doc_pdf.pdf
articles-430250_doc_pdf.pdf,detalle_partida_capitulo_pdf,pdf,138529,135.3,data/dipres_2027_oficial/articles-430250_doc_pdf.pdf
articles-430251_doc_pdf.pdf,detalle_partida_capitulo_pdf,pdf,148762,145.3,data/dipres_2027_oficial/articles-430251_doc_pdf.pdf
articles-430252_doc_pdf.pdf,detalle_partida_capitulo_pdf,pdf,145035,141.6,data/dipres_2027_oficial/articles-430252_doc_pdf.pdf
articles-430253_doc_pdf.pdf,detalle_partida_capitulo_pdf,pdf,130399,127.3,data/dipres_2027_oficial/articles-430253_doc_pdf.pdf
articles-430254_doc_pdf.pdf,detalle_partida_capitulo_pdf,pdf,131134,128.1,data/dipres_2027_oficial/articles-430254_doc_pdf.pdf
articles-430255_doc_pdf.pdf,detalle_partida_capitulo_pdf,pdf,129713,126.7,data/dipres_2027_oficial/articles-430255_doc_pdf.pdf
articles-430256_doc_pdf.pdf,detalle_partida_capitulo_pdf,pdf,144811,141.4,data/dipres_2027_oficial/articles-430256_doc_pdf.pdf
articles-430257_doc_pdf.pdf,detalle_partida_capitulo_pdf,pdf,133842,130.7,data/dipres_2027_oficial/articles-430257_doc_pdf.pdf
articles-430258_doc_pdf.pdf,detalle_partida_capitulo_pdf,pdf,178844,174.7,data/dipres_2027_oficial/articles-430258_doc_pdf.pdf
articles-430259_doc_pdf.pdf,detalle_partida_capitulo_pdf,pdf,142498,139.2,data/dipres_2027_oficial/articles-430259_doc_pdf.pdf
articles-430260_doc_pdf.pdf,detalle_partida_capitulo_pdf,pdf,124084,121.2,data/dipres_2027_oficial/articles-430260_doc_pdf.pdf
articles-430261_doc_pdf.pdf,detalle_partida_capitulo_pdf,pdf,115779,113.1,data/dipres_2027_oficial/articles-430261_doc_pdf.pdf
articles-430262_doc_pdf.pdf,detalle_partida_capitulo_pdf,pdf,131542,128.5,data/dipres_2027_oficial/articles-430262_doc_pdf.pdf
articles-430263_doc_pdf.pdf,detalle_partida_capitulo_pdf,pdf,124640,121.7,data/dipres_2027_oficial/articles-430263_doc_pdf.pdf
articles-430264_doc_pdf.pdf,detalle_partida_capitulo_pdf,pdf,132879,129.8,data/dipres_2027_oficial/articles-430264_doc_pdf.pdf
articles-430265_doc_pdf.pdf,detalle_partida_capitulo_pdf,pdf,123430,120.5,data/dipres_2027_oficial/articles-430265_doc_pdf.pdf
articles-430266_doc_pdf.pdf,detalle_partida_capitulo_pdf,pdf,141329,138.0,data/dipres_2027_oficial/articles-430266_doc_pdf.pdf
articles-430267_doc_pdf.pdf,detalle_partida_capitulo_pdf,pdf,135587,132.4,data/dipres_2027_oficial/articles-430267_doc_pdf.pdf
articles-430268_doc_pdf.pdf,detalle_partida_capitulo_pdf,pdf,130534,127.5,data/dipres_2027_oficial/articles-430268_doc_pdf.pdf
articles-430269_doc_pdf.pdf,detalle_partida_capitulo_pdf,pdf,126856,123.9,data/dipres_2027_oficial/articles-430269_doc_pdf.pdf
articles-430270_doc_pdf.pdf,detalle_partida_capitulo_pdf,pdf,123259,120.4,data/dipres_2027_oficial/articles-430270_doc_pdf.pdf
articles-430271_doc_pdf.pdf,detalle_partida_capitulo_pdf,pdf,131872,128.8,data/dipres_2027_oficial/articles-430271_doc_pdf.pdf
articles-430272_doc_pdf.pdf,detalle_partida_capitulo_pdf,pdf,143281,139.9,data/dipres_2027_oficial/articles-430272_doc_pdf.pdf
articles-430273_doc_pdf.pdf,detalle_partida_capitulo_pdf,pdf,137156,133.9,data/dipres_2027_oficial/articles-430273_doc_pdf.pdf
articles-430274_doc_pdf.pdf,detalle_partida_capitulo_pdf,pdf,127465,124.5,data/dipres_2027_oficial/articles-430274_doc_pdf.pdf
articles-430275_doc_pdf.pdf,detalle_partida_capitulo_pdf,pdf,109986,107.4,data/dipres_2027_oficial/articles-430275_doc_pdf.pdf
articles-430276_doc_pdf.pdf,detalle_partida_capitulo_pdf,pdf,130004,127.0,data/dipres_2027_oficial/articles-430276_doc_pdf.pdf
articles-430277_doc_pdf.pdf,detalle_partida_capitulo_pdf,pdf,123104,120.2,data/dipres_2027_oficial/articles-430277_doc_pdf.pdf
articles-430278_doc_pdf.pdf,detalle_partida_capitulo_pdf,pdf,121188,118.3,data/dipres_2027_oficial/articles-430278_doc_pdf.pdf
articles-430279_doc_pdf.pdf,detalle_partida_capitulo_pdf,pdf,126732,123.8,data/dipres_2027_oficial/articles-430279_doc_pdf.pdf
articles-430280_doc_pdf.pdf,detalle_partida_capitulo_pdf,pdf,134219,131.1,data/dipres_2027_oficial/articles-430280_doc_pdf.pdf
articles-430281_doc_pdf.pdf,detalle_partida_capitulo_pdf,pdf,115637,112.9,data/dipres_2027_oficial/articles-430281_doc_pdf.pdf
articles-430282_doc_pdf.pdf,detalle_partida_capitulo_pdf,pdf,135504,132.3,data/dipres_2027_oficial/articles-430282_doc_pdf.pdf
articles-430283_doc_pdf.pdf,detalle_partida_capitulo_pdf,pdf,128213,125.2,data/dipres_2027_oficial/articles-430283_doc_pdf.pdf
articles-430284_doc_pdf.pdf,detalle_partida_capitulo_pdf,pdf,108079,105.5,data/dipres_2027_oficial/articles-430284_doc_pdf.pdf
articles-430285_doc_pdf.pdf,detalle_partida_capitulo_pdf,pdf,109923,107.3,data/dipres_2027_oficial/articles-430285_doc_pdf.pdf
articles-430286_doc_pdf.pdf,detalle_partida_capitulo_pdf,pdf,126747,123.8,data/dipres_2027_oficial/articles-430286_doc_pdf.pdf
articles-430287_doc_pdf.pdf,detalle_partida_capitulo_pdf,pdf,127603,124.6,data/dipres_2027_oficial/articles-430287_doc_pdf.pdf
articles-430288_doc_pdf.pdf,detalle_partida_capitulo_pdf,pdf,111265,108.7,data/dipres_2027_oficial/articles-430288_doc_pdf.pdf
articles-430289_doc_pdf.pdf,detalle_partida_capitulo_pdf,pdf,126714,123.7,data/dipres_2027_oficial/articles-430289_doc_pdf.pdf
articles-430290_doc_pdf.pdf,detalle_partida_capitulo_pdf,pdf,124504,121.6,data/dipres_2027_oficial/articles-430290_doc_pdf.pdf
articles-430291_doc_pdf.pdf,detalle_partida_capitulo_pdf,pdf,124338,121.4,data/dipres_2027_oficial/articles-430291_doc_pdf.pdf
articles-430292_doc_pdf.pdf,detalle_partida_capitulo_pdf,pdf,125393,122.5,data/dipres_2027_oficial/articles-430292_doc_pdf.pdf
articles-430293_doc_pdf.pdf,detalle_partida_capitulo_pdf,pdf,129197,126.2,data/dipres_2027_oficial/articles-430293_doc_pdf.pdf
articles-430294_doc_pdf.pdf,detalle_partida_capitulo_pdf,pdf,123144,120.3,data/dipres_2027_oficial/articles-430294_doc_pdf.pdf
articles-430295_doc_pdf.pdf,detalle_partida_capitulo_pdf,pdf,149697,146.2,data/dipres_2027_oficial/articles-430295_doc_pdf.pdf
articles-430296_doc_pdf.pdf,detalle_partida_capitulo_pdf,pdf,151844,148.3,data/dipres_2027_oficial/articles-430296_doc_pdf.pdf
articles-430297_doc_pdf.pdf,detalle_partida_capitulo_pdf,pdf,149738,146.2,data/dipres_2027_oficial/articles-430297_doc_pdf.pdf
articles-430298_doc_pdf.pdf,detalle_partida_capitulo_pdf,pdf,146400,143.0,data/dipres_2027_oficial/articles-430298_doc_pdf.pdf
articles-430299_doc_pdf.pdf,detalle_partida_capitulo_pdf,pdf,161497,157.7,data/dipres_2027_oficial/articles-430299_doc_pdf.pdf
articles-430300_doc_pdf.pdf,detalle_partida_capitulo_pdf,pdf,124592,121.7,data/dipres_2027_oficial/articles-430300_doc_pdf.pdf
articles-430301_doc_pdf.pdf,detalle_partida_capitulo_pdf,pdf,137625,134.4,data/dipres_2027_oficial/articles-430301_doc_pdf.pdf
articles-430302_doc_pdf.pdf,detalle_partida_capitulo_pdf,pdf,139346,136.1,data/dipres_2027_oficial/articles-430302_doc_pdf.pdf
articles-430303_doc_pdf.pdf,detalle_partida_capitulo_pdf,pdf,151118,147.6,data/dipres_2027_oficial/articles-430303_doc_pdf.pdf
articles-430304_doc_pdf.pdf,detalle_partida_capitulo_pdf,pdf,133929,130.8,data/dipres_2027_oficial/articles-430304_doc_pdf.pdf
articles-430305_doc_pdf.pdf,detalle_partida_capitulo_pdf,pdf,142256,138.9,data/dipres_2027_oficial/articles-430305_doc_pdf.pdf
articles-430306_doc_pdf.pdf,detalle_partida_capitulo_pdf,pdf,151608,148.1,data/dipres_2027_oficial/articles-430306_doc_pdf.pdf
articles-430307_doc_pdf.pdf,detalle_partida_capitulo_pdf,pdf,138299,135.1,data/dipres_2027_oficial/articles-430307_doc_pdf.pdf
articles-430308_doc_pdf.pdf,detalle_partida_capitulo_pdf,pdf,126920,123.9,data/dipres_2027_oficial/articles-430308_doc_pdf.pdf
articles-430309_doc_pdf.pdf,detalle_partida_capitulo_pdf,pdf,124109,121.2,data/dipres_2027_oficial/articles-430309_doc_pdf.pdf
articles-430310_doc_pdf.pdf,detalle_partida_capitulo_pdf,pdf,129400,126.4,data/dipres_2027_oficial/articles-430310_doc_pdf.pdf
articles-430311_doc_pdf.pdf,detalle_partida_capitulo_pdf,pdf,135830,132.6,data/dipres_2027_oficial/articles-430311_doc_pdf.pdf
articles-430312_doc_pdf.pdf,detalle_partida_capitulo_pdf,pdf,158869,155.1,data/dipres_2027_oficial/articles-430312_doc_pdf.pdf
articles-430313_doc_pdf.pdf,detalle_partida_capitulo_pdf,pdf,124366,121.5,data/dipres_2027_oficial/articles-430313_doc_pdf.pdf
articles-430314_doc_pdf.pdf,detalle_partida_capitulo_pdf,pdf,137160,133.9,data/dipres_2027_oficial/articles-430314_doc_pdf.pdf
articles-430315_doc_pdf.pdf,detalle_partida_capitulo_pdf,pdf,123930,121.0,data/dipres_2027_oficial/articles-430315_doc_pdf.pdf
articles-430316_doc_pdf.pdf,detalle_partida_capitulo_pdf,pdf,137054,133.8,data/dipres_2027_oficial/articles-430316_doc_pdf.pdf
articles-430317_doc_pdf.pdf,detalle_partida_capitulo_pdf,pdf,124181,121.3,data/dipres_2027_oficial/articles-430317_doc_pdf.pdf
articles-430318_doc_pdf.pdf,detalle_partida_capitulo_pdf,pdf,137419,134.2,data/dipres_2027_oficial/articles-430318_doc_pdf.pdf
articles-430319_doc_pdf.pdf,detalle_partida_capitulo_pdf,pdf,123941,121.0,data/dipres_2027_oficial/articles-430319_doc_pdf.pdf
articles-430320_doc_pdf.pdf,detalle_partida_capitulo_pdf,pdf,137178,134.0,data/dipres_2027_oficial/articles-430320_doc_pdf.pdf
articles-430321_doc_pdf.pdf,detalle_partida_capitulo_pdf,pdf,124937,122.0,data/dipres_2027_oficial/articles-430321_doc_pdf.pdf
articles-430322_doc_pdf.pdf,detalle_partida_capitulo_pdf,pdf,137098,133.9,data/dipres_2027_oficial/articles-430322_doc_pdf.pdf
articles-430323_doc_pdf.pdf,detalle_partida_capitulo_pdf,pdf,123919,121.0,data/dipres_2027_oficial/articles-430323_doc_pdf.pdf
articles-430324_doc_pdf.pdf,detalle_partida_capitulo_pdf,pdf,137170,134.0,data/dipres_2027_oficial/articles-430324_doc_pdf.pdf
articles-430325_doc_pdf.pdf,detalle_partida_capitulo_pdf,pdf,124235,121.3,data/dipres_2027_oficial/articles-430325_doc_pdf.pdf
articles-430326_doc_pdf.pdf,detalle_partida_capitulo_pdf,pdf,137702,134.5,data/dipres_2027_oficial/articles-430326_doc_pdf.pdf
articles-430327_doc_pdf.pdf,detalle_partida_capitulo_pdf,pdf,124214,121.3,data/dipres_2027_oficial/articles-430327_doc_pdf.pdf
articles-430328_doc_pdf.pdf,detalle_partida_capitulo_pdf,pdf,137679,134.5,data/dipres_2027_oficial/articles-430328_doc_pdf.pdf
articles-430329_doc_pdf.pdf,detalle_partida_capitulo_pdf,pdf,124129,121.2,data/dipres_2027_oficial/articles-430329_doc_pdf.pdf
articles-430330_doc_pdf.pdf,detalle_partida_capitulo_pdf,pdf,138841,135.6,data/dipres_2027_oficial/articles-430330_doc_pdf.pdf
articles-430331_doc_pdf.pdf,detalle_partida_capitulo_pdf,pdf,124721,121.8,data/dipres_2027_oficial/articles-430331_doc_pdf.pdf
articles-430332_doc_pdf.pdf,detalle_partida_capitulo_pdf,pdf,137496,134.3,data/dipres_2027_oficial/articles-430332_doc_pdf.pdf
articles-430333_doc_pdf.pdf,detalle_partida_capitulo_pdf,pdf,124278,121.4,data/dipres_2027_oficial/articles-430333_doc_pdf.pdf
articles-430334_doc_pdf.pdf,detalle_partida_capitulo_pdf,pdf,137511,134.3,data/dipres_2027_oficial/articles-430334_doc_pdf.pdf
articles-430335_doc_pdf.pdf,detalle_partida_capitulo_pdf,pdf,124300,121.4,data/dipres_2027_oficial/articles-430335_doc_pdf.pdf
articles-430336_doc_pdf.pdf,detalle_partida_capitulo_pdf,pdf,139293,136.0,data/dipres_2027_oficial/articles-430336_doc_pdf.pdf
articles-430337_doc_pdf.pdf,detalle_partida_capitulo_pdf,pdf,124070,121.2,data/dipres_2027_oficial/articles-430337_doc_pdf.pdf
articles-430338_doc_pdf.pdf,detalle_partida_capitulo_pdf,pdf,135879,132.7,data/dipres_2027_oficial/articles-430338_doc_pdf.pdf
articles-430339_doc_pdf.pdf,detalle_partida_capitulo_pdf,pdf,124339,121.4,data/dipres_2027_oficial/articles-430339_doc_pdf.pdf
articles-430340_doc_pdf.pdf,detalle_partida_capitulo_pdf,pdf,137107,133.9,data/dipres_2027_oficial/articles-430340_doc_pdf.pdf
articles-430341_doc_pdf.pdf,detalle_partida_capitulo_pdf,pdf,124098,121.2,data/dipres_2027_oficial/articles-430341_doc_pdf.pdf
articles-430342_doc_pdf.pdf,detalle_partida_capitulo_pdf,pdf,137133,133.9,data/dipres_2027_oficial/articles-430342_doc_pdf.pdf
articles-430343_doc_pdf.pdf,detalle_partida_capitulo_pdf,pdf,124286,121.4,data/dipres_2027_oficial/articles-430343_doc_pdf.pdf
articles-430344_doc_pdf.pdf,detalle_partida_capitulo_pdf,pdf,137642,134.4,data/dipres_2027_oficial/articles-430344_doc_pdf.pdf
articles-430345_doc_pdf.pdf,detalle_partida_capitulo_pdf,pdf,124613,121.7,data/dipres_2027_oficial/articles-430345_doc_pdf.pdf
articles-430346_doc_pdf.pdf,detalle_partida_capitulo_pdf,pdf,136718,133.5,data/dipres_2027_oficial/articles-430346_doc_pdf.pdf
articles-430347_doc_pdf.pdf,detalle_partida_capitulo_pdf,pdf,124591,121.7,data/dipres_2027_oficial/articles-430347_doc_pdf.pdf
articles-430348_doc_pdf.pdf,detalle_partida_capitulo_pdf,pdf,140785,137.5,data/dipres_2027_oficial/articles-430348_doc_pdf.pdf
articles-430349_doc_pdf.pdf,detalle_partida_capitulo_pdf,pdf,124497,121.6,data/dipres_2027_oficial/articles-430349_doc_pdf.pdf
articles-430350_doc_pdf.pdf,detalle_partida_capitulo_pdf,pdf,137641,134.4,data/dipres_2027_oficial/articles-430350_doc_pdf.pdf
articles-430351_doc_pdf.pdf,detalle_partida_capitulo_pdf,pdf,124749,121.8,data/dipres_2027_oficial/articles-430351_doc_pdf.pdf
articles-430352_doc_pdf.pdf,detalle_partida_capitulo_pdf,pdf,137657,134.4,data/dipres_2027_oficial/articles-430352_doc_pdf.pdf
articles-430353_doc_pdf.pdf,detalle_partida_capitulo_pdf,pdf,124307,121.4,data/dipres_2027_oficial/articles-430353_doc_pdf.pdf
articles-430354_doc_pdf.pdf,detalle_partida_capitulo_pdf,pdf,137672,134.4,data/dipres_2027_oficial/articles-430354_doc_pdf.pdf
articles-430355_doc_pdf.pdf,detalle_partida_capitulo_pdf,pdf,124154,121.2,data/dipres_2027_oficial/articles-430355_doc_pdf.pdf
articles-430356_doc_pdf.pdf,detalle_partida_capitulo_pdf,pdf,137158,133.9,data/dipres_2027_oficial/articles-430356_doc_pdf.pdf
articles-430357_doc_pdf.pdf,detalle_partida_capitulo_pdf,pdf,124116,121.2,data/dipres_2027_oficial/articles-430357_doc_pdf.pdf
articles-430358_doc_pdf.pdf,detalle_partida_capitulo_pdf,pdf,137671,134.4,data/dipres_2027_oficial/articles-430358_doc_pdf.pdf
articles-430359_doc_pdf.pdf,detalle_partida_capitulo_pdf,pdf,124147,121.2,data/dipres_2027_oficial/articles-430359_doc_pdf.pdf
articles-430360_doc_pdf.pdf,detalle_partida_capitulo_pdf,pdf,137686,134.5,data/dipres_2027_oficial/articles-430360_doc_pdf.pdf
articles-430361_doc_pdf.pdf,detalle_partida_capitulo_pdf,pdf,124520,121.6,data/dipres_2027_oficial/articles-430361_doc_pdf.pdf
articles-430362_doc_pdf.pdf,detalle_partida_capitulo_pdf,pdf,140380,137.1,data/dipres_2027_oficial/articles-430362_doc_pdf.pdf
articles-430363_doc_pdf.pdf,detalle_partida_capitulo_pdf,pdf,124143,121.2,data/dipres_2027_oficial/articles-430363_doc_pdf.pdf
articles-430364_doc_pdf.pdf,detalle_partida_capitulo_pdf,pdf,137697,134.5,data/dipres_2027_oficial/articles-430364_doc_pdf.pdf
articles-430365_doc_pdf.pdf,detalle_partida_capitulo_pdf,pdf,124449,121.5,data/dipres_2027_oficial/articles-430365_doc_pdf.pdf
articles-430366_doc_pdf.pdf,detalle_partida_capitulo_pdf,pdf,137290,134.1,data/dipres_2027_oficial/articles-430366_doc_pdf.pdf
articles-430367_doc_pdf.pdf,detalle_partida_capitulo_pdf,pdf,125725,122.8,data/dipres_2027_oficial/articles-430367_doc_pdf.pdf
articles-430368_doc_pdf.pdf,detalle_partida_capitulo_pdf,pdf,124335,121.4,data/dipres_2027_oficial/articles-430368_doc_pdf.pdf
articles-430369_doc_pdf.pdf,detalle_partida_capitulo_pdf,pdf,136930,133.7,data/dipres_2027_oficial/articles-430369_doc_pdf.pdf
articles-430370_doc_pdf.pdf,detalle_partida_capitulo_pdf,pdf,137250,134.0,data/dipres_2027_oficial/articles-430370_doc_pdf.pdf
articles-430371_doc_pdf.pdf,detalle_partida_capitulo_pdf,pdf,124573,121.7,data/dipres_2027_oficial/articles-430371_doc_pdf.pdf
articles-430372_doc_pdf.pdf,detalle_partida_capitulo_pdf,pdf,137658,134.4,data/dipres_2027_oficial/articles-430372_doc_pdf.pdf
articles-430373_doc_pdf.pdf,detalle_partida_capitulo_pdf,pdf,124130,121.2,data/dipres_2027_oficial/articles-430373_doc_pdf.pdf
articles-430374_doc_pdf.pdf,detalle_partida_capitulo_pdf,pdf,135789,132.6,data/dipres_2027_oficial/articles-430374_doc_pdf.pdf
articles-430375_doc_pdf.pdf,detalle_partida_capitulo_pdf,pdf,124234,121.3,data/dipres_2027_oficial/articles-430375_doc_pdf.pdf
articles-430376_doc_pdf.pdf,detalle_partida_capitulo_pdf,pdf,137668,134.4,data/dipres_2027_oficial/articles-430376_doc_pdf.pdf
articles-430377_doc_pdf.pdf,detalle_partida_capitulo_pdf,pdf,124232,121.3,data/dipres_2027_oficial/articles-430377_doc_pdf.pdf
articles-430378_doc_pdf.pdf,detalle_partida_capitulo_pdf,pdf,135752,132.6,data/dipres_2027_oficial/articles-430378_doc_pdf.pdf
articles-430379_doc_pdf.pdf,detalle_partida_capitulo_pdf,pdf,124263,121.4,data/dipres_2027_oficial/articles-430379_doc_pdf.pdf
articles-430380_doc_pdf.pdf,detalle_partida_capitulo_pdf,pdf,137733,134.5,data/dipres_2027_oficial/articles-430380_doc_pdf.pdf
articles-430381_doc_pdf.pdf,detalle_partida_capitulo_pdf,pdf,126263,123.3,data/dipres_2027_oficial/articles-430381_doc_pdf.pdf
articles-430382_doc_pdf.pdf,detalle_partida_capitulo_pdf,pdf,136223,133.0,data/dipres_2027_oficial/articles-430382_doc_pdf.pdf
articles-430383_doc_pdf.pdf,detalle_partida_capitulo_pdf,pdf,124798,121.9,data/dipres_2027_oficial/articles-430383_doc_pdf.pdf
articles-430384_doc_pdf.pdf,detalle_partida_capitulo_pdf,pdf,138019,134.8,data/dipres_2027_oficial/articles-430384_doc_pdf.pdf
articles-430385_doc_pdf.pdf,detalle_partida_capitulo_pdf,pdf,124232,121.3,data/dipres_2027_oficial/articles-430385_doc_pdf.pdf
articles-430386_doc_pdf.pdf,detalle_partida_capitulo_pdf,pdf,137704,134.5,data/dipres_2027_oficial/articles-430386_doc_pdf.pdf
articles-430387_doc_pdf.pdf,detalle_partida_capitulo_pdf,pdf,124861,121.9,data/dipres_2027_oficial/articles-430387_doc_pdf.pdf
articles-430388_doc_pdf.pdf,detalle_partida_capitulo_pdf,pdf,138008,134.8,data/dipres_2027_oficial/articles-430388_doc_pdf.pdf
articles-430389_doc_pdf.pdf,detalle_partida_capitulo_pdf,pdf,124890,122.0,data/dipres_2027_oficial/articles-430389_doc_pdf.pdf
articles-430390_doc_pdf.pdf,detalle_partida_capitulo_pdf,pdf,126676,123.7,data/dipres_2027_oficial/articles-430390_doc_pdf.pdf
articles-430391_doc_pdf.pdf,detalle_partida_capitulo_pdf,pdf,134739,131.6,data/dipres_2027_oficial/articles-430391_doc_pdf.pdf
articles-430392_doc_pdf.pdf,detalle_partida_capitulo_pdf,pdf,126010,123.1,data/dipres_2027_oficial/articles-430392_doc_pdf.pdf
articles-430393_doc_pdf.pdf,detalle_partida_capitulo_pdf,pdf,135874,132.7,data/dipres_2027_oficial/articles-430393_doc_pdf.pdf
articles-430394_doc_pdf.pdf,detalle_partida_capitulo_pdf,pdf,125984,123.0,data/dipres_2027_oficial/articles-430394_doc_pdf.pdf
articles-430395_doc_pdf.pdf,detalle_partida_capitulo_pdf,pdf,135444,132.3,data/dipres_2027_oficial/articles-430395_doc_pdf.pdf
articles-430396_doc_pdf.pdf,detalle_partida_capitulo_pdf,pdf,124548,121.6,data/dipres_2027_oficial/articles-430396_doc_pdf.pdf
articles-430397_doc_pdf.pdf,detalle_partida_capitulo_pdf,pdf,125988,123.0,data/dipres_2027_oficial/articles-430397_doc_pdf.pdf
articles-430398_doc_pdf.pdf,detalle_partida_capitulo_pdf,pdf,125534,122.6,data/dipres_2027_oficial/articles-430398_doc_pdf.pdf
articles-430399_doc_pdf.pdf,detalle_partida_capitulo_pdf,pdf,126204,123.2,data/dipres_2027_oficial/articles-430399_doc_pdf.pdf
articles-430400_doc_pdf.pdf,detalle_partida_capitulo_pdf,pdf,124999,122.1,data/dipres_2027_oficial/articles-430400_doc_pdf.pdf
articles-430401_doc_pdf.pdf,detalle_partida_capitulo_pdf,pdf,125982,123.0,data/dipres_2027_oficial/articles-430401_doc_pdf.pdf
articles-430402_doc_pdf.pdf,detalle_partida_capitulo_pdf,pdf,135856,132.7,data/dipres_2027_oficial/articles-430402_doc_pdf.pdf
articles-430403_doc_pdf.pdf,detalle_partida_capitulo_pdf,pdf,124755,121.8,data/dipres_2027_oficial/articles-430403_doc_pdf.pdf
articles-430404_doc_pdf.pdf,detalle_partida_capitulo_pdf,pdf,124985,122.1,data/dipres_2027_oficial/articles-430404_doc_pdf.pdf
articles-430405_doc_pdf.pdf,detalle_partida_capitulo_pdf,pdf,124688,121.8,data/dipres_2027_oficial/articles-430405_doc_pdf.pdf
articles-430406_doc_pdf.pdf,detalle_partida_capitulo_pdf,pdf,124654,121.7,data/dipres_2027_oficial/articles-430406_doc_pdf.pdf
articles-430407_doc_pdf.pdf,detalle_partida_capitulo_pdf,pdf,124457,121.5,data/dipres_2027_oficial/articles-430407_doc_pdf.pdf
articles-430408_doc_pdf.pdf,detalle_partida_capitulo_pdf,pdf,124455,121.5,data/dipres_2027_oficial/articles-430408_doc_pdf.pdf
articles-430409_doc_pdf.pdf,detalle_partida_capitulo_pdf,pdf,124861,121.9,data/dipres_2027_oficial/articles-430409_doc_pdf.pdf
articles-430410_doc_pdf.pdf,detalle_partida_capitulo_pdf,pdf,124696,121.8,data/dipres_2027_oficial/articles-430410_doc_pdf.pdf
articles-430411_doc_pdf.pdf,detalle_partida_capitulo_pdf,pdf,124765,121.8,data/dipres_2027_oficial/articles-430411_doc_pdf.pdf
articles-430412_doc_pdf.pdf,detalle_partida_capitulo_pdf,pdf,124753,121.8,data/dipres_2027_oficial/articles-430412_doc_pdf.pdf
articles-430413_doc_pdf.pdf,detalle_partida_capitulo_pdf,pdf,124456,121.5,data/dipres_2027_oficial/articles-430413_doc_pdf.pdf
articles-430414_doc_pdf.pdf,detalle_partida_capitulo_pdf,pdf,124893,122.0,data/dipres_2027_oficial/articles-430414_doc_pdf.pdf
articles-430415_doc_pdf.pdf,detalle_partida_capitulo_pdf,pdf,124459,121.5,data/dipres_2027_oficial/articles-430415_doc_pdf.pdf
articles-430416_doc_pdf.pdf,detalle_partida_capitulo_pdf,pdf,124693,121.8,data/dipres_2027_oficial/articles-430416_doc_pdf.pdf
articles-430417_doc_pdf.pdf,detalle_partida_capitulo_pdf,pdf,124834,121.9,data/dipres_2027_oficial/articles-430417_doc_pdf.pdf
articles-430418_doc_pdf.pdf,detalle_partida_capitulo_pdf,pdf,124705,121.8,data/dipres_2027_oficial/articles-430418_doc_pdf.pdf
articles-430419_doc_pdf.pdf,detalle_partida_capitulo_pdf,pdf,125096,122.2,data/dipres_2027_oficial/articles-430419_doc_pdf.pdf
articles-430420_doc_pdf.pdf,detalle_partida_capitulo_pdf,pdf,124913,122.0,data/dipres_2027_oficial/articles-430420_doc_pdf.pdf
articles-430421_doc_pdf.pdf,detalle_partida_capitulo_pdf,pdf,125016,122.1,data/dipres_2027_oficial/articles-430421_doc_pdf.pdf
articles-430422_doc_pdf.pdf,detalle_partida_capitulo_pdf,pdf,125007,122.1,data/dipres_2027_oficial/articles-430422_doc_pdf.pdf
articles-430423_doc_pdf.pdf,detalle_partida_capitulo_pdf,pdf,124883,122.0,data/dipres_2027_oficial/articles-430423_doc_pdf.pdf
articles-430424_doc_pdf.pdf,detalle_partida_capitulo_pdf,pdf,124686,121.8,data/dipres_2027_oficial/articles-430424_doc_pdf.pdf
articles-430425_doc_pdf.pdf,detalle_partida_capitulo_pdf,pdf,133192,130.1,data/dipres_2027_oficial/articles-430425_doc_pdf.pdf
articles-430426_doc_pdf.pdf,detalle_partida_capitulo_pdf,pdf,148907,145.4,data/dipres_2027_oficial/articles-430426_doc_pdf.pdf
articles-430427_doc_pdf.pdf,detalle_partida_capitulo_pdf,pdf,181467,177.2,data/dipres_2027_oficial/articles-430427_doc_pdf.pdf
articles-430428_doc_pdf.pdf,detalle_partida_capitulo_pdf,pdf,122961,120.1,data/dipres_2027_oficial/articles-430428_doc_pdf.pdf
articles-430429_doc_pdf.pdf,detalle_partida_capitulo_pdf,pdf,96383,94.1,data/dipres_2027_oficial/articles-430429_doc_pdf.pdf
articles-430430_doc_pdf.pdf,detalle_partida_capitulo_pdf,pdf,93759,91.6,data/dipres_2027_oficial/articles-430430_doc_pdf.pdf
articles-430431_doc_pdf.pdf,detalle_partida_capitulo_pdf,pdf,95756,93.5,data/dipres_2027_oficial/articles-430431_doc_pdf.pdf
articles-430432_doc_pdf.pdf,detalle_partida_capitulo_pdf,pdf,92895,90.7,data/dipres_2027_oficial/articles-430432_doc_pdf.pdf
articles-430433_doc_pdf.pdf,detalle_partida_capitulo_pdf,pdf,140956,137.7,data/dipres_2027_oficial/articles-430433_doc_pdf.pdf
articles-430434_doc_pdf.pdf,detalle_partida_capitulo_pdf,pdf,78670,76.8,data/dipres_2027_oficial/articles-430434_doc_pdf.pdf
articles-430435_doc_pdf.pdf,detalle_partida_capitulo_pdf,pdf,125730,122.8,data/dipres_2027_oficial/articles-430435_doc_pdf.pdf
articles-430436_doc_pdf.pdf,detalle_partida_capitulo_pdf,pdf,127998,125.0,data/dipres_2027_oficial/articles-430436_doc_pdf.pdf
articles-430437_doc_pdf.pdf,detalle_partida_capitulo_pdf,pdf,129780,126.7,data/dipres_2027_oficial/articles-430437_doc_pdf.pdf
articles-430438_doc_pdf.pdf,detalle_partida_capitulo_pdf,pdf,117682,114.9,data/dipres_2027_oficial/articles-430438_doc_pdf.pdf
articles-430439_doc_pdf.pdf,detalle_partida_capitulo_pdf,pdf,133898,130.8,data/dipres_2027_oficial/articles-430439_doc_pdf.pdf
articles-430440_doc_pdf.pdf,detalle_partida_capitulo_pdf,pdf,129906,126.9,data/dipres_2027_oficial/articles-430440_doc_pdf.pdf
articles-430441_doc_pdf.pdf,detalle_partida_capitulo_pdf,pdf,126185,123.2,data/dipres_2027_oficial/articles-430441_doc_pdf.pdf
articles-430442_doc_pdf.pdf,detalle_partida_capitulo_pdf,pdf,113112,110.5,data/dipres_2027_oficial/articles-430442_doc_pdf.pdf
articles-430443_doc_pdf.pdf,detalle_partida_capitulo_pdf,pdf,143754,140.4,data/dipres_2027_oficial/articles-430443_doc_pdf.pdf
articles-430444_doc_pdf.pdf,detalle_partida_capitulo_pdf,pdf,131411,128.3,data/dipres_2027_oficial/articles-430444_doc_pdf.pdf
articles-430445_doc_pdf.pdf,detalle_partida_capitulo_pdf,pdf,124078,121.2,data/dipres_2027_oficial/articles-430445_doc_pdf.pdf
articles-430446_doc_pdf.pdf,detalle_partida_capitulo_pdf,pdf,142245,138.9,data/dipres_2027_oficial/articles-430446_doc_pdf.pdf
articles-430447_doc_pdf.pdf,detalle_partida_capitulo_pdf,pdf,127745,124.8,data/dipres_2027_oficial/articles-430447_doc_pdf.pdf
articles-430448_doc_pdf.pdf,detalle_partida_capitulo_pdf,pdf,119593,116.8,data/dipres_2027_oficial/articles-430448_doc_pdf.pdf
articles-430449_doc_pdf.pdf,detalle_partida_capitulo_pdf,pdf,142078,138.7,data/dipres_2027_oficial/articles-430449_doc_pdf.pdf
articles-430450_doc_pdf.pdf,detalle_partida_capitulo_pdf,pdf,109867,107.3,data/dipres_2027_oficial/articles-430450_doc_pdf.pdf
articles-430451_doc_pdf.pdf,detalle_partida_capitulo_pdf,pdf,124846,121.9,data/dipres_2027_oficial/articles-430451_doc_pdf.pdf
articles-430452_doc_pdf.pdf,detalle_partida_capitulo_pdf,pdf,135026,131.9,data/dipres_2027_oficial/articles-430452_doc_pdf.pdf
articles-430453_doc_pdf.pdf,detalle_partida_capitulo_pdf,pdf,121707,118.9,data/dipres_2027_oficial/articles-430453_doc_pdf.pdf
articles-430454_doc_pdf.pdf,detalle_partida_capitulo_pdf,pdf,127651,124.7,data/dipres_2027_oficial/articles-430454_doc_pdf.pdf
articles-430455_doc_pdf.pdf,detalle_partida_capitulo_pdf,pdf,134783,131.6,data/dipres_2027_oficial/articles-430455_doc_pdf.pdf
articles-430456_doc_pdf.pdf,detalle_partida_capitulo_pdf,pdf,120440,117.6,data/dipres_2027_oficial/articles-430456_doc_pdf.pdf
articles-430457_doc_pdf.pdf,detalle_partida_capitulo_pdf,pdf,137319,134.1,data/dipres_2027_oficial/articles-430457_doc_pdf.pdf
articles-430458_doc_pdf.pdf,detalle_partida_capitulo_pdf,pdf,122714,119.8,data/dipres_2027_oficial/articles-430458_doc_pdf.pdf
articles-430459_doc_pdf.pdf,detalle_partida_capitulo_pdf,pdf,126589,123.6,data/dipres_2027_oficial/articles-430459_doc_pdf.pdf
articles-430460_doc_pdf.pdf,detalle_partida_capitulo_pdf,pdf,115065,112.4,data/dipres_2027_oficial/articles-430460_doc_pdf.pdf
articles-430461_doc_pdf.pdf,detalle_partida_capitulo_pdf,pdf,135363,132.2,data/dipres_2027_oficial/articles-430461_doc_pdf.pdf
articles-430462_doc_pdf.pdf,detalle_partida_capitulo_pdf,pdf,124875,121.9,data/dipres_2027_oficial/articles-430462_doc_pdf.pdf
articles-430463_doc_pdf.pdf,detalle_partida_capitulo_pdf,pdf,126546,123.6,data/dipres_2027_oficial/articles-430463_doc_pdf.pdf
articles-430464_doc_pdf.pdf,detalle_partida_capitulo_pdf,pdf,134689,131.5,data/dipres_2027_oficial/articles-430464_doc_pdf.pdf
articles-430465_doc_pdf.pdf,detalle_partida_capitulo_pdf,pdf,134510,131.4,data/dipres_2027_oficial/articles-430465_doc_pdf.pdf
articles-430466_doc_pdf.pdf,detalle_partida_capitulo_pdf,pdf,132626,129.5,data/dipres_2027_oficial/articles-430466_doc_pdf.pdf
articles-430467_doc_pdf.pdf,detalle_partida_capitulo_pdf,pdf,126360,123.4,data/dipres_2027_oficial/articles-430467_doc_pdf.pdf
articles-430468_doc_pdf.pdf,detalle_partida_capitulo_pdf,pdf,133355,130.2,data/dipres_2027_oficial/articles-430468_doc_pdf.pdf
articles-430469_doc_pdf.pdf,detalle_partida_capitulo_pdf,pdf,123746,120.8,data/dipres_2027_oficial/articles-430469_doc_pdf.pdf
articles-430470_doc_pdf.pdf,detalle_partida_capitulo_pdf,pdf,124821,121.9,data/dipres_2027_oficial/articles-430470_doc_pdf.pdf
articles-430471_doc_pdf.pdf,detalle_partida_capitulo_pdf,pdf,139100,135.8,data/dipres_2027_oficial/articles-430471_doc_pdf.pdf
articles-430472_doc_pdf.pdf,detalle_partida_capitulo_pdf,pdf,125101,122.2,data/dipres_2027_oficial/articles-430472_doc_pdf.pdf
articles-430473_doc_pdf.pdf,detalle_partida_capitulo_pdf,pdf,116332,113.6,data/dipres_2027_oficial/articles-430473_doc_pdf.pdf
articles-430474_doc_pdf.pdf,detalle_partida_capitulo_pdf,pdf,107815,105.3,data/dipres_2027_oficial/articles-430474_doc_pdf.pdf
articles-430475_doc_pdf.pdf,detalle_partida_capitulo_pdf,pdf,126651,123.7,data/dipres_2027_oficial/articles-430475_doc_pdf.pdf
articles-430476_doc_pdf.pdf,detalle_partida_capitulo_pdf,pdf,126373,123.4,data/dipres_2027_oficial/articles-430476_doc_pdf.pdf
articles-430477_doc_pdf.pdf,detalle_partida_capitulo_pdf,pdf,128731,125.7,data/dipres_2027_oficial/articles-430477_doc_pdf.pdf
articles-430478_doc_pdf.pdf,detalle_partida_capitulo_pdf,pdf,122836,120.0,data/dipres_2027_oficial/articles-430478_doc_pdf.pdf
articles-430479_doc_pdf.pdf,detalle_partida_capitulo_pdf,pdf,136852,133.6,data/dipres_2027_oficial/articles-430479_doc_pdf.pdf
articles-430480_doc_pdf.pdf,detalle_partida_capitulo_pdf,pdf,135889,132.7,data/dipres_2027_oficial/articles-430480_doc_pdf.pdf
articles-430481_doc_pdf.pdf,detalle_partida_capitulo_pdf,pdf,103625,101.2,data/dipres_2027_oficial/articles-430481_doc_pdf.pdf
articles-430482_doc_pdf.pdf,detalle_partida_capitulo_pdf,pdf,132558,129.5,data/dipres_2027_oficial/articles-430482_doc_pdf.pdf
articles-430483_doc_pdf.pdf,detalle_partida_capitulo_pdf,pdf,124781,121.9,data/dipres_2027_oficial/articles-430483_doc_pdf.pdf
articles-430484_doc_pdf.pdf,detalle_partida_capitulo_pdf,pdf,125195,122.3,data/dipres_2027_oficial/articles-430484_doc_pdf.pdf
articles-430485_doc_pdf.pdf,detalle_partida_capitulo_pdf,pdf,133691,130.6,data/dipres_2027_oficial/articles-430485_doc_pdf.pdf
articles-430486_doc_pdf.pdf,detalle_partida_capitulo_pdf,pdf,147227,143.8,data/dipres_2027_oficial/articles-430486_doc_pdf.pdf
articles-430487_doc_pdf.pdf,detalle_partida_capitulo_pdf,pdf,130595,127.5,data/dipres_2027_oficial/articles-430487_doc_pdf.pdf
articles-430488_doc_pdf.pdf,detalle_partida_capitulo_pdf,pdf,129356,126.3,data/dipres_2027_oficial/articles-430488_doc_pdf.pdf
articles-430489_doc_pdf.pdf,detalle_partida_capitulo_pdf,pdf,148574,145.1,data/dipres_2027_oficial/articles-430489_doc_pdf.pdf
articles-430490_doc_pdf.pdf,detalle_partida_capitulo_pdf,pdf,129609,126.6,data/dipres_2027_oficial/articles-430490_doc_pdf.pdf
articles-430491_doc_pdf.pdf,detalle_partida_capitulo_pdf,pdf,114748,112.1,data/dipres_2027_oficial/articles-430491_doc_pdf.pdf
articles-430492_doc_pdf.pdf,detalle_partida_capitulo_pdf,pdf,115617,112.9,data/dipres_2027_oficial/articles-430492_doc_pdf.pdf
articles-430493_doc_pdf.pdf,detalle_partida_capitulo_pdf,pdf,116456,113.7,data/dipres_2027_oficial/articles-430493_doc_pdf.pdf
articles-430494_doc_pdf.pdf,detalle_partida_capitulo_pdf,pdf,116306,113.6,data/dipres_2027_oficial/articles-430494_doc_pdf.pdf
articles-430495_doc_pdf.pdf,detalle_partida_capitulo_pdf,pdf,130716,127.7,data/dipres_2027_oficial/articles-430495_doc_pdf.pdf
articles-430496_doc_pdf.pdf,detalle_partida_capitulo_pdf,pdf,115968,113.2,data/dipres_2027_oficial/articles-430496_doc_pdf.pdf
articles-430497_doc_pdf.pdf,detalle_partida_capitulo_pdf,pdf,126774,123.8,data/dipres_2027_oficial/articles-430497_doc_pdf.pdf
articles-430498_doc_pdf.pdf,detalle_partida_capitulo_pdf,pdf,125174,122.2,data/dipres_2027_oficial/articles-430498_doc_pdf.pdf
articles-430499_doc_pdf.pdf,detalle_partida_capitulo_pdf,pdf,116038,113.3,data/dipres_2027_oficial/articles-430499_doc_pdf.pdf
articles-430500_doc_pdf.pdf,detalle_partida_capitulo_pdf,pdf,134285,131.1,data/dipres_2027_oficial/articles-430500_doc_pdf.pdf
articles-430501_doc_pdf.pdf,detalle_partida_capitulo_pdf,pdf,123084,120.2,data/dipres_2027_oficial/articles-430501_doc_pdf.pdf
articles-430502_doc_pdf.pdf,detalle_partida_capitulo_pdf,pdf,137652,134.4,data/dipres_2027_oficial/articles-430502_doc_pdf.pdf
articles-430503_doc_pdf.pdf,detalle_partida_capitulo_pdf,pdf,129145,126.1,data/dipres_2027_oficial/articles-430503_doc_pdf.pdf
articles-430504_doc_pdf.pdf,detalle_partida_capitulo_pdf,pdf,127518,124.5,data/dipres_2027_oficial/articles-430504_doc_pdf.pdf
articles-430505_doc_pdf.pdf,detalle_partida_capitulo_pdf,pdf,134123,131.0,data/dipres_2027_oficial/articles-430505_doc_pdf.pdf
articles-430506_doc_pdf.pdf,detalle_partida_capitulo_pdf,pdf,110905,108.3,data/dipres_2027_oficial/articles-430506_doc_pdf.pdf
articles-430507_doc_pdf.pdf,detalle_partida_capitulo_pdf,pdf,136947,133.7,data/dipres_2027_oficial/articles-430507_doc_pdf.pdf
articles-430508_doc_pdf.pdf,detalle_partida_capitulo_pdf,pdf,123129,120.2,data/dipres_2027_oficial/articles-430508_doc_pdf.pdf
articles-430509_doc_pdf.pdf,detalle_partida_capitulo_pdf,pdf,129076,126.1,data/dipres_2027_oficial/articles-430509_doc_pdf.pdf
articles-430510_doc_pdf.pdf,detalle_partida_capitulo_pdf,pdf,132818,129.7,data/dipres_2027_oficial/articles-430510_doc_pdf.pdf
articles-430511_doc_pdf.pdf,detalle_partida_capitulo_pdf,pdf,130090,127.0,data/dipres_2027_oficial/articles-430511_doc_pdf.pdf
articles-430512_doc_pdf.pdf,detalle_partida_capitulo_pdf,pdf,149014,145.5,data/dipres_2027_oficial/articles-430512_doc_pdf.pdf
articles-430513_doc_pdf.pdf,detalle_partida_capitulo_pdf,pdf,130898,127.8,data/dipres_2027_oficial/articles-430513_doc_pdf.pdf
articles-430514_doc_pdf.pdf,detalle_partida_capitulo_pdf,pdf,134350,131.2,data/dipres_2027_oficial/articles-430514_doc_pdf.pdf
articles-430515_doc_pdf.pdf,detalle_partida_capitulo_pdf,pdf,135374,132.2,data/dipres_2027_oficial/articles-430515_doc_pdf.pdf
articles-430516_doc_pdf.pdf,detalle_partida_capitulo_pdf,pdf,151140,147.6,data/dipres_2027_oficial/articles-430516_doc_pdf.pdf
articles-430517_doc_pdf.pdf,detalle_partida_capitulo_pdf,pdf,65312,63.8,data/dipres_2027_oficial/articles-430517_doc_pdf.pdf
articles-430518_doc_pdf.pdf,detalle_partida_capitulo_pdf,pdf,139419,136.2,data/dipres_2027_oficial/articles-430518_doc_pdf.pdf
articles-430519_doc_pdf.pdf,detalle_partida_capitulo_pdf,pdf,134845,131.7,data/dipres_2027_oficial/articles-430519_doc_pdf.pdf
articles-430520_doc_pdf.pdf,detalle_partida_capitulo_pdf,pdf,140478,137.2,data/dipres_2027_oficial/articles-430520_doc_pdf.pdf
articles-430521_doc_pdf.pdf,detalle_partida_capitulo_pdf,pdf,123174,120.3,data/dipres_2027_oficial/articles-430521_doc_pdf.pdf
articles-430522_doc_pdf.pdf,detalle_partida_capitulo_pdf,pdf,142902,139.6,data/dipres_2027_oficial/articles-430522_doc_pdf.pdf
articles-430523_doc_pdf.pdf,detalle_partida_capitulo_pdf,pdf,153002,149.4,data/dipres_2027_oficial/articles-430523_doc_pdf.pdf
articles-430524_doc_pdf.pdf,detalle_partida_capitulo_pdf,pdf,146887,143.4,data/dipres_2027_oficial/articles-430524_doc_pdf.pdf
articles-430525_doc_pdf.pdf,detalle_partida_capitulo_pdf,pdf,136428,133.2,data/dipres_2027_oficial/articles-430525_doc_pdf.pdf
articles-430526_doc_pdf.pdf,detalle_partida_capitulo_pdf,pdf,150496,147.0,data/dipres_2027_oficial/articles-430526_doc_pdf.pdf
articles-430527_doc_pdf.pdf,detalle_partida_capitulo_pdf,pdf,135441,132.3,data/dipres_2027_oficial/articles-430527_doc_pdf.pdf
articles-430528_doc_pdf.pdf,detalle_partida_capitulo_pdf,pdf,134758,131.6,data/dipres_2027_oficial/articles-430528_doc_pdf.pdf
articles-430529_doc_pdf.pdf,detalle_partida_capitulo_pdf,pdf,162782,159.0,data/dipres_2027_oficial/articles-430529_doc_pdf.pdf
articles-430530_doc_pdf.pdf,detalle_partida_capitulo_pdf,pdf,152307,148.7,data/dipres_2027_oficial/articles-430530_doc_pdf.pdf
articles-430531_doc_pdf.pdf,detalle_partida_capitulo_pdf,pdf,123127,120.2,data/dipres_2027_oficial/articles-430531_doc_pdf.pdf
articles-430532_doc_pdf.pdf,detalle_partida_capitulo_pdf,pdf,134260,131.1,data/dipres_2027_oficial/articles-430532_doc_pdf.pdf
articles-430533_doc_pdf.pdf,detalle_partida_capitulo_pdf,pdf,140758,137.5,data/dipres_2027_oficial/articles-430533_doc_pdf.pdf
articles-430534_doc_pdf.pdf,detalle_partida_capitulo_pdf,pdf,127505,124.5,data/dipres_2027_oficial/articles-430534_doc_pdf.pdf
articles-430535_doc_pdf.pdf,detalle_partida_capitulo_pdf,pdf,140478,137.2,data/dipres_2027_oficial/articles-430535_doc_pdf.pdf
articles-430536_doc_pdf.pdf,detalle_partida_capitulo_pdf,pdf,127449,124.5,data/dipres_2027_oficial/articles-430536_doc_pdf.pdf
articles-430537_doc_pdf.pdf,detalle_partida_capitulo_pdf,pdf,141467,138.2,data/dipres_2027_oficial/articles-430537_doc_pdf.pdf
articles-430538_doc_pdf.pdf,detalle_partida_capitulo_pdf,pdf,127673,124.7,data/dipres_2027_oficial/articles-430538_doc_pdf.pdf
articles-430539_doc_pdf.pdf,detalle_partida_capitulo_pdf,pdf,140450,137.2,data/dipres_2027_oficial/articles-430539_doc_pdf.pdf
articles-430540_doc_pdf.pdf,detalle_partida_capitulo_pdf,pdf,127643,124.7,data/dipres_2027_oficial/articles-430540_doc_pdf.pdf
articles-430541_doc_pdf.pdf,detalle_partida_capitulo_pdf,pdf,140572,137.3,data/dipres_2027_oficial/articles-430541_doc_pdf.pdf
articles-430542_doc_pdf.pdf,detalle_partida_capitulo_pdf,pdf,127930,124.9,data/dipres_2027_oficial/articles-430542_doc_pdf.pdf
articles-430543_doc_pdf.pdf,detalle_partida_capitulo_pdf,pdf,140093,136.8,data/dipres_2027_oficial/articles-430543_doc_pdf.pdf
articles-430544_doc_pdf.pdf,detalle_partida_capitulo_pdf,pdf,127792,124.8,data/dipres_2027_oficial/articles-430544_doc_pdf.pdf
articles-430545_doc_pdf.pdf,detalle_partida_capitulo_pdf,pdf,139915,136.6,data/dipres_2027_oficial/articles-430545_doc_pdf.pdf
articles-430546_doc_pdf.pdf,detalle_partida_capitulo_pdf,pdf,127558,124.6,data/dipres_2027_oficial/articles-430546_doc_pdf.pdf
articles-430547_doc_pdf.pdf,detalle_partida_capitulo_pdf,pdf,140360,137.1,data/dipres_2027_oficial/articles-430547_doc_pdf.pdf
articles-430548_doc_pdf.pdf,detalle_partida_capitulo_pdf,pdf,127628,124.6,data/dipres_2027_oficial/articles-430548_doc_pdf.pdf
articles-430549_doc_pdf.pdf,detalle_partida_capitulo_pdf,pdf,140784,137.5,data/dipres_2027_oficial/articles-430549_doc_pdf.pdf
articles-430550_doc_pdf.pdf,detalle_partida_capitulo_pdf,pdf,127610,124.6,data/dipres_2027_oficial/articles-430550_doc_pdf.pdf
articles-430551_doc_pdf.pdf,detalle_partida_capitulo_pdf,pdf,142164,138.8,data/dipres_2027_oficial/articles-430551_doc_pdf.pdf
articles-430552_doc_pdf.pdf,detalle_partida_capitulo_pdf,pdf,127561,124.6,data/dipres_2027_oficial/articles-430552_doc_pdf.pdf
articles-430553_doc_pdf.pdf,detalle_partida_capitulo_pdf,pdf,140406,137.1,data/dipres_2027_oficial/articles-430553_doc_pdf.pdf
articles-430554_doc_pdf.pdf,detalle_partida_capitulo_pdf,pdf,127191,124.2,data/dipres_2027_oficial/articles-430554_doc_pdf.pdf
articles-430555_doc_pdf.pdf,detalle_partida_capitulo_pdf,pdf,139578,136.3,data/dipres_2027_oficial/articles-430555_doc_pdf.pdf
articles-430556_doc_pdf.pdf,detalle_partida_capitulo_pdf,pdf,127654,124.7,data/dipres_2027_oficial/articles-430556_doc_pdf.pdf
articles-430557_doc_pdf.pdf,detalle_partida_capitulo_pdf,pdf,139296,136.0,data/dipres_2027_oficial/articles-430557_doc_pdf.pdf
articles-430558_doc_pdf.pdf,detalle_partida_capitulo_pdf,pdf,127772,124.8,data/dipres_2027_oficial/articles-430558_doc_pdf.pdf
articles-430559_doc_pdf.pdf,detalle_partida_capitulo_pdf,pdf,138468,135.2,data/dipres_2027_oficial/articles-430559_doc_pdf.pdf
articles-430560_doc_pdf.pdf,detalle_partida_capitulo_pdf,pdf,127653,124.7,data/dipres_2027_oficial/articles-430560_doc_pdf.pdf
articles-430561_doc_pdf.pdf,detalle_partida_capitulo_pdf,pdf,138399,135.2,data/dipres_2027_oficial/articles-430561_doc_pdf.pdf
articles-430562_doc_pdf.pdf,detalle_partida_capitulo_pdf,pdf,127696,124.7,data/dipres_2027_oficial/articles-430562_doc_pdf.pdf
articles-430563_doc_pdf.pdf,detalle_partida_capitulo_pdf,pdf,139237,136.0,data/dipres_2027_oficial/articles-430563_doc_pdf.pdf
articles-430564_doc_pdf.pdf,detalle_partida_capitulo_pdf,pdf,127889,124.9,data/dipres_2027_oficial/articles-430564_doc_pdf.pdf
articles-430565_doc_pdf.pdf,detalle_partida_capitulo_pdf,pdf,142013,138.7,data/dipres_2027_oficial/articles-430565_doc_pdf.pdf
articles-430566_doc_pdf.pdf,detalle_partida_capitulo_pdf,pdf,127499,124.5,data/dipres_2027_oficial/articles-430566_doc_pdf.pdf
articles-430567_doc_pdf.pdf,detalle_partida_capitulo_pdf,pdf,142410,139.1,data/dipres_2027_oficial/articles-430567_doc_pdf.pdf
articles-430568_doc_pdf.pdf,detalle_partida_capitulo_pdf,pdf,127417,124.4,data/dipres_2027_oficial/articles-430568_doc_pdf.pdf
articles-430569_doc_pdf.pdf,detalle_partida_capitulo_pdf,pdf,138407,135.2,data/dipres_2027_oficial/articles-430569_doc_pdf.pdf
articles-430570_doc_pdf.pdf,detalle_partida_capitulo_pdf,pdf,127412,124.4,data/dipres_2027_oficial/articles-430570_doc_pdf.pdf
articles-430571_doc_pdf.pdf,detalle_partida_capitulo_pdf,pdf,135225,132.1,data/dipres_2027_oficial/articles-430571_doc_pdf.pdf
articles-430572_doc_pdf.pdf,detalle_partida_capitulo_pdf,pdf,127217,124.2,data/dipres_2027_oficial/articles-430572_doc_pdf.pdf
articles-430573_doc_pdf.pdf,detalle_partida_capitulo_pdf,pdf,138343,135.1,data/dipres_2027_oficial/articles-430573_doc_pdf.pdf
articles-430574_doc_pdf.pdf,detalle_partida_capitulo_pdf,pdf,127942,124.9,data/dipres_2027_oficial/articles-430574_doc_pdf.pdf
articles-430575_doc_pdf.pdf,detalle_partida_capitulo_pdf,pdf,135124,132.0,data/dipres_2027_oficial/articles-430575_doc_pdf.pdf
articles-430576_doc_pdf.pdf,detalle_partida_capitulo_pdf,pdf,126827,123.9,data/dipres_2027_oficial/articles-430576_doc_pdf.pdf
articles-430577_doc_pdf.pdf,detalle_partida_capitulo_pdf,pdf,137938,134.7,data/dipres_2027_oficial/articles-430577_doc_pdf.pdf
articles-430578_doc_pdf.pdf,detalle_partida_capitulo_pdf,pdf,127229,124.2,data/dipres_2027_oficial/articles-430578_doc_pdf.pdf
articles-430579_doc_pdf.pdf,detalle_partida_capitulo_pdf,pdf,140534,137.2,data/dipres_2027_oficial/articles-430579_doc_pdf.pdf
articles-430580_doc_pdf.pdf,detalle_partida_capitulo_pdf,pdf,127426,124.4,data/dipres_2027_oficial/articles-430580_doc_pdf.pdf
articles-430581_doc_pdf.pdf,detalle_partida_capitulo_pdf,pdf,138124,134.9,data/dipres_2027_oficial/articles-430581_doc_pdf.pdf
articles-430582_doc_pdf.pdf,detalle_partida_capitulo_pdf,pdf,126835,123.9,data/dipres_2027_oficial/articles-430582_doc_pdf.pdf
articles-430583_doc_pdf.pdf,detalle_partida_capitulo_pdf,pdf,138836,135.6,data/dipres_2027_oficial/articles-430583_doc_pdf.pdf
articles-430584_doc_pdf.pdf,detalle_partida_capitulo_pdf,pdf,126888,123.9,data/dipres_2027_oficial/articles-430584_doc_pdf.pdf
articles-430585_doc_pdf.pdf,detalle_partida_capitulo_pdf,pdf,144252,140.9,data/dipres_2027_oficial/articles-430585_doc_pdf.pdf
articles-430586_doc_pdf.pdf,detalle_partida_capitulo_pdf,pdf,127432,124.4,data/dipres_2027_oficial/articles-430586_doc_pdf.pdf
articles-430587_doc_pdf.pdf,detalle_partida_capitulo_pdf,pdf,141229,137.9,data/dipres_2027_oficial/articles-430587_doc_pdf.pdf
articles-430588_doc_pdf.pdf,detalle_partida_capitulo_pdf,pdf,127356,124.4,data/dipres_2027_oficial/articles-430588_doc_pdf.pdf
articles-430589_doc_pdf.pdf,detalle_partida_capitulo_pdf,pdf,130041,127.0,data/dipres_2027_oficial/articles-430589_doc_pdf.pdf
articles-430590_doc_pdf.pdf,detalle_partida_capitulo_pdf,pdf,130494,127.4,data/dipres_2027_oficial/articles-430590_doc_pdf.pdf
articles-430591_doc_pdf.pdf,detalle_partida_capitulo_pdf,pdf,129737,126.7,data/dipres_2027_oficial/articles-430591_doc_pdf.pdf
articles-430592_doc_pdf.pdf,detalle_partida_capitulo_pdf,pdf,138767,135.5,data/dipres_2027_oficial/articles-430592_doc_pdf.pdf
articles-430593_doc_pdf.pdf,detalle_partida_capitulo_pdf,pdf,128094,125.1,data/dipres_2027_oficial/articles-430593_doc_pdf.pdf
articles-430594_doc_pdf.pdf,detalle_partida_capitulo_pdf,pdf,124062,121.2,data/dipres_2027_oficial/articles-430594_doc_pdf.pdf
articles-430595_doc_pdf.pdf,detalle_partida_capitulo_pdf,pdf,125797,122.8,data/dipres_2027_oficial/articles-430595_doc_pdf.pdf
articles-430596_doc_pdf.pdf,detalle_partida_capitulo_pdf,pdf,124107,121.2,data/dipres_2027_oficial/articles-430596_doc_pdf.pdf
articles-430597_doc_pdf.pdf,detalle_partida_capitulo_pdf,pdf,128610,125.6,data/dipres_2027_oficial/articles-430597_doc_pdf.pdf
articles-430598_doc_pdf.pdf,detalle_partida_capitulo_pdf,pdf,124612,121.7,data/dipres_2027_oficial/articles-430598_doc_pdf.pdf
articles-430599_doc_pdf.pdf,detalle_partida_capitulo_pdf,pdf,121899,119.0,data/dipres_2027_oficial/articles-430599_doc_pdf.pdf
articles-430600_doc_pdf.pdf,detalle_partida_capitulo_pdf,pdf,123326,120.4,data/dipres_2027_oficial/articles-430600_doc_pdf.pdf
articles-430601_doc_pdf.pdf,detalle_partida_capitulo_pdf,pdf,151742,148.2,data/dipres_2027_oficial/articles-430601_doc_pdf.pdf
articles-430602_doc_pdf.pdf,detalle_partida_capitulo_pdf,pdf,136079,132.9,data/dipres_2027_oficial/articles-430602_doc_pdf.pdf
articles-430603_doc_pdf.pdf,detalle_partida_capitulo_pdf,pdf,130257,127.2,data/dipres_2027_oficial/articles-430603_doc_pdf.pdf
articles-430604_doc_pdf.pdf,detalle_partida_capitulo_pdf,pdf,127308,124.3,data/dipres_2027_oficial/articles-430604_doc_pdf.pdf
articles-430605_doc_pdf.pdf,detalle_partida_capitulo_pdf,pdf,127420,124.4,data/dipres_2027_oficial/articles-430605_doc_pdf.pdf
articles-430606_doc_pdf.pdf,detalle_partida_capitulo_pdf,pdf,140344,137.1,data/dipres_2027_oficial/articles-430606_doc_pdf.pdf
articles-430607_doc_pdf.pdf,detalle_partida_capitulo_pdf,pdf,140385,137.1,data/dipres_2027_oficial/articles-430607_doc_pdf.pdf
articles-430608_doc_pdf.pdf,detalle_partida_capitulo_pdf,pdf,140694,137.4,data/dipres_2027_oficial/articles-430608_doc_pdf.pdf
articles-430609_doc_pdf.pdf,detalle_partida_capitulo_pdf,pdf,140107,136.8,data/dipres_2027_oficial/articles-430609_doc_pdf.pdf
articles-430610_doc_pdf.pdf,detalle_partida_capitulo_pdf,pdf,147535,144.1,data/dipres_2027_oficial/articles-430610_doc_pdf.pdf
articles-430611_doc_pdf.pdf,detalle_partida_capitulo_pdf,pdf,126258,123.3,data/dipres_2027_oficial/articles-430611_doc_pdf.pdf
articles-430612_doc_pdf.pdf,detalle_partida_capitulo_pdf,pdf,140855,137.6,data/dipres_2027_oficial/articles-430612_doc_pdf.pdf
articles-430613_doc_pdf.pdf,detalle_partida_capitulo_pdf,pdf,140855,137.6,data/dipres_2027_oficial/articles-430613_doc_pdf.pdf
articles-430614_doc_pdf.pdf,detalle_partida_capitulo_pdf,pdf,140665,137.4,data/dipres_2027_oficial/articles-430614_doc_pdf.pdf
articles-430615_doc_pdf.pdf,detalle_partida_capitulo_pdf,pdf,140862,137.6,data/dipres_2027_oficial/articles-430615_doc_pdf.pdf
articles-430616_doc_pdf.pdf,detalle_partida_capitulo_pdf,pdf,140181,136.9,data/dipres_2027_oficial/articles-430616_doc_pdf.pdf
articles-430617_doc_pdf.pdf,detalle_partida_capitulo_pdf,pdf,142855,139.5,data/dipres_2027_oficial/articles-430617_doc_pdf.pdf
articles-430618_doc_pdf.pdf,detalle_partida_capitulo_pdf,pdf,141290,138.0,data/dipres_2027_oficial/articles-430618_doc_pdf.pdf
articles-430619_doc_pdf.pdf,detalle_partida_capitulo_pdf,pdf,139719,136.4,data/dipres_2027_oficial/articles-430619_doc_pdf.pdf
articles-430620_doc_pdf.pdf,detalle_partida_capitulo_pdf,pdf,142821,139.5,data/dipres_2027_oficial/articles-430620_doc_pdf.pdf
articles-430621_doc_pdf.pdf,detalle_partida_capitulo_pdf,pdf,140550,137.3,data/dipres_2027_oficial/articles-430621_doc_pdf.pdf
articles-430622_doc_pdf.pdf,detalle_partida_capitulo_pdf,pdf,140738,137.4,data/dipres_2027_oficial/articles-430622_doc_pdf.pdf
articles-430623_doc_pdf.pdf,detalle_partida_capitulo_pdf,pdf,125446,122.5,data/dipres_2027_oficial/articles-430623_doc_pdf.pdf
articles-430624_doc_pdf.pdf,detalle_partida_capitulo_pdf,pdf,125389,122.5,data/dipres_2027_oficial/articles-430624_doc_pdf.pdf
articles-430625_doc_pdf.pdf,detalle_partida_capitulo_pdf,pdf,130609,127.5,data/dipres_2027_oficial/articles-430625_doc_pdf.pdf
articles-430626_doc_pdf.pdf,detalle_partida_capitulo_pdf,pdf,126745,123.8,data/dipres_2027_oficial/articles-430626_doc_pdf.pdf
articles-430627_doc_pdf.pdf,detalle_partida_capitulo_pdf,pdf,138219,135.0,data/dipres_2027_oficial/articles-430627_doc_pdf.pdf
articles-430628_doc_pdf.pdf,detalle_partida_capitulo_pdf,pdf,126566,123.6,data/dipres_2027_oficial/articles-430628_doc_pdf.pdf
articles-430629_doc_pdf.pdf,detalle_partida_capitulo_pdf,pdf,124441,121.5,data/dipres_2027_oficial/articles-430629_doc_pdf.pdf
articles-430630_doc_pdf.pdf,detalle_partida_capitulo_pdf,pdf,126604,123.6,data/dipres_2027_oficial/articles-430630_doc_pdf.pdf
articles-430631_doc_pdf.pdf,detalle_partida_capitulo_pdf,pdf,123217,120.3,data/dipres_2027_oficial/articles-430631_doc_pdf.pdf
articles-430632_doc_pdf.pdf,detalle_partida_capitulo_pdf,pdf,135048,131.9,data/dipres_2027_oficial/articles-430632_doc_pdf.pdf
articles-430633_doc_pdf.pdf,detalle_partida_capitulo_pdf,pdf,125916,123.0,data/dipres_2027_oficial/articles-430633_doc_pdf.pdf
articles-430634_doc_pdf.pdf,detalle_partida_capitulo_pdf,pdf,144766,141.4,data/dipres_2027_oficial/articles-430634_doc_pdf.pdf
articles-430635_doc_pdf.pdf,detalle_partida_capitulo_pdf,pdf,136779,133.6,data/dipres_2027_oficial/articles-430635_doc_pdf.pdf
articles-430636_doc_pdf.pdf,detalle_partida_capitulo_pdf,pdf,157656,154.0,data/dipres_2027_oficial/articles-430636_doc_pdf.pdf
articles-430637_doc_pdf.pdf,detalle_partida_capitulo_pdf,pdf,137714,134.5,data/dipres_2027_oficial/articles-430637_doc_pdf.pdf
articles-430638_doc_pdf.pdf,detalle_partida_capitulo_pdf,pdf,134355,131.2,data/dipres_2027_oficial/articles-430638_doc_pdf.pdf
articles-430639_doc_pdf.pdf,detalle_partida_capitulo_pdf,pdf,128404,125.4,data/dipres_2027_oficial/articles-430639_doc_pdf.pdf
articles-430640_doc_pdf.pdf,detalle_partida_capitulo_pdf,pdf,131726,128.6,data/dipres_2027_oficial/articles-430640_doc_pdf.pdf
articles-430641_doc_pdf.pdf,detalle_partida_capitulo_pdf,pdf,133501,130.4,data/dipres_2027_oficial/articles-430641_doc_pdf.pdf
articles-430642_doc_pdf.pdf,detalle_partida_capitulo_pdf,pdf,122981,120.1,data/dipres_2027_oficial/articles-430642_doc_pdf.pdf
articles-430643_doc_pdf.pdf,detalle_partida_capitulo_pdf,pdf,152511,148.9,data/dipres_2027_oficial/articles-430643_doc_pdf.pdf
articles-430644_doc_pdf.pdf,detalle_partida_capitulo_pdf,pdf,140633,137.3,data/dipres_2027_oficial/articles-430644_doc_pdf.pdf
articles-430645_doc_pdf.pdf,detalle_partida_capitulo_pdf,pdf,142628,139.3,data/dipres_2027_oficial/articles-430645_doc_pdf.pdf
articles-430646_doc_pdf.pdf,detalle_partida_capitulo_pdf,pdf,143672,140.3,data/dipres_2027_oficial/articles-430646_doc_pdf.pdf
articles-430647_doc_pdf.pdf,detalle_partida_capitulo_pdf,pdf,126740,123.8,data/dipres_2027_oficial/articles-430647_doc_pdf.pdf
articles-430648_doc_pdf.pdf,detalle_partida_capitulo_pdf,pdf,140601,137.3,data/dipres_2027_oficial/articles-430648_doc_pdf.pdf
articles-430649_doc_pdf.pdf,detalle_partida_capitulo_pdf,pdf,143990,140.6,data/dipres_2027_oficial/articles-430649_doc_pdf.pdf
articles-430650_doc_pdf.pdf,detalle_partida_capitulo_pdf,pdf,136434,133.2,data/dipres_2027_oficial/articles-430650_doc_pdf.pdf
articles-430651_doc_pdf.pdf,detalle_partida_capitulo_pdf,pdf,125715,122.8,data/dipres_2027_oficial/articles-430651_doc_pdf.pdf
articles-430652_doc_pdf.pdf,detalle_partida_capitulo_pdf,pdf,115668,113.0,data/dipres_2027_oficial/articles-430652_doc_pdf.pdf
articles-430653_doc_pdf.pdf,detalle_partida_capitulo_pdf,pdf,145580,142.2,data/dipres_2027_oficial/articles-430653_doc_pdf.pdf
articles-430654_doc_pdf.pdf,detalle_partida_capitulo_pdf,pdf,117402,114.7,data/dipres_2027_oficial/articles-430654_doc_pdf.pdf
articles-430655_doc_pdf.pdf,detalle_partida_capitulo_pdf,pdf,143527,140.2,data/dipres_2027_oficial/articles-430655_doc_pdf.pdf
articles-430656_doc_pdf.pdf,detalle_partida_capitulo_pdf,pdf,134028,130.9,data/dipres_2027_oficial/articles-430656_doc_pdf.pdf
articles-430657_doc_pdf.pdf,detalle_partida_capitulo_pdf,pdf,122255,119.4,data/dipres_2027_oficial/articles-430657_doc_pdf.pdf
articles-430658_doc_pdf.pdf,detalle_partida_capitulo_pdf,pdf,130174,127.1,data/dipres_2027_oficial/articles-430658_doc_pdf.pdf
articles-430659_doc_pdf.pdf,detalle_partida_capitulo_pdf,pdf,124859,121.9,data/dipres_2027_oficial/articles-430659_doc_pdf.pdf
articles-430660_doc_pdf.pdf,detalle_partida_capitulo_pdf,pdf,130756,127.7,data/dipres_2027_oficial/articles-430660_doc_pdf.pdf
articles-430661_doc_pdf.pdf,detalle_partida_capitulo_pdf,pdf,128169,125.2,data/dipres_2027_oficial/articles-430661_doc_pdf.pdf
articles-430662_doc_pdf.pdf,detalle_partida_capitulo_pdf,pdf,125686,122.7,data/dipres_2027_oficial/articles-430662_doc_pdf.pdf
articles-430663_doc_pdf.pdf,detalle_partida_capitulo_pdf,pdf,129469,126.4,data/dipres_2027_oficial/articles-430663_doc_pdf.pdf
articles-430664_doc_pdf.pdf,detalle_partida_capitulo_pdf,pdf,129173,126.1,data/dipres_2027_oficial/articles-430664_doc_pdf.pdf
articles-430665_doc_pdf.pdf,detalle_partida_capitulo_pdf,pdf,129765,126.7,data/dipres_2027_oficial/articles-430665_doc_pdf.pdf
articles-430666_doc_pdf.pdf,detalle_partida_capitulo_pdf,pdf,126334,123.4,data/dipres_2027_oficial/articles-430666_doc_pdf.pdf
articles-430667_doc_pdf.pdf,detalle_partida_capitulo_pdf,pdf,119027,116.2,data/dipres_2027_oficial/articles-430667_doc_pdf.pdf
articles-430668_doc_pdf.pdf,detalle_partida_capitulo_pdf,pdf,152052,148.5,data/dipres_2027_oficial/articles-430668_doc_pdf.pdf
articles-430669_doc_pdf.pdf,detalle_partida_capitulo_pdf,pdf,131226,128.2,data/dipres_2027_oficial/articles-430669_doc_pdf.pdf
articles-430670_doc_pdf.pdf,detalle_partida_capitulo_pdf,pdf,116453,113.7,data/dipres_2027_oficial/articles-430670_doc_pdf.pdf
articles-430671_doc_pdf.pdf,detalle_partida_capitulo_pdf,pdf,110756,108.2,data/dipres_2027_oficial/articles-430671_doc_pdf.pdf
articles-430672_doc_pdf.pdf,detalle_partida_capitulo_pdf,pdf,109329,106.8,data/dipres_2027_oficial/articles-430672_doc_pdf.pdf
articles-430673_doc_pdf.pdf,detalle_partida_capitulo_pdf,pdf,128187,125.2,data/dipres_2027_oficial/articles-430673_doc_pdf.pdf
articles-430674_doc_pdf.pdf,detalle_partida_capitulo_pdf,pdf,124814,121.9,data/dipres_2027_oficial/articles-430674_doc_pdf.pdf
articles-430675_doc_pdf.pdf,detalle_partida_capitulo_pdf,pdf,135984,132.8,data/dipres_2027_oficial/articles-430675_doc_pdf.pdf
articles-430676_doc_pdf.pdf,detalle_partida_capitulo_pdf,pdf,130519,127.5,data/dipres_2027_oficial/articles-430676_doc_pdf.pdf
articles-430677_doc_pdf.pdf,detalle_partida_capitulo_pdf,pdf,133189,130.1,data/dipres_2027_oficial/articles-430677_doc_pdf.pdf
articles-430678_doc_pdf.pdf,detalle_partida_capitulo_pdf,pdf,131181,128.1,data/dipres_2027_oficial/articles-430678_doc_pdf.pdf
articles-430679_doc_pdf.pdf,detalle_partida_capitulo_pdf,pdf,112295,109.7,data/dipres_2027_oficial/articles-430679_doc_pdf.pdf
articles-430680_doc_pdf.pdf,detalle_partida_capitulo_pdf,pdf,147511,144.1,data/dipres_2027_oficial/articles-430680_doc_pdf.pdf
articles-430681_doc_pdf.pdf,detalle_partida_capitulo_pdf,pdf,143273,139.9,data/dipres_2027_oficial/articles-430681_doc_pdf.pdf
articles-430682_doc_pdf.pdf,detalle_partida_capitulo_pdf,pdf,139007,135.7,data/dipres_2027_oficial/articles-430682_doc_pdf.pdf
articles-430683_doc_pdf.pdf,detalle_partida_capitulo_pdf,pdf,129476,126.4,data/dipres_2027_oficial/articles-430683_doc_pdf.pdf
articles-430684_doc_pdf.pdf,detalle_partida_capitulo_pdf,pdf,133774,130.6,data/dipres_2027_oficial/articles-430684_doc_pdf.pdf
articles-430685_doc_pdf.pdf,detalle_partida_capitulo_pdf,pdf,128214,125.2,data/dipres_2027_oficial/articles-430685_doc_pdf.pdf
articles-430686_doc_pdf.pdf,detalle_partida_capitulo_pdf,pdf,140196,136.9,data/dipres_2027_oficial/articles-430686_doc_pdf.pdf
articles-430687_doc_pdf.pdf,detalle_partida_capitulo_pdf,pdf,133492,130.4,data/dipres_2027_oficial/articles-430687_doc_pdf.pdf
articles-430688_doc_pdf.pdf,detalle_partida_capitulo_pdf,pdf,123903,121.0,data/dipres_2027_oficial/articles-430688_doc_pdf.pdf
articles-430689_doc_pdf.pdf,detalle_partida_capitulo_pdf,pdf,128548,125.5,data/dipres_2027_oficial/articles-430689_doc_pdf.pdf
articles-430690_doc_pdf.pdf,detalle_partida_capitulo_pdf,pdf,143671,140.3,data/dipres_2027_oficial/articles-430690_doc_pdf.pdf
articles-430691_doc_pdf.pdf,detalle_partida_capitulo_pdf,pdf,137552,134.3,data/dipres_2027_oficial/articles-430691_doc_pdf.pdf
articles-430692_doc_pdf.pdf,detalle_partida_capitulo_pdf,pdf,135979,132.8,data/dipres_2027_oficial/articles-430692_doc_pdf.pdf
articles-430693_doc_pdf.pdf,detalle_partida_capitulo_pdf,pdf,106605,104.1,data/dipres_2027_oficial/articles-430693_doc_pdf.pdf
articles-430694_doc_pdf.pdf,detalle_partida_capitulo_pdf,pdf,155100,151.5,data/dipres_2027_oficial/articles-430694_doc_pdf.pdf
articles-430695_doc_pdf.pdf,detalle_partida_capitulo_pdf,pdf,133220,130.1,data/dipres_2027_oficial/articles-430695_doc_pdf.pdf
articles-430696_doc_pdf.pdf,detalle_partida_capitulo_pdf,pdf,137886,134.7,data/dipres_2027_oficial/articles-430696_doc_pdf.pdf
articles-430697_doc_pdf.pdf,detalle_partida_capitulo_pdf,pdf,133094,130.0,data/dipres_2027_oficial/articles-430697_doc_pdf.pdf
articles-430698_doc_pdf.pdf,detalle_partida_capitulo_pdf,pdf,129542,126.5,data/dipres_2027_oficial/articles-430698_doc_pdf.pdf
articles-430699_doc_pdf.pdf,detalle_partida_capitulo_pdf,pdf,131516,128.4,data/dipres_2027_oficial/articles-430699_doc_pdf.pdf
articles-430700_doc_pdf.pdf,detalle_partida_capitulo_pdf,pdf,130968,127.9,data/dipres_2027_oficial/articles-430700_doc_pdf.pdf
articles-430701_doc_pdf.pdf,detalle_partida_capitulo_pdf,pdf,131372,128.3,data/dipres_2027_oficial/articles-430701_doc_pdf.pdf
articles-430702_doc_pdf.pdf,detalle_partida_capitulo_pdf,pdf,134190,131.0,data/dipres_2027_oficial/articles-430702_doc_pdf.pdf
articles-430703_doc_pdf.pdf,detalle_partida_capitulo_pdf,pdf,128845,125.8,data/dipres_2027_oficial/articles-430703_doc_pdf.pdf
articles-430704_doc_pdf.pdf,detalle_partida_capitulo_pdf,pdf,131827,128.7,data/dipres_2027_oficial/articles-430704_doc_pdf.pdf
articles-430705_doc_pdf.pdf,detalle_partida_capitulo_pdf,pdf,131019,127.9,data/dipres_2027_oficial/articles-430705_doc_pdf.pdf
articles-430706_doc_pdf.pdf,detalle_partida_capitulo_pdf,pdf,134230,131.1,data/dipres_2027_oficial/articles-430706_doc_pdf.pdf
articles-430707_doc_pdf.pdf,detalle_partida_capitulo_pdf,pdf,131017,127.9,data/dipres_2027_oficial/articles-430707_doc_pdf.pdf
articles-430708_doc_pdf.pdf,detalle_partida_capitulo_pdf,pdf,131479,128.4,data/dipres_2027_oficial/articles-430708_doc_pdf.pdf
articles-430709_doc_pdf.pdf,detalle_partida_capitulo_pdf,pdf,132805,129.7,data/dipres_2027_oficial/articles-430709_doc_pdf.pdf
articles-430710_doc_pdf.pdf,detalle_partida_capitulo_pdf,pdf,131013,127.9,data/dipres_2027_oficial/articles-430710_doc_pdf.pdf
articles-430711_doc_pdf.pdf,detalle_partida_capitulo_pdf,pdf,131014,127.9,data/dipres_2027_oficial/articles-430711_doc_pdf.pdf
articles-430712_doc_pdf.pdf,detalle_partida_capitulo_pdf,pdf,130350,127.3,data/dipres_2027_oficial/articles-430712_doc_pdf.pdf
articles-430713_doc_pdf.pdf,detalle_partida_capitulo_pdf,pdf,131209,128.1,data/dipres_2027_oficial/articles-430713_doc_pdf.pdf
articles-430714_doc_pdf.pdf,detalle_partida_capitulo_pdf,pdf,145892,142.5,data/dipres_2027_oficial/articles-430714_doc_pdf.pdf
articles-430715_doc_pdf.pdf,detalle_partida_capitulo_pdf,pdf,145391,142.0,data/dipres_2027_oficial/articles-430715_doc_pdf.pdf
articles-430716_doc_pdf.pdf,detalle_partida_capitulo_pdf,pdf,115471,112.8,data/dipres_2027_oficial/articles-430716_doc_pdf.pdf
articles-430717_doc_pdf.pdf,detalle_partida_capitulo_pdf,pdf,145735,142.3,data/dipres_2027_oficial/articles-430717_doc_pdf.pdf
articles-430718_doc_pdf.pdf,detalle_partida_capitulo_pdf,pdf,127857,124.9,data/dipres_2027_oficial/articles-430718_doc_pdf.pdf
articles-430719_doc_pdf.pdf,detalle_partida_capitulo_pdf,pdf,124262,121.3,data/dipres_2027_oficial/articles-430719_doc_pdf.pdf
articles-430720_doc_pdf.pdf,detalle_partida_capitulo_pdf,pdf,139148,135.9,data/dipres_2027_oficial/articles-430720_doc_pdf.pdf
articles-430721_doc_pdf.pdf,detalle_partida_capitulo_pdf,pdf,125290,122.4,data/dipres_2027_oficial/articles-430721_doc_pdf.pdf
articles-430722_doc_pdf.pdf,detalle_partida_capitulo_pdf,pdf,141923,138.6,data/dipres_2027_oficial/articles-430722_doc_pdf.pdf
articles-430723_doc_pdf.pdf,detalle_partida_capitulo_pdf,pdf,135679,132.5,data/dipres_2027_oficial/articles-430723_doc_pdf.pdf
articles-430724_doc_pdf.pdf,detalle_partida_capitulo_pdf,pdf,147651,144.2,data/dipres_2027_oficial/articles-430724_doc_pdf.pdf
articles-430725_doc_pdf.pdf,detalle_partida_capitulo_pdf,pdf,140541,137.2,data/dipres_2027_oficial/articles-430725_doc_pdf.pdf
articles-430726_doc_pdf.pdf,detalle_partida_capitulo_pdf,pdf,172975,168.9,data/dipres_2027_oficial/articles-430726_doc_pdf.pdf
articles-430727_doc_pdf.pdf,detalle_partida_capitulo_pdf,pdf,134925,131.8,data/dipres_2027_oficial/articles-430727_doc_pdf.pdf
articles-430728_doc_pdf.pdf,detalle_partida_capitulo_pdf,pdf,143793,140.4,data/dipres_2027_oficial/articles-430728_doc_pdf.pdf
articles-430729_doc_pdf.pdf,detalle_partida_capitulo_pdf,pdf,121391,118.5,data/dipres_2027_oficial/articles-430729_doc_pdf.pdf
articles-430730_doc_pdf.pdf,detalle_partida_capitulo_pdf,pdf,121248,118.4,data/dipres_2027_oficial/articles-430730_doc_pdf.pdf
articles-430731_doc_pdf.pdf,detalle_partida_capitulo_pdf,pdf,80758,78.9,data/dipres_2027_oficial/articles-430731_doc_pdf.pdf
articles-430732_doc_pdf.pdf,detalle_partida_capitulo_pdf,pdf,80754,78.9,data/dipres_2027_oficial/articles-430732_doc_pdf.pdf
articles-430733_doc_pdf.pdf,detalle_partida_capitulo_pdf,pdf,147550,144.1,data/dipres_2027_oficial/articles-430733_doc_pdf.pdf
articles-430734_doc_pdf.pdf,detalle_partida_capitulo_pdf,pdf,79471,77.6,data/dipres_2027_oficial/articles-430734_doc_pdf.pdf
articles-430735_doc_pdf.pdf,detalle_partida_capitulo_pdf,pdf,118525,115.7,data/dipres_2027_oficial/articles-430735_doc_pdf.pdf
articles-430736_doc_pdf.pdf,detalle_partida_capitulo_pdf,pdf,84977,83.0,data/dipres_2027_oficial/articles-430736_doc_pdf.pdf
articles-430737_doc_pdf.pdf,detalle_partida_capitulo_pdf,pdf,79020,77.2,data/dipres_2027_oficial/articles-430737_doc_pdf.pdf
articles-430738_doc_pdf.pdf,detalle_partida_capitulo_pdf,pdf,82589,80.7,data/dipres_2027_oficial/articles-430738_doc_pdf.pdf
articles-430739_doc_pdf.pdf,detalle_partida_capitulo_pdf,pdf,79471,77.6,data/dipres_2027_oficial/articles-430739_doc_pdf.pdf
articles-430741_doc_pdf.pdf,detalle_partida_capitulo_pdf,pdf,89137,87.0,data/dipres_2027_oficial/articles-430741_doc_pdf.pdf
articles-430742_doc_pdf.pdf,detalle_partida_capitulo_pdf,pdf,92453,90.3,data/dipres_2027_oficial/articles-430742_doc_pdf.pdf
articles-430743_doc_pdf.pdf,detalle_partida_capitulo_pdf,pdf,89288,87.2,data/dipres_2027_oficial/articles-430743_doc_pdf.pdf
articles-430744_doc_pdf.pdf,detalle_partida_capitulo_pdf,pdf,92528,90.4,data/dipres_2027_oficial/articles-430744_doc_pdf.pdf
articles-430745_doc_pdf.pdf,detalle_partida_capitulo_pdf,pdf,91656,89.5,data/dipres_2027_oficial/articles-430745_doc_pdf.pdf
articles-430746_doc_pdf.pdf,detalle_partida_capitulo_pdf,pdf,93485,91.3,data/dipres_2027_oficial/articles-430746_doc_pdf.pdf
articles-430747_doc_pdf.pdf,detalle_partida_capitulo_pdf,pdf,96253,94.0,data/dipres_2027_oficial/articles-430747_doc_pdf.pdf
articles-430748_doc_pdf.pdf,detalle_partida_capitulo_pdf,pdf,93723,91.5,data/dipres_2027_oficial/articles-430748_doc_pdf.pdf
articles-430749_doc_pdf.pdf,detalle_partida_capitulo_pdf,pdf,93479,91.3,data/dipres_2027_oficial/articles-430749_doc_pdf.pdf
articles-430750_doc_pdf.pdf,detalle_partida_capitulo_pdf,pdf,89950,87.8,data/dipres_2027_oficial/articles-430750_doc_pdf.pdf
articles-430751_doc_pdf.pdf,detalle_partida_capitulo_pdf,pdf,130215,127.2,data/dipres_2027_oficial/articles-430751_doc_pdf.pdf
articles-430752_doc_pdf.pdf,detalle_partida_capitulo_pdf,pdf,87185,85.1,data/dipres_2027_oficial/articles-430752_doc_pdf.pdf
articles-430753_doc_pdf.pdf,detalle_partida_capitulo_pdf,pdf,105187,102.7,data/dipres_2027_oficial/articles-430753_doc_pdf.pdf
articles-430754_doc_pdf.pdf,detalle_partida_capitulo_pdf,pdf,89876,87.8,data/dipres_2027_oficial/articles-430754_doc_pdf.pdf
articles-430755_doc_pdf.pdf,detalle_partida_capitulo_pdf,pdf,86469,84.4,data/dipres_2027_oficial/articles-430755_doc_pdf.pdf
articles-430756_doc_pdf.pdf,detalle_partida_capitulo_pdf,pdf,90381,88.3,data/dipres_2027_oficial/articles-430756_doc_pdf.pdf
articles-430757_doc_pdf.pdf,detalle_partida_capitulo_pdf,pdf,87323,85.3,data/dipres_2027_oficial/articles-430757_doc_pdf.pdf
articles-430758_doc_pdf.pdf,detalle_partida_capitulo_pdf,pdf,79135,77.3,data/dipres_2027_oficial/articles-430758_doc_pdf.pdf
articles-430759_doc_pdf.pdf,detalle_partida_capitulo_pdf,pdf,89000,86.9,data/dipres_2027_oficial/articles-430759_doc_pdf.pdf
articles-430760_doc_pdf.pdf,detalle_partida_capitulo_pdf,pdf,88868,86.8,data/dipres_2027_oficial/articles-430760_doc_pdf.pdf
articles-430761_doc_pdf.pdf,detalle_partida_capitulo_pdf,pdf,89351,87.3,data/dipres_2027_oficial/articles-430761_doc_pdf.pdf
articles-430762_doc_pdf.pdf,detalle_partida_capitulo_pdf,pdf,89703,87.6,data/dipres_2027_oficial/articles-430762_doc_pdf.pdf
articles-430763_doc_pdf.pdf,detalle_partida_capitulo_pdf,pdf,84163,82.2,data/dipres_2027_oficial/articles-430763_doc_pdf.pdf
articles-430764_doc_pdf.pdf,detalle_partida_capitulo_pdf,pdf,89394,87.3,data/dipres_2027_oficial/articles-430764_doc_pdf.pdf
articles-430765_doc_pdf.pdf,detalle_partida_capitulo_pdf,pdf,89080,87.0,data/dipres_2027_oficial/articles-430765_doc_pdf.pdf
articles-430766_doc_pdf.pdf,detalle_partida_capitulo_pdf,pdf,93072,90.9,data/dipres_2027_oficial/articles-430766_doc_pdf.pdf
articles-430767_doc_pdf.pdf,detalle_partida_capitulo_pdf,pdf,91212,89.1,data/dipres_2027_oficial/articles-430767_doc_pdf.pdf
articles-430768_doc_pdf.pdf,detalle_partida_capitulo_pdf,pdf,42103,41.1,data/dipres_2027_oficial/articles-430768_doc_pdf.pdf
articles-430769_doc_pdf.pdf,detalle_partida_capitulo_pdf,pdf,42913,41.9,data/dipres_2027_oficial/articles-430769_doc_pdf.pdf
articles-430770_doc_pdf.pdf,detalle_partida_capitulo_pdf,pdf,43018,42.0,data/dipres_2027_oficial/articles-430770_doc_pdf.pdf
articles-430771_doc_pdf.pdf,detalle_partida_capitulo_pdf,pdf,50131,49.0,data/dipres_2027_oficial/articles-430771_doc_pdf.pdf
articles-430772_doc_pdf.pdf,detalle_partida_capitulo_pdf,pdf,40562,39.6,data/dipres_2027_oficial/articles-430772_doc_pdf.pdf
articles-430773_doc_pdf.pdf,detalle_partida_capitulo_pdf,pdf,42445,41.5,data/dipres_2027_oficial/articles-430773_doc_pdf.pdf
articles-430774_doc_pdf.pdf,detalle_partida_capitulo_pdf,pdf,42696,41.7,data/dipres_2027_oficial/articles-430774_doc_pdf.pdf
articles-430775_doc_pdf.pdf,detalle_partida_capitulo_pdf,pdf,41090,40.1,data/dipres_2027_oficial/articles-430775_doc_pdf.pdf
articles-430776_doc_pdf.pdf,detalle_partida_capitulo_pdf,pdf,47308,46.2,data/dipres_2027_oficial/articles-430776_doc_pdf.pdf
articles-430777_doc_pdf.pdf,detalle_partida_capitulo_pdf,pdf,46001,44.9,data/dipres_2027_oficial/articles-430777_doc_pdf.pdf
articles-430778_doc_pdf.pdf,detalle_partida_capitulo_pdf,pdf,106450,104.0,data/dipres_2027_oficial/articles-430778_doc_pdf.pdf
articles-430779_doc_pdf.pdf,detalle_partida_capitulo_pdf,pdf,52666,51.4,data/dipres_2027_oficial/articles-430779_doc_pdf.pdf
articles-430780_doc_pdf.pdf,detalle_partida_capitulo_pdf,pdf,56129,54.8,data/dipres_2027_oficial/articles-430780_doc_pdf.pdf
articles-430781_doc_pdf.pdf,detalle_partida_capitulo_pdf,pdf,95428,93.2,data/dipres_2027_oficial/articles-430781_doc_pdf.pdf
articles-430782_doc_pdf.pdf,detalle_partida_capitulo_pdf,pdf,62161,60.7,data/dipres_2027_oficial/articles-430782_doc_pdf.pdf
articles-430783_doc_pdf.pdf,detalle_partida_capitulo_pdf,pdf,46342,45.3,data/dipres_2027_oficial/articles-430783_doc_pdf.pdf
articles-430784_doc_pdf.pdf,detalle_partida_capitulo_pdf,pdf,97283,95.0,data/dipres_2027_oficial/articles-430784_doc_pdf.pdf
articles-430785_doc_pdf.pdf,detalle_partida_capitulo_pdf,pdf,41316,40.3,data/dipres_2027_oficial/articles-430785_doc_pdf.pdf
articles-430786_doc_pdf.pdf,detalle_partida_capitulo_pdf,pdf,94010,91.8,data/dipres_2027_oficial/articles-430786_doc_pdf.pdf
articles-430787_doc_pdf.pdf,detalle_partida_capitulo_pdf,pdf,132891,129.8,data/dipres_2027_oficial/articles-430787_doc_pdf.pdf
articles-430788_doc_pdf.pdf,detalle_partida_capitulo_pdf,pdf,42554,41.6,data/dipres_2027_oficial/articles-430788_doc_pdf.pdf
articles-430789_doc_pdf.pdf,detalle_partida_capitulo_pdf,pdf,42566,41.6,data/dipres_2027_oficial/articles-430789_doc_pdf.pdf
articles-430790_doc_pdf.pdf,detalle_partida_capitulo_pdf,pdf,139146,135.9,data/dipres_2027_oficial/articles-430790_doc_pdf.pdf
articles-430791_doc_pdf.pdf,detalle_partida_capitulo_pdf,pdf,41070,40.1,data/dipres_2027_oficial/articles-430791_doc_pdf.pdf
articles-430792_doc_pdf.pdf,detalle_partida_capitulo_pdf,pdf,50919,49.7,data/dipres_2027_oficial/articles-430792_doc_pdf.pdf
articles-430793_doc_pdf.pdf,detalle_partida_capitulo_pdf,pdf,40524,39.6,data/dipres_2027_oficial/articles-430793_doc_pdf.pdf
articles-430794_doc_pdf.pdf,detalle_partida_capitulo_pdf,pdf,40642,39.7,data/dipres_2027_oficial/articles-430794_doc_pdf.pdf
articles-430795_doc_pdf.pdf,detalle_partida_capitulo_pdf,pdf,88076,86.0,data/dipres_2027_oficial/articles-430795_doc_pdf.pdf
articles-430796_doc_pdf.pdf,detalle_partida_capitulo_pdf,pdf,42756,41.8,data/dipres_2027_oficial/articles-430796_doc_pdf.pdf
articles-430797_doc_pdf.pdf,detalle_partida_capitulo_pdf,pdf,86069,84.1,data/dipres_2027_oficial/articles-430797_doc_pdf.pdf
articles-430798_doc_pdf.pdf,detalle_partida_capitulo_pdf,pdf,41248,40.3,data/dipres_2027_oficial/articles-430798_doc_pdf.pdf
articles-430799_doc_pdf.pdf,detalle_partida_capitulo_pdf,pdf,40889,39.9,data/dipres_2027_oficial/articles-430799_doc_pdf.pdf
articles-430800_doc_pdf.pdf,detalle_partida_capitulo_pdf,pdf,43055,42.0,data/dipres_2027_oficial/articles-430800_doc_pdf.pdf
articles-430801_doc_pdf.pdf,detalle_partida_capitulo_pdf,pdf,41346,40.4,data/dipres_2027_oficial/articles-430801_doc_pdf.pdf
articles-430802_doc_pdf.pdf,detalle_partida_capitulo_pdf,pdf,136493,133.3,data/dipres_2027_oficial/articles-430802_doc_pdf.pdf
articles-430803_doc_pdf.pdf,detalle_partida_capitulo_pdf,pdf,47873,46.8,data/dipres_2027_oficial/articles-430803_doc_pdf.pdf
articles-430804_doc_pdf.pdf,detalle_partida_capitulo_pdf,pdf,52693,51.5,data/dipres_2027_oficial/articles-430804_doc_pdf.pdf
articles-430808_doc_csv.csv,presupuesto_nacional_consolidado,csv,862884,842.7,data/dipres_2027_oficial/articles-430808_doc_csv.csv
articles-430808_doc_xml.xml,presupuesto_nacional_consolidado,xml,7737513,7556.2,data/dipres_2027_oficial/articles-430808_doc_xml.xml
articles-430809_doc_pdf.pdf,detalle_partida_capitulo_pdf,pdf,95598,93.4,data/dipres_2027_oficial/articles-430809_doc_pdf.pdf
articles-430809_doc_xls.xlsx,detalle_partida_capitulo_excel,xlsx,8753,8.5,data/dipres_2027_oficial/articles-430809_doc_xls.xlsx
articles-430810_doc_pdf.pdf,detalle_partida_capitulo_pdf,pdf,96145,93.9,data/dipres_2027_oficial/articles-430810_doc_pdf.pdf
articles-430810_doc_xls.xlsx,detalle_partida_capitulo_excel,xlsx,9075,8.9,data/dipres_2027_oficial/articles-430810_doc_xls.xlsx
articles-430811_doc_pdf.pdf,detalle_partida_capitulo_pdf,pdf,100292,97.9,data/dipres_2027_oficial/articles-430811_doc_pdf.pdf
articles-430811_doc_xls.xlsx,detalle_partida_capitulo_excel,xlsx,9731,9.5,data/dipres_2027_oficial/articles-430811_doc_xls.xlsx
articles-430812_doc_pdf.pdf,detalle_partida_capitulo_pdf,pdf,101919,99.5,data/dipres_2027_oficial/articles-430812_doc_pdf.pdf
articles-430812_doc_xls.xlsx,detalle_partida_capitulo_excel,xlsx,10094,9.9,data/dipres_2027_oficial/articles-430812_doc_xls.xlsx
articles-430813_doc_pdf.pdf,detalle_partida_capitulo_pdf,pdf,89857,87.8,data/dipres_2027_oficial/articles-430813_doc_pdf.pdf
articles-430813_doc_xls.xlsx,detalle_partida_capitulo_excel,xlsx,7639,7.5,data/dipres_2027_oficial/articles-430813_doc_xls.xlsx
articles-430814_doc_pdf.pdf,detalle_partida_capitulo_pdf,pdf,87982,85.9,data/dipres_2027_oficial/articles-430814_doc_pdf.pdf
articles-430814_doc_xls.xlsx,detalle_partida_capitulo_excel,xlsx,7492,7.3,data/dipres_2027_oficial/articles-430814_doc_xls.xlsx
articles-430815_doc_pdf.pdf,detalle_partida_capitulo_pdf,pdf,87716,85.7,data/dipres_2027_oficial/articles-430815_doc_pdf.pdf
articles-430815_doc_xls.xlsx,detalle_partida_capitulo_excel,xlsx,7660,7.5,data/dipres_2027_oficial/articles-430815_doc_xls.xlsx
articles-430816_doc_pdf.pdf,detalle_partida_capitulo_pdf,pdf,87996,85.9,data/dipres_2027_oficial/articles-430816_doc_pdf.pdf
articles-430816_doc_xls.xlsx,detalle_partida_capitulo_excel,xlsx,7456,7.3,data/dipres_2027_oficial/articles-430816_doc_xls.xlsx
articles-430817_doc_pdf.pdf,detalle_partida_capitulo_pdf,pdf,101820,99.4,data/dipres_2027_oficial/articles-430817_doc_pdf.pdf
articles-430817_doc_xls.xlsx,detalle_partida_capitulo_excel,xlsx,10344,10.1,data/dipres_2027_oficial/articles-430817_doc_xls.xlsx
articles-430818_doc_pdf.pdf,detalle_partida_capitulo_pdf,pdf,92827,90.7,data/dipres_2027_oficial/articles-430818_doc_pdf.pdf
articles-430818_doc_xls.xlsx,detalle_partida_capitulo_excel,xlsx,8138,7.9,data/dipres_2027_oficial/articles-430818_doc_xls.xlsx
articles-430819_doc_pdf.pdf,detalle_partida_capitulo_pdf,pdf,100552,98.2,data/dipres_2027_oficial/articles-430819_doc_pdf.pdf
articles-430819_doc_xls.xlsx,detalle_partida_capitulo_excel,xlsx,9776,9.5,data/dipres_2027_oficial/articles-430819_doc_xls.xlsx
articles-430820_doc_pdf.pdf,detalle_partida_capitulo_pdf,pdf,88283,86.2,data/dipres_2027_oficial/articles-430820_doc_pdf.pdf
articles-430820_doc_xls.xlsx,detalle_partida_capitulo_excel,xlsx,16080,15.7,data/dipres_2027_oficial/articles-430820_doc_xls.xlsx
articles-430821_doc_pdf.pdf,detalle_partida_capitulo_pdf,pdf,85277,83.3,data/dipres_2027_oficial/articles-430821_doc_pdf.pdf
articles-430821_doc_xls.xlsx,detalle_partida_capitulo_excel,xlsx,14861,14.5,data/dipres_2027_oficial/articles-430821_doc_xls.xlsx
articles-430822_doc_pdf.pdf,detalle_partida_capitulo_pdf,pdf,98868,96.6,data/dipres_2027_oficial/articles-430822_doc_pdf.pdf
articles-430822_doc_xls.xlsx,detalle_partida_capitulo_excel,xlsx,9155,8.9,data/dipres_2027_oficial/articles-430822_doc_xls.xlsx
articles-430823_doc_pdf.pdf,detalle_partida_capitulo_pdf,pdf,93105,90.9,data/dipres_2027_oficial/articles-430823_doc_pdf.pdf
articles-430823_doc_xls.xlsx,detalle_partida_capitulo_excel,xlsx,17694,17.3,data/dipres_2027_oficial/articles-430823_doc_xls.xlsx
articles-430824_doc_pdf.pdf,detalle_partida_capitulo_pdf,pdf,91397,89.3,data/dipres_2027_oficial/articles-430824_doc_pdf.pdf
articles-430824_doc_xls.xlsx,detalle_partida_capitulo_excel,xlsx,8107,7.9,data/dipres_2027_oficial/articles-430824_doc_xls.xlsx
articles-430825_doc_pdf.pdf,detalle_partida_capitulo_pdf,pdf,98330,96.0,data/dipres_2027_oficial/articles-430825_doc_pdf.pdf
articles-430825_doc_xls.xlsx,detalle_partida_capitulo_excel,xlsx,9283,9.1,data/dipres_2027_oficial/articles-430825_doc_xls.xlsx
articles-430827_doc_pdf.pdf,detalle_partida_capitulo_pdf,pdf,99902,97.6,data/dipres_2027_oficial/articles-430827_doc_pdf.pdf
articles-430827_doc_xls.xlsx,detalle_partida_capitulo_excel,xlsx,9425,9.2,data/dipres_2027_oficial/articles-430827_doc_xls.xlsx
articles-430828_doc_pdf.pdf,detalle_partida_capitulo_pdf,pdf,88567,86.5,data/dipres_2027_oficial/articles-430828_doc_pdf.pdf
articles-430828_doc_xls.xlsx,detalle_partida_capitulo_excel,xlsx,16899,16.5,data/dipres_2027_oficial/articles-430828_doc_xls.xlsx
articles-430829_doc_pdf.pdf,detalle_partida_capitulo_pdf,pdf,89004,86.9,data/dipres_2027_oficial/articles-430829_doc_pdf.pdf
articles-430829_doc_xls.xlsx,detalle_partida_capitulo_excel,xlsx,7563,7.4,data/dipres_2027_oficial/articles-430829_doc_xls.xlsx
articles-430830_doc_pdf.pdf,detalle_partida_capitulo_pdf,pdf,87786,85.7,data/dipres_2027_oficial/articles-430830_doc_pdf.pdf
articles-430830_doc_xls.xlsx,detalle_partida_capitulo_excel,xlsx,7417,7.2,data/dipres_2027_oficial/articles-430830_doc_xls.xlsx
articles-430831_doc_pdf.pdf,detalle_partida_capitulo_pdf,pdf,92983,90.8,data/dipres_2027_oficial/articles-430831_doc_pdf.pdf
articles-430831_doc_xls.xlsx,detalle_partida_capitulo_excel,xlsx,8201,8.0,data/dipres_2027_oficial/articles-430831_doc_xls.xlsx
articles-430832_doc_pdf.pdf,detalle_partida_capitulo_pdf,pdf,84855,82.9,data/dipres_2027_oficial/articles-430832_doc_pdf.pdf
articles-430832_doc_xls.xlsx,detalle_partida_capitulo_excel,xlsx,14676,14.3,data/dipres_2027_oficial/articles-430832_doc_xls.xlsx
articles-430833_doc_pdf.pdf,detalle_partida_capitulo_pdf,pdf,130752,127.7,data/dipres_2027_oficial/articles-430833_doc_pdf.pdf
articles-430833_doc_xls.xlsx,detalle_partida_capitulo_excel,xlsx,15184,14.8,data/dipres_2027_oficial/articles-430833_doc_xls.xlsx
articles-430834_doc_pdf.pdf,detalle_partida_capitulo_pdf,pdf,161841,158.0,data/dipres_2027_oficial/articles-430834_doc_pdf.pdf
articles-430834_doc_xls.xlsx,detalle_partida_capitulo_excel,xlsx,26359,25.7,data/dipres_2027_oficial/articles-430834_doc_xls.xlsx
articles-430835_doc_pdf.pdf,detalle_partida_capitulo_pdf,pdf,95498,93.3,data/dipres_2027_oficial/articles-430835_doc_pdf.pdf
articles-430835_doc_xls.xlsx,detalle_partida_capitulo_excel,xlsx,8671,8.5,data/dipres_2027_oficial/articles-430835_doc_xls.xlsx
articles-430836_doc_pdf.pdf,detalle_partida_capitulo_pdf,pdf,101823,99.4,data/dipres_2027_oficial/articles-430836_doc_pdf.pdf
articles-430836_doc_xls.xlsx,detalle_partida_capitulo_excel,xlsx,16639,16.2,data/dipres_2027_oficial/articles-430836_doc_xls.xlsx
articles-430837_doc_pdf.pdf,detalle_partida_capitulo_pdf,pdf,94631,92.4,data/dipres_2027_oficial/articles-430837_doc_pdf.pdf
articles-430837_doc_xls.xlsx,detalle_partida_capitulo_excel,xlsx,8623,8.4,data/dipres_2027_oficial/articles-430837_doc_xls.xlsx
articles-430838_doc_pdf.pdf,detalle_partida_capitulo_pdf,pdf,126977,124.0,data/dipres_2027_oficial/articles-430838_doc_pdf.pdf
articles-430838_doc_xls.xlsx,detalle_partida_capitulo_excel,xlsx,20007,19.5,data/dipres_2027_oficial/articles-430838_doc_xls.xlsx
articles-430839_doc_pdf.pdf,detalle_partida_capitulo_pdf,pdf,137810,134.6,data/dipres_2027_oficial/articles-430839_doc_pdf.pdf
articles-430839_doc_xls.xlsx,detalle_partida_capitulo_excel,xlsx,23491,22.9,data/dipres_2027_oficial/articles-430839_doc_xls.xlsx
articles-430840_doc_pdf.pdf,detalle_partida_capitulo_pdf,pdf,167453,163.5,data/dipres_2027_oficial/articles-430840_doc_pdf.pdf
articles-430840_doc_xls.xlsx,detalle_partida_capitulo_excel,xlsx,18443,18.0,data/dipres_2027_oficial/articles-430840_doc_xls.xlsx
articles-430841_doc_pdf.pdf,detalle_partida_capitulo_pdf,pdf,94525,92.3,data/dipres_2027_oficial/articles-430841_doc_pdf.pdf
articles-430841_doc_xls.xlsx,detalle_partida_capitulo_excel,xlsx,8776,8.6,data/dipres_2027_oficial/articles-430841_doc_xls.xlsx
articles-430842_doc_pdf.pdf,detalle_partida_capitulo_pdf,pdf,92481,90.3,data/dipres_2027_oficial/articles-430842_doc_pdf.pdf
articles-430842_doc_xls.xlsx,detalle_partida_capitulo_excel,xlsx,8248,8.1,data/dipres_2027_oficial/articles-430842_doc_xls.xlsx
articles-430843_doc_pdf.pdf,detalle_partida_capitulo_pdf,pdf,96170,93.9,data/dipres_2027_oficial/articles-430843_doc_pdf.pdf
articles-430843_doc_xls.xlsx,detalle_partida_capitulo_excel,xlsx,15769,15.4,data/dipres_2027_oficial/articles-430843_doc_xls.xlsx
articles-430844_doc_pdf.pdf,detalle_partida_capitulo_pdf,pdf,100558,98.2,data/dipres_2027_oficial/articles-430844_doc_pdf.pdf
articles-430844_doc_xls.xlsx,detalle_partida_capitulo_excel,xlsx,16112,15.7,data/dipres_2027_oficial/articles-430844_doc_xls.xlsx
articles-430845_doc_pdf.pdf,detalle_partida_capitulo_pdf,pdf,98439,96.1,data/dipres_2027_oficial/articles-430845_doc_pdf.pdf
articles-430845_doc_xls.xlsx,detalle_partida_capitulo_excel,xlsx,9207,9.0,data/dipres_2027_oficial/articles-430845_doc_xls.xlsx
articles-430846_doc_pdf.pdf,detalle_partida_capitulo_pdf,pdf,136172,133.0,data/dipres_2027_oficial/articles-430846_doc_pdf.pdf
articles-430846_doc_xls.xlsx,detalle_partida_capitulo_excel,xlsx,17286,16.9,data/dipres_2027_oficial/articles-430846_doc_xls.xlsx
articles-430847_doc_pdf.pdf,detalle_partida_capitulo_pdf,pdf,99948,97.6,data/dipres_2027_oficial/articles-430847_doc_pdf.pdf
articles-430847_doc_xls.xlsx,detalle_partida_capitulo_excel,xlsx,9667,9.4,data/dipres_2027_oficial/articles-430847_doc_xls.xlsx
articles-430848_doc_pdf.pdf,detalle_partida_capitulo_pdf,pdf,92592,90.4,data/dipres_2027_oficial/articles-430848_doc_pdf.pdf
articles-430848_doc_xls.xlsx,detalle_partida_capitulo_excel,xlsx,8093,7.9,data/dipres_2027_oficial/articles-430848_doc_xls.xlsx
articles-430849_doc_pdf.pdf,detalle_partida_capitulo_pdf,pdf,91442,89.3,data/dipres_2027_oficial/articles-430849_doc_pdf.pdf
articles-430849_doc_xls.xlsx,detalle_partida_capitulo_excel,xlsx,7799,7.6,data/dipres_2027_oficial/articles-430849_doc_xls.xlsx
articles-430850_doc_pdf.pdf,detalle_partida_capitulo_pdf,pdf,92223,90.1,data/dipres_2027_oficial/articles-430850_doc_pdf.pdf
articles-430850_doc_xls.xlsx,detalle_partida_capitulo_excel,xlsx,8042,7.9,data/dipres_2027_oficial/articles-430850_doc_xls.xlsx
articles-430851_doc_pdf.pdf,detalle_partida_capitulo_pdf,pdf,92730,90.6,data/dipres_2027_oficial/articles-430851_doc_pdf.pdf
articles-430851_doc_xls.xlsx,detalle_partida_capitulo_excel,xlsx,8350,8.2,data/dipres_2027_oficial/articles-430851_doc_xls.xlsx
articles-430852_doc_pdf.pdf,detalle_partida_capitulo_pdf,pdf,94535,92.3,data/dipres_2027_oficial/articles-430852_doc_pdf.pdf
articles-430852_doc_xls.xlsx,detalle_partida_capitulo_excel,xlsx,8461,8.3,data/dipres_2027_oficial/articles-430852_doc_xls.xlsx
articles-430853_doc_pdf.pdf,detalle_partida_capitulo_pdf,pdf,89242,87.2,data/dipres_2027_oficial/articles-430853_doc_pdf.pdf
articles-430853_doc_xls.xlsx,detalle_partida_capitulo_excel,xlsx,7661,7.5,data/dipres_2027_oficial/articles-430853_doc_xls.xlsx
articles-430854_doc_pdf.pdf,detalle_partida_capitulo_pdf,pdf,104296,101.9,data/dipres_2027_oficial/articles-430854_doc_pdf.pdf
articles-430854_doc_xls.xlsx,detalle_partida_capitulo_excel,xlsx,10228,10.0,data/dipres_2027_oficial/articles-430854_doc_xls.xlsx
articles-430855_doc_pdf.pdf,detalle_partida_capitulo_pdf,pdf,101401,99.0,data/dipres_2027_oficial/articles-430855_doc_pdf.pdf
articles-430855_doc_xls.xlsx,detalle_partida_capitulo_excel,xlsx,9782,9.6,data/dipres_2027_oficial/articles-430855_doc_xls.xlsx
articles-430856_doc_pdf.pdf,detalle_partida_capitulo_pdf,pdf,95716,93.5,data/dipres_2027_oficial/articles-430856_doc_pdf.pdf
articles-430856_doc_xls.xlsx,detalle_partida_capitulo_excel,xlsx,8308,8.1,data/dipres_2027_oficial/articles-430856_doc_xls.xlsx
articles-430857_doc_pdf.pdf,detalle_partida_capitulo_pdf,pdf,95552,93.3,data/dipres_2027_oficial/articles-430857_doc_pdf.pdf
articles-430857_doc_xls.xlsx,detalle_partida_capitulo_excel,xlsx,8590,8.4,data/dipres_2027_oficial/articles-430857_doc_xls.xlsx
articles-430858_doc_pdf.pdf,detalle_partida_capitulo_pdf,pdf,94024,91.8,data/dipres_2027_oficial/articles-430858_doc_pdf.pdf
articles-430858_doc_xls.xlsx,detalle_partida_capitulo_excel,xlsx,8266,8.1,data/dipres_2027_oficial/articles-430858_doc_xls.xlsx
articles-430859_doc_pdf.pdf,detalle_partida_capitulo_pdf,pdf,96387,94.1,data/dipres_2027_oficial/articles-430859_doc_pdf.pdf
articles-430859_doc_xls.xlsx,detalle_partida_capitulo_excel,xlsx,8724,8.5,data/dipres_2027_oficial/articles-430859_doc_xls.xlsx
articles-430860_doc_pdf.pdf,detalle_partida_capitulo_pdf,pdf,102375,100.0,data/dipres_2027_oficial/articles-430860_doc_pdf.pdf
articles-430860_doc_xls.xlsx,detalle_partida_capitulo_excel,xlsx,9775,9.5,data/dipres_2027_oficial/articles-430860_doc_xls.xlsx
articles-430861_doc_pdf.pdf,detalle_partida_capitulo_pdf,pdf,139666,136.4,data/dipres_2027_oficial/articles-430861_doc_pdf.pdf
articles-430861_doc_xls.xlsx,detalle_partida_capitulo_excel,xlsx,16584,16.2,data/dipres_2027_oficial/articles-430861_doc_xls.xlsx
articles-430862_doc_pdf.pdf,detalle_partida_capitulo_pdf,pdf,121638,118.8,data/dipres_2027_oficial/articles-430862_doc_pdf.pdf
articles-430862_doc_xls.xlsx,detalle_partida_capitulo_excel,xlsx,15610,15.2,data/dipres_2027_oficial/articles-430862_doc_xls.xlsx
articles-430863_doc_pdf.pdf,detalle_partida_capitulo_pdf,pdf,119592,116.8,data/dipres_2027_oficial/articles-430863_doc_pdf.pdf
articles-430863_doc_xls.xlsx,detalle_partida_capitulo_excel,xlsx,15188,14.8,data/dipres_2027_oficial/articles-430863_doc_xls.xlsx
articles-430864_doc_pdf.pdf,detalle_partida_capitulo_pdf,pdf,127751,124.8,data/dipres_2027_oficial/articles-430864_doc_pdf.pdf
articles-430864_doc_xls.xlsx,detalle_partida_capitulo_excel,xlsx,15998,15.6,data/dipres_2027_oficial/articles-430864_doc_xls.xlsx
articles-430865_doc_pdf.pdf,detalle_partida_capitulo_pdf,pdf,116779,114.0,data/dipres_2027_oficial/articles-430865_doc_pdf.pdf
articles-430865_doc_xls.xlsx,detalle_partida_capitulo_excel,xlsx,14925,14.6,data/dipres_2027_oficial/articles-430865_doc_xls.xlsx
articles-430866_doc_pdf.pdf,detalle_partida_capitulo_pdf,pdf,123911,121.0,data/dipres_2027_oficial/articles-430866_doc_pdf.pdf
articles-430866_doc_xls.xlsx,detalle_partida_capitulo_excel,xlsx,15382,15.0,data/dipres_2027_oficial/articles-430866_doc_xls.xlsx
articles-430867_doc_pdf.pdf,detalle_partida_capitulo_pdf,pdf,128283,125.3,data/dipres_2027_oficial/articles-430867_doc_pdf.pdf
articles-430867_doc_xls.xlsx,detalle_partida_capitulo_excel,xlsx,15907,15.5,data/dipres_2027_oficial/articles-430867_doc_xls.xlsx
articles-430868_doc_pdf.pdf,detalle_partida_capitulo_pdf,pdf,134096,131.0,data/dipres_2027_oficial/articles-430868_doc_pdf.pdf
articles-430868_doc_xls.xlsx,detalle_partida_capitulo_excel,xlsx,15694,15.3,data/dipres_2027_oficial/articles-430868_doc_xls.xlsx
articles-430869_doc_pdf.pdf,detalle_partida_capitulo_pdf,pdf,141465,138.1,data/dipres_2027_oficial/articles-430869_doc_pdf.pdf
articles-430869_doc_xls.xlsx,detalle_partida_capitulo_excel,xlsx,16599,16.2,data/dipres_2027_oficial/articles-430869_doc_xls.xlsx
articles-430870_doc_pdf.pdf,detalle_partida_capitulo_pdf,pdf,122789,119.9,data/dipres_2027_oficial/articles-430870_doc_pdf.pdf
articles-430870_doc_xls.xlsx,detalle_partida_capitulo_excel,xlsx,15184,14.8,data/dipres_2027_oficial/articles-430870_doc_xls.xlsx
articles-430871_doc_pdf.pdf,detalle_partida_capitulo_pdf,pdf,134822,131.7,data/dipres_2027_oficial/articles-430871_doc_pdf.pdf
articles-430871_doc_xls.xlsx,detalle_partida_capitulo_excel,xlsx,16142,15.8,data/dipres_2027_oficial/articles-430871_doc_xls.xlsx
articles-430872_doc_pdf.pdf,detalle_partida_capitulo_pdf,pdf,108274,105.7,data/dipres_2027_oficial/articles-430872_doc_pdf.pdf
articles-430872_doc_xls.xlsx,detalle_partida_capitulo_excel,xlsx,13907,13.6,data/dipres_2027_oficial/articles-430872_doc_xls.xlsx
articles-430873_doc_pdf.pdf,detalle_partida_capitulo_pdf,pdf,136732,133.5,data/dipres_2027_oficial/articles-430873_doc_pdf.pdf
articles-430873_doc_xls.xlsx,detalle_partida_capitulo_excel,xlsx,16291,15.9,data/dipres_2027_oficial/articles-430873_doc_xls.xlsx
articles-430874_doc_pdf.pdf,detalle_partida_capitulo_pdf,pdf,121384,118.5,data/dipres_2027_oficial/articles-430874_doc_pdf.pdf
articles-430874_doc_xls.xlsx,detalle_partida_capitulo_excel,xlsx,14798,14.5,data/dipres_2027_oficial/articles-430874_doc_xls.xlsx
articles-430875_doc_pdf.pdf,detalle_partida_capitulo_pdf,pdf,131920,128.8,data/dipres_2027_oficial/articles-430875_doc_pdf.pdf
articles-430875_doc_xls.xlsx,detalle_partida_capitulo_excel,xlsx,15799,15.4,data/dipres_2027_oficial/articles-430875_doc_xls.xlsx
articles-430876_doc_pdf.pdf,detalle_partida_capitulo_pdf,pdf,117678,114.9,data/dipres_2027_oficial/articles-430876_doc_pdf.pdf
articles-430876_doc_xls.xlsx,detalle_partida_capitulo_excel,xlsx,14677,14.3,data/dipres_2027_oficial/articles-430876_doc_xls.xlsx
articles-430877_doc_pdf.pdf,detalle_partida_capitulo_pdf,pdf,121318,118.5,data/dipres_2027_oficial/articles-430877_doc_pdf.pdf
articles-430877_doc_xls.xlsx,detalle_partida_capitulo_excel,xlsx,15076,14.7,data/dipres_2027_oficial/articles-430877_doc_xls.xlsx
articles-430878_doc_pdf.pdf,detalle_partida_capitulo_pdf,pdf,123186,120.3,data/dipres_2027_oficial/articles-430878_doc_pdf.pdf
articles-430878_doc_xls.xlsx,detalle_partida_capitulo_excel,xlsx,15231,14.9,data/dipres_2027_oficial/articles-430878_doc_xls.xlsx
articles-430879_doc_pdf.pdf,detalle_partida_capitulo_pdf,pdf,122255,119.4,data/dipres_2027_oficial/articles-430879_doc_pdf.pdf
articles-430879_doc_xls.xlsx,detalle_partida_capitulo_excel,xlsx,15055,14.7,data/dipres_2027_oficial/articles-430879_doc_xls.xlsx
articles-430880_doc_pdf.pdf,detalle_partida_capitulo_pdf,pdf,130949,127.9,data/dipres_2027_oficial/articles-430880_doc_pdf.pdf
articles-430880_doc_xls.xlsx,detalle_partida_capitulo_excel,xlsx,15915,15.5,data/dipres_2027_oficial/articles-430880_doc_xls.xlsx
articles-430881_doc_pdf.pdf,detalle_partida_capitulo_pdf,pdf,129313,126.3,data/dipres_2027_oficial/articles-430881_doc_pdf.pdf
articles-430881_doc_xls.xlsx,detalle_partida_capitulo_excel,xlsx,16358,16.0,data/dipres_2027_oficial/articles-430881_doc_xls.xlsx
articles-430882_doc_pdf.pdf,detalle_partida_capitulo_pdf,pdf,122991,120.1,data/dipres_2027_oficial/articles-430882_doc_pdf.pdf
articles-430882_doc_xls.xlsx,detalle_partida_capitulo_excel,xlsx,15166,14.8,data/dipres_2027_oficial/articles-430882_doc_xls.xlsx
articles-430883_doc_pdf.pdf,detalle_partida_capitulo_pdf,pdf,206356,201.5,data/dipres_2027_oficial/articles-430883_doc_pdf.pdf
articles-430883_doc_xls.xlsx,detalle_partida_capitulo_excel,xlsx,11023,10.8,data/dipres_2027_oficial/articles-430883_doc_xls.xlsx
articles-430884_doc_pdf.pdf,detalle_partida_capitulo_pdf,pdf,202870,198.1,data/dipres_2027_oficial/articles-430884_doc_pdf.pdf
articles-430884_doc_xls.xlsx,detalle_partida_capitulo_excel,xlsx,10096,9.9,data/dipres_2027_oficial/articles-430884_doc_xls.xlsx
articles-430885_doc_pdf.pdf,detalle_partida_capitulo_pdf,pdf,150218,146.7,data/dipres_2027_oficial/articles-430885_doc_pdf.pdf
articles-430885_doc_xls.xlsx,detalle_partida_capitulo_excel,xlsx,9212,9.0,data/dipres_2027_oficial/articles-430885_doc_xls.xlsx
articles-430886_doc_pdf.pdf,detalle_partida_capitulo_pdf,pdf,146956,143.5,data/dipres_2027_oficial/articles-430886_doc_pdf.pdf
articles-430886_doc_xls.xlsx,detalle_partida_capitulo_excel,xlsx,9250,9.0,data/dipres_2027_oficial/articles-430886_doc_xls.xlsx
articles-430887_doc_pdf.pdf,detalle_partida_capitulo_pdf,pdf,292532,285.7,data/dipres_2027_oficial/articles-430887_doc_pdf.pdf
articles-430887_doc_xls.xlsx,detalle_partida_capitulo_excel,xlsx,14156,13.8,data/dipres_2027_oficial/articles-430887_doc_xls.xlsx
articles-430888_doc_pdf.pdf,detalle_partida_capitulo_pdf,pdf,142217,138.9,data/dipres_2027_oficial/articles-430888_doc_pdf.pdf
articles-430888_doc_xls.xlsx,detalle_partida_capitulo_excel,xlsx,8093,7.9,data/dipres_2027_oficial/articles-430888_doc_xls.xlsx
articles-430889_doc_pdf.pdf,detalle_partida_capitulo_pdf,pdf,147937,144.5,data/dipres_2027_oficial/articles-430889_doc_pdf.pdf
articles-430889_doc_xls.xlsx,detalle_partida_capitulo_excel,xlsx,8800,8.6,data/dipres_2027_oficial/articles-430889_doc_xls.xlsx
articles-430890_doc_pdf.pdf,detalle_partida_capitulo_pdf,pdf,147818,144.4,data/dipres_2027_oficial/articles-430890_doc_pdf.pdf
articles-430890_doc_xls.xlsx,detalle_partida_capitulo_excel,xlsx,9021,8.8,data/dipres_2027_oficial/articles-430890_doc_xls.xlsx
articles-430891_doc_pdf.pdf,detalle_partida_capitulo_pdf,pdf,197339,192.7,data/dipres_2027_oficial/articles-430891_doc_pdf.pdf
articles-430891_doc_xls.xlsx,detalle_partida_capitulo_excel,xlsx,16396,16.0,data/dipres_2027_oficial/articles-430891_doc_xls.xlsx
articles-430892_doc_pdf.pdf,detalle_partida_capitulo_pdf,pdf,141204,137.9,data/dipres_2027_oficial/articles-430892_doc_pdf.pdf
articles-430892_doc_xls.xlsx,detalle_partida_capitulo_excel,xlsx,14208,13.9,data/dipres_2027_oficial/articles-430892_doc_xls.xlsx
articles-430893_doc_pdf.pdf,detalle_partida_capitulo_pdf,pdf,150734,147.2,data/dipres_2027_oficial/articles-430893_doc_pdf.pdf
articles-430893_doc_xls.xlsx,detalle_partida_capitulo_excel,xlsx,9234,9.0,data/dipres_2027_oficial/articles-430893_doc_xls.xlsx
articles-430894_doc_pdf.pdf,detalle_partida_capitulo_pdf,pdf,253244,247.3,data/dipres_2027_oficial/articles-430894_doc_pdf.pdf
articles-430894_doc_xls.xlsx,detalle_partida_capitulo_excel,xlsx,11343,11.1,data/dipres_2027_oficial/articles-430894_doc_xls.xlsx
articles-430895_doc_pdf.pdf,detalle_partida_capitulo_pdf,pdf,149797,146.3,data/dipres_2027_oficial/articles-430895_doc_pdf.pdf
articles-430895_doc_xls.xlsx,detalle_partida_capitulo_excel,xlsx,9067,8.9,data/dipres_2027_oficial/articles-430895_doc_xls.xlsx
articles-430896_doc_pdf.pdf,detalle_partida_capitulo_pdf,pdf,148411,144.9,data/dipres_2027_oficial/articles-430896_doc_pdf.pdf
articles-430896_doc_xls.xlsx,detalle_partida_capitulo_excel,xlsx,8852,8.6,data/dipres_2027_oficial/articles-430896_doc_xls.xlsx
articles-430897_doc_pdf.pdf,detalle_partida_capitulo_pdf,pdf,143803,140.4,data/dipres_2027_oficial/articles-430897_doc_pdf.pdf
articles-430897_doc_xls.xlsx,detalle_partida_capitulo_excel,xlsx,8094,7.9,data/dipres_2027_oficial/articles-430897_doc_xls.xlsx
articles-430898_doc_pdf.pdf,detalle_partida_capitulo_pdf,pdf,145084,141.7,data/dipres_2027_oficial/articles-430898_doc_pdf.pdf
articles-430898_doc_xls.xlsx,detalle_partida_capitulo_excel,xlsx,8499,8.3,data/dipres_2027_oficial/articles-430898_doc_xls.xlsx
articles-430899_doc_pdf.pdf,detalle_partida_capitulo_pdf,pdf,145415,142.0,data/dipres_2027_oficial/articles-430899_doc_pdf.pdf
articles-430899_doc_xls.xlsx,detalle_partida_capitulo_excel,xlsx,8648,8.4,data/dipres_2027_oficial/articles-430899_doc_xls.xlsx
articles-430900_doc_pdf.pdf,detalle_partida_capitulo_pdf,pdf,193322,188.8,data/dipres_2027_oficial/articles-430900_doc_pdf.pdf
articles-430900_doc_xls.xlsx,detalle_partida_capitulo_excel,xlsx,9332,9.1,data/dipres_2027_oficial/articles-430900_doc_xls.xlsx
articles-430901_doc_pdf.pdf,detalle_partida_capitulo_pdf,pdf,143838,140.5,data/dipres_2027_oficial/articles-430901_doc_pdf.pdf
articles-430901_doc_xls.xlsx,detalle_partida_capitulo_excel,xlsx,8196,8.0,data/dipres_2027_oficial/articles-430901_doc_xls.xlsx
articles-430902_doc_pdf.pdf,detalle_partida_capitulo_pdf,pdf,195898,191.3,data/dipres_2027_oficial/articles-430902_doc_pdf.pdf
articles-430902_doc_xls.xlsx,detalle_partida_capitulo_excel,xlsx,9447,9.2,data/dipres_2027_oficial/articles-430902_doc_xls.xlsx
articles-430903_doc_pdf.pdf,detalle_partida_capitulo_pdf,pdf,143921,140.5,data/dipres_2027_oficial/articles-430903_doc_pdf.pdf
articles-430903_doc_xls.xlsx,detalle_partida_capitulo_excel,xlsx,8203,8.0,data/dipres_2027_oficial/articles-430903_doc_xls.xlsx
articles-430904_doc_pdf.pdf,detalle_partida_capitulo_pdf,pdf,192111,187.6,data/dipres_2027_oficial/articles-430904_doc_pdf.pdf
articles-430904_doc_xls.xlsx,detalle_partida_capitulo_excel,xlsx,16127,15.7,data/dipres_2027_oficial/articles-430904_doc_xls.xlsx
articles-430905_doc_pdf.pdf,detalle_partida_capitulo_pdf,pdf,143871,140.5,data/dipres_2027_oficial/articles-430905_doc_pdf.pdf
articles-430905_doc_xls.xlsx,detalle_partida_capitulo_excel,xlsx,8264,8.1,data/dipres_2027_oficial/articles-430905_doc_xls.xlsx
articles-430906_doc_pdf.pdf,detalle_partida_capitulo_pdf,pdf,191142,186.7,data/dipres_2027_oficial/articles-430906_doc_pdf.pdf
articles-430906_doc_xls.xlsx,detalle_partida_capitulo_excel,xlsx,16074,15.7,data/dipres_2027_oficial/articles-430906_doc_xls.xlsx
articles-430907_doc_pdf.pdf,detalle_partida_capitulo_pdf,pdf,92528,90.4,data/dipres_2027_oficial/articles-430907_doc_pdf.pdf
articles-430907_doc_xls.xlsx,detalle_partida_capitulo_excel,xlsx,8242,8.0,data/dipres_2027_oficial/articles-430907_doc_xls.xlsx
articles-430908_doc_pdf.pdf,detalle_partida_capitulo_pdf,pdf,195461,190.9,data/dipres_2027_oficial/articles-430908_doc_pdf.pdf
articles-430908_doc_xls.xlsx,detalle_partida_capitulo_excel,xlsx,9420,9.2,data/dipres_2027_oficial/articles-430908_doc_xls.xlsx
articles-430909_doc_pdf.pdf,detalle_partida_capitulo_pdf,pdf,144457,141.1,data/dipres_2027_oficial/articles-430909_doc_pdf.pdf
articles-430909_doc_xls.xlsx,detalle_partida_capitulo_excel,xlsx,8441,8.2,data/dipres_2027_oficial/articles-430909_doc_xls.xlsx
articles-430910_doc_pdf.pdf,detalle_partida_capitulo_pdf,pdf,192495,188.0,data/dipres_2027_oficial/articles-430910_doc_pdf.pdf
articles-430910_doc_xls.xlsx,detalle_partida_capitulo_excel,xlsx,15940,15.6,data/dipres_2027_oficial/articles-430910_doc_xls.xlsx
articles-430911_doc_pdf.pdf,detalle_partida_capitulo_pdf,pdf,143303,139.9,data/dipres_2027_oficial/articles-430911_doc_pdf.pdf
articles-430911_doc_xls.xlsx,detalle_partida_capitulo_excel,xlsx,8208,8.0,data/dipres_2027_oficial/articles-430911_doc_xls.xlsx
articles-430912_doc_pdf.pdf,detalle_partida_capitulo_pdf,pdf,194760,190.2,data/dipres_2027_oficial/articles-430912_doc_pdf.pdf
articles-430912_doc_xls.xlsx,detalle_partida_capitulo_excel,xlsx,9383,9.2,data/dipres_2027_oficial/articles-430912_doc_xls.xlsx
articles-430913_doc_pdf.pdf,detalle_partida_capitulo_pdf,pdf,144112,140.7,data/dipres_2027_oficial/articles-430913_doc_pdf.pdf
articles-430913_doc_xls.xlsx,detalle_partida_capitulo_excel,xlsx,8443,8.2,data/dipres_2027_oficial/articles-430913_doc_xls.xlsx
articles-430914_doc_pdf.pdf,detalle_partida_capitulo_pdf,pdf,192453,187.9,data/dipres_2027_oficial/articles-430914_doc_pdf.pdf
articles-430914_doc_xls.xlsx,detalle_partida_capitulo_excel,xlsx,16485,16.1,data/dipres_2027_oficial/articles-430914_doc_xls.xlsx
articles-430915_doc_pdf.pdf,detalle_partida_capitulo_pdf,pdf,143078,139.7,data/dipres_2027_oficial/articles-430915_doc_pdf.pdf
articles-430915_doc_xls.xlsx,detalle_partida_capitulo_excel,xlsx,8070,7.9,data/dipres_2027_oficial/articles-430915_doc_xls.xlsx
articles-430916_doc_pdf.pdf,detalle_partida_capitulo_pdf,pdf,191226,186.7,data/dipres_2027_oficial/articles-430916_doc_pdf.pdf
articles-430916_doc_xls.xlsx,detalle_partida_capitulo_excel,xlsx,16027,15.7,data/dipres_2027_oficial/articles-430916_doc_xls.xlsx
articles-430917_doc_pdf.pdf,detalle_partida_capitulo_pdf,pdf,143285,139.9,data/dipres_2027_oficial/articles-430917_doc_pdf.pdf
articles-430917_doc_xls.xlsx,detalle_partida_capitulo_excel,xlsx,8194,8.0,data/dipres_2027_oficial/articles-430917_doc_xls.xlsx
articles-430918_doc_pdf.pdf,detalle_partida_capitulo_pdf,pdf,194112,189.6,data/dipres_2027_oficial/articles-430918_doc_pdf.pdf
articles-430918_doc_xls.xlsx,detalle_partida_capitulo_excel,xlsx,16279,15.9,data/dipres_2027_oficial/articles-430918_doc_xls.xlsx
articles-430919_doc_pdf.pdf,detalle_partida_capitulo_pdf,pdf,143837,140.5,data/dipres_2027_oficial/articles-430919_doc_pdf.pdf
articles-430919_doc_xls.xlsx,detalle_partida_capitulo_excel,xlsx,8087,7.9,data/dipres_2027_oficial/articles-430919_doc_xls.xlsx
articles-430920_doc_pdf.pdf,detalle_partida_capitulo_pdf,pdf,150810,147.3,data/dipres_2027_oficial/articles-430920_doc_pdf.pdf
articles-430920_doc_xls.xlsx,detalle_partida_capitulo_excel,xlsx,9276,9.1,data/dipres_2027_oficial/articles-430920_doc_xls.xlsx
articles-430921_doc_pdf.pdf,detalle_partida_capitulo_pdf,pdf,143837,140.5,data/dipres_2027_oficial/articles-430921_doc_pdf.pdf
articles-430921_doc_xls.xlsx,detalle_partida_capitulo_excel,xlsx,8118,7.9,data/dipres_2027_oficial/articles-430921_doc_xls.xlsx
articles-430922_doc_pdf.pdf,detalle_partida_capitulo_pdf,pdf,150996,147.5,data/dipres_2027_oficial/articles-430922_doc_pdf.pdf
articles-430922_doc_xls.xlsx,detalle_partida_capitulo_excel,xlsx,9394,9.2,data/dipres_2027_oficial/articles-430922_doc_xls.xlsx
articles-430923_doc_pdf.pdf,detalle_partida_capitulo_pdf,pdf,143285,139.9,data/dipres_2027_oficial/articles-430923_doc_pdf.pdf
articles-430923_doc_xls.xlsx,detalle_partida_capitulo_excel,xlsx,8082,7.9,data/dipres_2027_oficial/articles-430923_doc_xls.xlsx
articles-430924_doc_pdf.pdf,detalle_partida_capitulo_pdf,pdf,194200,189.6,data/dipres_2027_oficial/articles-430924_doc_pdf.pdf
articles-430924_doc_xls.xlsx,detalle_partida_capitulo_excel,xlsx,16306,15.9,data/dipres_2027_oficial/articles-430924_doc_xls.xlsx
articles-430925_doc_pdf.pdf,detalle_partida_capitulo_pdf,pdf,143873,140.5,data/dipres_2027_oficial/articles-430925_doc_pdf.pdf
articles-430925_doc_xls.xlsx,detalle_partida_capitulo_excel,xlsx,8179,8.0,data/dipres_2027_oficial/articles-430925_doc_xls.xlsx
articles-430926_doc_pdf.pdf,detalle_partida_capitulo_pdf,pdf,149754,146.2,data/dipres_2027_oficial/articles-430926_doc_pdf.pdf
articles-430926_doc_xls.xlsx,detalle_partida_capitulo_excel,xlsx,9298,9.1,data/dipres_2027_oficial/articles-430926_doc_xls.xlsx
articles-430927_doc_pdf.pdf,detalle_partida_capitulo_pdf,pdf,143253,139.9,data/dipres_2027_oficial/articles-430927_doc_pdf.pdf
articles-430927_doc_xls.xlsx,detalle_partida_capitulo_excel,xlsx,8389,8.2,data/dipres_2027_oficial/articles-430927_doc_xls.xlsx
articles-430928_doc_pdf.pdf,detalle_partida_capitulo_pdf,pdf,193476,188.9,data/dipres_2027_oficial/articles-430928_doc_pdf.pdf
articles-430928_doc_xls.xlsx,detalle_partida_capitulo_excel,xlsx,16237,15.9,data/dipres_2027_oficial/articles-430928_doc_xls.xlsx
articles-430929_doc_pdf.pdf,detalle_partida_capitulo_pdf,pdf,144080,140.7,data/dipres_2027_oficial/articles-430929_doc_pdf.pdf
articles-430929_doc_xls.xlsx,detalle_partida_capitulo_excel,xlsx,8311,8.1,data/dipres_2027_oficial/articles-430929_doc_xls.xlsx
articles-430930_doc_pdf.pdf,detalle_partida_capitulo_pdf,pdf,191806,187.3,data/dipres_2027_oficial/articles-430930_doc_pdf.pdf
articles-430930_doc_xls.xlsx,detalle_partida_capitulo_excel,xlsx,16131,15.8,data/dipres_2027_oficial/articles-430930_doc_xls.xlsx
articles-430931_doc_pdf.pdf,detalle_partida_capitulo_pdf,pdf,143255,139.9,data/dipres_2027_oficial/articles-430931_doc_pdf.pdf
articles-430931_doc_xls.xlsx,detalle_partida_capitulo_excel,xlsx,8211,8.0,data/dipres_2027_oficial/articles-430931_doc_xls.xlsx
articles-430932_doc_pdf.pdf,detalle_partida_capitulo_pdf,pdf,197087,192.5,data/dipres_2027_oficial/articles-430932_doc_pdf.pdf
articles-430932_doc_xls.xlsx,detalle_partida_capitulo_excel,xlsx,9583,9.4,data/dipres_2027_oficial/articles-430932_doc_xls.xlsx
articles-430933_doc_pdf.pdf,detalle_partida_capitulo_pdf,pdf,143856,140.5,data/dipres_2027_oficial/articles-430933_doc_pdf.pdf
articles-430933_doc_xls.xlsx,detalle_partida_capitulo_excel,xlsx,8201,8.0,data/dipres_2027_oficial/articles-430933_doc_xls.xlsx
articles-430934_doc_pdf.pdf,detalle_partida_capitulo_pdf,pdf,196437,191.8,data/dipres_2027_oficial/articles-430934_doc_pdf.pdf
articles-430934_doc_xls.xlsx,detalle_partida_capitulo_excel,xlsx,9451,9.2,data/dipres_2027_oficial/articles-430934_doc_xls.xlsx
articles-430935_doc_pdf.pdf,detalle_partida_capitulo_pdf,pdf,143542,140.2,data/dipres_2027_oficial/articles-430935_doc_pdf.pdf
articles-430935_doc_xls.xlsx,detalle_partida_capitulo_excel,xlsx,8137,7.9,data/dipres_2027_oficial/articles-430935_doc_xls.xlsx
articles-430936_doc_pdf.pdf,detalle_partida_capitulo_pdf,pdf,195581,191.0,data/dipres_2027_oficial/articles-430936_doc_pdf.pdf
articles-430936_doc_xls.xlsx,detalle_partida_capitulo_excel,xlsx,9399,9.2,data/dipres_2027_oficial/articles-430936_doc_xls.xlsx
articles-430937_doc_pdf.pdf,detalle_partida_capitulo_pdf,pdf,143432,140.1,data/dipres_2027_oficial/articles-430937_doc_pdf.pdf
articles-430937_doc_xls.xlsx,detalle_partida_capitulo_excel,xlsx,8130,7.9,data/dipres_2027_oficial/articles-430937_doc_xls.xlsx
articles-430938_doc_pdf.pdf,detalle_partida_capitulo_pdf,pdf,198066,193.4,data/dipres_2027_oficial/articles-430938_doc_pdf.pdf
articles-430938_doc_xls.xlsx,detalle_partida_capitulo_excel,xlsx,9536,9.3,data/dipres_2027_oficial/articles-430938_doc_xls.xlsx
articles-430939_doc_pdf.pdf,detalle_partida_capitulo_pdf,pdf,143592,140.2,data/dipres_2027_oficial/articles-430939_doc_pdf.pdf
articles-430939_doc_xls.xlsx,detalle_partida_capitulo_excel,xlsx,8150,8.0,data/dipres_2027_oficial/articles-430939_doc_xls.xlsx
articles-430940_doc_pdf.pdf,detalle_partida_capitulo_pdf,pdf,193245,188.7,data/dipres_2027_oficial/articles-430940_doc_pdf.pdf
articles-430940_doc_xls.xlsx,detalle_partida_capitulo_excel,xlsx,16012,15.6,data/dipres_2027_oficial/articles-430940_doc_xls.xlsx
articles-430941_doc_pdf.pdf,detalle_partida_capitulo_pdf,pdf,143497,140.1,data/dipres_2027_oficial/articles-430941_doc_pdf.pdf
articles-430941_doc_xls.xlsx,detalle_partida_capitulo_excel,xlsx,8234,8.0,data/dipres_2027_oficial/articles-430941_doc_xls.xlsx
articles-430942_doc_pdf.pdf,detalle_partida_capitulo_pdf,pdf,193208,188.7,data/dipres_2027_oficial/articles-430942_doc_pdf.pdf
articles-430942_doc_xls.xlsx,detalle_partida_capitulo_excel,xlsx,15947,15.6,data/dipres_2027_oficial/articles-430942_doc_xls.xlsx
articles-430943_doc_pdf.pdf,detalle_partida_capitulo_pdf,pdf,143500,140.1,data/dipres_2027_oficial/articles-430943_doc_pdf.pdf
articles-430943_doc_xls.xlsx,detalle_partida_capitulo_excel,xlsx,8302,8.1,data/dipres_2027_oficial/articles-430943_doc_xls.xlsx
articles-430944_doc_pdf.pdf,detalle_partida_capitulo_pdf,pdf,196051,191.5,data/dipres_2027_oficial/articles-430944_doc_pdf.pdf
articles-430944_doc_xls.xlsx,detalle_partida_capitulo_excel,xlsx,9443,9.2,data/dipres_2027_oficial/articles-430944_doc_xls.xlsx
articles-430945_doc_pdf.pdf,detalle_partida_capitulo_pdf,pdf,143269,139.9,data/dipres_2027_oficial/articles-430945_doc_pdf.pdf
articles-430945_doc_xls.xlsx,detalle_partida_capitulo_excel,xlsx,8215,8.0,data/dipres_2027_oficial/articles-430945_doc_xls.xlsx
articles-430946_doc_pdf.pdf,detalle_partida_capitulo_pdf,pdf,192018,187.5,data/dipres_2027_oficial/articles-430946_doc_pdf.pdf
articles-430946_doc_xls.xlsx,detalle_partida_capitulo_excel,xlsx,15931,15.6,data/dipres_2027_oficial/articles-430946_doc_xls.xlsx
articles-430947_doc_pdf.pdf,detalle_partida_capitulo_pdf,pdf,143296,139.9,data/dipres_2027_oficial/articles-430947_doc_pdf.pdf
articles-430947_doc_xls.xlsx,detalle_partida_capitulo_excel,xlsx,8227,8.0,data/dipres_2027_oficial/articles-430947_doc_xls.xlsx
articles-430948_doc_pdf.pdf,detalle_partida_capitulo_pdf,pdf,193202,188.7,data/dipres_2027_oficial/articles-430948_doc_pdf.pdf
articles-430948_doc_xls.xlsx,detalle_partida_capitulo_excel,xlsx,16127,15.7,data/dipres_2027_oficial/articles-430948_doc_xls.xlsx
articles-430949_doc_pdf.pdf,detalle_partida_capitulo_pdf,pdf,143328,140.0,data/dipres_2027_oficial/articles-430949_doc_pdf.pdf
articles-430949_doc_xls.xlsx,detalle_partida_capitulo_excel,xlsx,8098,7.9,data/dipres_2027_oficial/articles-430949_doc_xls.xlsx
articles-430950_doc_pdf.pdf,detalle_partida_capitulo_pdf,pdf,190358,185.9,data/dipres_2027_oficial/articles-430950_doc_pdf.pdf
articles-430950_doc_xls.xlsx,detalle_partida_capitulo_excel,xlsx,16031,15.7,data/dipres_2027_oficial/articles-430950_doc_xls.xlsx
articles-430951_doc_pdf.pdf,detalle_partida_capitulo_pdf,pdf,143332,140.0,data/dipres_2027_oficial/articles-430951_doc_pdf.pdf
articles-430951_doc_xls.xlsx,detalle_partida_capitulo_excel,xlsx,8241,8.0,data/dipres_2027_oficial/articles-430951_doc_xls.xlsx
articles-430952_doc_pdf.pdf,detalle_partida_capitulo_pdf,pdf,199468,194.8,data/dipres_2027_oficial/articles-430952_doc_pdf.pdf
articles-430952_doc_xls.xlsx,detalle_partida_capitulo_excel,xlsx,9630,9.4,data/dipres_2027_oficial/articles-430952_doc_xls.xlsx
articles-430953_doc_pdf.pdf,detalle_partida_capitulo_pdf,pdf,143278,139.9,data/dipres_2027_oficial/articles-430953_doc_pdf.pdf
articles-430953_doc_xls.xlsx,detalle_partida_capitulo_excel,xlsx,8221,8.0,data/dipres_2027_oficial/articles-430953_doc_xls.xlsx
articles-430954_doc_pdf.pdf,detalle_partida_capitulo_pdf,pdf,194605,190.0,data/dipres_2027_oficial/articles-430954_doc_pdf.pdf
articles-430954_doc_xls.xlsx,detalle_partida_capitulo_excel,xlsx,9516,9.3,data/dipres_2027_oficial/articles-430954_doc_xls.xlsx
articles-430955_doc_pdf.pdf,detalle_partida_capitulo_pdf,pdf,143457,140.1,data/dipres_2027_oficial/articles-430955_doc_pdf.pdf
articles-430955_doc_xls.xlsx,detalle_partida_capitulo_excel,xlsx,8252,8.1,data/dipres_2027_oficial/articles-430955_doc_xls.xlsx
articles-430956_doc_pdf.pdf,detalle_partida_capitulo_pdf,pdf,146691,143.3,data/dipres_2027_oficial/articles-430956_doc_pdf.pdf
articles-430956_doc_xls.xlsx,detalle_partida_capitulo_excel,xlsx,8592,8.4,data/dipres_2027_oficial/articles-430956_doc_xls.xlsx
articles-430957_doc_pdf.pdf,detalle_partida_capitulo_pdf,pdf,143417,140.1,data/dipres_2027_oficial/articles-430957_doc_pdf.pdf
articles-430957_doc_xls.xlsx,detalle_partida_capitulo_excel,xlsx,8216,8.0,data/dipres_2027_oficial/articles-430957_doc_xls.xlsx
articles-430958_doc_pdf.pdf,detalle_partida_capitulo_pdf,pdf,194357,189.8,data/dipres_2027_oficial/articles-430958_doc_pdf.pdf
articles-430958_doc_xls.xlsx,detalle_partida_capitulo_excel,xlsx,9345,9.1,data/dipres_2027_oficial/articles-430958_doc_xls.xlsx
articles-430959_doc_pdf.pdf,detalle_partida_capitulo_pdf,pdf,143423,140.1,data/dipres_2027_oficial/articles-430959_doc_pdf.pdf
articles-430959_doc_xls.xlsx,detalle_partida_capitulo_excel,xlsx,8288,8.1,data/dipres_2027_oficial/articles-430959_doc_xls.xlsx
articles-430960_doc_pdf.pdf,detalle_partida_capitulo_pdf,pdf,195236,190.7,data/dipres_2027_oficial/articles-430960_doc_pdf.pdf
articles-430960_doc_xls.xlsx,detalle_partida_capitulo_excel,xlsx,9372,9.2,data/dipres_2027_oficial/articles-430960_doc_xls.xlsx
articles-430961_doc_pdf.pdf,detalle_partida_capitulo_pdf,pdf,143413,140.1,data/dipres_2027_oficial/articles-430961_doc_pdf.pdf
articles-430961_doc_xls.xlsx,detalle_partida_capitulo_excel,xlsx,8222,8.0,data/dipres_2027_oficial/articles-430961_doc_xls.xlsx
articles-430962_doc_pdf.pdf,detalle_partida_capitulo_pdf,pdf,150336,146.8,data/dipres_2027_oficial/articles-430962_doc_pdf.pdf
articles-430962_doc_xls.xlsx,detalle_partida_capitulo_excel,xlsx,9226,9.0,data/dipres_2027_oficial/articles-430962_doc_xls.xlsx
articles-430963_doc_pdf.pdf,detalle_partida_capitulo_pdf,pdf,139641,136.4,data/dipres_2027_oficial/articles-430963_doc_pdf.pdf
articles-430963_doc_xls.xlsx,detalle_partida_capitulo_excel,xlsx,14575,14.2,data/dipres_2027_oficial/articles-430963_doc_xls.xlsx
articles-430964_doc_pdf.pdf,detalle_partida_capitulo_pdf,pdf,195047,190.5,data/dipres_2027_oficial/articles-430964_doc_pdf.pdf
articles-430964_doc_xls.xlsx,detalle_partida_capitulo_excel,xlsx,9405,9.2,data/dipres_2027_oficial/articles-430964_doc_xls.xlsx
articles-430965_doc_pdf.pdf,detalle_partida_capitulo_pdf,pdf,139946,136.7,data/dipres_2027_oficial/articles-430965_doc_pdf.pdf
articles-430965_doc_xls.xlsx,detalle_partida_capitulo_excel,xlsx,14648,14.3,data/dipres_2027_oficial/articles-430965_doc_xls.xlsx
articles-430966_doc_pdf.pdf,detalle_partida_capitulo_pdf,pdf,150037,146.5,data/dipres_2027_oficial/articles-430966_doc_pdf.pdf
articles-430966_doc_xls.xlsx,detalle_partida_capitulo_excel,xlsx,9329,9.1,data/dipres_2027_oficial/articles-430966_doc_xls.xlsx
articles-430967_doc_pdf.pdf,detalle_partida_capitulo_pdf,pdf,143568,140.2,data/dipres_2027_oficial/articles-430967_doc_pdf.pdf
articles-430967_doc_xls.xlsx,detalle_partida_capitulo_excel,xlsx,8118,7.9,data/dipres_2027_oficial/articles-430967_doc_xls.xlsx
articles-430968_doc_pdf.pdf,detalle_partida_capitulo_pdf,pdf,150559,147.0,data/dipres_2027_oficial/articles-430968_doc_pdf.pdf
articles-430968_doc_xls.xlsx,detalle_partida_capitulo_excel,xlsx,9339,9.1,data/dipres_2027_oficial/articles-430968_doc_xls.xlsx
articles-430969_doc_pdf.pdf,detalle_partida_capitulo_pdf,pdf,144093,140.7,data/dipres_2027_oficial/articles-430969_doc_pdf.pdf
articles-430969_doc_xls.xlsx,detalle_partida_capitulo_excel,xlsx,8136,7.9,data/dipres_2027_oficial/articles-430969_doc_xls.xlsx
articles-430970_doc_pdf.pdf,detalle_partida_capitulo_pdf,pdf,146977,143.5,data/dipres_2027_oficial/articles-430970_doc_pdf.pdf
articles-430970_doc_xls.xlsx,detalle_partida_capitulo_excel,xlsx,8532,8.3,data/dipres_2027_oficial/articles-430970_doc_xls.xlsx
articles-430971_doc_pdf.pdf,detalle_partida_capitulo_pdf,pdf,140129,136.8,data/dipres_2027_oficial/articles-430971_doc_pdf.pdf
articles-430971_doc_xls.xlsx,detalle_partida_capitulo_excel,xlsx,14575,14.2,data/dipres_2027_oficial/articles-430971_doc_xls.xlsx
articles-430972_doc_pdf.pdf,detalle_partida_capitulo_pdf,pdf,193043,188.5,data/dipres_2027_oficial/articles-430972_doc_pdf.pdf
articles-430972_doc_xls.xlsx,detalle_partida_capitulo_excel,xlsx,15925,15.6,data/dipres_2027_oficial/articles-430972_doc_xls.xlsx
articles-430973_doc_pdf.pdf,detalle_partida_capitulo_pdf,pdf,139683,136.4,data/dipres_2027_oficial/articles-430973_doc_pdf.pdf
articles-430973_doc_xls.xlsx,detalle_partida_capitulo_excel,xlsx,14592,14.2,data/dipres_2027_oficial/articles-430973_doc_xls.xlsx
articles-430974_doc_pdf.pdf,detalle_partida_capitulo_pdf,pdf,192337,187.8,data/dipres_2027_oficial/articles-430974_doc_pdf.pdf
articles-430974_doc_xls.xlsx,detalle_partida_capitulo_excel,xlsx,15913,15.5,data/dipres_2027_oficial/articles-430974_doc_xls.xlsx
articles-430975_doc_pdf.pdf,detalle_partida_capitulo_pdf,pdf,143883,140.5,data/dipres_2027_oficial/articles-430975_doc_pdf.pdf
articles-430975_doc_xls.xlsx,detalle_partida_capitulo_excel,xlsx,8186,8.0,data/dipres_2027_oficial/articles-430975_doc_xls.xlsx
articles-430976_doc_pdf.pdf,detalle_partida_capitulo_pdf,pdf,194274,189.7,data/dipres_2027_oficial/articles-430976_doc_pdf.pdf
articles-430976_doc_xls.xlsx,detalle_partida_capitulo_excel,xlsx,16309,15.9,data/dipres_2027_oficial/articles-430976_doc_xls.xlsx
articles-430977_doc_pdf.pdf,detalle_partida_capitulo_pdf,pdf,144602,141.2,data/dipres_2027_oficial/articles-430977_doc_pdf.pdf
articles-430977_doc_xls.xlsx,detalle_partida_capitulo_excel,xlsx,8181,8.0,data/dipres_2027_oficial/articles-430977_doc_xls.xlsx
articles-430978_doc_pdf.pdf,detalle_partida_capitulo_pdf,pdf,144913,141.5,data/dipres_2027_oficial/articles-430978_doc_pdf.pdf
articles-430978_doc_xls.xlsx,detalle_partida_capitulo_excel,xlsx,8151,8.0,data/dipres_2027_oficial/articles-430978_doc_xls.xlsx
articles-430979_doc_pdf.pdf,detalle_partida_capitulo_pdf,pdf,146917,143.5,data/dipres_2027_oficial/articles-430979_doc_pdf.pdf
articles-430979_doc_xls.xlsx,detalle_partida_capitulo_excel,xlsx,8413,8.2,data/dipres_2027_oficial/articles-430979_doc_xls.xlsx
articles-430980_doc_pdf.pdf,detalle_partida_capitulo_pdf,pdf,144640,141.2,data/dipres_2027_oficial/articles-430980_doc_pdf.pdf
articles-430980_doc_xls.xlsx,detalle_partida_capitulo_excel,xlsx,8193,8.0,data/dipres_2027_oficial/articles-430980_doc_xls.xlsx
articles-430981_doc_pdf.pdf,detalle_partida_capitulo_pdf,pdf,146728,143.3,data/dipres_2027_oficial/articles-430981_doc_pdf.pdf
articles-430981_doc_xls.xlsx,detalle_partida_capitulo_excel,xlsx,8525,8.3,data/dipres_2027_oficial/articles-430981_doc_xls.xlsx
articles-430982_doc_pdf.pdf,detalle_partida_capitulo_pdf,pdf,144651,141.3,data/dipres_2027_oficial/articles-430982_doc_pdf.pdf
articles-430982_doc_xls.xlsx,detalle_partida_capitulo_excel,xlsx,8188,8.0,data/dipres_2027_oficial/articles-430982_doc_xls.xlsx
articles-430983_doc_pdf.pdf,detalle_partida_capitulo_pdf,pdf,146338,142.9,data/dipres_2027_oficial/articles-430983_doc_pdf.pdf
articles-430983_doc_xls.xlsx,detalle_partida_capitulo_excel,xlsx,8513,8.3,data/dipres_2027_oficial/articles-430983_doc_xls.xlsx
articles-430984_doc_pdf.pdf,detalle_partida_capitulo_pdf,pdf,143446,140.1,data/dipres_2027_oficial/articles-430984_doc_pdf.pdf
articles-430984_doc_xls.xlsx,detalle_partida_capitulo_excel,xlsx,7916,7.7,data/dipres_2027_oficial/articles-430984_doc_xls.xlsx
articles-430985_doc_pdf.pdf,detalle_partida_capitulo_pdf,pdf,144925,141.5,data/dipres_2027_oficial/articles-430985_doc_pdf.pdf
articles-430985_doc_xls.xlsx,detalle_partida_capitulo_excel,xlsx,8141,8.0,data/dipres_2027_oficial/articles-430985_doc_xls.xlsx
articles-430986_doc_pdf.pdf,detalle_partida_capitulo_pdf,pdf,145024,141.6,data/dipres_2027_oficial/articles-430986_doc_pdf.pdf
articles-430986_doc_xls.xlsx,detalle_partida_capitulo_excel,xlsx,8184,8.0,data/dipres_2027_oficial/articles-430986_doc_xls.xlsx
articles-430987_doc_pdf.pdf,detalle_partida_capitulo_pdf,pdf,144557,141.2,data/dipres_2027_oficial/articles-430987_doc_pdf.pdf
articles-430987_doc_xls.xlsx,detalle_partida_capitulo_excel,xlsx,8142,8.0,data/dipres_2027_oficial/articles-430987_doc_xls.xlsx
articles-430988_doc_pdf.pdf,detalle_partida_capitulo_pdf,pdf,144989,141.6,data/dipres_2027_oficial/articles-430988_doc_pdf.pdf
articles-430988_doc_xls.xlsx,detalle_partida_capitulo_excel,xlsx,8190,8.0,data/dipres_2027_oficial/articles-430988_doc_xls.xlsx
articles-430989_doc_pdf.pdf,detalle_partida_capitulo_pdf,pdf,144626,141.2,data/dipres_2027_oficial/articles-430989_doc_pdf.pdf
articles-430989_doc_xls.xlsx,detalle_partida_capitulo_excel,xlsx,8196,8.0,data/dipres_2027_oficial/articles-430989_doc_xls.xlsx
articles-430990_doc_pdf.pdf,detalle_partida_capitulo_pdf,pdf,146084,142.7,data/dipres_2027_oficial/articles-430990_doc_pdf.pdf
articles-430990_doc_xls.xlsx,detalle_partida_capitulo_excel,xlsx,8524,8.3,data/dipres_2027_oficial/articles-430990_doc_xls.xlsx
articles-430991_doc_pdf.pdf,detalle_partida_capitulo_pdf,pdf,144858,141.5,data/dipres_2027_oficial/articles-430991_doc_pdf.pdf
articles-430991_doc_xls.xlsx,detalle_partida_capitulo_excel,xlsx,8138,7.9,data/dipres_2027_oficial/articles-430991_doc_xls.xlsx
articles-430992_doc_pdf.pdf,detalle_partida_capitulo_pdf,pdf,144509,141.1,data/dipres_2027_oficial/articles-430992_doc_pdf.pdf
articles-430992_doc_xls.xlsx,detalle_partida_capitulo_excel,xlsx,8131,7.9,data/dipres_2027_oficial/articles-430992_doc_xls.xlsx
articles-430993_doc_pdf.pdf,detalle_partida_capitulo_pdf,pdf,144977,141.6,data/dipres_2027_oficial/articles-430993_doc_pdf.pdf
articles-430993_doc_xls.xlsx,detalle_partida_capitulo_excel,xlsx,8171,8.0,data/dipres_2027_oficial/articles-430993_doc_xls.xlsx
articles-430994_doc_pdf.pdf,detalle_partida_capitulo_pdf,pdf,144888,141.5,data/dipres_2027_oficial/articles-430994_doc_pdf.pdf
articles-430994_doc_xls.xlsx,detalle_partida_capitulo_excel,xlsx,8174,8.0,data/dipres_2027_oficial/articles-430994_doc_xls.xlsx
articles-430995_doc_pdf.pdf,detalle_partida_capitulo_pdf,pdf,144529,141.1,data/dipres_2027_oficial/articles-430995_doc_pdf.pdf
articles-430995_doc_xls.xlsx,detalle_partida_capitulo_excel,xlsx,8136,7.9,data/dipres_2027_oficial/articles-430995_doc_xls.xlsx
articles-430996_doc_pdf.pdf,detalle_partida_capitulo_pdf,pdf,144878,141.5,data/dipres_2027_oficial/articles-430996_doc_pdf.pdf
articles-430996_doc_xls.xlsx,detalle_partida_capitulo_excel,xlsx,8136,7.9,data/dipres_2027_oficial/articles-430996_doc_xls.xlsx
articles-430997_doc_pdf.pdf,detalle_partida_capitulo_pdf,pdf,144938,141.5,data/dipres_2027_oficial/articles-430997_doc_pdf.pdf
articles-430997_doc_xls.xlsx,detalle_partida_capitulo_excel,xlsx,8139,7.9,data/dipres_2027_oficial/articles-430997_doc_xls.xlsx
articles-430998_doc_pdf.pdf,detalle_partida_capitulo_pdf,pdf,144941,141.5,data/dipres_2027_oficial/articles-430998_doc_pdf.pdf
articles-430998_doc_xls.xlsx,detalle_partida_capitulo_excel,xlsx,8152,8.0,data/dipres_2027_oficial/articles-430998_doc_xls.xlsx
articles-430999_doc_pdf.pdf,detalle_partida_capitulo_pdf,pdf,144540,141.2,data/dipres_2027_oficial/articles-430999_doc_pdf.pdf
articles-430999_doc_xls.xlsx,detalle_partida_capitulo_excel,xlsx,8135,7.9,data/dipres_2027_oficial/articles-430999_doc_xls.xlsx
articles-431000_doc_pdf.pdf,detalle_partida_capitulo_pdf,pdf,143914,140.5,data/dipres_2027_oficial/articles-431000_doc_pdf.pdf
articles-431000_doc_xls.xlsx,detalle_partida_capitulo_excel,xlsx,8135,7.9,data/dipres_2027_oficial/articles-431000_doc_xls.xlsx
articles-431001_doc_pdf.pdf,detalle_partida_capitulo_pdf,pdf,143335,140.0,data/dipres_2027_oficial/articles-431001_doc_pdf.pdf
articles-431001_doc_xls.xlsx,detalle_partida_capitulo_excel,xlsx,7918,7.7,data/dipres_2027_oficial/articles-431001_doc_xls.xlsx
articles-431002_doc_pdf.pdf,detalle_partida_capitulo_pdf,pdf,144507,141.1,data/dipres_2027_oficial/articles-431002_doc_pdf.pdf
articles-431002_doc_xls.xlsx,detalle_partida_capitulo_excel,xlsx,8121,7.9,data/dipres_2027_oficial/articles-431002_doc_xls.xlsx
articles-431003_doc_pdf.pdf,detalle_partida_capitulo_pdf,pdf,143733,140.4,data/dipres_2027_oficial/articles-431003_doc_pdf.pdf
articles-431003_doc_xls.xlsx,detalle_partida_capitulo_excel,xlsx,7916,7.7,data/dipres_2027_oficial/articles-431003_doc_xls.xlsx
articles-431004_doc_pdf.pdf,detalle_partida_capitulo_pdf,pdf,143750,140.4,data/dipres_2027_oficial/articles-431004_doc_pdf.pdf
articles-431004_doc_xls.xlsx,detalle_partida_capitulo_excel,xlsx,7920,7.7,data/dipres_2027_oficial/articles-431004_doc_xls.xlsx
articles-431005_doc_pdf.pdf,detalle_partida_capitulo_pdf,pdf,143756,140.4,data/dipres_2027_oficial/articles-431005_doc_pdf.pdf
articles-431005_doc_xls.xlsx,detalle_partida_capitulo_excel,xlsx,7924,7.7,data/dipres_2027_oficial/articles-431005_doc_xls.xlsx
articles-431006_doc_pdf.pdf,detalle_partida_capitulo_pdf,pdf,143136,139.8,data/dipres_2027_oficial/articles-431006_doc_pdf.pdf
articles-431006_doc_xls.xlsx,detalle_partida_capitulo_excel,xlsx,7925,7.7,data/dipres_2027_oficial/articles-431006_doc_xls.xlsx
articles-431007_doc_pdf.pdf,detalle_partida_capitulo_pdf,pdf,143365,140.0,data/dipres_2027_oficial/articles-431007_doc_pdf.pdf
articles-431007_doc_xls.xlsx,detalle_partida_capitulo_excel,xlsx,7922,7.7,data/dipres_2027_oficial/articles-431007_doc_xls.xlsx
articles-431008_doc_pdf.pdf,detalle_partida_capitulo_pdf,pdf,143321,140.0,data/dipres_2027_oficial/articles-431008_doc_pdf.pdf
articles-431008_doc_xls.xlsx,detalle_partida_capitulo_excel,xlsx,7923,7.7,data/dipres_2027_oficial/articles-431008_doc_xls.xlsx
articles-431009_doc_pdf.pdf,detalle_partida_capitulo_pdf,pdf,143745,140.4,data/dipres_2027_oficial/articles-431009_doc_pdf.pdf
articles-431009_doc_xls.xlsx,detalle_partida_capitulo_excel,xlsx,7920,7.7,data/dipres_2027_oficial/articles-431009_doc_xls.xlsx
articles-431010_doc_pdf.pdf,detalle_partida_capitulo_pdf,pdf,142777,139.4,data/dipres_2027_oficial/articles-431010_doc_pdf.pdf
articles-431010_doc_xls.xlsx,detalle_partida_capitulo_excel,xlsx,7926,7.7,data/dipres_2027_oficial/articles-431010_doc_xls.xlsx
articles-431011_doc_pdf.pdf,detalle_partida_capitulo_pdf,pdf,143678,140.3,data/dipres_2027_oficial/articles-431011_doc_pdf.pdf
articles-431011_doc_xls.xlsx,detalle_partida_capitulo_excel,xlsx,7915,7.7,data/dipres_2027_oficial/articles-431011_doc_xls.xlsx
articles-431012_doc_pdf.pdf,detalle_partida_capitulo_pdf,pdf,143668,140.3,data/dipres_2027_oficial/articles-431012_doc_pdf.pdf
articles-431012_doc_xls.xlsx,detalle_partida_capitulo_excel,xlsx,7915,7.7,data/dipres_2027_oficial/articles-431012_doc_xls.xlsx
articles-431013_doc_pdf.pdf,detalle_partida_capitulo_pdf,pdf,146618,143.2,data/dipres_2027_oficial/articles-431013_doc_pdf.pdf
articles-431013_doc_xls.xlsx,detalle_partida_capitulo_excel,xlsx,8924,8.7,data/dipres_2027_oficial/articles-431013_doc_xls.xlsx
articles-431014_doc_pdf.pdf,detalle_partida_capitulo_pdf,pdf,148627,145.1,data/dipres_2027_oficial/articles-431014_doc_pdf.pdf
articles-431014_doc_xls.xlsx,detalle_partida_capitulo_excel,xlsx,9412,9.2,data/dipres_2027_oficial/articles-431014_doc_xls.xlsx
articles-431015_doc_pdf.pdf,detalle_partida_capitulo_pdf,pdf,191049,186.6,data/dipres_2027_oficial/articles-431015_doc_pdf.pdf
articles-431015_doc_xls.xlsx,detalle_partida_capitulo_excel,xlsx,16344,16.0,data/dipres_2027_oficial/articles-431015_doc_xls.xlsx
articles-431016_doc_pdf.pdf,detalle_partida_capitulo_pdf,pdf,139454,136.2,data/dipres_2027_oficial/articles-431016_doc_pdf.pdf
articles-431016_doc_xls.xlsx,detalle_partida_capitulo_excel,xlsx,14132,13.8,data/dipres_2027_oficial/articles-431016_doc_xls.xlsx
articles-431017_doc_pdf.pdf,detalle_partida_capitulo_pdf,pdf,340053,332.1,data/dipres_2027_oficial/articles-431017_doc_pdf.pdf
articles-431017_doc_xls.xlsx,detalle_partida_capitulo_excel,xlsx,18645,18.2,data/dipres_2027_oficial/articles-431017_doc_xls.xlsx
articles-431018_doc_pdf.pdf,detalle_partida_capitulo_pdf,pdf,299332,292.3,data/dipres_2027_oficial/articles-431018_doc_pdf.pdf
articles-431018_doc_xls.xlsx,detalle_partida_capitulo_excel,xlsx,19392,18.9,data/dipres_2027_oficial/articles-431018_doc_xls.xlsx
articles-431019_doc_pdf.pdf,detalle_partida_capitulo_pdf,pdf,360511,352.1,data/dipres_2027_oficial/articles-431019_doc_pdf.pdf
articles-431019_doc_xls.xlsx,detalle_partida_capitulo_excel,xlsx,22588,22.1,data/dipres_2027_oficial/articles-431019_doc_xls.xlsx
articles-431020_doc_pdf.pdf,detalle_partida_capitulo_pdf,pdf,293334,286.5,data/dipres_2027_oficial/articles-431020_doc_pdf.pdf
articles-431020_doc_xls.xlsx,detalle_partida_capitulo_excel,xlsx,21203,20.7,data/dipres_2027_oficial/articles-431020_doc_xls.xlsx
articles-431021_doc_pdf.pdf,detalle_partida_capitulo_pdf,pdf,102093,99.7,data/dipres_2027_oficial/articles-431021_doc_pdf.pdf
articles-431021_doc_xls.xlsx,detalle_partida_capitulo_excel,xlsx,16735,16.3,data/dipres_2027_oficial/articles-431021_doc_xls.xlsx
articles-431022_doc_pdf.pdf,detalle_partida_capitulo_pdf,pdf,117146,114.4,data/dipres_2027_oficial/articles-431022_doc_pdf.pdf
articles-431022_doc_xls.xlsx,detalle_partida_capitulo_excel,xlsx,14034,13.7,data/dipres_2027_oficial/articles-431022_doc_xls.xlsx
articles-431023_doc_pdf.pdf,detalle_partida_capitulo_pdf,pdf,127638,124.6,data/dipres_2027_oficial/articles-431023_doc_pdf.pdf
articles-431023_doc_xls.xlsx,detalle_partida_capitulo_excel,xlsx,15850,15.5,data/dipres_2027_oficial/articles-431023_doc_xls.xlsx
articles-431024_doc_pdf.pdf,detalle_partida_capitulo_pdf,pdf,95147,92.9,data/dipres_2027_oficial/articles-431024_doc_pdf.pdf
articles-431024_doc_xls.xlsx,detalle_partida_capitulo_excel,xlsx,14949,14.6,data/dipres_2027_oficial/articles-431024_doc_xls.xlsx
articles-431025_doc_pdf.pdf,detalle_partida_capitulo_pdf,pdf,103966,101.5,data/dipres_2027_oficial/articles-431025_doc_pdf.pdf
articles-431025_doc_xls.xlsx,detalle_partida_capitulo_excel,xlsx,14315,14.0,data/dipres_2027_oficial/articles-431025_doc_xls.xlsx
articles-431026_doc_pdf.pdf,detalle_partida_capitulo_pdf,pdf,100884,98.5,data/dipres_2027_oficial/articles-431026_doc_pdf.pdf
articles-431026_doc_xls.xlsx,detalle_partida_capitulo_excel,xlsx,14036,13.7,data/dipres_2027_oficial/articles-431026_doc_xls.xlsx
articles-431027_doc_pdf.pdf,detalle_partida_capitulo_pdf,pdf,126038,123.1,data/dipres_2027_oficial/articles-431027_doc_pdf.pdf
articles-431027_doc_xls.xlsx,detalle_partida_capitulo_excel,xlsx,15848,15.5,data/dipres_2027_oficial/articles-431027_doc_xls.xlsx
articles-431028_doc_pdf.pdf,detalle_partida_capitulo_pdf,pdf,87407,85.4,data/dipres_2027_oficial/articles-431028_doc_pdf.pdf
articles-431028_doc_xls.xlsx,detalle_partida_capitulo_excel,xlsx,13491,13.2,data/dipres_2027_oficial/articles-431028_doc_xls.xlsx
articles-431029_doc_pdf.pdf,detalle_partida_capitulo_pdf,pdf,135290,132.1,data/dipres_2027_oficial/articles-431029_doc_pdf.pdf
articles-431029_doc_xls.xlsx,detalle_partida_capitulo_excel,xlsx,15669,15.3,data/dipres_2027_oficial/articles-431029_doc_xls.xlsx
articles-431030_doc_pdf.pdf,detalle_partida_capitulo_pdf,pdf,96811,94.5,data/dipres_2027_oficial/articles-431030_doc_pdf.pdf
articles-431030_doc_xls.xlsx,detalle_partida_capitulo_excel,xlsx,9020,8.8,data/dipres_2027_oficial/articles-431030_doc_xls.xlsx
articles-431031_doc_pdf.pdf,detalle_partida_capitulo_pdf,pdf,95248,93.0,data/dipres_2027_oficial/articles-431031_doc_pdf.pdf
articles-431031_doc_xls.xlsx,detalle_partida_capitulo_excel,xlsx,8776,8.6,data/dipres_2027_oficial/articles-431031_doc_xls.xlsx
articles-431032_doc_pdf.pdf,detalle_partida_capitulo_pdf,pdf,93655,91.5,data/dipres_2027_oficial/articles-431032_doc_pdf.pdf
articles-431032_doc_xls.xlsx,detalle_partida_capitulo_excel,xlsx,14523,14.2,data/dipres_2027_oficial/articles-431032_doc_xls.xlsx
articles-431033_doc_pdf.pdf,detalle_partida_capitulo_pdf,pdf,280056,273.5,data/dipres_2027_oficial/articles-431033_doc_pdf.pdf
articles-431033_doc_xls.xlsx,detalle_partida_capitulo_excel,xlsx,31727,31.0,data/dipres_2027_oficial/articles-431033_doc_xls.xlsx
articles-431034_doc_pdf.pdf,detalle_partida_capitulo_pdf,pdf,227262,221.9,data/dipres_2027_oficial/articles-431034_doc_pdf.pdf
articles-431034_doc_xls.xlsx,detalle_partida_capitulo_excel,xlsx,16385,16.0,data/dipres_2027_oficial/articles-431034_doc_xls.xlsx
articles-431035_doc_pdf.pdf,detalle_partida_capitulo_pdf,pdf,226658,221.3,data/dipres_2027_oficial/articles-431035_doc_pdf.pdf
articles-431035_doc_xls.xlsx,detalle_partida_capitulo_excel,xlsx,16450,16.1,data/dipres_2027_oficial/articles-431035_doc_xls.xlsx
articles-431036_doc_pdf.pdf,detalle_partida_capitulo_pdf,pdf,275929,269.5,data/dipres_2027_oficial/articles-431036_doc_pdf.pdf
articles-431036_doc_xls.xlsx,detalle_partida_capitulo_excel,xlsx,31350,30.6,data/dipres_2027_oficial/articles-431036_doc_xls.xlsx
articles-431037_doc_pdf.pdf,detalle_partida_capitulo_pdf,pdf,90101,88.0,data/dipres_2027_oficial/articles-431037_doc_pdf.pdf
articles-431037_doc_xls.xlsx,detalle_partida_capitulo_excel,xlsx,16825,16.4,data/dipres_2027_oficial/articles-431037_doc_xls.xlsx
articles-431038_doc_pdf.pdf,detalle_partida_capitulo_pdf,pdf,136509,133.3,data/dipres_2027_oficial/articles-431038_doc_pdf.pdf
articles-431038_doc_xls.xlsx,detalle_partida_capitulo_excel,xlsx,16102,15.7,data/dipres_2027_oficial/articles-431038_doc_xls.xlsx
articles-431039_doc_pdf.pdf,detalle_partida_capitulo_pdf,pdf,274390,268.0,data/dipres_2027_oficial/articles-431039_doc_pdf.pdf
articles-431039_doc_xls.xlsx,detalle_partida_capitulo_excel,xlsx,31237,30.5,data/dipres_2027_oficial/articles-431039_doc_xls.xlsx
articles-431040_doc_pdf.pdf,detalle_partida_capitulo_pdf,pdf,216079,211.0,data/dipres_2027_oficial/articles-431040_doc_pdf.pdf
articles-431040_doc_xls.xlsx,detalle_partida_capitulo_excel,xlsx,14877,14.5,data/dipres_2027_oficial/articles-431040_doc_xls.xlsx
articles-431041_doc_pdf.pdf,detalle_partida_capitulo_pdf,pdf,225630,220.3,data/dipres_2027_oficial/articles-431041_doc_pdf.pdf
articles-431041_doc_xls.xlsx,detalle_partida_capitulo_excel,xlsx,15617,15.3,data/dipres_2027_oficial/articles-431041_doc_xls.xlsx
articles-431042_doc_pdf.pdf,detalle_partida_capitulo_pdf,pdf,231652,226.2,data/dipres_2027_oficial/articles-431042_doc_pdf.pdf
articles-431042_doc_xls.xlsx,detalle_partida_capitulo_excel,xlsx,17755,17.3,data/dipres_2027_oficial/articles-431042_doc_xls.xlsx
articles-431043_doc_pdf.pdf,detalle_partida_capitulo_pdf,pdf,225238,220.0,data/dipres_2027_oficial/articles-431043_doc_pdf.pdf
articles-431043_doc_xls.xlsx,detalle_partida_capitulo_excel,xlsx,15297,14.9,data/dipres_2027_oficial/articles-431043_doc_xls.xlsx
articles-431044_doc_pdf.pdf,detalle_partida_capitulo_pdf,pdf,142825,139.5,data/dipres_2027_oficial/articles-431044_doc_pdf.pdf
articles-431044_doc_xls.xlsx,detalle_partida_capitulo_excel,xlsx,16790,16.4,data/dipres_2027_oficial/articles-431044_doc_xls.xlsx
articles-431045_doc_pdf.pdf,detalle_partida_capitulo_pdf,pdf,231726,226.3,data/dipres_2027_oficial/articles-431045_doc_pdf.pdf
articles-431045_doc_xls.xlsx,detalle_partida_capitulo_excel,xlsx,17855,17.4,data/dipres_2027_oficial/articles-431045_doc_xls.xlsx
articles-431046_doc_pdf.pdf,detalle_partida_capitulo_pdf,pdf,210393,205.5,data/dipres_2027_oficial/articles-431046_doc_pdf.pdf
articles-431046_doc_xls.xlsx,detalle_partida_capitulo_excel,xlsx,16150,15.8,data/dipres_2027_oficial/articles-431046_doc_xls.xlsx
articles-431047_doc_pdf.pdf,detalle_partida_capitulo_pdf,pdf,230609,225.2,data/dipres_2027_oficial/articles-431047_doc_pdf.pdf
articles-431047_doc_xls.xlsx,detalle_partida_capitulo_excel,xlsx,17198,16.8,data/dipres_2027_oficial/articles-431047_doc_xls.xlsx
articles-431048_doc_pdf.pdf,detalle_partida_capitulo_pdf,pdf,213791,208.8,data/dipres_2027_oficial/articles-431048_doc_pdf.pdf
articles-431048_doc_xls.xlsx,detalle_partida_capitulo_excel,xlsx,13864,13.5,data/dipres_2027_oficial/articles-431048_doc_xls.xlsx
articles-431049_doc_pdf.pdf,detalle_partida_capitulo_pdf,pdf,226228,220.9,data/dipres_2027_oficial/articles-431049_doc_pdf.pdf
articles-431049_doc_xls.xlsx,detalle_partida_capitulo_excel,xlsx,16108,15.7,data/dipres_2027_oficial/articles-431049_doc_xls.xlsx
articles-431050_doc_pdf.pdf,detalle_partida_capitulo_pdf,pdf,224864,219.6,data/dipres_2027_oficial/articles-431050_doc_pdf.pdf
articles-431050_doc_xls.xlsx,detalle_partida_capitulo_excel,xlsx,15565,15.2,data/dipres_2027_oficial/articles-431050_doc_xls.xlsx
articles-431051_doc_pdf.pdf,detalle_partida_capitulo_pdf,pdf,234565,229.1,data/dipres_2027_oficial/articles-431051_doc_pdf.pdf
articles-431051_doc_xls.xlsx,detalle_partida_capitulo_excel,xlsx,29212,28.5,data/dipres_2027_oficial/articles-431051_doc_xls.xlsx
articles-431052_doc_pdf.pdf,detalle_partida_capitulo_pdf,pdf,251162,245.3,data/dipres_2027_oficial/articles-431052_doc_pdf.pdf
articles-431052_doc_xls.xlsx,detalle_partida_capitulo_excel,xlsx,20870,20.4,data/dipres_2027_oficial/articles-431052_doc_xls.xlsx
articles-431053_doc_pdf.pdf,detalle_partida_capitulo_pdf,pdf,225041,219.8,data/dipres_2027_oficial/articles-431053_doc_pdf.pdf
articles-431053_doc_xls.xlsx,detalle_partida_capitulo_excel,xlsx,20509,20.0,data/dipres_2027_oficial/articles-431053_doc_xls.xlsx
articles-431054_doc_pdf.pdf,detalle_partida_capitulo_pdf,pdf,230864,225.5,data/dipres_2027_oficial/articles-431054_doc_pdf.pdf
articles-431054_doc_xls.xlsx,detalle_partida_capitulo_excel,xlsx,21897,21.4,data/dipres_2027_oficial/articles-431054_doc_xls.xlsx
articles-431055_doc_pdf.pdf,detalle_partida_capitulo_pdf,pdf,230177,224.8,data/dipres_2027_oficial/articles-431055_doc_pdf.pdf
articles-431055_doc_xls.xlsx,detalle_partida_capitulo_excel,xlsx,22705,22.2,data/dipres_2027_oficial/articles-431055_doc_xls.xlsx
articles-431056_doc_pdf.pdf,detalle_partida_capitulo_pdf,pdf,227209,221.9,data/dipres_2027_oficial/articles-431056_doc_pdf.pdf
articles-431056_doc_xls.xlsx,detalle_partida_capitulo_excel,xlsx,21103,20.6,data/dipres_2027_oficial/articles-431056_doc_xls.xlsx
articles-431057_doc_pdf.pdf,detalle_partida_capitulo_pdf,pdf,226168,220.9,data/dipres_2027_oficial/articles-431057_doc_pdf.pdf
articles-431057_doc_xls.xlsx,detalle_partida_capitulo_excel,xlsx,20852,20.4,data/dipres_2027_oficial/articles-431057_doc_xls.xlsx
articles-431058_doc_pdf.pdf,detalle_partida_capitulo_pdf,pdf,227180,221.9,data/dipres_2027_oficial/articles-431058_doc_pdf.pdf
articles-431058_doc_xls.xlsx,detalle_partida_capitulo_excel,xlsx,20156,19.7,data/dipres_2027_oficial/articles-431058_doc_xls.xlsx
articles-431059_doc_pdf.pdf,detalle_partida_capitulo_pdf,pdf,222184,217.0,data/dipres_2027_oficial/articles-431059_doc_pdf.pdf
articles-431059_doc_xls.xlsx,detalle_partida_capitulo_excel,xlsx,19347,18.9,data/dipres_2027_oficial/articles-431059_doc_xls.xlsx
articles-431060_doc_pdf.pdf,detalle_partida_capitulo_pdf,pdf,224009,218.8,data/dipres_2027_oficial/articles-431060_doc_pdf.pdf
articles-431060_doc_xls.xlsx,detalle_partida_capitulo_excel,xlsx,19985,19.5,data/dipres_2027_oficial/articles-431060_doc_xls.xlsx
articles-431061_doc_pdf.pdf,detalle_partida_capitulo_pdf,pdf,233616,228.1,data/dipres_2027_oficial/articles-431061_doc_pdf.pdf
articles-431061_doc_xls.xlsx,detalle_partida_capitulo_excel,xlsx,22469,21.9,data/dipres_2027_oficial/articles-431061_doc_xls.xlsx
articles-431062_doc_pdf.pdf,detalle_partida_capitulo_pdf,pdf,223495,218.3,data/dipres_2027_oficial/articles-431062_doc_pdf.pdf
articles-431062_doc_xls.xlsx,detalle_partida_capitulo_excel,xlsx,19421,19.0,data/dipres_2027_oficial/articles-431062_doc_xls.xlsx
articles-431063_doc_pdf.pdf,detalle_partida_capitulo_pdf,pdf,215468,210.4,data/dipres_2027_oficial/articles-431063_doc_pdf.pdf
articles-431063_doc_xls.xlsx,detalle_partida_capitulo_excel,xlsx,17836,17.4,data/dipres_2027_oficial/articles-431063_doc_xls.xlsx
articles-431064_doc_pdf.pdf,detalle_partida_capitulo_pdf,pdf,216841,211.8,data/dipres_2027_oficial/articles-431064_doc_pdf.pdf
articles-431064_doc_xls.xlsx,detalle_partida_capitulo_excel,xlsx,18519,18.1,data/dipres_2027_oficial/articles-431064_doc_xls.xlsx
articles-431065_doc_pdf.pdf,detalle_partida_capitulo_pdf,pdf,211468,206.5,data/dipres_2027_oficial/articles-431065_doc_pdf.pdf
articles-431065_doc_xls.xlsx,detalle_partida_capitulo_excel,xlsx,17049,16.6,data/dipres_2027_oficial/articles-431065_doc_xls.xlsx
articles-431066_doc_pdf.pdf,detalle_partida_capitulo_pdf,pdf,224170,218.9,data/dipres_2027_oficial/articles-431066_doc_pdf.pdf
articles-431066_doc_xls.xlsx,detalle_partida_capitulo_excel,xlsx,19503,19.0,data/dipres_2027_oficial/articles-431066_doc_xls.xlsx
articles-431067_doc_pdf.pdf,detalle_partida_capitulo_pdf,pdf,220737,215.6,data/dipres_2027_oficial/articles-431067_doc_pdf.pdf
articles-431067_doc_xls.xlsx,detalle_partida_capitulo_excel,xlsx,19055,18.6,data/dipres_2027_oficial/articles-431067_doc_xls.xlsx
articles-431068_doc_pdf.pdf,detalle_partida_capitulo_pdf,pdf,224826,219.6,data/dipres_2027_oficial/articles-431068_doc_pdf.pdf
articles-431068_doc_xls.xlsx,detalle_partida_capitulo_excel,xlsx,20696,20.2,data/dipres_2027_oficial/articles-431068_doc_xls.xlsx
articles-431069_doc_pdf.pdf,detalle_partida_capitulo_pdf,pdf,221192,216.0,data/dipres_2027_oficial/articles-431069_doc_pdf.pdf
articles-431069_doc_xls.xlsx,detalle_partida_capitulo_excel,xlsx,19450,19.0,data/dipres_2027_oficial/articles-431069_doc_xls.xlsx
articles-431070_doc_pdf.pdf,detalle_partida_capitulo_pdf,pdf,228260,222.9,data/dipres_2027_oficial/articles-431070_doc_pdf.pdf
articles-431070_doc_xls.xlsx,detalle_partida_capitulo_excel,xlsx,21379,20.9,data/dipres_2027_oficial/articles-431070_doc_xls.xlsx
articles-431071_doc_pdf.pdf,detalle_partida_capitulo_pdf,pdf,227285,222.0,data/dipres_2027_oficial/articles-431071_doc_pdf.pdf
articles-431071_doc_xls.xlsx,detalle_partida_capitulo_excel,xlsx,20451,20.0,data/dipres_2027_oficial/articles-431071_doc_xls.xlsx
articles-431072_doc_pdf.pdf,detalle_partida_capitulo_pdf,pdf,213052,208.1,data/dipres_2027_oficial/articles-431072_doc_pdf.pdf
articles-431072_doc_xls.xlsx,detalle_partida_capitulo_excel,xlsx,17406,17.0,data/dipres_2027_oficial/articles-431072_doc_xls.xlsx
articles-431073_doc_pdf.pdf,detalle_partida_capitulo_pdf,pdf,225183,219.9,data/dipres_2027_oficial/articles-431073_doc_pdf.pdf
articles-431073_doc_xls.xlsx,detalle_partida_capitulo_excel,xlsx,19492,19.0,data/dipres_2027_oficial/articles-431073_doc_xls.xlsx
articles-431074_doc_pdf.pdf,detalle_partida_capitulo_pdf,pdf,218320,213.2,data/dipres_2027_oficial/articles-431074_doc_pdf.pdf
articles-431074_doc_xls.xlsx,detalle_partida_capitulo_excel,xlsx,18546,18.1,data/dipres_2027_oficial/articles-431074_doc_xls.xlsx
articles-431075_doc_pdf.pdf,detalle_partida_capitulo_pdf,pdf,223846,218.6,data/dipres_2027_oficial/articles-431075_doc_pdf.pdf
articles-431075_doc_xls.xlsx,detalle_partida_capitulo_excel,xlsx,19792,19.3,data/dipres_2027_oficial/articles-431075_doc_xls.xlsx
articles-431076_doc_pdf.pdf,detalle_partida_capitulo_pdf,pdf,225273,220.0,data/dipres_2027_oficial/articles-431076_doc_pdf.pdf
articles-431076_doc_xls.xlsx,detalle_partida_capitulo_excel,xlsx,20428,19.9,data/dipres_2027_oficial/articles-431076_doc_xls.xlsx
articles-431077_doc_pdf.pdf,detalle_partida_capitulo_pdf,pdf,148614,145.1,data/dipres_2027_oficial/articles-431077_doc_pdf.pdf
articles-431077_doc_xls.xlsx,detalle_partida_capitulo_excel,xlsx,17571,17.2,data/dipres_2027_oficial/articles-431077_doc_xls.xlsx
articles-431078_doc_pdf.pdf,detalle_partida_capitulo_pdf,pdf,92242,90.1,data/dipres_2027_oficial/articles-431078_doc_pdf.pdf
articles-431078_doc_xls.xlsx,detalle_partida_capitulo_excel,xlsx,8390,8.2,data/dipres_2027_oficial/articles-431078_doc_xls.xlsx
articles-431079_doc_pdf.pdf,detalle_partida_capitulo_pdf,pdf,94730,92.5,data/dipres_2027_oficial/articles-431079_doc_pdf.pdf
articles-431079_doc_xls.xlsx,detalle_partida_capitulo_excel,xlsx,8683,8.5,data/dipres_2027_oficial/articles-431079_doc_xls.xlsx
articles-431080_doc_pdf.pdf,detalle_partida_capitulo_pdf,pdf,197073,192.5,data/dipres_2027_oficial/articles-431080_doc_pdf.pdf
articles-431080_doc_xls.xlsx,detalle_partida_capitulo_excel,xlsx,22430,21.9,data/dipres_2027_oficial/articles-431080_doc_xls.xlsx
articles-431081_doc_pdf.pdf,detalle_partida_capitulo_pdf,pdf,145488,142.1,data/dipres_2027_oficial/articles-431081_doc_pdf.pdf
articles-431081_doc_xls.xlsx,detalle_partida_capitulo_excel,xlsx,17756,17.3,data/dipres_2027_oficial/articles-431081_doc_xls.xlsx
articles-431082_doc_pdf.pdf,detalle_partida_capitulo_pdf,pdf,120758,117.9,data/dipres_2027_oficial/articles-431082_doc_pdf.pdf
articles-431082_doc_xls.xlsx,detalle_partida_capitulo_excel,xlsx,15389,15.0,data/dipres_2027_oficial/articles-431082_doc_xls.xlsx
articles-431083_doc_pdf.pdf,detalle_partida_capitulo_pdf,pdf,90950,88.8,data/dipres_2027_oficial/articles-431083_doc_pdf.pdf
articles-431083_doc_xls.xlsx,detalle_partida_capitulo_excel,xlsx,8068,7.9,data/dipres_2027_oficial/articles-431083_doc_xls.xlsx
articles-431084_doc_pdf.pdf,detalle_partida_capitulo_pdf,pdf,90655,88.5,data/dipres_2027_oficial/articles-431084_doc_pdf.pdf
articles-431084_doc_xls.xlsx,detalle_partida_capitulo_excel,xlsx,8013,7.8,data/dipres_2027_oficial/articles-431084_doc_xls.xlsx
articles-431085_doc_pdf.pdf,detalle_partida_capitulo_pdf,pdf,138423,135.2,data/dipres_2027_oficial/articles-431085_doc_pdf.pdf
articles-431085_doc_xls.xlsx,detalle_partida_capitulo_excel,xlsx,17011,16.6,data/dipres_2027_oficial/articles-431085_doc_xls.xlsx
articles-431086_doc_pdf.pdf,detalle_partida_capitulo_pdf,pdf,92768,90.6,data/dipres_2027_oficial/articles-431086_doc_pdf.pdf
articles-431086_doc_xls.xlsx,detalle_partida_capitulo_excel,xlsx,8338,8.1,data/dipres_2027_oficial/articles-431086_doc_xls.xlsx
articles-431087_doc_pdf.pdf,detalle_partida_capitulo_pdf,pdf,135934,132.7,data/dipres_2027_oficial/articles-431087_doc_pdf.pdf
articles-431087_doc_xls.xlsx,detalle_partida_capitulo_excel,xlsx,17055,16.7,data/dipres_2027_oficial/articles-431087_doc_xls.xlsx
articles-431088_doc_pdf.pdf,detalle_partida_capitulo_pdf,pdf,94481,92.3,data/dipres_2027_oficial/articles-431088_doc_pdf.pdf
articles-431088_doc_xls.xlsx,detalle_partida_capitulo_excel,xlsx,8496,8.3,data/dipres_2027_oficial/articles-431088_doc_xls.xlsx
articles-431089_doc_pdf.pdf,detalle_partida_capitulo_pdf,pdf,90001,87.9,data/dipres_2027_oficial/articles-431089_doc_pdf.pdf
articles-431089_doc_xls.xlsx,detalle_partida_capitulo_excel,xlsx,7913,7.7,data/dipres_2027_oficial/articles-431089_doc_xls.xlsx
articles-431090_doc_pdf.pdf,detalle_partida_capitulo_pdf,pdf,116134,113.4,data/dipres_2027_oficial/articles-431090_doc_pdf.pdf
articles-431090_doc_xls.xlsx,detalle_partida_capitulo_excel,xlsx,14952,14.6,data/dipres_2027_oficial/articles-431090_doc_xls.xlsx
articles-431091_doc_pdf.pdf,detalle_partida_capitulo_pdf,pdf,92770,90.6,data/dipres_2027_oficial/articles-431091_doc_pdf.pdf
articles-431091_doc_xls.xlsx,detalle_partida_capitulo_excel,xlsx,8406,8.2,data/dipres_2027_oficial/articles-431091_doc_xls.xlsx
articles-431092_doc_pdf.pdf,detalle_partida_capitulo_pdf,pdf,90502,88.4,data/dipres_2027_oficial/articles-431092_doc_pdf.pdf
articles-431092_doc_xls.xlsx,detalle_partida_capitulo_excel,xlsx,7825,7.6,data/dipres_2027_oficial/articles-431092_doc_xls.xlsx
articles-431093_doc_pdf.pdf,detalle_partida_capitulo_pdf,pdf,140960,137.7,data/dipres_2027_oficial/articles-431093_doc_pdf.pdf
articles-431093_doc_xls.xlsx,detalle_partida_capitulo_excel,xlsx,16703,16.3,data/dipres_2027_oficial/articles-431093_doc_xls.xlsx
articles-431094_doc_pdf.pdf,detalle_partida_capitulo_pdf,pdf,86377,84.4,data/dipres_2027_oficial/articles-431094_doc_pdf.pdf
articles-431094_doc_xls.xlsx,detalle_partida_capitulo_excel,xlsx,16481,16.1,data/dipres_2027_oficial/articles-431094_doc_xls.xlsx
articles-431095_doc_pdf.pdf,detalle_partida_capitulo_pdf,pdf,84760,82.8,data/dipres_2027_oficial/articles-431095_doc_pdf.pdf
articles-431095_doc_xls.xlsx,detalle_partida_capitulo_excel,xlsx,113464,110.8,data/dipres_2027_oficial/articles-431095_doc_xls.xlsx
articles-431096_doc_pdf.pdf,detalle_partida_capitulo_pdf,pdf,106791,104.3,data/dipres_2027_oficial/articles-431096_doc_pdf.pdf
articles-431096_doc_xls.xlsx,detalle_partida_capitulo_excel,xlsx,115523,112.8,data/dipres_2027_oficial/articles-431096_doc_xls.xlsx
articles-431097_doc_pdf.pdf,detalle_partida_capitulo_pdf,pdf,99060,96.7,data/dipres_2027_oficial/articles-431097_doc_pdf.pdf
articles-431097_doc_xls.xlsx,detalle_partida_capitulo_excel,xlsx,112664,110.0,data/dipres_2027_oficial/articles-431097_doc_xls.xlsx
articles-431098_doc_pdf.pdf,detalle_partida_capitulo_pdf,pdf,98841,96.5,data/dipres_2027_oficial/articles-431098_doc_pdf.pdf
articles-431098_doc_xls.xlsx,detalle_partida_capitulo_excel,xlsx,15774,15.4,data/dipres_2027_oficial/articles-431098_doc_xls.xlsx
articles-431099_doc_pdf.pdf,detalle_partida_capitulo_pdf,pdf,90174,88.1,data/dipres_2027_oficial/articles-431099_doc_pdf.pdf
articles-431099_doc_xls.xlsx,detalle_partida_capitulo_excel,xlsx,14210,13.9,data/dipres_2027_oficial/articles-431099_doc_xls.xlsx
articles-431100_doc_pdf.pdf,detalle_partida_capitulo_pdf,pdf,111966,109.3,data/dipres_2027_oficial/articles-431100_doc_pdf.pdf
articles-431100_doc_xls.xlsx,detalle_partida_capitulo_excel,xlsx,14880,14.5,data/dipres_2027_oficial/articles-431100_doc_xls.xlsx
articles-431101_doc_pdf.pdf,detalle_partida_capitulo_pdf,pdf,98839,96.5,data/dipres_2027_oficial/articles-431101_doc_pdf.pdf
articles-431101_doc_xls.xlsx,detalle_partida_capitulo_excel,xlsx,15663,15.3,data/dipres_2027_oficial/articles-431101_doc_xls.xlsx
articles-431102_doc_pdf.pdf,detalle_partida_capitulo_pdf,pdf,140327,137.0,data/dipres_2027_oficial/articles-431102_doc_pdf.pdf
articles-431102_doc_xls.xlsx,detalle_partida_capitulo_excel,xlsx,16612,16.2,data/dipres_2027_oficial/articles-431102_doc_xls.xlsx
articles-431103_doc_pdf.pdf,detalle_partida_capitulo_pdf,pdf,102865,100.5,data/dipres_2027_oficial/articles-431103_doc_pdf.pdf
articles-431103_doc_xls.xlsx,detalle_partida_capitulo_excel,xlsx,10444,10.2,data/dipres_2027_oficial/articles-431103_doc_xls.xlsx
articles-431104_doc_pdf.pdf,detalle_partida_capitulo_pdf,pdf,89758,87.7,data/dipres_2027_oficial/articles-431104_doc_pdf.pdf
articles-431104_doc_xls.xlsx,detalle_partida_capitulo_excel,xlsx,7636,7.5,data/dipres_2027_oficial/articles-431104_doc_xls.xlsx
articles-431105_doc_pdf.pdf,detalle_partida_capitulo_pdf,pdf,96663,94.4,data/dipres_2027_oficial/articles-431105_doc_pdf.pdf
articles-431105_doc_xls.xlsx,detalle_partida_capitulo_excel,xlsx,9003,8.8,data/dipres_2027_oficial/articles-431105_doc_xls.xlsx
articles-431106_doc_pdf.pdf,detalle_partida_capitulo_pdf,pdf,135347,132.2,data/dipres_2027_oficial/articles-431106_doc_pdf.pdf
articles-431106_doc_xls.xlsx,detalle_partida_capitulo_excel,xlsx,15782,15.4,data/dipres_2027_oficial/articles-431106_doc_xls.xlsx
articles-431107_doc_pdf.pdf,detalle_partida_capitulo_pdf,pdf,120165,117.3,data/dipres_2027_oficial/articles-431107_doc_pdf.pdf
articles-431107_doc_xls.xlsx,detalle_partida_capitulo_excel,xlsx,14739,14.4,data/dipres_2027_oficial/articles-431107_doc_xls.xlsx
articles-431108_doc_pdf.pdf,detalle_partida_capitulo_pdf,pdf,85242,83.2,data/dipres_2027_oficial/articles-431108_doc_pdf.pdf
articles-431108_doc_xls.xlsx,detalle_partida_capitulo_excel,xlsx,7028,6.9,data/dipres_2027_oficial/articles-431108_doc_xls.xlsx
articles-431109_doc_pdf.pdf,detalle_partida_capitulo_pdf,pdf,107371,104.9,data/dipres_2027_oficial/articles-431109_doc_pdf.pdf
articles-431109_doc_xls.xlsx,detalle_partida_capitulo_excel,xlsx,11503,11.2,data/dipres_2027_oficial/articles-431109_doc_xls.xlsx
articles-431110_doc_pdf.pdf,detalle_partida_capitulo_pdf,pdf,98159,95.9,data/dipres_2027_oficial/articles-431110_doc_pdf.pdf
articles-431110_doc_xls.xlsx,detalle_partida_capitulo_excel,xlsx,9098,8.9,data/dipres_2027_oficial/articles-431110_doc_xls.xlsx
articles-431111_doc_pdf.pdf,detalle_partida_capitulo_pdf,pdf,110520,107.9,data/dipres_2027_oficial/articles-431111_doc_pdf.pdf
articles-431111_doc_xls.xlsx,detalle_partida_capitulo_excel,xlsx,12193,11.9,data/dipres_2027_oficial/articles-431111_doc_xls.xlsx
articles-431112_doc_pdf.pdf,detalle_partida_capitulo_pdf,pdf,94136,91.9,data/dipres_2027_oficial/articles-431112_doc_pdf.pdf
articles-431112_doc_xls.xlsx,detalle_partida_capitulo_excel,xlsx,8510,8.3,data/dipres_2027_oficial/articles-431112_doc_xls.xlsx
articles-431113_doc_pdf.pdf,detalle_partida_capitulo_pdf,pdf,113242,110.6,data/dipres_2027_oficial/articles-431113_doc_pdf.pdf
articles-431113_doc_xls.xlsx,detalle_partida_capitulo_excel,xlsx,12942,12.6,data/dipres_2027_oficial/articles-431113_doc_xls.xlsx
articles-431114_doc_pdf.pdf,detalle_partida_capitulo_pdf,pdf,177288,173.1,data/dipres_2027_oficial/articles-431114_doc_pdf.pdf
articles-431114_doc_xls.xlsx,detalle_partida_capitulo_excel,xlsx,20466,20.0,data/dipres_2027_oficial/articles-431114_doc_xls.xlsx
articles-431115_doc_pdf.pdf,detalle_partida_capitulo_pdf,pdf,164279,160.4,data/dipres_2027_oficial/articles-431115_doc_pdf.pdf
articles-431115_doc_xls.xlsx,detalle_partida_capitulo_excel,xlsx,19306,18.9,data/dipres_2027_oficial/articles-431115_doc_xls.xlsx
articles-431116_doc_pdf.pdf,detalle_partida_capitulo_pdf,pdf,146884,143.4,data/dipres_2027_oficial/articles-431116_doc_pdf.pdf
articles-431116_doc_xls.xlsx,detalle_partida_capitulo_excel,xlsx,17619,17.2,data/dipres_2027_oficial/articles-431116_doc_xls.xlsx
articles-431117_doc_pdf.pdf,detalle_partida_capitulo_pdf,pdf,129369,126.3,data/dipres_2027_oficial/articles-431117_doc_pdf.pdf
articles-431117_doc_xls.xlsx,detalle_partida_capitulo_excel,xlsx,15873,15.5,data/dipres_2027_oficial/articles-431117_doc_xls.xlsx
articles-431118_doc_pdf.pdf,detalle_partida_capitulo_pdf,pdf,206573,201.7,data/dipres_2027_oficial/articles-431118_doc_pdf.pdf
articles-431118_doc_xls.xlsx,detalle_partida_capitulo_excel,xlsx,25265,24.7,data/dipres_2027_oficial/articles-431118_doc_xls.xlsx
articles-431119_doc_pdf.pdf,detalle_partida_capitulo_pdf,pdf,154224,150.6,data/dipres_2027_oficial/articles-431119_doc_pdf.pdf
articles-431119_doc_xls.xlsx,detalle_partida_capitulo_excel,xlsx,18940,18.5,data/dipres_2027_oficial/articles-431119_doc_xls.xlsx
articles-431120_doc_pdf.pdf,detalle_partida_capitulo_pdf,pdf,157955,154.3,data/dipres_2027_oficial/articles-431120_doc_pdf.pdf
articles-431120_doc_xls.xlsx,detalle_partida_capitulo_excel,xlsx,19654,19.2,data/dipres_2027_oficial/articles-431120_doc_xls.xlsx
articles-431121_doc_pdf.pdf,detalle_partida_capitulo_pdf,pdf,133316,130.2,data/dipres_2027_oficial/articles-431121_doc_pdf.pdf
articles-431121_doc_xls.xlsx,detalle_partida_capitulo_excel,xlsx,16448,16.1,data/dipres_2027_oficial/articles-431121_doc_xls.xlsx
articles-431122_doc_pdf.pdf,detalle_partida_capitulo_pdf,pdf,121124,118.3,data/dipres_2027_oficial/articles-431122_doc_pdf.pdf
articles-431122_doc_xls.xlsx,detalle_partida_capitulo_excel,xlsx,17020,16.6,data/dipres_2027_oficial/articles-431122_doc_xls.xlsx
articles-431123_doc_pdf.pdf,detalle_partida_capitulo_pdf,pdf,115358,112.7,data/dipres_2027_oficial/articles-431123_doc_pdf.pdf
articles-431123_doc_xls.xlsx,detalle_partida_capitulo_excel,xlsx,16025,15.6,data/dipres_2027_oficial/articles-431123_doc_xls.xlsx
articles-431124_doc_pdf.pdf,detalle_partida_capitulo_pdf,pdf,116713,114.0,data/dipres_2027_oficial/articles-431124_doc_pdf.pdf
articles-431124_doc_xls.xlsx,detalle_partida_capitulo_excel,xlsx,16224,15.8,data/dipres_2027_oficial/articles-431124_doc_xls.xlsx
articles-431125_doc_pdf.pdf,detalle_partida_capitulo_pdf,pdf,124928,122.0,data/dipres_2027_oficial/articles-431125_doc_pdf.pdf
articles-431125_doc_xls.xlsx,detalle_partida_capitulo_excel,xlsx,16464,16.1,data/dipres_2027_oficial/articles-431125_doc_xls.xlsx
articles-431126_doc_pdf.pdf,detalle_partida_capitulo_pdf,pdf,121863,119.0,data/dipres_2027_oficial/articles-431126_doc_pdf.pdf
articles-431126_doc_xls.xlsx,detalle_partida_capitulo_excel,xlsx,15596,15.2,data/dipres_2027_oficial/articles-431126_doc_xls.xlsx
articles-431127_doc_pdf.pdf,detalle_partida_capitulo_pdf,pdf,116651,113.9,data/dipres_2027_oficial/articles-431127_doc_pdf.pdf
articles-431127_doc_xls.xlsx,detalle_partida_capitulo_excel,xlsx,15161,14.8,data/dipres_2027_oficial/articles-431127_doc_xls.xlsx
articles-431128_doc_pdf.pdf,detalle_partida_capitulo_pdf,pdf,122444,119.6,data/dipres_2027_oficial/articles-431128_doc_pdf.pdf
articles-431128_doc_xls.xlsx,detalle_partida_capitulo_excel,xlsx,15939,15.6,data/dipres_2027_oficial/articles-431128_doc_xls.xlsx
articles-431129_doc_pdf.pdf,detalle_partida_capitulo_pdf,pdf,111111,108.5,data/dipres_2027_oficial/articles-431129_doc_pdf.pdf
articles-431129_doc_xls.xlsx,detalle_partida_capitulo_excel,xlsx,20931,20.4,data/dipres_2027_oficial/articles-431129_doc_xls.xlsx
articles-431130_doc_pdf.pdf,detalle_partida_capitulo_pdf,pdf,144712,141.3,data/dipres_2027_oficial/articles-431130_doc_pdf.pdf
articles-431130_doc_xls.xlsx,detalle_partida_capitulo_excel,xlsx,15345,15.0,data/dipres_2027_oficial/articles-431130_doc_xls.xlsx
articles-431131_doc_pdf.pdf,detalle_partida_capitulo_pdf,pdf,91925,89.8,data/dipres_2027_oficial/articles-431131_doc_pdf.pdf
articles-431131_doc_xls.xlsx,detalle_partida_capitulo_excel,xlsx,8476,8.3,data/dipres_2027_oficial/articles-431131_doc_xls.xlsx
articles-431132_doc_pdf.pdf,detalle_partida_capitulo_pdf,pdf,119147,116.4,data/dipres_2027_oficial/articles-431132_doc_pdf.pdf
articles-431132_doc_xls.xlsx,detalle_partida_capitulo_excel,xlsx,15206,14.8,data/dipres_2027_oficial/articles-431132_doc_xls.xlsx
articles-431133_doc_pdf.pdf,detalle_partida_capitulo_pdf,pdf,87941,85.9,data/dipres_2027_oficial/articles-431133_doc_pdf.pdf
articles-431133_doc_xls.xlsx,detalle_partida_capitulo_excel,xlsx,16898,16.5,data/dipres_2027_oficial/articles-431133_doc_xls.xlsx
articles-431134_doc_pdf.pdf,detalle_partida_capitulo_pdf,pdf,94937,92.7,data/dipres_2027_oficial/articles-431134_doc_pdf.pdf
articles-431134_doc_xls.xlsx,detalle_partida_capitulo_excel,xlsx,19471,19.0,data/dipres_2027_oficial/articles-431134_doc_xls.xlsx
articles-431135_doc_pdf.pdf,detalle_partida_capitulo_pdf,pdf,95081,92.9,data/dipres_2027_oficial/articles-431135_doc_pdf.pdf
articles-431135_doc_xls.xlsx,detalle_partida_capitulo_excel,xlsx,19877,19.4,data/dipres_2027_oficial/articles-431135_doc_xls.xlsx
articles-431136_doc_pdf.pdf,detalle_partida_capitulo_pdf,pdf,183068,178.8,data/dipres_2027_oficial/articles-431136_doc_pdf.pdf
articles-431136_doc_xls.xlsx,detalle_partida_capitulo_excel,xlsx,20367,19.9,data/dipres_2027_oficial/articles-431136_doc_xls.xlsx
articles-431137_doc_pdf.pdf,detalle_partida_capitulo_pdf,pdf,173011,169.0,data/dipres_2027_oficial/articles-431137_doc_pdf.pdf
articles-431137_doc_xls.xlsx,detalle_partida_capitulo_excel,xlsx,20117,19.6,data/dipres_2027_oficial/articles-431137_doc_xls.xlsx
articles-431138_doc_pdf.pdf,detalle_partida_capitulo_pdf,pdf,101275,98.9,data/dipres_2027_oficial/articles-431138_doc_pdf.pdf
articles-431138_doc_xls.xlsx,detalle_partida_capitulo_excel,xlsx,20398,19.9,data/dipres_2027_oficial/articles-431138_doc_xls.xlsx
articles-431139_doc_pdf.pdf,detalle_partida_capitulo_pdf,pdf,117973,115.2,data/dipres_2027_oficial/articles-431139_doc_pdf.pdf
articles-431139_doc_xls.xlsx,detalle_partida_capitulo_excel,xlsx,15154,14.8,data/dipres_2027_oficial/articles-431139_doc_xls.xlsx
articles-431140_doc_pdf.pdf,detalle_partida_capitulo_pdf,pdf,94953,92.7,data/dipres_2027_oficial/articles-431140_doc_pdf.pdf
articles-431140_doc_xls.xlsx,detalle_partida_capitulo_excel,xlsx,20218,19.7,data/dipres_2027_oficial/articles-431140_doc_xls.xlsx
articles-431141_doc_pdf.pdf,detalle_partida_capitulo_pdf,pdf,94710,92.5,data/dipres_2027_oficial/articles-431141_doc_pdf.pdf
articles-431141_doc_xls.xlsx,detalle_partida_capitulo_excel,xlsx,20188,19.7,data/dipres_2027_oficial/articles-431141_doc_xls.xlsx
articles-431142_doc_pdf.pdf,detalle_partida_capitulo_pdf,pdf,174904,170.8,data/dipres_2027_oficial/articles-431142_doc_pdf.pdf
articles-431142_doc_xls.xlsx,detalle_partida_capitulo_excel,xlsx,20429,20.0,data/dipres_2027_oficial/articles-431142_doc_xls.xlsx
articles-431143_doc_pdf.pdf,detalle_partida_capitulo_pdf,pdf,178799,174.6,data/dipres_2027_oficial/articles-431143_doc_pdf.pdf
articles-431143_doc_xls.xlsx,detalle_partida_capitulo_excel,xlsx,20196,19.7,data/dipres_2027_oficial/articles-431143_doc_xls.xlsx
articles-431144_doc_pdf.pdf,detalle_partida_capitulo_pdf,pdf,175005,170.9,data/dipres_2027_oficial/articles-431144_doc_pdf.pdf
articles-431144_doc_xls.xlsx,detalle_partida_capitulo_excel,xlsx,20186,19.7,data/dipres_2027_oficial/articles-431144_doc_xls.xlsx
articles-431145_doc_pdf.pdf,detalle_partida_capitulo_pdf,pdf,178298,174.1,data/dipres_2027_oficial/articles-431145_doc_pdf.pdf
articles-431145_doc_xls.xlsx,detalle_partida_capitulo_excel,xlsx,20056,19.6,data/dipres_2027_oficial/articles-431145_doc_xls.xlsx
articles-431146_doc_pdf.pdf,detalle_partida_capitulo_pdf,pdf,173090,169.0,data/dipres_2027_oficial/articles-431146_doc_pdf.pdf
articles-431146_doc_xls.xlsx,detalle_partida_capitulo_excel,xlsx,19870,19.4,data/dipres_2027_oficial/articles-431146_doc_xls.xlsx
articles-431147_doc_pdf.pdf,detalle_partida_capitulo_pdf,pdf,172773,168.7,data/dipres_2027_oficial/articles-431147_doc_pdf.pdf
articles-431147_doc_xls.xlsx,detalle_partida_capitulo_excel,xlsx,19967,19.5,data/dipres_2027_oficial/articles-431147_doc_xls.xlsx
articles-431148_doc_pdf.pdf,detalle_partida_capitulo_pdf,pdf,176602,172.5,data/dipres_2027_oficial/articles-431148_doc_pdf.pdf
articles-431148_doc_xls.xlsx,detalle_partida_capitulo_excel,xlsx,20534,20.1,data/dipres_2027_oficial/articles-431148_doc_xls.xlsx
articles-431149_doc_pdf.pdf,detalle_partida_capitulo_pdf,pdf,175164,171.1,data/dipres_2027_oficial/articles-431149_doc_pdf.pdf
articles-431149_doc_xls.xlsx,detalle_partida_capitulo_excel,xlsx,20160,19.7,data/dipres_2027_oficial/articles-431149_doc_xls.xlsx
articles-431150_doc_pdf.pdf,detalle_partida_capitulo_pdf,pdf,173780,169.7,data/dipres_2027_oficial/articles-431150_doc_pdf.pdf
articles-431150_doc_xls.xlsx,detalle_partida_capitulo_excel,xlsx,20145,19.7,data/dipres_2027_oficial/articles-431150_doc_xls.xlsx
articles-431151_doc_pdf.pdf,detalle_partida_capitulo_pdf,pdf,251507,245.6,data/dipres_2027_oficial/articles-431151_doc_pdf.pdf
articles-431151_doc_xls.xlsx,detalle_partida_capitulo_excel,xlsx,16298,15.9,data/dipres_2027_oficial/articles-431151_doc_xls.xlsx
articles-431152_doc_pdf.pdf,detalle_partida_capitulo_pdf,pdf,248894,243.1,data/dipres_2027_oficial/articles-431152_doc_pdf.pdf
articles-431152_doc_xls.xlsx,detalle_partida_capitulo_excel,xlsx,15876,15.5,data/dipres_2027_oficial/articles-431152_doc_xls.xlsx
articles-431153_doc_pdf.pdf,detalle_partida_capitulo_pdf,pdf,250089,244.2,data/dipres_2027_oficial/articles-431153_doc_pdf.pdf
articles-431153_doc_xls.xlsx,detalle_partida_capitulo_excel,xlsx,15951,15.6,data/dipres_2027_oficial/articles-431153_doc_xls.xlsx
articles-431154_doc_pdf.pdf,detalle_partida_capitulo_pdf,pdf,250169,244.3,data/dipres_2027_oficial/articles-431154_doc_pdf.pdf
articles-431154_doc_xls.xlsx,detalle_partida_capitulo_excel,xlsx,15977,15.6,data/dipres_2027_oficial/articles-431154_doc_xls.xlsx
articles-431155_doc_pdf.pdf,detalle_partida_capitulo_pdf,pdf,253408,247.5,data/dipres_2027_oficial/articles-431155_doc_pdf.pdf
articles-431155_doc_xls.xlsx,detalle_partida_capitulo_excel,xlsx,17091,16.7,data/dipres_2027_oficial/articles-431155_doc_xls.xlsx
articles-431156_doc_pdf.pdf,detalle_partida_capitulo_pdf,pdf,249657,243.8,data/dipres_2027_oficial/articles-431156_doc_pdf.pdf
articles-431156_doc_xls.xlsx,detalle_partida_capitulo_excel,xlsx,15848,15.5,data/dipres_2027_oficial/articles-431156_doc_xls.xlsx
articles-431157_doc_pdf.pdf,detalle_partida_capitulo_pdf,pdf,249479,243.6,data/dipres_2027_oficial/articles-431157_doc_pdf.pdf
articles-431157_doc_xls.xlsx,detalle_partida_capitulo_excel,xlsx,15933,15.6,data/dipres_2027_oficial/articles-431157_doc_xls.xlsx
articles-431158_doc_pdf.pdf,detalle_partida_capitulo_pdf,pdf,249976,244.1,data/dipres_2027_oficial/articles-431158_doc_pdf.pdf
articles-431158_doc_xls.xlsx,detalle_partida_capitulo_excel,xlsx,15917,15.5,data/dipres_2027_oficial/articles-431158_doc_xls.xlsx
articles-431159_doc_pdf.pdf,detalle_partida_capitulo_pdf,pdf,248487,242.7,data/dipres_2027_oficial/articles-431159_doc_pdf.pdf
articles-431159_doc_xls.xlsx,detalle_partida_capitulo_excel,xlsx,15608,15.2,data/dipres_2027_oficial/articles-431159_doc_xls.xlsx
articles-431160_doc_pdf.pdf,detalle_partida_capitulo_pdf,pdf,255733,249.7,data/dipres_2027_oficial/articles-431160_doc_pdf.pdf
articles-431160_doc_xls.xlsx,detalle_partida_capitulo_excel,xlsx,16796,16.4,data/dipres_2027_oficial/articles-431160_doc_xls.xlsx
articles-431161_doc_pdf.pdf,detalle_partida_capitulo_pdf,pdf,244729,239.0,data/dipres_2027_oficial/articles-431161_doc_pdf.pdf
articles-431161_doc_xls.xlsx,detalle_partida_capitulo_excel,xlsx,15671,15.3,data/dipres_2027_oficial/articles-431161_doc_xls.xlsx
articles-431162_doc_pdf.pdf,detalle_partida_capitulo_pdf,pdf,140203,136.9,data/dipres_2027_oficial/articles-431162_doc_pdf.pdf
articles-431162_doc_xls.xlsx,detalle_partida_capitulo_excel,xlsx,17234,16.8,data/dipres_2027_oficial/articles-431162_doc_xls.xlsx
articles-431163_doc_pdf.pdf,detalle_partida_capitulo_pdf,pdf,97471,95.2,data/dipres_2027_oficial/articles-431163_doc_pdf.pdf
articles-431163_doc_xls.xlsx,detalle_partida_capitulo_excel,xlsx,9154,8.9,data/dipres_2027_oficial/articles-431163_doc_xls.xlsx
articles-431164_doc_pdf.pdf,detalle_partida_capitulo_pdf,pdf,132229,129.1,data/dipres_2027_oficial/articles-431164_doc_pdf.pdf
articles-431164_doc_xls.xlsx,detalle_partida_capitulo_excel,xlsx,18712,18.3,data/dipres_2027_oficial/articles-431164_doc_xls.xlsx
articles-431165_doc_pdf.pdf,detalle_partida_capitulo_pdf,pdf,117893,115.1,data/dipres_2027_oficial/articles-431165_doc_pdf.pdf
articles-431165_doc_xls.xlsx,detalle_partida_capitulo_excel,xlsx,16599,16.2,data/dipres_2027_oficial/articles-431165_doc_xls.xlsx
articles-431166_doc_pdf.pdf,detalle_partida_capitulo_pdf,pdf,109064,106.5,data/dipres_2027_oficial/articles-431166_doc_pdf.pdf
articles-431166_doc_xls.xlsx,detalle_partida_capitulo_excel,xlsx,15352,15.0,data/dipres_2027_oficial/articles-431166_doc_xls.xlsx
articles-431167_doc_pdf.pdf,detalle_partida_capitulo_pdf,pdf,118530,115.8,data/dipres_2027_oficial/articles-431167_doc_pdf.pdf
articles-431167_doc_xls.xlsx,detalle_partida_capitulo_excel,xlsx,16196,15.8,data/dipres_2027_oficial/articles-431167_doc_xls.xlsx
articles-431168_doc_pdf.pdf,detalle_partida_capitulo_pdf,pdf,115044,112.3,data/dipres_2027_oficial/articles-431168_doc_pdf.pdf
articles-431168_doc_xls.xlsx,detalle_partida_capitulo_excel,xlsx,15754,15.4,data/dipres_2027_oficial/articles-431168_doc_xls.xlsx
articles-431169_doc_pdf.pdf,detalle_partida_capitulo_pdf,pdf,116326,113.6,data/dipres_2027_oficial/articles-431169_doc_pdf.pdf
articles-431169_doc_xls.xlsx,detalle_partida_capitulo_excel,xlsx,16273,15.9,data/dipres_2027_oficial/articles-431169_doc_xls.xlsx
articles-431170_doc_pdf.pdf,detalle_partida_capitulo_pdf,pdf,115759,113.0,data/dipres_2027_oficial/articles-431170_doc_pdf.pdf
articles-431170_doc_xls.xlsx,detalle_partida_capitulo_excel,xlsx,15762,15.4,data/dipres_2027_oficial/articles-431170_doc_xls.xlsx
articles-431171_doc_pdf.pdf,detalle_partida_capitulo_pdf,pdf,132211,129.1,data/dipres_2027_oficial/articles-431171_doc_pdf.pdf
articles-431171_doc_xls.xlsx,detalle_partida_capitulo_excel,xlsx,18563,18.1,data/dipres_2027_oficial/articles-431171_doc_xls.xlsx
articles-431172_doc_pdf.pdf,detalle_partida_capitulo_pdf,pdf,120809,118.0,data/dipres_2027_oficial/articles-431172_doc_pdf.pdf
articles-431172_doc_xls.xlsx,detalle_partida_capitulo_excel,xlsx,16930,16.5,data/dipres_2027_oficial/articles-431172_doc_xls.xlsx
articles-431173_doc_pdf.pdf,detalle_partida_capitulo_pdf,pdf,121340,118.5,data/dipres_2027_oficial/articles-431173_doc_pdf.pdf
articles-431173_doc_xls.xlsx,detalle_partida_capitulo_excel,xlsx,17508,17.1,data/dipres_2027_oficial/articles-431173_doc_xls.xlsx
articles-431174_doc_pdf.pdf,detalle_partida_capitulo_pdf,pdf,121549,118.7,data/dipres_2027_oficial/articles-431174_doc_pdf.pdf
articles-431174_doc_xls.xlsx,detalle_partida_capitulo_excel,xlsx,16984,16.6,data/dipres_2027_oficial/articles-431174_doc_xls.xlsx
articles-431175_doc_pdf.pdf,detalle_partida_capitulo_pdf,pdf,108023,105.5,data/dipres_2027_oficial/articles-431175_doc_pdf.pdf
articles-431175_doc_xls.xlsx,detalle_partida_capitulo_excel,xlsx,14764,14.4,data/dipres_2027_oficial/articles-431175_doc_xls.xlsx
articles-431176_doc_pdf.pdf,detalle_partida_capitulo_pdf,pdf,118664,115.9,data/dipres_2027_oficial/articles-431176_doc_pdf.pdf
articles-431176_doc_xls.xlsx,detalle_partida_capitulo_excel,xlsx,16165,15.8,data/dipres_2027_oficial/articles-431176_doc_xls.xlsx
articles-431177_doc_pdf.pdf,detalle_partida_capitulo_pdf,pdf,121256,118.4,data/dipres_2027_oficial/articles-431177_doc_pdf.pdf
articles-431177_doc_xls.xlsx,detalle_partida_capitulo_excel,xlsx,16960,16.6,data/dipres_2027_oficial/articles-431177_doc_xls.xlsx
articles-431178_doc_pdf.pdf,detalle_partida_capitulo_pdf,pdf,117728,115.0,data/dipres_2027_oficial/articles-431178_doc_pdf.pdf
articles-431178_doc_xls.xlsx,detalle_partida_capitulo_excel,xlsx,16121,15.7,data/dipres_2027_oficial/articles-431178_doc_xls.xlsx
articles-431179_doc_pdf.pdf,detalle_partida_capitulo_pdf,pdf,93251,91.1,data/dipres_2027_oficial/articles-431179_doc_pdf.pdf
articles-431179_doc_xls.xlsx,detalle_partida_capitulo_excel,xlsx,8457,8.3,data/dipres_2027_oficial/articles-431179_doc_xls.xlsx
articles-431180_doc_pdf.pdf,detalle_partida_capitulo_pdf,pdf,90552,88.4,data/dipres_2027_oficial/articles-431180_doc_pdf.pdf
articles-431180_doc_xls.xlsx,detalle_partida_capitulo_excel,xlsx,8129,7.9,data/dipres_2027_oficial/articles-431180_doc_xls.xlsx
articles-431181_doc_pdf.pdf,detalle_partida_capitulo_pdf,pdf,105711,103.2,data/dipres_2027_oficial/articles-431181_doc_pdf.pdf
articles-431181_doc_xls.xlsx,detalle_partida_capitulo_excel,xlsx,19264,18.8,data/dipres_2027_oficial/articles-431181_doc_xls.xlsx
articles-431182_doc_pdf.pdf,detalle_partida_capitulo_pdf,pdf,85780,83.8,data/dipres_2027_oficial/articles-431182_doc_pdf.pdf
articles-431182_doc_xls.xlsx,detalle_partida_capitulo_excel,xlsx,14489,14.1,data/dipres_2027_oficial/articles-431182_doc_xls.xlsx
articles-431183_doc_pdf.pdf,detalle_partida_capitulo_pdf,pdf,136172,133.0,data/dipres_2027_oficial/articles-431183_doc_pdf.pdf
articles-431183_doc_xls.xlsx,detalle_partida_capitulo_excel,xlsx,16592,16.2,data/dipres_2027_oficial/articles-431183_doc_xls.xlsx
articles-431184_doc_pdf.pdf,detalle_partida_capitulo_pdf,pdf,127059,124.1,data/dipres_2027_oficial/articles-431184_doc_pdf.pdf
articles-431184_doc_xls.xlsx,detalle_partida_capitulo_excel,xlsx,15565,15.2,data/dipres_2027_oficial/articles-431184_doc_xls.xlsx
articles-431185_doc_pdf.pdf,detalle_partida_capitulo_pdf,pdf,140406,137.1,data/dipres_2027_oficial/articles-431185_doc_pdf.pdf
articles-431185_doc_xls.xlsx,detalle_partida_capitulo_excel,xlsx,16612,16.2,data/dipres_2027_oficial/articles-431185_doc_xls.xlsx
articles-431186_doc_pdf.pdf,detalle_partida_capitulo_pdf,pdf,144082,140.7,data/dipres_2027_oficial/articles-431186_doc_pdf.pdf
articles-431186_doc_xls.xlsx,detalle_partida_capitulo_excel,xlsx,16835,16.4,data/dipres_2027_oficial/articles-431186_doc_xls.xlsx
articles-431187_doc_pdf.pdf,detalle_partida_capitulo_pdf,pdf,125371,122.4,data/dipres_2027_oficial/articles-431187_doc_pdf.pdf
articles-431187_doc_xls.xlsx,detalle_partida_capitulo_excel,xlsx,15696,15.3,data/dipres_2027_oficial/articles-431187_doc_xls.xlsx
articles-431188_doc_pdf.pdf,detalle_partida_capitulo_pdf,pdf,135770,132.6,data/dipres_2027_oficial/articles-431188_doc_pdf.pdf
articles-431188_doc_xls.xlsx,detalle_partida_capitulo_excel,xlsx,16932,16.5,data/dipres_2027_oficial/articles-431188_doc_xls.xlsx
articles-431189_doc_pdf.pdf,detalle_partida_capitulo_pdf,pdf,126751,123.8,data/dipres_2027_oficial/articles-431189_doc_pdf.pdf
articles-431189_doc_xls.xlsx,detalle_partida_capitulo_excel,xlsx,15962,15.6,data/dipres_2027_oficial/articles-431189_doc_xls.xlsx
articles-431190_doc_pdf.pdf,detalle_partida_capitulo_pdf,pdf,92281,90.1,data/dipres_2027_oficial/articles-431190_doc_pdf.pdf
articles-431190_doc_xls.xlsx,detalle_partida_capitulo_excel,xlsx,17555,17.1,data/dipres_2027_oficial/articles-431190_doc_xls.xlsx
articles-431191_doc_pdf.pdf,detalle_partida_capitulo_pdf,pdf,86225,84.2,data/dipres_2027_oficial/articles-431191_doc_pdf.pdf
articles-431191_doc_xls.xlsx,detalle_partida_capitulo_excel,xlsx,15633,15.3,data/dipres_2027_oficial/articles-431191_doc_xls.xlsx
articles-431192_doc_pdf.pdf,detalle_partida_capitulo_pdf,pdf,86257,84.2,data/dipres_2027_oficial/articles-431192_doc_pdf.pdf
articles-431192_doc_xls.xlsx,detalle_partida_capitulo_excel,xlsx,15831,15.5,data/dipres_2027_oficial/articles-431192_doc_xls.xlsx
articles-431193_doc_pdf.pdf,detalle_partida_capitulo_pdf,pdf,87004,85.0,data/dipres_2027_oficial/articles-431193_doc_pdf.pdf
articles-431193_doc_xls.xlsx,detalle_partida_capitulo_excel,xlsx,16177,15.8,data/dipres_2027_oficial/articles-431193_doc_xls.xlsx
articles-431194_doc_pdf.pdf,detalle_partida_capitulo_pdf,pdf,88265,86.2,data/dipres_2027_oficial/articles-431194_doc_pdf.pdf
articles-431194_doc_xls.xlsx,detalle_partida_capitulo_excel,xlsx,16228,15.8,data/dipres_2027_oficial/articles-431194_doc_xls.xlsx
articles-431195_doc_pdf.pdf,detalle_partida_capitulo_pdf,pdf,87523,85.5,data/dipres_2027_oficial/articles-431195_doc_pdf.pdf
articles-431195_doc_xls.xlsx,detalle_partida_capitulo_excel,xlsx,16085,15.7,data/dipres_2027_oficial/articles-431195_doc_xls.xlsx
articles-431196_doc_pdf.pdf,detalle_partida_capitulo_pdf,pdf,140357,137.1,data/dipres_2027_oficial/articles-431196_doc_pdf.pdf
articles-431196_doc_xls.xlsx,detalle_partida_capitulo_excel,xlsx,16729,16.3,data/dipres_2027_oficial/articles-431196_doc_xls.xlsx
articles-431197_doc_pdf.pdf,detalle_partida_capitulo_pdf,pdf,109752,107.2,data/dipres_2027_oficial/articles-431197_doc_pdf.pdf
articles-431197_doc_xls.xlsx,detalle_partida_capitulo_excel,xlsx,14047,13.7,data/dipres_2027_oficial/articles-431197_doc_xls.xlsx
articles-431198_doc_pdf.pdf,detalle_partida_capitulo_pdf,pdf,167585,163.7,data/dipres_2027_oficial/articles-431198_doc_pdf.pdf
articles-431198_doc_xls.xlsx,detalle_partida_capitulo_excel,xlsx,19583,19.1,data/dipres_2027_oficial/articles-431198_doc_xls.xlsx
articles-431199_doc_pdf.pdf,detalle_partida_capitulo_pdf,pdf,129321,126.3,data/dipres_2027_oficial/articles-431199_doc_pdf.pdf
articles-431199_doc_xls.xlsx,detalle_partida_capitulo_excel,xlsx,16062,15.7,data/dipres_2027_oficial/articles-431199_doc_xls.xlsx
articles-431200_doc_pdf.pdf,detalle_partida_capitulo_pdf,pdf,133263,130.1,data/dipres_2027_oficial/articles-431200_doc_pdf.pdf
articles-431200_doc_xls.xlsx,detalle_partida_capitulo_excel,xlsx,16204,15.8,data/dipres_2027_oficial/articles-431200_doc_xls.xlsx
articles-431201_doc_pdf.pdf,detalle_partida_capitulo_pdf,pdf,119073,116.3,data/dipres_2027_oficial/articles-431201_doc_pdf.pdf
articles-431201_doc_xls.xlsx,detalle_partida_capitulo_excel,xlsx,14973,14.6,data/dipres_2027_oficial/articles-431201_doc_xls.xlsx
articles-431202_doc_pdf.pdf,detalle_partida_capitulo_pdf,pdf,119330,116.5,data/dipres_2027_oficial/articles-431202_doc_pdf.pdf
articles-431202_doc_xls.xlsx,detalle_partida_capitulo_excel,xlsx,15008,14.7,data/dipres_2027_oficial/articles-431202_doc_xls.xlsx
articles-431203_doc_pdf.pdf,detalle_partida_capitulo_pdf,pdf,131421,128.3,data/dipres_2027_oficial/articles-431203_doc_pdf.pdf
articles-431203_doc_xls.xlsx,detalle_partida_capitulo_excel,xlsx,16147,15.8,data/dipres_2027_oficial/articles-431203_doc_xls.xlsx
articles-431204_doc_pdf.pdf,detalle_partida_capitulo_pdf,pdf,129698,126.7,data/dipres_2027_oficial/articles-431204_doc_pdf.pdf
articles-431204_doc_xls.xlsx,detalle_partida_capitulo_excel,xlsx,16002,15.6,data/dipres_2027_oficial/articles-431204_doc_xls.xlsx
articles-431205_doc_pdf.pdf,detalle_partida_capitulo_pdf,pdf,135570,132.4,data/dipres_2027_oficial/articles-431205_doc_pdf.pdf
articles-431205_doc_xls.xlsx,detalle_partida_capitulo_excel,xlsx,16711,16.3,data/dipres_2027_oficial/articles-431205_doc_xls.xlsx
articles-431206_doc_pdf.pdf,detalle_partida_capitulo_pdf,pdf,92526,90.4,data/dipres_2027_oficial/articles-431206_doc_pdf.pdf
articles-431206_doc_xls.xlsx,detalle_partida_capitulo_excel,xlsx,8154,8.0,data/dipres_2027_oficial/articles-431206_doc_xls.xlsx
articles-431207_doc_pdf.pdf,detalle_partida_capitulo_pdf,pdf,91940,89.8,data/dipres_2027_oficial/articles-431207_doc_pdf.pdf
articles-431207_doc_xls.xlsx,detalle_partida_capitulo_excel,xlsx,8185,8.0,data/dipres_2027_oficial/articles-431207_doc_xls.xlsx
articles-431208_doc_pdf.pdf,detalle_partida_capitulo_pdf,pdf,98111,95.8,data/dipres_2027_oficial/articles-431208_doc_pdf.pdf
articles-431208_doc_xls.xlsx,detalle_partida_capitulo_excel,xlsx,9279,9.1,data/dipres_2027_oficial/articles-431208_doc_xls.xlsx
articles-431209_doc_pdf.pdf,detalle_partida_capitulo_pdf,pdf,84037,82.1,data/dipres_2027_oficial/articles-431209_doc_pdf.pdf
articles-431209_doc_xls.xlsx,detalle_partida_capitulo_excel,xlsx,6677,6.5,data/dipres_2027_oficial/articles-431209_doc_xls.xlsx
articles-431210_doc_pdf.pdf,detalle_partida_capitulo_pdf,pdf,142649,139.3,data/dipres_2027_oficial/articles-431210_doc_pdf.pdf
articles-431210_doc_xls.xlsx,detalle_partida_capitulo_excel,xlsx,17307,16.9,data/dipres_2027_oficial/articles-431210_doc_xls.xlsx
articles-431211_doc_pdf.pdf,detalle_partida_capitulo_pdf,pdf,130996,127.9,data/dipres_2027_oficial/articles-431211_doc_pdf.pdf
articles-431211_doc_xls.xlsx,detalle_partida_capitulo_excel,xlsx,16497,16.1,data/dipres_2027_oficial/articles-431211_doc_xls.xlsx
articles-431212_doc_pdf.pdf,detalle_partida_capitulo_pdf,pdf,133292,130.2,data/dipres_2027_oficial/articles-431212_doc_pdf.pdf
articles-431212_doc_xls.xlsx,detalle_partida_capitulo_excel,xlsx,16070,15.7,data/dipres_2027_oficial/articles-431212_doc_xls.xlsx
articles-431213_doc_pdf.pdf,detalle_partida_capitulo_pdf,pdf,130711,127.6,data/dipres_2027_oficial/articles-431213_doc_pdf.pdf
articles-431213_doc_xls.xlsx,detalle_partida_capitulo_excel,xlsx,16212,15.8,data/dipres_2027_oficial/articles-431213_doc_xls.xlsx
articles-431214_doc_pdf.pdf,detalle_partida_capitulo_pdf,pdf,129513,126.5,data/dipres_2027_oficial/articles-431214_doc_pdf.pdf
articles-431214_doc_xls.xlsx,detalle_partida_capitulo_excel,xlsx,15803,15.4,data/dipres_2027_oficial/articles-431214_doc_xls.xlsx
articles-431215_doc_pdf.pdf,detalle_partida_capitulo_pdf,pdf,131608,128.5,data/dipres_2027_oficial/articles-431215_doc_pdf.pdf
articles-431215_doc_xls.xlsx,detalle_partida_capitulo_excel,xlsx,15999,15.6,data/dipres_2027_oficial/articles-431215_doc_xls.xlsx
articles-431216_doc_pdf.pdf,detalle_partida_capitulo_pdf,pdf,149206,145.7,data/dipres_2027_oficial/articles-431216_doc_pdf.pdf
articles-431216_doc_xls.xlsx,detalle_partida_capitulo_excel,xlsx,18347,17.9,data/dipres_2027_oficial/articles-431216_doc_xls.xlsx
articles-431217_doc_pdf.pdf,detalle_partida_capitulo_pdf,pdf,133286,130.2,data/dipres_2027_oficial/articles-431217_doc_pdf.pdf
articles-431217_doc_xls.xlsx,detalle_partida_capitulo_excel,xlsx,16279,15.9,data/dipres_2027_oficial/articles-431217_doc_xls.xlsx
articles-431218_doc_pdf.pdf,detalle_partida_capitulo_pdf,pdf,114616,111.9,data/dipres_2027_oficial/articles-431218_doc_pdf.pdf
articles-431218_doc_xls.xlsx,detalle_partida_capitulo_excel,xlsx,14783,14.4,data/dipres_2027_oficial/articles-431218_doc_xls.xlsx
articles-431219_doc_pdf.pdf,detalle_partida_capitulo_pdf,pdf,129098,126.1,data/dipres_2027_oficial/articles-431219_doc_pdf.pdf
articles-431219_doc_xls.xlsx,detalle_partida_capitulo_excel,xlsx,16052,15.7,data/dipres_2027_oficial/articles-431219_doc_xls.xlsx
articles-431220_doc_pdf.pdf,detalle_partida_capitulo_pdf,pdf,149047,145.6,data/dipres_2027_oficial/articles-431220_doc_pdf.pdf
articles-431220_doc_xls.xlsx,detalle_partida_capitulo_excel,xlsx,18048,17.6,data/dipres_2027_oficial/articles-431220_doc_xls.xlsx
articles-431221_doc_pdf.pdf,detalle_partida_capitulo_pdf,pdf,104957,102.5,data/dipres_2027_oficial/articles-431221_doc_pdf.pdf
articles-431221_doc_xls.xlsx,detalle_partida_capitulo_excel,xlsx,17566,17.2,data/dipres_2027_oficial/articles-431221_doc_xls.xlsx
articles-431222_doc_pdf.pdf,detalle_partida_capitulo_pdf,pdf,99081,96.8,data/dipres_2027_oficial/articles-431222_doc_pdf.pdf
articles-431222_doc_xls.xlsx,detalle_partida_capitulo_excel,xlsx,9584,9.4,data/dipres_2027_oficial/articles-431222_doc_xls.xlsx
articles-431223_doc_pdf.pdf,detalle_partida_capitulo_pdf,pdf,88105,86.0,data/dipres_2027_oficial/articles-431223_doc_pdf.pdf
articles-431223_doc_xls.xlsx,detalle_partida_capitulo_excel,xlsx,13640,13.3,data/dipres_2027_oficial/articles-431223_doc_xls.xlsx
articles-431224_doc_pdf.pdf,detalle_partida_capitulo_pdf,pdf,166379,162.5,data/dipres_2027_oficial/articles-431224_doc_pdf.pdf
articles-431224_doc_xls.xlsx,detalle_partida_capitulo_excel,xlsx,19533,19.1,data/dipres_2027_oficial/articles-431224_doc_xls.xlsx
articles-431225_doc_pdf.pdf,detalle_partida_capitulo_pdf,pdf,94348,92.1,data/dipres_2027_oficial/articles-431225_doc_pdf.pdf
articles-431225_doc_xls.xlsx,detalle_partida_capitulo_excel,xlsx,14666,14.3,data/dipres_2027_oficial/articles-431225_doc_xls.xlsx
articles-431226_doc_pdf.pdf,detalle_partida_capitulo_pdf,pdf,100803,98.4,data/dipres_2027_oficial/articles-431226_doc_pdf.pdf
articles-431226_doc_xls.xlsx,detalle_partida_capitulo_excel,xlsx,16429,16.0,data/dipres_2027_oficial/articles-431226_doc_xls.xlsx
articles-431227_doc_pdf.pdf,detalle_partida_capitulo_pdf,pdf,87763,85.7,data/dipres_2027_oficial/articles-431227_doc_pdf.pdf
articles-431227_doc_xls.xlsx,detalle_partida_capitulo_excel,xlsx,14547,14.2,data/dipres_2027_oficial/articles-431227_doc_xls.xlsx
articles-431228_doc_pdf.pdf,detalle_partida_capitulo_pdf,pdf,87805,85.7,data/dipres_2027_oficial/articles-431228_doc_pdf.pdf
articles-431228_doc_xls.xlsx,detalle_partida_capitulo_excel,xlsx,15679,15.3,data/dipres_2027_oficial/articles-431228_doc_xls.xlsx
articles-431229_doc_pdf.pdf,detalle_partida_capitulo_pdf,pdf,88940,86.9,data/dipres_2027_oficial/articles-431229_doc_pdf.pdf
articles-431229_doc_xls.xlsx,detalle_partida_capitulo_excel,xlsx,15917,15.5,data/dipres_2027_oficial/articles-431229_doc_xls.xlsx
articles-431230_doc_pdf.pdf,detalle_partida_capitulo_pdf,pdf,87687,85.6,data/dipres_2027_oficial/articles-431230_doc_pdf.pdf
articles-431230_doc_xls.xlsx,detalle_partida_capitulo_excel,xlsx,15688,15.3,data/dipres_2027_oficial/articles-431230_doc_xls.xlsx
articles-431231_doc_pdf.pdf,detalle_partida_capitulo_pdf,pdf,87943,85.9,data/dipres_2027_oficial/articles-431231_doc_pdf.pdf
articles-431231_doc_xls.xlsx,detalle_partida_capitulo_excel,xlsx,15686,15.3,data/dipres_2027_oficial/articles-431231_doc_xls.xlsx
articles-431232_doc_pdf.pdf,detalle_partida_capitulo_pdf,pdf,87859,85.8,data/dipres_2027_oficial/articles-431232_doc_pdf.pdf
articles-431232_doc_xls.xlsx,detalle_partida_capitulo_excel,xlsx,15745,15.4,data/dipres_2027_oficial/articles-431232_doc_xls.xlsx
articles-431233_doc_pdf.pdf,detalle_partida_capitulo_pdf,pdf,88126,86.1,data/dipres_2027_oficial/articles-431233_doc_pdf.pdf
articles-431233_doc_xls.xlsx,detalle_partida_capitulo_excel,xlsx,15617,15.3,data/dipres_2027_oficial/articles-431233_doc_xls.xlsx
articles-431234_doc_pdf.pdf,detalle_partida_capitulo_pdf,pdf,88147,86.1,data/dipres_2027_oficial/articles-431234_doc_pdf.pdf
articles-431234_doc_xls.xlsx,detalle_partida_capitulo_excel,xlsx,15854,15.5,data/dipres_2027_oficial/articles-431234_doc_xls.xlsx
articles-431235_doc_pdf.pdf,detalle_partida_capitulo_pdf,pdf,87729,85.7,data/dipres_2027_oficial/articles-431235_doc_pdf.pdf
articles-431235_doc_xls.xlsx,detalle_partida_capitulo_excel,xlsx,15682,15.3,data/dipres_2027_oficial/articles-431235_doc_xls.xlsx
articles-431236_doc_pdf.pdf,detalle_partida_capitulo_pdf,pdf,87982,85.9,data/dipres_2027_oficial/articles-431236_doc_pdf.pdf
articles-431236_doc_xls.xlsx,detalle_partida_capitulo_excel,xlsx,15753,15.4,data/dipres_2027_oficial/articles-431236_doc_xls.xlsx
articles-431237_doc_pdf.pdf,detalle_partida_capitulo_pdf,pdf,87883,85.8,data/dipres_2027_oficial/articles-431237_doc_pdf.pdf
articles-431237_doc_xls.xlsx,detalle_partida_capitulo_excel,xlsx,15745,15.4,data/dipres_2027_oficial/articles-431237_doc_xls.xlsx
articles-431238_doc_pdf.pdf,detalle_partida_capitulo_pdf,pdf,88772,86.7,data/dipres_2027_oficial/articles-431238_doc_pdf.pdf
articles-431238_doc_xls.xlsx,detalle_partida_capitulo_excel,xlsx,15729,15.4,data/dipres_2027_oficial/articles-431238_doc_xls.xlsx
articles-431239_doc_pdf.pdf,detalle_partida_capitulo_pdf,pdf,89108,87.0,data/dipres_2027_oficial/articles-431239_doc_pdf.pdf
articles-431239_doc_xls.xlsx,detalle_partida_capitulo_excel,xlsx,15911,15.5,data/dipres_2027_oficial/articles-431239_doc_xls.xlsx
articles-431240_doc_pdf.pdf,detalle_partida_capitulo_pdf,pdf,87642,85.6,data/dipres_2027_oficial/articles-431240_doc_pdf.pdf
articles-431240_doc_xls.xlsx,detalle_partida_capitulo_excel,xlsx,15565,15.2,data/dipres_2027_oficial/articles-431240_doc_xls.xlsx
articles-431241_doc_pdf.pdf,detalle_partida_capitulo_pdf,pdf,87875,85.8,data/dipres_2027_oficial/articles-431241_doc_pdf.pdf
articles-431241_doc_xls.xlsx,detalle_partida_capitulo_excel,xlsx,15735,15.4,data/dipres_2027_oficial/articles-431241_doc_xls.xlsx
articles-431242_doc_pdf.pdf,detalle_partida_capitulo_pdf,pdf,88367,86.3,data/dipres_2027_oficial/articles-431242_doc_pdf.pdf
articles-431242_doc_xls.xlsx,detalle_partida_capitulo_excel,xlsx,15764,15.4,data/dipres_2027_oficial/articles-431242_doc_xls.xlsx
articles-431243_doc_pdf.pdf,detalle_partida_capitulo_pdf,pdf,88019,86.0,data/dipres_2027_oficial/articles-431243_doc_pdf.pdf
articles-431243_doc_xls.xlsx,detalle_partida_capitulo_excel,xlsx,15679,15.3,data/dipres_2027_oficial/articles-431243_doc_xls.xlsx
articles-431244_doc_pdf.pdf,detalle_partida_capitulo_pdf,pdf,233347,227.9,data/dipres_2027_oficial/articles-431244_doc_pdf.pdf
articles-431244_doc_xls.xlsx,detalle_partida_capitulo_excel,xlsx,18830,18.4,data/dipres_2027_oficial/articles-431244_doc_xls.xlsx
articles-431245_doc_pdf.pdf,detalle_partida_capitulo_pdf,pdf,100086,97.7,data/dipres_2027_oficial/articles-431245_doc_pdf.pdf
articles-431245_doc_xls.xlsx,detalle_partida_capitulo_excel,xlsx,16509,16.1,data/dipres_2027_oficial/articles-431245_doc_xls.xlsx
articles-431246_doc_pdf.pdf,detalle_partida_capitulo_pdf,pdf,91742,89.6,data/dipres_2027_oficial/articles-431246_doc_pdf.pdf
articles-431246_doc_xls.xlsx,detalle_partida_capitulo_excel,xlsx,14982,14.6,data/dipres_2027_oficial/articles-431246_doc_xls.xlsx
articles-431247_doc_pdf.pdf,detalle_partida_capitulo_pdf,pdf,263375,257.2,data/dipres_2027_oficial/articles-431247_doc_pdf.pdf
articles-431247_doc_xls.xlsx,detalle_partida_capitulo_excel,xlsx,18844,18.4,data/dipres_2027_oficial/articles-431247_doc_xls.xlsx
articles-431248_doc_pdf.pdf,detalle_partida_capitulo_pdf,pdf,95350,93.1,data/dipres_2027_oficial/articles-431248_doc_pdf.pdf
articles-431248_doc_xls.xlsx,detalle_partida_capitulo_excel,xlsx,8629,8.4,data/dipres_2027_oficial/articles-431248_doc_xls.xlsx
articles-431249_doc_pdf.pdf,detalle_partida_capitulo_pdf,pdf,92594,90.4,data/dipres_2027_oficial/articles-431249_doc_pdf.pdf
articles-431249_doc_xls.xlsx,detalle_partida_capitulo_excel,xlsx,8303,8.1,data/dipres_2027_oficial/articles-431249_doc_xls.xlsx
articles-431250_doc_pdf.pdf,detalle_partida_capitulo_pdf,pdf,230962,225.5,data/dipres_2027_oficial/articles-431250_doc_pdf.pdf
articles-431250_doc_xls.xlsx,detalle_partida_capitulo_excel,xlsx,17083,16.7,data/dipres_2027_oficial/articles-431250_doc_xls.xlsx
articles-431251_doc_pdf.pdf,detalle_partida_capitulo_pdf,pdf,125240,122.3,data/dipres_2027_oficial/articles-431251_doc_pdf.pdf
articles-431251_doc_xls.xlsx,detalle_partida_capitulo_excel,xlsx,14420,14.1,data/dipres_2027_oficial/articles-431251_doc_xls.xlsx
articles-431252_doc_pdf.pdf,detalle_partida_capitulo_pdf,pdf,257981,251.9,data/dipres_2027_oficial/articles-431252_doc_pdf.pdf
articles-431252_doc_xls.xlsx,detalle_partida_capitulo_excel,xlsx,17088,16.7,data/dipres_2027_oficial/articles-431252_doc_xls.xlsx
articles-431253_doc_pdf.pdf,detalle_partida_capitulo_pdf,pdf,191518,187.0,data/dipres_2027_oficial/articles-431253_doc_pdf.pdf
articles-431253_doc_xls.xlsx,detalle_partida_capitulo_excel,xlsx,16011,15.6,data/dipres_2027_oficial/articles-431253_doc_xls.xlsx
articles-431254_doc_pdf.pdf,detalle_partida_capitulo_pdf,pdf,324977,317.4,data/dipres_2027_oficial/articles-431254_doc_pdf.pdf
articles-431254_doc_xls.xlsx,detalle_partida_capitulo_excel,xlsx,39995,39.1,data/dipres_2027_oficial/articles-431254_doc_xls.xlsx
articles-431255_doc_pdf.pdf,detalle_partida_capitulo_pdf,pdf,96420,94.2,data/dipres_2027_oficial/articles-431255_doc_pdf.pdf
articles-431255_doc_xls.xlsx,detalle_partida_capitulo_excel,xlsx,16353,16.0,data/dipres_2027_oficial/articles-431255_doc_xls.xlsx
articles-431256_doc_pdf.pdf,detalle_partida_capitulo_pdf,pdf,182570,178.3,data/dipres_2027_oficial/articles-431256_doc_pdf.pdf
articles-431256_doc_xls.xlsx,detalle_partida_capitulo_excel,xlsx,32422,31.7,data/dipres_2027_oficial/articles-431256_doc_xls.xlsx
articles-431257_doc_pdf.pdf,detalle_partida_capitulo_pdf,pdf,265991,259.8,data/dipres_2027_oficial/articles-431257_doc_pdf.pdf
articles-431257_doc_xls.xlsx,detalle_partida_capitulo_excel,xlsx,31505,30.8,data/dipres_2027_oficial/articles-431257_doc_xls.xlsx
articles-431258_doc_pdf.pdf,detalle_partida_capitulo_pdf,pdf,726393,709.4,data/dipres_2027_oficial/articles-431258_doc_pdf.pdf
articles-431258_doc_xls.xlsx,detalle_partida_capitulo_excel,xlsx,84074,82.1,data/dipres_2027_oficial/articles-431258_doc_xls.xlsx
articles-431259_doc_pdf.pdf,detalle_partida_capitulo_pdf,pdf,244944,239.2,data/dipres_2027_oficial/articles-431259_doc_pdf.pdf
articles-431259_doc_xls.xlsx,detalle_partida_capitulo_excel,xlsx,14944,14.6,data/dipres_2027_oficial/articles-431259_doc_xls.xlsx
articles-431260_doc_pdf.pdf,detalle_partida_capitulo_pdf,pdf,95861,93.6,data/dipres_2027_oficial/articles-431260_doc_pdf.pdf
articles-431260_doc_xls.xlsx,detalle_partida_capitulo_excel,xlsx,14695,14.4,data/dipres_2027_oficial/articles-431260_doc_xls.xlsx
articles-431261_doc_pdf.pdf,detalle_partida_capitulo_pdf,pdf,93629,91.4,data/dipres_2027_oficial/articles-431261_doc_pdf.pdf
articles-431261_doc_xls.xlsx,detalle_partida_capitulo_excel,xlsx,7711,7.5,data/dipres_2027_oficial/articles-431261_doc_xls.xlsx
articles-431262_doc_pdf.pdf,detalle_partida_capitulo_pdf,pdf,96129,93.9,data/dipres_2027_oficial/articles-431262_doc_pdf.pdf
articles-431262_doc_xls.xlsx,detalle_partida_capitulo_excel,xlsx,14839,14.5,data/dipres_2027_oficial/articles-431262_doc_xls.xlsx
articles-431263_doc_pdf.pdf,detalle_partida_capitulo_pdf,pdf,117996,115.2,data/dipres_2027_oficial/articles-431263_doc_pdf.pdf
articles-431263_doc_xls.xlsx,detalle_partida_capitulo_excel,xlsx,19407,19.0,data/dipres_2027_oficial/articles-431263_doc_xls.xlsx
articles-431264_doc_pdf.pdf,detalle_partida_capitulo_pdf,pdf,179129,174.9,data/dipres_2027_oficial/articles-431264_doc_pdf.pdf
articles-431264_doc_xls.xlsx,detalle_partida_capitulo_excel,xlsx,21934,21.4,data/dipres_2027_oficial/articles-431264_doc_xls.xlsx
articles-431265_doc_pdf.pdf,detalle_partida_capitulo_pdf,pdf,182523,178.2,data/dipres_2027_oficial/articles-431265_doc_pdf.pdf
articles-431265_doc_xls.xlsx,detalle_partida_capitulo_excel,xlsx,23100,22.6,data/dipres_2027_oficial/articles-431265_doc_xls.xlsx
articles-431266_doc_pdf.pdf,detalle_partida_capitulo_pdf,pdf,150417,146.9,data/dipres_2027_oficial/articles-431266_doc_pdf.pdf
articles-431267_doc_pdf.pdf,detalle_partida_capitulo_pdf,pdf,157706,154.0,data/dipres_2027_oficial/articles-431267_doc_pdf.pdf
articles-431268_doc_pdf.pdf,detalle_partida_capitulo_pdf,pdf,194918,190.3,data/dipres_2027_oficial/articles-431268_doc_pdf.pdf
articles-431269_doc_pdf.pdf,detalle_partida_capitulo_pdf,pdf,136362,133.2,data/dipres_2027_oficial/articles-431269_doc_pdf.pdf
articles-431270_doc_pdf.pdf,detalle_partida_capitulo_pdf,pdf,197331,192.7,data/dipres_2027_oficial/articles-431270_doc_pdf.pdf
articles-431271_doc_pdf.pdf,detalle_partida_capitulo_pdf,pdf,193782,189.2,data/dipres_2027_oficial/articles-431271_doc_pdf.pdf
articles-431272_doc_pdf.pdf,detalle_partida_capitulo_pdf,pdf,259095,253.0,data/dipres_2027_oficial/articles-431272_doc_pdf.pdf
articles-431273_doc_pdf.pdf,detalle_partida_capitulo_pdf,pdf,241665,236.0,data/dipres_2027_oficial/articles-431273_doc_pdf.pdf
articles-431274_doc_pdf.pdf,detalle_partida_capitulo_pdf,pdf,345918,337.8,data/dipres_2027_oficial/articles-431274_doc_pdf.pdf
articles-431275_doc_pdf.pdf,detalle_partida_capitulo_pdf,pdf,174935,170.8,data/dipres_2027_oficial/articles-431275_doc_pdf.pdf
articles-431276_doc_pdf.pdf,detalle_partida_capitulo_pdf,pdf,200070,195.4,data/dipres_2027_oficial/articles-431276_doc_pdf.pdf
articles-431277_doc_pdf.pdf,detalle_partida_capitulo_pdf,pdf,514918,502.8,data/dipres_2027_oficial/articles-431277_doc_pdf.pdf
articles-431278_doc_pdf.pdf,detalle_partida_capitulo_pdf,pdf,132966,129.8,data/dipres_2027_oficial/articles-431278_doc_pdf.pdf
articles-431279_doc_pdf.pdf,detalle_partida_capitulo_pdf,pdf,164613,160.8,data/dipres_2027_oficial/articles-431279_doc_pdf.pdf
articles-431280_doc_pdf.pdf,detalle_partida_capitulo_pdf,pdf,194133,189.6,data/dipres_2027_oficial/articles-431280_doc_pdf.pdf
articles-431281_doc_pdf.pdf,detalle_partida_capitulo_pdf,pdf,278388,271.9,data/dipres_2027_oficial/articles-431281_doc_pdf.pdf
articles-431282_doc_pdf.pdf,detalle_partida_capitulo_pdf,pdf,158059,154.4,data/dipres_2027_oficial/articles-431282_doc_pdf.pdf
articles-431283_doc_pdf.pdf,detalle_partida_capitulo_pdf,pdf,151010,147.5,data/dipres_2027_oficial/articles-431283_doc_pdf.pdf
articles-431284_doc_pdf.pdf,detalle_partida_capitulo_pdf,pdf,222927,217.7,data/dipres_2027_oficial/articles-431284_doc_pdf.pdf
articles-431285_doc_pdf.pdf,detalle_partida_capitulo_pdf,pdf,170765,166.8,data/dipres_2027_oficial/articles-431285_doc_pdf.pdf
articles-431286_doc_pdf.pdf,detalle_partida_capitulo_pdf,pdf,159908,156.2,data/dipres_2027_oficial/articles-431286_doc_pdf.pdf
articles-431287_doc_pdf.pdf,detalle_partida_capitulo_pdf,pdf,122712,119.8,data/dipres_2027_oficial/articles-431287_doc_pdf.pdf
articles-431288_doc_pdf.pdf,detalle_partida_capitulo_pdf,pdf,281540,274.9,data/dipres_2027_oficial/articles-431288_doc_pdf.pdf
articles-431289_doc_pdf.pdf,detalle_partida_capitulo_pdf,pdf,297259,290.3,data/dipres_2027_oficial/articles-431289_doc_pdf.pdf
articles-431290_doc_pdf.pdf,detalle_partida_capitulo_pdf,pdf,181151,176.9,data/dipres_2027_oficial/articles-431290_doc_pdf.pdf
articles-431291_doc_pdf.pdf,detalle_partida_capitulo_pdf,pdf,165890,162.0,data/dipres_2027_oficial/articles-431291_doc_pdf.pdf
articles-431292_doc_pdf.pdf,detalle_partida_capitulo_pdf,pdf,204592,199.8,data/dipres_2027_oficial/articles-431292_doc_pdf.pdf
articles-431293_doc_pdf.pdf,detalle_partida_capitulo_pdf,pdf,110316,107.7,data/dipres_2027_oficial/articles-431293_doc_pdf.pdf
articles-431294_doc_pdf.pdf,detalle_partida_capitulo_pdf,pdf,286546,279.8,data/dipres_2027_oficial/articles-431294_doc_pdf.pdf
articles-431295_doc_pdf.pdf,detalle_partida_capitulo_pdf,pdf,212292,207.3,data/dipres_2027_oficial/articles-431295_doc_pdf.pdf
articles-431296_doc_pdf.pdf,detalle_partida_capitulo_pdf,pdf,215666,210.6,data/dipres_2027_oficial/articles-431296_doc_pdf.pdf
articles-431297_doc_pdf.pdf,detalle_partida_capitulo_pdf,pdf,948762,926.5,data/dipres_2027_oficial/articles-431297_doc_pdf.pdf
articles-431298_doc_pdf.pdf,detalle_partida_capitulo_pdf,pdf,228114,222.8,data/dipres_2027_oficial/articles-431298_doc_pdf.pdf
articles-431299_doc_pdf.pdf,detalle_partida_capitulo_pdf,pdf,86291,84.3,data/dipres_2027_oficial/articles-431299_doc_pdf.pdf
articles-431300_doc_pdf.pdf,detalle_partida_capitulo_pdf,pdf,92453,90.3,data/dipres_2027_oficial/articles-431300_doc_pdf.pdf
articles-431301_doc_pdf.pdf,detalle_partida_capitulo_pdf,pdf,91551,89.4,data/dipres_2027_oficial/articles-431301_doc_pdf.pdf
articles-431302_doc_pdf.pdf,detalle_partida_capitulo_pdf,pdf,87490,85.4,data/dipres_2027_oficial/articles-431302_doc_pdf.pdf
articles-431303_doc_pdf.pdf,detalle_partida_capitulo_pdf,pdf,81242,79.3,data/dipres_2027_oficial/articles-431303_doc_pdf.pdf
articles-431304_doc_pdf.pdf,detalle_partida_capitulo_pdf,pdf,79954,78.1,data/dipres_2027_oficial/articles-431304_doc_pdf.pdf
articles-431305_doc_pdf.pdf,detalle_partida_capitulo_pdf,pdf,78483,76.6,data/dipres_2027_oficial/articles-431305_doc_pdf.pdf
articles-431306_doc_pdf.pdf,detalle_partida_capitulo_pdf,pdf,77256,75.4,data/dipres_2027_oficial/articles-431306_doc_pdf.pdf
articles-431307_doc_pdf.pdf,detalle_partida_capitulo_pdf,pdf,90393,88.3,data/dipres_2027_oficial/articles-431307_doc_pdf.pdf
articles-431308_doc_pdf.pdf,detalle_partida_capitulo_pdf,pdf,84874,82.9,data/dipres_2027_oficial/articles-431308_doc_pdf.pdf
articles-431309_doc_pdf.pdf,detalle_partida_capitulo_pdf,pdf,87635,85.6,data/dipres_2027_oficial/articles-431309_doc_pdf.pdf
articles-431310_doc_pdf.pdf,detalle_partida_capitulo_pdf,pdf,87350,85.3,data/dipres_2027_oficial/articles-431310_doc_pdf.pdf
articles-431311_doc_pdf.pdf,detalle_partida_capitulo_pdf,pdf,86722,84.7,data/dipres_2027_oficial/articles-431311_doc_pdf.pdf
articles-431312_doc_pdf.pdf,detalle_partida_capitulo_pdf,pdf,88612,86.5,data/dipres_2027_oficial/articles-431312_doc_pdf.pdf
articles-431313_doc_pdf.pdf,detalle_partida_capitulo_pdf,pdf,88156,86.1,data/dipres_2027_oficial/articles-431313_doc_pdf.pdf
articles-431314_doc_pdf.pdf,detalle_partida_capitulo_pdf,pdf,84893,82.9,data/dipres_2027_oficial/articles-431314_doc_pdf.pdf
articles-431315_doc_pdf.pdf,detalle_partida_capitulo_pdf,pdf,90354,88.2,data/dipres_2027_oficial/articles-431315_doc_pdf.pdf
articles-431317_doc_pdf.pdf,detalle_partida_capitulo_pdf,pdf,88004,85.9,data/dipres_2027_oficial/articles-431317_doc_pdf.pdf
articles-431318_doc_pdf.pdf,detalle_partida_capitulo_pdf,pdf,88692,86.6,data/dipres_2027_oficial/articles-431318_doc_pdf.pdf
articles-431319_doc_pdf.pdf,detalle_partida_capitulo_pdf,pdf,80680,78.8,data/dipres_2027_oficial/articles-431319_doc_pdf.pdf
articles-431320_doc_pdf.pdf,detalle_partida_capitulo_pdf,pdf,80596,78.7,data/dipres_2027_oficial/articles-431320_doc_pdf.pdf
articles-431321_doc_pdf.pdf,detalle_partida_capitulo_pdf,pdf,86678,84.6,data/dipres_2027_oficial/articles-431321_doc_pdf.pdf
articles-431322_doc_pdf.pdf,detalle_partida_capitulo_pdf,pdf,81245,79.3,data/dipres_2027_oficial/articles-431322_doc_pdf.pdf
articles-431323_doc_pdf.pdf,detalle_partida_capitulo_pdf,pdf,85794,83.8,data/dipres_2027_oficial/articles-431323_doc_pdf.pdf
articles-431324_doc_pdf.pdf,detalle_partida_capitulo_pdf,pdf,109113,106.6,data/dipres_2027_oficial/articles-431324_doc_pdf.pdf
articles-431325_doc_pdf.pdf,detalle_partida_capitulo_pdf,pdf,86491,84.5,data/dipres_2027_oficial/articles-431325_doc_pdf.pdf
articles-431326_doc_pdf.pdf,detalle_partida_capitulo_pdf,pdf,91345,89.2,data/dipres_2027_oficial/articles-431326_doc_pdf.pdf
articles-431327_doc_pdf.pdf,detalle_partida_capitulo_pdf,pdf,85138,83.1,data/dipres_2027_oficial/articles-431327_doc_pdf.pdf
articles-431328_doc_pdf.pdf,detalle_partida_capitulo_pdf,pdf,95766,93.5,data/dipres_2027_oficial/articles-431328_doc_pdf.pdf
articles-431329_doc_pdf.pdf,detalle_partida_capitulo_pdf,pdf,98187,95.9,data/dipres_2027_oficial/articles-431329_doc_pdf.pdf
articles-431330_doc_pdf.pdf,detalle_partida_capitulo_pdf,pdf,91825,89.7,data/dipres_2027_oficial/articles-431330_doc_pdf.pdf
articles-431331_doc_pdf.pdf,detalle_partida_capitulo_pdf,pdf,87327,85.3,data/dipres_2027_oficial/articles-431331_doc_pdf.pdf
articles-431332_doc_pdf.pdf,detalle_partida_capitulo_pdf,pdf,85341,83.3,data/dipres_2027_oficial/articles-431332_doc_pdf.pdf
articles-431333_doc_pdf.pdf,detalle_partida_capitulo_pdf,pdf,87244,85.2,data/dipres_2027_oficial/articles-431333_doc_pdf.pdf
articles-431334_doc_pdf.pdf,detalle_partida_capitulo_pdf,pdf,90587,88.5,data/dipres_2027_oficial/articles-431334_doc_pdf.pdf
articles-431335_doc_pdf.pdf,detalle_partida_capitulo_pdf,pdf,87323,85.3,data/dipres_2027_oficial/articles-431335_doc_pdf.pdf
articles-431336_doc_pdf.pdf,detalle_partida_capitulo_pdf,pdf,113191,110.5,data/dipres_2027_oficial/articles-431336_doc_pdf.pdf
articles-431337_doc_pdf.pdf,detalle_partida_capitulo_pdf,pdf,91774,89.6,data/dipres_2027_oficial/articles-431337_doc_pdf.pdf
articles-431338_doc_pdf.pdf,detalle_partida_capitulo_pdf,pdf,83773,81.8,data/dipres_2027_oficial/articles-431338_doc_pdf.pdf
articles-431339_doc_pdf.pdf,detalle_partida_capitulo_pdf,pdf,80802,78.9,data/dipres_2027_oficial/articles-431339_doc_pdf.pdf
articles-431340_doc_pdf.pdf,detalle_partida_capitulo_pdf,pdf,80987,79.1,data/dipres_2027_oficial/articles-431340_doc_pdf.pdf
articles-431341_doc_pdf.pdf,detalle_partida_capitulo_pdf,pdf,84523,82.5,data/dipres_2027_oficial/articles-431341_doc_pdf.pdf
articles-431342_doc_pdf.pdf,detalle_partida_capitulo_pdf,pdf,86235,84.2,data/dipres_2027_oficial/articles-431342_doc_pdf.pdf
articles-431343_doc_pdf.pdf,detalle_partida_capitulo_pdf,pdf,81926,80.0,data/dipres_2027_oficial/articles-431343_doc_pdf.pdf
articles-431344_doc_pdf.pdf,detalle_partida_capitulo_pdf,pdf,89452,87.4,data/dipres_2027_oficial/articles-431344_doc_pdf.pdf
articles-431345_doc_pdf.pdf,detalle_partida_capitulo_pdf,pdf,89310,87.2,data/dipres_2027_oficial/articles-431345_doc_pdf.pdf
articles-431346_doc_pdf.pdf,detalle_partida_capitulo_pdf,pdf,86343,84.3,data/dipres_2027_oficial/articles-431346_doc_pdf.pdf
articles-431347_doc_pdf.pdf,detalle_partida_capitulo_pdf,pdf,84007,82.0,data/dipres_2027_oficial/articles-431347_doc_pdf.pdf
articles-431348_doc_pdf.pdf,detalle_partida_capitulo_pdf,pdf,84773,82.8,data/dipres_2027_oficial/articles-431348_doc_pdf.pdf
articles-431349_doc_pdf.pdf,detalle_partida_capitulo_pdf,pdf,87633,85.6,data/dipres_2027_oficial/articles-431349_doc_pdf.pdf
articles-431350_doc_pdf.pdf,detalle_partida_capitulo_pdf,pdf,90167,88.1,data/dipres_2027_oficial/articles-431350_doc_pdf.pdf
articles-431351_doc_pdf.pdf,detalle_partida_capitulo_pdf,pdf,89756,87.7,data/dipres_2027_oficial/articles-431351_doc_pdf.pdf
articles-431352_doc_pdf.pdf,detalle_partida_capitulo_pdf,pdf,84233,82.3,data/dipres_2027_oficial/articles-431352_doc_pdf.pdf
articles-431353_doc_pdf.pdf,detalle_partida_capitulo_pdf,pdf,81766,79.8,data/dipres_2027_oficial/articles-431353_doc_pdf.pdf
articles-431354_doc_pdf.pdf,detalle_partida_capitulo_pdf,pdf,87020,85.0,data/dipres_2027_oficial/articles-431354_doc_pdf.pdf
articles-431355_doc_pdf.pdf,detalle_partida_capitulo_pdf,pdf,87892,85.8,data/dipres_2027_oficial/articles-431355_doc_pdf.pdf
articles-431356_doc_pdf.pdf,detalle_partida_capitulo_pdf,pdf,80310,78.4,data/dipres_2027_oficial/articles-431356_doc_pdf.pdf
articles-431357_doc_pdf.pdf,detalle_partida_capitulo_pdf,pdf,85920,83.9,data/dipres_2027_oficial/articles-431357_doc_pdf.pdf
articles-431358_doc_pdf.pdf,detalle_partida_capitulo_pdf,pdf,85445,83.4,data/dipres_2027_oficial/articles-431358_doc_pdf.pdf
articles-431359_doc_pdf.pdf,detalle_partida_capitulo_pdf,pdf,81291,79.4,data/dipres_2027_oficial/articles-431359_doc_pdf.pdf
articles-431360_doc_pdf.pdf,detalle_partida_capitulo_pdf,pdf,87717,85.7,data/dipres_2027_oficial/articles-431360_doc_pdf.pdf
articles-431361_doc_pdf.pdf,detalle_partida_capitulo_pdf,pdf,87088,85.0,data/dipres_2027_oficial/articles-431361_doc_pdf.pdf
articles-431362_doc_pdf.pdf,detalle_partida_capitulo_pdf,pdf,80955,79.1,data/dipres_2027_oficial/articles-431362_doc_pdf.pdf
articles-431363_doc_pdf.pdf,detalle_partida_capitulo_pdf,pdf,86843,84.8,data/dipres_2027_oficial/articles-431363_doc_pdf.pdf
articles-431364_doc_pdf.pdf,detalle_partida_capitulo_pdf,pdf,82308,80.4,data/dipres_2027_oficial/articles-431364_doc_pdf.pdf
articles-431365_doc_pdf.pdf,detalle_partida_capitulo_pdf,pdf,87135,85.1,data/dipres_2027_oficial/articles-431365_doc_pdf.pdf
articles-431366_doc_pdf.pdf,detalle_partida_capitulo_pdf,pdf,84033,82.1,data/dipres_2027_oficial/articles-431366_doc_pdf.pdf
articles-431367_doc_pdf.pdf,detalle_partida_capitulo_pdf,pdf,84311,82.3,data/dipres_2027_oficial/articles-431367_doc_pdf.pdf
articles-431368_doc_pdf.pdf,detalle_partida_capitulo_pdf,pdf,84239,82.3,data/dipres_2027_oficial/articles-431368_doc_pdf.pdf
articles-431369_doc_pdf.pdf,detalle_partida_capitulo_pdf,pdf,83626,81.7,data/dipres_2027_oficial/articles-431369_doc_pdf.pdf
articles-431370_doc_pdf.pdf,detalle_partida_capitulo_pdf,pdf,86515,84.5,data/dipres_2027_oficial/articles-431370_doc_pdf.pdf
articles-431371_doc_pdf.pdf,detalle_partida_capitulo_pdf,pdf,86062,84.0,data/dipres_2027_oficial/articles-431371_doc_pdf.pdf
articles-431372_doc_pdf.pdf,detalle_partida_capitulo_pdf,pdf,83683,81.7,data/dipres_2027_oficial/articles-431372_doc_pdf.pdf
articles-431373_doc_pdf.pdf,detalle_partida_capitulo_pdf,pdf,96400,94.1,data/dipres_2027_oficial/articles-431373_doc_pdf.pdf
articles-431374_doc_pdf.pdf,detalle_partida_capitulo_pdf,pdf,91299,89.2,data/dipres_2027_oficial/articles-431374_doc_pdf.pdf
articles-431375_doc_pdf.pdf,detalle_partida_capitulo_pdf,pdf,88795,86.7,data/dipres_2027_oficial/articles-431375_doc_pdf.pdf
articles-431376_doc_pdf.pdf,detalle_partida_capitulo_pdf,pdf,89775,87.7,data/dipres_2027_oficial/articles-431376_doc_pdf.pdf
articles-431377_doc_pdf.pdf,detalle_partida_capitulo_pdf,pdf,117626,114.9,data/dipres_2027_oficial/articles-431377_doc_pdf.pdf
articles-431378_doc_pdf.pdf,detalle_partida_capitulo_pdf,pdf,83664,81.7,data/dipres_2027_oficial/articles-431378_doc_pdf.pdf
articles-431379_doc_pdf.pdf,detalle_partida_capitulo_pdf,pdf,87878,85.8,data/dipres_2027_oficial/articles-431379_doc_pdf.pdf
articles-431380_doc_pdf.pdf,detalle_partida_capitulo_pdf,pdf,87454,85.4,data/dipres_2027_oficial/articles-431380_doc_pdf.pdf
articles-431381_doc_pdf.pdf,detalle_partida_capitulo_pdf,pdf,90317,88.2,data/dipres_2027_oficial/articles-431381_doc_pdf.pdf
articles-431382_doc_pdf.pdf,detalle_partida_capitulo_pdf,pdf,84561,82.6,data/dipres_2027_oficial/articles-431382_doc_pdf.pdf
articles-431383_doc_pdf.pdf,detalle_partida_capitulo_pdf,pdf,87407,85.4,data/dipres_2027_oficial/articles-431383_doc_pdf.pdf
articles-431384_doc_pdf.pdf,detalle_partida_capitulo_pdf,pdf,106042,103.6,data/dipres_2027_oficial/articles-431384_doc_pdf.pdf
articles-431385_doc_pdf.pdf,detalle_partida_capitulo_pdf,pdf,89072,87.0,data/dipres_2027_oficial/articles-431385_doc_pdf.pdf
articles-431386_doc_pdf.pdf,detalle_partida_capitulo_pdf,pdf,86898,84.9,data/dipres_2027_oficial/articles-431386_doc_pdf.pdf
articles-431387_doc_pdf.pdf,detalle_partida_capitulo_pdf,pdf,84128,82.2,data/dipres_2027_oficial/articles-431387_doc_pdf.pdf
articles-431388_doc_pdf.pdf,detalle_partida_capitulo_pdf,pdf,86095,84.1,data/dipres_2027_oficial/articles-431388_doc_pdf.pdf
articles-431389_doc_pdf.pdf,detalle_partida_capitulo_pdf,pdf,86829,84.8,data/dipres_2027_oficial/articles-431389_doc_pdf.pdf
articles-431390_doc_pdf.pdf,detalle_partida_capitulo_pdf,pdf,96573,94.3,data/dipres_2027_oficial/articles-431390_doc_pdf.pdf
articles-431391_doc_pdf.pdf,detalle_partida_capitulo_pdf,pdf,85245,83.2,data/dipres_2027_oficial/articles-431391_doc_pdf.pdf
articles-431392_doc_pdf.pdf,detalle_partida_capitulo_pdf,pdf,88198,86.1,data/dipres_2027_oficial/articles-431392_doc_pdf.pdf
articles-431393_doc_pdf.pdf,detalle_partida_capitulo_pdf,pdf,85262,83.3,data/dipres_2027_oficial/articles-431393_doc_pdf.pdf
articles-431394_doc_pdf.pdf,detalle_partida_capitulo_pdf,pdf,87821,85.8,data/dipres_2027_oficial/articles-431394_doc_pdf.pdf
articles-431395_doc_pdf.pdf,detalle_partida_capitulo_pdf,pdf,85233,83.2,data/dipres_2027_oficial/articles-431395_doc_pdf.pdf
articles-431396_doc_pdf.pdf,detalle_partida_capitulo_pdf,pdf,88142,86.1,data/dipres_2027_oficial/articles-431396_doc_pdf.pdf
articles-431397_doc_pdf.pdf,detalle_partida_capitulo_pdf,pdf,85119,83.1,data/dipres_2027_oficial/articles-431397_doc_pdf.pdf
articles-431398_doc_pdf.pdf,detalle_partida_capitulo_pdf,pdf,88222,86.2,data/dipres_2027_oficial/articles-431398_doc_pdf.pdf
articles-431399_doc_pdf.pdf,detalle_partida_capitulo_pdf,pdf,86213,84.2,data/dipres_2027_oficial/articles-431399_doc_pdf.pdf
articles-431400_doc_pdf.pdf,detalle_partida_capitulo_pdf,pdf,88465,86.4,data/dipres_2027_oficial/articles-431400_doc_pdf.pdf
articles-431401_doc_pdf.pdf,detalle_partida_capitulo_pdf,pdf,85257,83.3,data/dipres_2027_oficial/articles-431401_doc_pdf.pdf
articles-431402_doc_pdf.pdf,detalle_partida_capitulo_pdf,pdf,88208,86.1,data/dipres_2027_oficial/articles-431402_doc_pdf.pdf
articles-431403_doc_pdf.pdf,detalle_partida_capitulo_pdf,pdf,85302,83.3,data/dipres_2027_oficial/articles-431403_doc_pdf.pdf
articles-431404_doc_pdf.pdf,detalle_partida_capitulo_pdf,pdf,88255,86.2,data/dipres_2027_oficial/articles-431404_doc_pdf.pdf
articles-431405_doc_pdf.pdf,detalle_partida_capitulo_pdf,pdf,85242,83.2,data/dipres_2027_oficial/articles-431405_doc_pdf.pdf
articles-431406_doc_pdf.pdf,detalle_partida_capitulo_pdf,pdf,88197,86.1,data/dipres_2027_oficial/articles-431406_doc_pdf.pdf
articles-431407_doc_pdf.pdf,detalle_partida_capitulo_pdf,pdf,85277,83.3,data/dipres_2027_oficial/articles-431407_doc_pdf.pdf
articles-431408_doc_pdf.pdf,detalle_partida_capitulo_pdf,pdf,88217,86.1,data/dipres_2027_oficial/articles-431408_doc_pdf.pdf
articles-431409_doc_pdf.pdf,detalle_partida_capitulo_pdf,pdf,85520,83.5,data/dipres_2027_oficial/articles-431409_doc_pdf.pdf
articles-431410_doc_pdf.pdf,detalle_partida_capitulo_pdf,pdf,88177,86.1,data/dipres_2027_oficial/articles-431410_doc_pdf.pdf
articles-431411_doc_pdf.pdf,detalle_partida_capitulo_pdf,pdf,85640,83.6,data/dipres_2027_oficial/articles-431411_doc_pdf.pdf
articles-431412_doc_pdf.pdf,detalle_partida_capitulo_pdf,pdf,88625,86.5,data/dipres_2027_oficial/articles-431412_doc_pdf.pdf
articles-431413_doc_pdf.pdf,detalle_partida_capitulo_pdf,pdf,85528,83.5,data/dipres_2027_oficial/articles-431413_doc_pdf.pdf
articles-431414_doc_pdf.pdf,detalle_partida_capitulo_pdf,pdf,89742,87.6,data/dipres_2027_oficial/articles-431414_doc_pdf.pdf
articles-431415_doc_pdf.pdf,detalle_partida_capitulo_pdf,pdf,84971,83.0,data/dipres_2027_oficial/articles-431415_doc_pdf.pdf
articles-431416_doc_pdf.pdf,detalle_partida_capitulo_pdf,pdf,88167,86.1,data/dipres_2027_oficial/articles-431416_doc_pdf.pdf
articles-431417_doc_pdf.pdf,detalle_partida_capitulo_pdf,pdf,86349,84.3,data/dipres_2027_oficial/articles-431417_doc_pdf.pdf
articles-431418_doc_pdf.pdf,detalle_partida_capitulo_pdf,pdf,87968,85.9,data/dipres_2027_oficial/articles-431418_doc_pdf.pdf
articles-431419_doc_pdf.pdf,detalle_partida_capitulo_pdf,pdf,84983,83.0,data/dipres_2027_oficial/articles-431419_doc_pdf.pdf
articles-431420_doc_pdf.pdf,detalle_partida_capitulo_pdf,pdf,88217,86.1,data/dipres_2027_oficial/articles-431420_doc_pdf.pdf
articles-431421_doc_pdf.pdf,detalle_partida_capitulo_pdf,pdf,85290,83.3,data/dipres_2027_oficial/articles-431421_doc_pdf.pdf
articles-431422_doc_pdf.pdf,detalle_partida_capitulo_pdf,pdf,88235,86.2,data/dipres_2027_oficial/articles-431422_doc_pdf.pdf
articles-431423_doc_pdf.pdf,detalle_partida_capitulo_pdf,pdf,84859,82.9,data/dipres_2027_oficial/articles-431423_doc_pdf.pdf
articles-431424_doc_pdf.pdf,detalle_partida_capitulo_pdf,pdf,87930,85.9,data/dipres_2027_oficial/articles-431424_doc_pdf.pdf
articles-431425_doc_pdf.pdf,detalle_partida_capitulo_pdf,pdf,85243,83.2,data/dipres_2027_oficial/articles-431425_doc_pdf.pdf
articles-431426_doc_pdf.pdf,detalle_partida_capitulo_pdf,pdf,89281,87.2,data/dipres_2027_oficial/articles-431426_doc_pdf.pdf
articles-431427_doc_pdf.pdf,detalle_partida_capitulo_pdf,pdf,85319,83.3,data/dipres_2027_oficial/articles-431427_doc_pdf.pdf
articles-431428_doc_pdf.pdf,detalle_partida_capitulo_pdf,pdf,88329,86.3,data/dipres_2027_oficial/articles-431428_doc_pdf.pdf
articles-431429_doc_pdf.pdf,detalle_partida_capitulo_pdf,pdf,85248,83.2,data/dipres_2027_oficial/articles-431429_doc_pdf.pdf
articles-431430_doc_pdf.pdf,detalle_partida_capitulo_pdf,pdf,88213,86.1,data/dipres_2027_oficial/articles-431430_doc_pdf.pdf
articles-431431_doc_pdf.pdf,detalle_partida_capitulo_pdf,pdf,85237,83.2,data/dipres_2027_oficial/articles-431431_doc_pdf.pdf
articles-431432_doc_pdf.pdf,detalle_partida_capitulo_pdf,pdf,88192,86.1,data/dipres_2027_oficial/articles-431432_doc_pdf.pdf
articles-431433_doc_pdf.pdf,detalle_partida_capitulo_pdf,pdf,85253,83.3,data/dipres_2027_oficial/articles-431433_doc_pdf.pdf
articles-431434_doc_pdf.pdf,detalle_partida_capitulo_pdf,pdf,87833,85.8,data/dipres_2027_oficial/articles-431434_doc_pdf.pdf
articles-431435_doc_pdf.pdf,detalle_partida_capitulo_pdf,pdf,85235,83.2,data/dipres_2027_oficial/articles-431435_doc_pdf.pdf
articles-431436_doc_pdf.pdf,detalle_partida_capitulo_pdf,pdf,87507,85.5,data/dipres_2027_oficial/articles-431436_doc_pdf.pdf
articles-431437_doc_pdf.pdf,detalle_partida_capitulo_pdf,pdf,84865,82.9,data/dipres_2027_oficial/articles-431437_doc_pdf.pdf
articles-431438_doc_pdf.pdf,detalle_partida_capitulo_pdf,pdf,88200,86.1,data/dipres_2027_oficial/articles-431438_doc_pdf.pdf
articles-431439_doc_pdf.pdf,detalle_partida_capitulo_pdf,pdf,85237,83.2,data/dipres_2027_oficial/articles-431439_doc_pdf.pdf
articles-431440_doc_pdf.pdf,detalle_partida_capitulo_pdf,pdf,88822,86.7,data/dipres_2027_oficial/articles-431440_doc_pdf.pdf
articles-431441_doc_pdf.pdf,detalle_partida_capitulo_pdf,pdf,84974,83.0,data/dipres_2027_oficial/articles-431441_doc_pdf.pdf
articles-431442_doc_pdf.pdf,detalle_partida_capitulo_pdf,pdf,87934,85.9,data/dipres_2027_oficial/articles-431442_doc_pdf.pdf
articles-431443_doc_pdf.pdf,detalle_partida_capitulo_pdf,pdf,85246,83.2,data/dipres_2027_oficial/articles-431443_doc_pdf.pdf
articles-431444_doc_pdf.pdf,detalle_partida_capitulo_pdf,pdf,87946,85.9,data/dipres_2027_oficial/articles-431444_doc_pdf.pdf
articles-431445_doc_pdf.pdf,detalle_partida_capitulo_pdf,pdf,84857,82.9,data/dipres_2027_oficial/articles-431445_doc_pdf.pdf
articles-431446_doc_pdf.pdf,detalle_partida_capitulo_pdf,pdf,87196,85.2,data/dipres_2027_oficial/articles-431446_doc_pdf.pdf
articles-431447_doc_pdf.pdf,detalle_partida_capitulo_pdf,pdf,84868,82.9,data/dipres_2027_oficial/articles-431447_doc_pdf.pdf
articles-431448_doc_pdf.pdf,detalle_partida_capitulo_pdf,pdf,87887,85.8,data/dipres_2027_oficial/articles-431448_doc_pdf.pdf
articles-431449_doc_pdf.pdf,detalle_partida_capitulo_pdf,pdf,85234,83.2,data/dipres_2027_oficial/articles-431449_doc_pdf.pdf
articles-431450_doc_pdf.pdf,detalle_partida_capitulo_pdf,pdf,88191,86.1,data/dipres_2027_oficial/articles-431450_doc_pdf.pdf
articles-431451_doc_pdf.pdf,detalle_partida_capitulo_pdf,pdf,85242,83.2,data/dipres_2027_oficial/articles-431451_doc_pdf.pdf
articles-431452_doc_pdf.pdf,detalle_partida_capitulo_pdf,pdf,88205,86.1,data/dipres_2027_oficial/articles-431452_doc_pdf.pdf
articles-431453_doc_pdf.pdf,detalle_partida_capitulo_pdf,pdf,85433,83.4,data/dipres_2027_oficial/articles-431453_doc_pdf.pdf
articles-431454_doc_pdf.pdf,detalle_partida_capitulo_pdf,pdf,88649,86.6,data/dipres_2027_oficial/articles-431454_doc_pdf.pdf
articles-431455_doc_pdf.pdf,detalle_partida_capitulo_pdf,pdf,85256,83.3,data/dipres_2027_oficial/articles-431455_doc_pdf.pdf
articles-431456_doc_pdf.pdf,detalle_partida_capitulo_pdf,pdf,87933,85.9,data/dipres_2027_oficial/articles-431456_doc_pdf.pdf
articles-431457_doc_pdf.pdf,detalle_partida_capitulo_pdf,pdf,85292,83.3,data/dipres_2027_oficial/articles-431457_doc_pdf.pdf
articles-431458_doc_pdf.pdf,detalle_partida_capitulo_pdf,pdf,88237,86.2,data/dipres_2027_oficial/articles-431458_doc_pdf.pdf
articles-431459_doc_pdf.pdf,detalle_partida_capitulo_pdf,pdf,85248,83.2,data/dipres_2027_oficial/articles-431459_doc_pdf.pdf
articles-431460_doc_pdf.pdf,detalle_partida_capitulo_pdf,pdf,87478,85.4,data/dipres_2027_oficial/articles-431460_doc_pdf.pdf
articles-431461_doc_pdf.pdf,detalle_partida_capitulo_pdf,pdf,85242,83.2,data/dipres_2027_oficial/articles-431461_doc_pdf.pdf
articles-431462_doc_pdf.pdf,detalle_partida_capitulo_pdf,pdf,88465,86.4,data/dipres_2027_oficial/articles-431462_doc_pdf.pdf
articles-431463_doc_pdf.pdf,detalle_partida_capitulo_pdf,pdf,85287,83.3,data/dipres_2027_oficial/articles-431463_doc_pdf.pdf
articles-431464_doc_pdf.pdf,detalle_partida_capitulo_pdf,pdf,85568,83.6,data/dipres_2027_oficial/articles-431464_doc_pdf.pdf
articles-431465_doc_pdf.pdf,detalle_partida_capitulo_pdf,pdf,88230,86.2,data/dipres_2027_oficial/articles-431465_doc_pdf.pdf
articles-431466_doc_pdf.pdf,detalle_partida_capitulo_pdf,pdf,88111,86.0,data/dipres_2027_oficial/articles-431466_doc_pdf.pdf
articles-431467_doc_pdf.pdf,detalle_partida_capitulo_pdf,pdf,86578,84.5,data/dipres_2027_oficial/articles-431467_doc_pdf.pdf
articles-431468_doc_pdf.pdf,detalle_partida_capitulo_pdf,pdf,86855,84.8,data/dipres_2027_oficial/articles-431468_doc_pdf.pdf
articles-431469_doc_pdf.pdf,detalle_partida_capitulo_pdf,pdf,87460,85.4,data/dipres_2027_oficial/articles-431469_doc_pdf.pdf
articles-431470_doc_pdf.pdf,detalle_partida_capitulo_pdf,pdf,87032,85.0,data/dipres_2027_oficial/articles-431470_doc_pdf.pdf
articles-431471_doc_pdf.pdf,detalle_partida_capitulo_pdf,pdf,87642,85.6,data/dipres_2027_oficial/articles-431471_doc_pdf.pdf
articles-431472_doc_pdf.pdf,detalle_partida_capitulo_pdf,pdf,86585,84.6,data/dipres_2027_oficial/articles-431472_doc_pdf.pdf
articles-431473_doc_pdf.pdf,detalle_partida_capitulo_pdf,pdf,87185,85.1,data/dipres_2027_oficial/articles-431473_doc_pdf.pdf
articles-431474_doc_pdf.pdf,detalle_partida_capitulo_pdf,pdf,87292,85.2,data/dipres_2027_oficial/articles-431474_doc_pdf.pdf
articles-431475_doc_pdf.pdf,detalle_partida_capitulo_pdf,pdf,86869,84.8,data/dipres_2027_oficial/articles-431475_doc_pdf.pdf
articles-431476_doc_pdf.pdf,detalle_partida_capitulo_pdf,pdf,86871,84.8,data/dipres_2027_oficial/articles-431476_doc_pdf.pdf
articles-431477_doc_pdf.pdf,detalle_partida_capitulo_pdf,pdf,86582,84.6,data/dipres_2027_oficial/articles-431477_doc_pdf.pdf
articles-431478_doc_pdf.pdf,detalle_partida_capitulo_pdf,pdf,86694,84.7,data/dipres_2027_oficial/articles-431478_doc_pdf.pdf
articles-431479_doc_pdf.pdf,detalle_partida_capitulo_pdf,pdf,86602,84.6,data/dipres_2027_oficial/articles-431479_doc_pdf.pdf
articles-431480_doc_pdf.pdf,detalle_partida_capitulo_pdf,pdf,87210,85.2,data/dipres_2027_oficial/articles-431480_doc_pdf.pdf
articles-431481_doc_pdf.pdf,detalle_partida_capitulo_pdf,pdf,86530,84.5,data/dipres_2027_oficial/articles-431481_doc_pdf.pdf
articles-431482_doc_pdf.pdf,detalle_partida_capitulo_pdf,pdf,86272,84.2,data/dipres_2027_oficial/articles-431482_doc_pdf.pdf
articles-431483_doc_pdf.pdf,detalle_partida_capitulo_pdf,pdf,86860,84.8,data/dipres_2027_oficial/articles-431483_doc_pdf.pdf
articles-431484_doc_pdf.pdf,detalle_partida_capitulo_pdf,pdf,86486,84.5,data/dipres_2027_oficial/articles-431484_doc_pdf.pdf
articles-431485_doc_pdf.pdf,detalle_partida_capitulo_pdf,pdf,86575,84.5,data/dipres_2027_oficial/articles-431485_doc_pdf.pdf
articles-431486_doc_pdf.pdf,detalle_partida_capitulo_pdf,pdf,86855,84.8,data/dipres_2027_oficial/articles-431486_doc_pdf.pdf
articles-431487_doc_pdf.pdf,detalle_partida_capitulo_pdf,pdf,86533,84.5,data/dipres_2027_oficial/articles-431487_doc_pdf.pdf
articles-431488_doc_pdf.pdf,detalle_partida_capitulo_pdf,pdf,86865,84.8,data/dipres_2027_oficial/articles-431488_doc_pdf.pdf
articles-431489_doc_pdf.pdf,detalle_partida_capitulo_pdf,pdf,86585,84.6,data/dipres_2027_oficial/articles-431489_doc_pdf.pdf
articles-431490_doc_pdf.pdf,detalle_partida_capitulo_pdf,pdf,86598,84.6,data/dipres_2027_oficial/articles-431490_doc_pdf.pdf
articles-431491_doc_pdf.pdf,detalle_partida_capitulo_pdf,pdf,86596,84.6,data/dipres_2027_oficial/articles-431491_doc_pdf.pdf
articles-431492_doc_pdf.pdf,detalle_partida_capitulo_pdf,pdf,87019,85.0,data/dipres_2027_oficial/articles-431492_doc_pdf.pdf
articles-431493_doc_pdf.pdf,detalle_partida_capitulo_pdf,pdf,86566,84.5,data/dipres_2027_oficial/articles-431493_doc_pdf.pdf
articles-431494_doc_pdf.pdf,detalle_partida_capitulo_pdf,pdf,86579,84.5,data/dipres_2027_oficial/articles-431494_doc_pdf.pdf
articles-431495_doc_pdf.pdf,detalle_partida_capitulo_pdf,pdf,85979,84.0,data/dipres_2027_oficial/articles-431495_doc_pdf.pdf
articles-431496_doc_pdf.pdf,detalle_partida_capitulo_pdf,pdf,86415,84.4,data/dipres_2027_oficial/articles-431496_doc_pdf.pdf
articles-431497_doc_pdf.pdf,detalle_partida_capitulo_pdf,pdf,86276,84.3,data/dipres_2027_oficial/articles-431497_doc_pdf.pdf
articles-431498_doc_pdf.pdf,detalle_partida_capitulo_pdf,pdf,86573,84.5,data/dipres_2027_oficial/articles-431498_doc_pdf.pdf
articles-431499_doc_pdf.pdf,detalle_partida_capitulo_pdf,pdf,86411,84.4,data/dipres_2027_oficial/articles-431499_doc_pdf.pdf
articles-431500_doc_pdf.pdf,detalle_partida_capitulo_pdf,pdf,86423,84.4,data/dipres_2027_oficial/articles-431500_doc_pdf.pdf
articles-431501_doc_pdf.pdf,detalle_partida_capitulo_pdf,pdf,86569,84.5,data/dipres_2027_oficial/articles-431501_doc_pdf.pdf
articles-431502_doc_pdf.pdf,detalle_partida_capitulo_pdf,pdf,86566,84.5,data/dipres_2027_oficial/articles-431502_doc_pdf.pdf
articles-431503_doc_pdf.pdf,detalle_partida_capitulo_pdf,pdf,87168,85.1,data/dipres_2027_oficial/articles-431503_doc_pdf.pdf
articles-431504_doc_pdf.pdf,detalle_partida_capitulo_pdf,pdf,90812,88.7,data/dipres_2027_oficial/articles-431504_doc_pdf.pdf
articles-431505_doc_pdf.pdf,detalle_partida_capitulo_pdf,pdf,91593,89.4,data/dipres_2027_oficial/articles-431505_doc_pdf.pdf
articles-431506_doc_pdf.pdf,detalle_partida_capitulo_pdf,pdf,84043,82.1,data/dipres_2027_oficial/articles-431506_doc_pdf.pdf
articles-431507_doc_pdf.pdf,detalle_partida_capitulo_pdf,pdf,110960,108.4,data/dipres_2027_oficial/articles-431507_doc_pdf.pdf
articles-431508_doc_pdf.pdf,detalle_partida_capitulo_pdf,pdf,103315,100.9,data/dipres_2027_oficial/articles-431508_doc_pdf.pdf
articles-431509_doc_pdf.pdf,detalle_partida_capitulo_pdf,pdf,109714,107.1,data/dipres_2027_oficial/articles-431509_doc_pdf.pdf
articles-431510_doc_pdf.pdf,detalle_partida_capitulo_pdf,pdf,95315,93.1,data/dipres_2027_oficial/articles-431510_doc_pdf.pdf
articles-431511_doc_pdf.pdf,detalle_partida_capitulo_pdf,pdf,89088,87.0,data/dipres_2027_oficial/articles-431511_doc_pdf.pdf
articles-431512_doc_pdf.pdf,detalle_partida_capitulo_pdf,pdf,82789,80.8,data/dipres_2027_oficial/articles-431512_doc_pdf.pdf
articles-431513_doc_pdf.pdf,detalle_partida_capitulo_pdf,pdf,83801,81.8,data/dipres_2027_oficial/articles-431513_doc_pdf.pdf
articles-431514_doc_pdf.pdf,detalle_partida_capitulo_pdf,pdf,84941,83.0,data/dipres_2027_oficial/articles-431514_doc_pdf.pdf
articles-431515_doc_pdf.pdf,detalle_partida_capitulo_pdf,pdf,84148,82.2,data/dipres_2027_oficial/articles-431515_doc_pdf.pdf
articles-431516_doc_pdf.pdf,detalle_partida_capitulo_pdf,pdf,80274,78.4,data/dipres_2027_oficial/articles-431516_doc_pdf.pdf
articles-431517_doc_pdf.pdf,detalle_partida_capitulo_pdf,pdf,87394,85.3,data/dipres_2027_oficial/articles-431517_doc_pdf.pdf
articles-431518_doc_pdf.pdf,detalle_partida_capitulo_pdf,pdf,87678,85.6,data/dipres_2027_oficial/articles-431518_doc_pdf.pdf
articles-431519_doc_pdf.pdf,detalle_partida_capitulo_pdf,pdf,86728,84.7,data/dipres_2027_oficial/articles-431519_doc_pdf.pdf
articles-431520_doc_pdf.pdf,detalle_partida_capitulo_pdf,pdf,83975,82.0,data/dipres_2027_oficial/articles-431520_doc_pdf.pdf
articles-431521_doc_pdf.pdf,detalle_partida_capitulo_pdf,pdf,101279,98.9,data/dipres_2027_oficial/articles-431521_doc_pdf.pdf
articles-431522_doc_pdf.pdf,detalle_partida_capitulo_pdf,pdf,84026,82.1,data/dipres_2027_oficial/articles-431522_doc_pdf.pdf
articles-431523_doc_pdf.pdf,detalle_partida_capitulo_pdf,pdf,85167,83.2,data/dipres_2027_oficial/articles-431523_doc_pdf.pdf
articles-431524_doc_pdf.pdf,detalle_partida_capitulo_pdf,pdf,98137,95.8,data/dipres_2027_oficial/articles-431524_doc_pdf.pdf
articles-431525_doc_pdf.pdf,detalle_partida_capitulo_pdf,pdf,85642,83.6,data/dipres_2027_oficial/articles-431525_doc_pdf.pdf
articles-431526_doc_pdf.pdf,detalle_partida_capitulo_pdf,pdf,86194,84.2,data/dipres_2027_oficial/articles-431526_doc_pdf.pdf
articles-431527_doc_pdf.pdf,detalle_partida_capitulo_pdf,pdf,96967,94.7,data/dipres_2027_oficial/articles-431527_doc_pdf.pdf
articles-431528_doc_pdf.pdf,detalle_partida_capitulo_pdf,pdf,81208,79.3,data/dipres_2027_oficial/articles-431528_doc_pdf.pdf
articles-431529_doc_pdf.pdf,detalle_partida_capitulo_pdf,pdf,85379,83.4,data/dipres_2027_oficial/articles-431529_doc_pdf.pdf
articles-431530_doc_pdf.pdf,detalle_partida_capitulo_pdf,pdf,89672,87.6,data/dipres_2027_oficial/articles-431530_doc_pdf.pdf
articles-431531_doc_pdf.pdf,detalle_partida_capitulo_pdf,pdf,83453,81.5,data/dipres_2027_oficial/articles-431531_doc_pdf.pdf
articles-431532_doc_pdf.pdf,detalle_partida_capitulo_pdf,pdf,84749,82.8,data/dipres_2027_oficial/articles-431532_doc_pdf.pdf
articles-431533_doc_pdf.pdf,detalle_partida_capitulo_pdf,pdf,91773,89.6,data/dipres_2027_oficial/articles-431533_doc_pdf.pdf
articles-431534_doc_pdf.pdf,detalle_partida_capitulo_pdf,pdf,83391,81.4,data/dipres_2027_oficial/articles-431534_doc_pdf.pdf
articles-431535_doc_pdf.pdf,detalle_partida_capitulo_pdf,pdf,88568,86.5,data/dipres_2027_oficial/articles-431535_doc_pdf.pdf
articles-431536_doc_pdf.pdf,detalle_partida_capitulo_pdf,pdf,79600,77.7,data/dipres_2027_oficial/articles-431536_doc_pdf.pdf
articles-431537_doc_pdf.pdf,detalle_partida_capitulo_pdf,pdf,86419,84.4,data/dipres_2027_oficial/articles-431537_doc_pdf.pdf
articles-431538_doc_pdf.pdf,detalle_partida_capitulo_pdf,pdf,81602,79.7,data/dipres_2027_oficial/articles-431538_doc_pdf.pdf
articles-431539_doc_pdf.pdf,detalle_partida_capitulo_pdf,pdf,94907,92.7,data/dipres_2027_oficial/articles-431539_doc_pdf.pdf
articles-431540_doc_pdf.pdf,detalle_partida_capitulo_pdf,pdf,86367,84.3,data/dipres_2027_oficial/articles-431540_doc_pdf.pdf
articles-431541_doc_pdf.pdf,detalle_partida_capitulo_pdf,pdf,86763,84.7,data/dipres_2027_oficial/articles-431541_doc_pdf.pdf
articles-431542_doc_pdf.pdf,detalle_partida_capitulo_pdf,pdf,89517,87.4,data/dipres_2027_oficial/articles-431542_doc_pdf.pdf
articles-431543_doc_pdf.pdf,detalle_partida_capitulo_pdf,pdf,88950,86.9,data/dipres_2027_oficial/articles-431543_doc_pdf.pdf
articles-431544_doc_pdf.pdf,detalle_partida_capitulo_pdf,pdf,87883,85.8,data/dipres_2027_oficial/articles-431544_doc_pdf.pdf
articles-431545_doc_pdf.pdf,detalle_partida_capitulo_pdf,pdf,88222,86.2,data/dipres_2027_oficial/articles-431545_doc_pdf.pdf
articles-431546_doc_pdf.pdf,detalle_partida_capitulo_pdf,pdf,89154,87.1,data/dipres_2027_oficial/articles-431546_doc_pdf.pdf
articles-431547_doc_pdf.pdf,detalle_partida_capitulo_pdf,pdf,85000,83.0,data/dipres_2027_oficial/articles-431547_doc_pdf.pdf
articles-431548_doc_pdf.pdf,detalle_partida_capitulo_pdf,pdf,86103,84.1,data/dipres_2027_oficial/articles-431548_doc_pdf.pdf
articles-431549_doc_pdf.pdf,detalle_partida_capitulo_pdf,pdf,91676,89.5,data/dipres_2027_oficial/articles-431549_doc_pdf.pdf
articles-431550_doc_pdf.pdf,detalle_partida_capitulo_pdf,pdf,86528,84.5,data/dipres_2027_oficial/articles-431550_doc_pdf.pdf
articles-431551_doc_pdf.pdf,detalle_partida_capitulo_pdf,pdf,78434,76.6,data/dipres_2027_oficial/articles-431551_doc_pdf.pdf
articles-431552_doc_pdf.pdf,detalle_partida_capitulo_pdf,pdf,79556,77.7,data/dipres_2027_oficial/articles-431552_doc_pdf.pdf
articles-431553_doc_pdf.pdf,detalle_partida_capitulo_pdf,pdf,87165,85.1,data/dipres_2027_oficial/articles-431553_doc_pdf.pdf
articles-431554_doc_pdf.pdf,detalle_partida_capitulo_pdf,pdf,84664,82.7,data/dipres_2027_oficial/articles-431554_doc_pdf.pdf
articles-431555_doc_pdf.pdf,detalle_partida_capitulo_pdf,pdf,86475,84.4,data/dipres_2027_oficial/articles-431555_doc_pdf.pdf
articles-431556_doc_pdf.pdf,detalle_partida_capitulo_pdf,pdf,86800,84.8,data/dipres_2027_oficial/articles-431556_doc_pdf.pdf
articles-431557_doc_pdf.pdf,detalle_partida_capitulo_pdf,pdf,87053,85.0,data/dipres_2027_oficial/articles-431557_doc_pdf.pdf
articles-431558_doc_pdf.pdf,detalle_partida_capitulo_pdf,pdf,88145,86.1,data/dipres_2027_oficial/articles-431558_doc_pdf.pdf
articles-431559_doc_pdf.pdf,detalle_partida_capitulo_pdf,pdf,80747,78.9,data/dipres_2027_oficial/articles-431559_doc_pdf.pdf
articles-431560_doc_pdf.pdf,detalle_partida_capitulo_pdf,pdf,87649,85.6,data/dipres_2027_oficial/articles-431560_doc_pdf.pdf
articles-431561_doc_pdf.pdf,detalle_partida_capitulo_pdf,pdf,81326,79.4,data/dipres_2027_oficial/articles-431561_doc_pdf.pdf
articles-431562_doc_pdf.pdf,detalle_partida_capitulo_pdf,pdf,86656,84.6,data/dipres_2027_oficial/articles-431562_doc_pdf.pdf
articles-431563_doc_pdf.pdf,detalle_partida_capitulo_pdf,pdf,88094,86.0,data/dipres_2027_oficial/articles-431563_doc_pdf.pdf
articles-431564_doc_pdf.pdf,detalle_partida_capitulo_pdf,pdf,93309,91.1,data/dipres_2027_oficial/articles-431564_doc_pdf.pdf
articles-431565_doc_pdf.pdf,detalle_partida_capitulo_pdf,pdf,81371,79.5,data/dipres_2027_oficial/articles-431565_doc_pdf.pdf
articles-431566_doc_pdf.pdf,detalle_partida_capitulo_pdf,pdf,85933,83.9,data/dipres_2027_oficial/articles-431566_doc_pdf.pdf
articles-431567_doc_pdf.pdf,detalle_partida_capitulo_pdf,pdf,99158,96.8,data/dipres_2027_oficial/articles-431567_doc_pdf.pdf
articles-431568_doc_pdf.pdf,detalle_partida_capitulo_pdf,pdf,87175,85.1,data/dipres_2027_oficial/articles-431568_doc_pdf.pdf
articles-431569_doc_pdf.pdf,detalle_partida_capitulo_pdf,pdf,81891,80.0,data/dipres_2027_oficial/articles-431569_doc_pdf.pdf
articles-431570_doc_pdf.pdf,detalle_partida_capitulo_pdf,pdf,82093,80.2,data/dipres_2027_oficial/articles-431570_doc_pdf.pdf
articles-431571_doc_pdf.pdf,detalle_partida_capitulo_pdf,pdf,82106,80.2,data/dipres_2027_oficial/articles-431571_doc_pdf.pdf
articles-431572_doc_pdf.pdf,detalle_partida_capitulo_pdf,pdf,82390,80.5,data/dipres_2027_oficial/articles-431572_doc_pdf.pdf
articles-431573_doc_pdf.pdf,detalle_partida_capitulo_pdf,pdf,84355,82.4,data/dipres_2027_oficial/articles-431573_doc_pdf.pdf
articles-431574_doc_pdf.pdf,detalle_partida_capitulo_pdf,pdf,82812,80.9,data/dipres_2027_oficial/articles-431574_doc_pdf.pdf
articles-431575_doc_pdf.pdf,detalle_partida_capitulo_pdf,pdf,86705,84.7,data/dipres_2027_oficial/articles-431575_doc_pdf.pdf
articles-431576_doc_pdf.pdf,detalle_partida_capitulo_pdf,pdf,81584,79.7,data/dipres_2027_oficial/articles-431576_doc_pdf.pdf
articles-431577_doc_pdf.pdf,detalle_partida_capitulo_pdf,pdf,80978,79.1,data/dipres_2027_oficial/articles-431577_doc_pdf.pdf
articles-431578_doc_pdf.pdf,detalle_partida_capitulo_pdf,pdf,84681,82.7,data/dipres_2027_oficial/articles-431578_doc_pdf.pdf
articles-431579_doc_pdf.pdf,detalle_partida_capitulo_pdf,pdf,81859,79.9,data/dipres_2027_oficial/articles-431579_doc_pdf.pdf
articles-431580_doc_pdf.pdf,detalle_partida_capitulo_pdf,pdf,89063,87.0,data/dipres_2027_oficial/articles-431580_doc_pdf.pdf
articles-431581_doc_pdf.pdf,detalle_partida_capitulo_pdf,pdf,86274,84.3,data/dipres_2027_oficial/articles-431581_doc_pdf.pdf
articles-431582_doc_pdf.pdf,detalle_partida_capitulo_pdf,pdf,84166,82.2,data/dipres_2027_oficial/articles-431582_doc_pdf.pdf
articles-431583_doc_pdf.pdf,detalle_partida_capitulo_pdf,pdf,88229,86.2,data/dipres_2027_oficial/articles-431583_doc_pdf.pdf
articles-431584_doc_pdf.pdf,detalle_partida_capitulo_pdf,pdf,84105,82.1,data/dipres_2027_oficial/articles-431584_doc_pdf.pdf
articles-431585_doc_pdf.pdf,detalle_partida_capitulo_pdf,pdf,88710,86.6,data/dipres_2027_oficial/articles-431585_doc_pdf.pdf
articles-431586_doc_pdf.pdf,detalle_partida_capitulo_pdf,pdf,82492,80.6,data/dipres_2027_oficial/articles-431586_doc_pdf.pdf
articles-431587_doc_pdf.pdf,detalle_partida_capitulo_pdf,pdf,85358,83.4,data/dipres_2027_oficial/articles-431587_doc_pdf.pdf
articles-431588_doc_pdf.pdf,detalle_partida_capitulo_pdf,pdf,88726,86.6,data/dipres_2027_oficial/articles-431588_doc_pdf.pdf
articles-431589_doc_pdf.pdf,detalle_partida_capitulo_pdf,pdf,86993,85.0,data/dipres_2027_oficial/articles-431589_doc_pdf.pdf
articles-431590_doc_pdf.pdf,detalle_partida_capitulo_pdf,pdf,91384,89.2,data/dipres_2027_oficial/articles-431590_doc_pdf.pdf
articles-431591_doc_pdf.pdf,detalle_partida_capitulo_pdf,pdf,82316,80.4,data/dipres_2027_oficial/articles-431591_doc_pdf.pdf
articles-431592_doc_pdf.pdf,detalle_partida_capitulo_pdf,pdf,86429,84.4,data/dipres_2027_oficial/articles-431592_doc_pdf.pdf
articles-431593_doc_pdf.pdf,detalle_partida_capitulo_pdf,pdf,89306,87.2,data/dipres_2027_oficial/articles-431593_doc_pdf.pdf
articles-431594_doc_pdf.pdf,detalle_partida_capitulo_pdf,pdf,104580,102.1,data/dipres_2027_oficial/articles-431594_doc_pdf.pdf
articles-431595_doc_pdf.pdf,detalle_partida_capitulo_pdf,pdf,79137,77.3,data/dipres_2027_oficial/articles-431595_doc_pdf.pdf
articles-431596_doc_pdf.pdf,detalle_partida_capitulo_pdf,pdf,95236,93.0,data/dipres_2027_oficial/articles-431596_doc_pdf.pdf
articles-431597_doc_pdf.pdf,detalle_partida_capitulo_pdf,pdf,88044,86.0,data/dipres_2027_oficial/articles-431597_doc_pdf.pdf
articles-431598_doc_pdf.pdf,detalle_partida_capitulo_pdf,pdf,85471,83.5,data/dipres_2027_oficial/articles-431598_doc_pdf.pdf
articles-431599_doc_pdf.pdf,detalle_partida_capitulo_pdf,pdf,96380,94.1,data/dipres_2027_oficial/articles-431599_doc_pdf.pdf
articles-431600_doc_pdf.pdf,detalle_partida_capitulo_pdf,pdf,98625,96.3,data/dipres_2027_oficial/articles-431600_doc_pdf.pdf
articles-431601_doc_pdf.pdf,detalle_partida_capitulo_pdf,pdf,98488,96.2,data/dipres_2027_oficial/articles-431601_doc_pdf.pdf
articles-431602_doc_pdf.pdf,detalle_partida_capitulo_pdf,pdf,91614,89.5,data/dipres_2027_oficial/articles-431602_doc_pdf.pdf
articles-431603_doc_pdf.pdf,detalle_partida_capitulo_pdf,pdf,115681,113.0,data/dipres_2027_oficial/articles-431603_doc_pdf.pdf
articles-431604_doc_pdf.pdf,detalle_partida_capitulo_pdf,pdf,102534,100.1,data/dipres_2027_oficial/articles-431604_doc_pdf.pdf
articles-431605_doc_pdf.pdf,detalle_partida_capitulo_pdf,pdf,116019,113.3,data/dipres_2027_oficial/articles-431605_doc_pdf.pdf
articles-431606_doc_pdf.pdf,detalle_partida_capitulo_pdf,pdf,92413,90.2,data/dipres_2027_oficial/articles-431606_doc_pdf.pdf
articles-431607_doc_pdf.pdf,detalle_partida_capitulo_pdf,pdf,89366,87.3,data/dipres_2027_oficial/articles-431607_doc_pdf.pdf
articles-431608_doc_pdf.pdf,detalle_partida_capitulo_pdf,pdf,110297,107.7,data/dipres_2027_oficial/articles-431608_doc_pdf.pdf
articles-431609_doc_pdf.pdf,detalle_partida_capitulo_pdf,pdf,95525,93.3,data/dipres_2027_oficial/articles-431609_doc_pdf.pdf
articles-431610_doc_pdf.pdf,detalle_partida_capitulo_pdf,pdf,90367,88.2,data/dipres_2027_oficial/articles-431610_doc_pdf.pdf
articles-431611_doc_pdf.pdf,detalle_partida_capitulo_pdf,pdf,80745,78.9,data/dipres_2027_oficial/articles-431611_doc_pdf.pdf
articles-431612_doc_pdf.pdf,detalle_partida_capitulo_pdf,pdf,84654,82.7,data/dipres_2027_oficial/articles-431612_doc_pdf.pdf
articles-431613_doc_pdf.pdf,detalle_partida_capitulo_pdf,pdf,86608,84.6,data/dipres_2027_oficial/articles-431613_doc_pdf.pdf
articles-431614_doc_pdf.pdf,detalle_partida_capitulo_pdf,pdf,85194,83.2,data/dipres_2027_oficial/articles-431614_doc_pdf.pdf
articles-431615_doc_pdf.pdf,detalle_partida_capitulo_pdf,pdf,86488,84.5,data/dipres_2027_oficial/articles-431615_doc_pdf.pdf
articles-431616_doc_pdf.pdf,detalle_partida_capitulo_pdf,pdf,83540,81.6,data/dipres_2027_oficial/articles-431616_doc_pdf.pdf
articles-431617_doc_pdf.pdf,detalle_partida_capitulo_pdf,pdf,81687,79.8,data/dipres_2027_oficial/articles-431617_doc_pdf.pdf
articles-431618_doc_pdf.pdf,detalle_partida_capitulo_pdf,pdf,83878,81.9,data/dipres_2027_oficial/articles-431618_doc_pdf.pdf
articles-431619_doc_pdf.pdf,detalle_partida_capitulo_pdf,pdf,99238,96.9,data/dipres_2027_oficial/articles-431619_doc_pdf.pdf
articles-431620_doc_pdf.pdf,detalle_partida_capitulo_pdf,pdf,87262,85.2,data/dipres_2027_oficial/articles-431620_doc_pdf.pdf
articles-431621_doc_pdf.pdf,detalle_partida_capitulo_pdf,pdf,87418,85.4,data/dipres_2027_oficial/articles-431621_doc_pdf.pdf
articles-431622_doc_pdf.pdf,detalle_partida_capitulo_pdf,pdf,85152,83.2,data/dipres_2027_oficial/articles-431622_doc_pdf.pdf
articles-431623_doc_pdf.pdf,detalle_partida_capitulo_pdf,pdf,87667,85.6,data/dipres_2027_oficial/articles-431623_doc_pdf.pdf
articles-431624_doc_pdf.pdf,detalle_partida_capitulo_pdf,pdf,96067,93.8,data/dipres_2027_oficial/articles-431624_doc_pdf.pdf
articles-431625_doc_pdf.pdf,detalle_partida_capitulo_pdf,pdf,94711,92.5,data/dipres_2027_oficial/articles-431625_doc_pdf.pdf
articles-431626_doc_pdf.pdf,detalle_partida_capitulo_pdf,pdf,94677,92.5,data/dipres_2027_oficial/articles-431626_doc_pdf.pdf
articles-431627_doc_pdf.pdf,detalle_partida_capitulo_pdf,pdf,94605,92.4,data/dipres_2027_oficial/articles-431627_doc_pdf.pdf
articles-431628_doc_pdf.pdf,detalle_partida_capitulo_pdf,pdf,96658,94.4,data/dipres_2027_oficial/articles-431628_doc_pdf.pdf
articles-431629_doc_pdf.pdf,detalle_partida_capitulo_pdf,pdf,81694,79.8,data/dipres_2027_oficial/articles-431629_doc_pdf.pdf
articles-431630_doc_pdf.pdf,detalle_partida_capitulo_pdf,pdf,96734,94.5,data/dipres_2027_oficial/articles-431630_doc_pdf.pdf
articles-431631_doc_pdf.pdf,detalle_partida_capitulo_pdf,pdf,96282,94.0,data/dipres_2027_oficial/articles-431631_doc_pdf.pdf
articles-431632_doc_pdf.pdf,detalle_partida_capitulo_pdf,pdf,96644,94.4,data/dipres_2027_oficial/articles-431632_doc_pdf.pdf
articles-431633_doc_pdf.pdf,detalle_partida_capitulo_pdf,pdf,96332,94.1,data/dipres_2027_oficial/articles-431633_doc_pdf.pdf
articles-431634_doc_pdf.pdf,detalle_partida_capitulo_pdf,pdf,96041,93.8,data/dipres_2027_oficial/articles-431634_doc_pdf.pdf
articles-431635_doc_pdf.pdf,detalle_partida_capitulo_pdf,pdf,95580,93.3,data/dipres_2027_oficial/articles-431635_doc_pdf.pdf
articles-431636_doc_pdf.pdf,detalle_partida_capitulo_pdf,pdf,95377,93.1,data/dipres_2027_oficial/articles-431636_doc_pdf.pdf
articles-431637_doc_pdf.pdf,detalle_partida_capitulo_pdf,pdf,96087,93.8,data/dipres_2027_oficial/articles-431637_doc_pdf.pdf
articles-431638_doc_pdf.pdf,detalle_partida_capitulo_pdf,pdf,94564,92.3,data/dipres_2027_oficial/articles-431638_doc_pdf.pdf
articles-431639_doc_pdf.pdf,detalle_partida_capitulo_pdf,pdf,95156,92.9,data/dipres_2027_oficial/articles-431639_doc_pdf.pdf
articles-431640_doc_pdf.pdf,detalle_partida_capitulo_pdf,pdf,96307,94.0,data/dipres_2027_oficial/articles-431640_doc_pdf.pdf
articles-431641_doc_pdf.pdf,detalle_partida_capitulo_pdf,pdf,86871,84.8,data/dipres_2027_oficial/articles-431641_doc_pdf.pdf
articles-431642_doc_pdf.pdf,detalle_partida_capitulo_pdf,pdf,85265,83.3,data/dipres_2027_oficial/articles-431642_doc_pdf.pdf
articles-431643_doc_pdf.pdf,detalle_partida_capitulo_pdf,pdf,86218,84.2,data/dipres_2027_oficial/articles-431643_doc_pdf.pdf
articles-431644_doc_pdf.pdf,detalle_partida_capitulo_pdf,pdf,86137,84.1,data/dipres_2027_oficial/articles-431644_doc_pdf.pdf
articles-431645_doc_pdf.pdf,detalle_partida_capitulo_pdf,pdf,87863,85.8,data/dipres_2027_oficial/articles-431645_doc_pdf.pdf
articles-431646_doc_pdf.pdf,detalle_partida_capitulo_pdf,pdf,84640,82.7,data/dipres_2027_oficial/articles-431646_doc_pdf.pdf
articles-431647_doc_pdf.pdf,detalle_partida_capitulo_pdf,pdf,86183,84.2,data/dipres_2027_oficial/articles-431647_doc_pdf.pdf
articles-431648_doc_pdf.pdf,detalle_partida_capitulo_pdf,pdf,85557,83.6,data/dipres_2027_oficial/articles-431648_doc_pdf.pdf
articles-431649_doc_pdf.pdf,detalle_partida_capitulo_pdf,pdf,83745,81.8,data/dipres_2027_oficial/articles-431649_doc_pdf.pdf
articles-431650_doc_pdf.pdf,detalle_partida_capitulo_pdf,pdf,88828,86.7,data/dipres_2027_oficial/articles-431650_doc_pdf.pdf
articles-431651_doc_pdf.pdf,detalle_partida_capitulo_pdf,pdf,85146,83.2,data/dipres_2027_oficial/articles-431651_doc_pdf.pdf
articles-431652_doc_pdf.pdf,detalle_partida_capitulo_pdf,pdf,88269,86.2,data/dipres_2027_oficial/articles-431652_doc_pdf.pdf
articles-431653_doc_pdf.pdf,detalle_partida_capitulo_pdf,pdf,88145,86.1,data/dipres_2027_oficial/articles-431653_doc_pdf.pdf
articles-431654_doc_pdf.pdf,detalle_partida_capitulo_pdf,pdf,92866,90.7,data/dipres_2027_oficial/articles-431654_doc_pdf.pdf
articles-431655_doc_pdf.pdf,detalle_partida_capitulo_pdf,pdf,89113,87.0,data/dipres_2027_oficial/articles-431655_doc_pdf.pdf
articles-431656_doc_pdf.pdf,detalle_partida_capitulo_pdf,pdf,85899,83.9,data/dipres_2027_oficial/articles-431656_doc_pdf.pdf
articles-431657_doc_pdf.pdf,detalle_partida_capitulo_pdf,pdf,86697,84.7,data/dipres_2027_oficial/articles-431657_doc_pdf.pdf
articles-431658_doc_pdf.pdf,detalle_partida_capitulo_pdf,pdf,85566,83.6,data/dipres_2027_oficial/articles-431658_doc_pdf.pdf
articles-431659_doc_pdf.pdf,detalle_partida_capitulo_pdf,pdf,86615,84.6,data/dipres_2027_oficial/articles-431659_doc_pdf.pdf
articles-431660_doc_pdf.pdf,detalle_partida_capitulo_pdf,pdf,83603,81.6,data/dipres_2027_oficial/articles-431660_doc_pdf.pdf
articles-431661_doc_pdf.pdf,detalle_partida_capitulo_pdf,pdf,94546,92.3,data/dipres_2027_oficial/articles-431661_doc_pdf.pdf
articles-431662_doc_pdf.pdf,detalle_partida_capitulo_pdf,pdf,87890,85.8,data/dipres_2027_oficial/articles-431662_doc_pdf.pdf
articles-431663_doc_pdf.pdf,detalle_partida_capitulo_pdf,pdf,90705,88.6,data/dipres_2027_oficial/articles-431663_doc_pdf.pdf
articles-431664_doc_pdf.pdf,detalle_partida_capitulo_pdf,pdf,89755,87.7,data/dipres_2027_oficial/articles-431664_doc_pdf.pdf
articles-431665_doc_pdf.pdf,detalle_partida_capitulo_pdf,pdf,89169,87.1,data/dipres_2027_oficial/articles-431665_doc_pdf.pdf
articles-431666_doc_pdf.pdf,detalle_partida_capitulo_pdf,pdf,81809,79.9,data/dipres_2027_oficial/articles-431666_doc_pdf.pdf
articles-431667_doc_pdf.pdf,detalle_partida_capitulo_pdf,pdf,90108,88.0,data/dipres_2027_oficial/articles-431667_doc_pdf.pdf
articles-431668_doc_pdf.pdf,detalle_partida_capitulo_pdf,pdf,88180,86.1,data/dipres_2027_oficial/articles-431668_doc_pdf.pdf
articles-431669_doc_pdf.pdf,detalle_partida_capitulo_pdf,pdf,84406,82.4,data/dipres_2027_oficial/articles-431669_doc_pdf.pdf
articles-431670_doc_pdf.pdf,detalle_partida_capitulo_pdf,pdf,81099,79.2,data/dipres_2027_oficial/articles-431670_doc_pdf.pdf
articles-431671_doc_pdf.pdf,detalle_partida_capitulo_pdf,pdf,92018,89.9,data/dipres_2027_oficial/articles-431671_doc_pdf.pdf
articles-431672_doc_pdf.pdf,detalle_partida_capitulo_pdf,pdf,81844,79.9,data/dipres_2027_oficial/articles-431672_doc_pdf.pdf
articles-431673_doc_pdf.pdf,detalle_partida_capitulo_pdf,pdf,87909,85.8,data/dipres_2027_oficial/articles-431673_doc_pdf.pdf
articles-431674_doc_pdf.pdf,detalle_partida_capitulo_pdf,pdf,88152,86.1,data/dipres_2027_oficial/articles-431674_doc_pdf.pdf
articles-431675_doc_pdf.pdf,detalle_partida_capitulo_pdf,pdf,84129,82.2,data/dipres_2027_oficial/articles-431675_doc_pdf.pdf
articles-431676_doc_pdf.pdf,detalle_partida_capitulo_pdf,pdf,86845,84.8,data/dipres_2027_oficial/articles-431676_doc_pdf.pdf
articles-431677_doc_pdf.pdf,detalle_partida_capitulo_pdf,pdf,84926,82.9,data/dipres_2027_oficial/articles-431677_doc_pdf.pdf
articles-431678_doc_pdf.pdf,detalle_partida_capitulo_pdf,pdf,85969,84.0,data/dipres_2027_oficial/articles-431678_doc_pdf.pdf
articles-431679_doc_pdf.pdf,detalle_partida_capitulo_pdf,pdf,84089,82.1,data/dipres_2027_oficial/articles-431679_doc_pdf.pdf
articles-431680_doc_pdf.pdf,detalle_partida_capitulo_pdf,pdf,82896,81.0,data/dipres_2027_oficial/articles-431680_doc_pdf.pdf
articles-431681_doc_pdf.pdf,detalle_partida_capitulo_pdf,pdf,86337,84.3,data/dipres_2027_oficial/articles-431681_doc_pdf.pdf
articles-431682_doc_pdf.pdf,detalle_partida_capitulo_pdf,pdf,87653,85.6,data/dipres_2027_oficial/articles-431682_doc_pdf.pdf
articles-431683_doc_pdf.pdf,detalle_partida_capitulo_pdf,pdf,87506,85.5,data/dipres_2027_oficial/articles-431683_doc_pdf.pdf
articles-431684_doc_pdf.pdf,detalle_partida_capitulo_pdf,pdf,86952,84.9,data/dipres_2027_oficial/articles-431684_doc_pdf.pdf
articles-431685_doc_pdf.pdf,detalle_partida_capitulo_pdf,pdf,80909,79.0,data/dipres_2027_oficial/articles-431685_doc_pdf.pdf
articles-431686_doc_pdf.pdf,detalle_partida_capitulo_pdf,pdf,95005,92.8,data/dipres_2027_oficial/articles-431686_doc_pdf.pdf
articles-431687_doc_pdf.pdf,detalle_partida_capitulo_pdf,pdf,85005,83.0,data/dipres_2027_oficial/articles-431687_doc_pdf.pdf
articles-431688_doc_pdf.pdf,detalle_partida_capitulo_pdf,pdf,83426,81.5,data/dipres_2027_oficial/articles-431688_doc_pdf.pdf
articles-431689_doc_pdf.pdf,detalle_partida_capitulo_pdf,pdf,81048,79.1,data/dipres_2027_oficial/articles-431689_doc_pdf.pdf
articles-431690_doc_pdf.pdf,detalle_partida_capitulo_pdf,pdf,82503,80.6,data/dipres_2027_oficial/articles-431690_doc_pdf.pdf
articles-431691_doc_pdf.pdf,detalle_partida_capitulo_pdf,pdf,84105,82.1,data/dipres_2027_oficial/articles-431691_doc_pdf.pdf
articles-431692_doc_pdf.pdf,detalle_partida_capitulo_pdf,pdf,85588,83.6,data/dipres_2027_oficial/articles-431692_doc_pdf.pdf
articles-431693_doc_pdf.pdf,detalle_partida_capitulo_pdf,pdf,88879,86.8,data/dipres_2027_oficial/articles-431693_doc_pdf.pdf
articles-431694_doc_pdf.pdf,detalle_partida_capitulo_pdf,pdf,85867,83.9,data/dipres_2027_oficial/articles-431694_doc_pdf.pdf
articles-431695_doc_pdf.pdf,detalle_partida_capitulo_pdf,pdf,86598,84.6,data/dipres_2027_oficial/articles-431695_doc_pdf.pdf
articles-431696_doc_pdf.pdf,detalle_partida_capitulo_pdf,pdf,86986,84.9,data/dipres_2027_oficial/articles-431696_doc_pdf.pdf
articles-431697_doc_pdf.pdf,detalle_partida_capitulo_pdf,pdf,78260,76.4,data/dipres_2027_oficial/articles-431697_doc_pdf.pdf
articles-431698_doc_pdf.pdf,detalle_partida_capitulo_pdf,pdf,88166,86.1,data/dipres_2027_oficial/articles-431698_doc_pdf.pdf
articles-431699_doc_pdf.pdf,detalle_partida_capitulo_pdf,pdf,90633,88.5,data/dipres_2027_oficial/articles-431699_doc_pdf.pdf
articles-431700_doc_pdf.pdf,detalle_partida_capitulo_pdf,pdf,89439,87.3,data/dipres_2027_oficial/articles-431700_doc_pdf.pdf
articles-431701_doc_pdf.pdf,detalle_partida_capitulo_pdf,pdf,86726,84.7,data/dipres_2027_oficial/articles-431701_doc_pdf.pdf
articles-431702_doc_pdf.pdf,detalle_partida_capitulo_pdf,pdf,87296,85.2,data/dipres_2027_oficial/articles-431702_doc_pdf.pdf
articles-431703_doc_pdf.pdf,detalle_partida_capitulo_pdf,pdf,85053,83.1,data/dipres_2027_oficial/articles-431703_doc_pdf.pdf
articles-431704_doc_pdf.pdf,detalle_partida_capitulo_pdf,pdf,91550,89.4,data/dipres_2027_oficial/articles-431704_doc_pdf.pdf
articles-431705_doc_pdf.pdf,detalle_partida_capitulo_pdf,pdf,87767,85.7,data/dipres_2027_oficial/articles-431705_doc_pdf.pdf
articles-431706_doc_pdf.pdf,detalle_partida_capitulo_pdf,pdf,81317,79.4,data/dipres_2027_oficial/articles-431706_doc_pdf.pdf
articles-431707_doc_pdf.pdf,detalle_partida_capitulo_pdf,pdf,86740,84.7,data/dipres_2027_oficial/articles-431707_doc_pdf.pdf
articles-431708_doc_pdf.pdf,detalle_partida_capitulo_pdf,pdf,95301,93.1,data/dipres_2027_oficial/articles-431708_doc_pdf.pdf
articles-431709_doc_pdf.pdf,detalle_partida_capitulo_pdf,pdf,89194,87.1,data/dipres_2027_oficial/articles-431709_doc_pdf.pdf
articles-431710_doc_pdf.pdf,detalle_partida_capitulo_pdf,pdf,89510,87.4,data/dipres_2027_oficial/articles-431710_doc_pdf.pdf
articles-431711_doc_pdf.pdf,detalle_partida_capitulo_pdf,pdf,80161,78.3,data/dipres_2027_oficial/articles-431711_doc_pdf.pdf
articles-431712_doc_pdf.pdf,detalle_partida_capitulo_pdf,pdf,97533,95.2,data/dipres_2027_oficial/articles-431712_doc_pdf.pdf
articles-431713_doc_pdf.pdf,detalle_partida_capitulo_pdf,pdf,84531,82.5,data/dipres_2027_oficial/articles-431713_doc_pdf.pdf
articles-431714_doc_pdf.pdf,detalle_partida_capitulo_pdf,pdf,89546,87.4,data/dipres_2027_oficial/articles-431714_doc_pdf.pdf
articles-431715_doc_pdf.pdf,detalle_partida_capitulo_pdf,pdf,86467,84.4,data/dipres_2027_oficial/articles-431715_doc_pdf.pdf
articles-431716_doc_pdf.pdf,detalle_partida_capitulo_pdf,pdf,83086,81.1,data/dipres_2027_oficial/articles-431716_doc_pdf.pdf
articles-431717_doc_pdf.pdf,detalle_partida_capitulo_pdf,pdf,83330,81.4,data/dipres_2027_oficial/articles-431717_doc_pdf.pdf
articles-431718_doc_pdf.pdf,detalle_partida_capitulo_pdf,pdf,83431,81.5,data/dipres_2027_oficial/articles-431718_doc_pdf.pdf
articles-431719_doc_pdf.pdf,detalle_partida_capitulo_pdf,pdf,83874,81.9,data/dipres_2027_oficial/articles-431719_doc_pdf.pdf
articles-431720_doc_pdf.pdf,detalle_partida_capitulo_pdf,pdf,83747,81.8,data/dipres_2027_oficial/articles-431720_doc_pdf.pdf
articles-431721_doc_pdf.pdf,detalle_partida_capitulo_pdf,pdf,83814,81.8,data/dipres_2027_oficial/articles-431721_doc_pdf.pdf
articles-431722_doc_pdf.pdf,detalle_partida_capitulo_pdf,pdf,83466,81.5,data/dipres_2027_oficial/articles-431722_doc_pdf.pdf
articles-431723_doc_pdf.pdf,detalle_partida_capitulo_pdf,pdf,83088,81.1,data/dipres_2027_oficial/articles-431723_doc_pdf.pdf
articles-431724_doc_pdf.pdf,detalle_partida_capitulo_pdf,pdf,83450,81.5,data/dipres_2027_oficial/articles-431724_doc_pdf.pdf
articles-431725_doc_pdf.pdf,detalle_partida_capitulo_pdf,pdf,83425,81.5,data/dipres_2027_oficial/articles-431725_doc_pdf.pdf
articles-431726_doc_pdf.pdf,detalle_partida_capitulo_pdf,pdf,84065,82.1,data/dipres_2027_oficial/articles-431726_doc_pdf.pdf
articles-431727_doc_pdf.pdf,detalle_partida_capitulo_pdf,pdf,83451,81.5,data/dipres_2027_oficial/articles-431727_doc_pdf.pdf
articles-431728_doc_pdf.pdf,detalle_partida_capitulo_pdf,pdf,84021,82.1,data/dipres_2027_oficial/articles-431728_doc_pdf.pdf
articles-431729_doc_pdf.pdf,detalle_partida_capitulo_pdf,pdf,83218,81.3,data/dipres_2027_oficial/articles-431729_doc_pdf.pdf
articles-431730_doc_pdf.pdf,detalle_partida_capitulo_pdf,pdf,83436,81.5,data/dipres_2027_oficial/articles-431730_doc_pdf.pdf
articles-431731_doc_pdf.pdf,detalle_partida_capitulo_pdf,pdf,83317,81.4,data/dipres_2027_oficial/articles-431731_doc_pdf.pdf
articles-431732_doc_pdf.pdf,detalle_partida_capitulo_pdf,pdf,94571,92.4,data/dipres_2027_oficial/articles-431732_doc_pdf.pdf
articles-431733_doc_pdf.pdf,detalle_partida_capitulo_pdf,pdf,91170,89.0,data/dipres_2027_oficial/articles-431733_doc_pdf.pdf
articles-431734_doc_pdf.pdf,detalle_partida_capitulo_pdf,pdf,83325,81.4,data/dipres_2027_oficial/articles-431734_doc_pdf.pdf
articles-431735_doc_pdf.pdf,detalle_partida_capitulo_pdf,pdf,94602,92.4,data/dipres_2027_oficial/articles-431735_doc_pdf.pdf
articles-431736_doc_pdf.pdf,detalle_partida_capitulo_pdf,pdf,87779,85.7,data/dipres_2027_oficial/articles-431736_doc_pdf.pdf
articles-431737_doc_pdf.pdf,detalle_partida_capitulo_pdf,pdf,84136,82.2,data/dipres_2027_oficial/articles-431737_doc_pdf.pdf
articles-431738_doc_pdf.pdf,detalle_partida_capitulo_pdf,pdf,88930,86.8,data/dipres_2027_oficial/articles-431738_doc_pdf.pdf
articles-431739_doc_pdf.pdf,detalle_partida_capitulo_pdf,pdf,81604,79.7,data/dipres_2027_oficial/articles-431739_doc_pdf.pdf
articles-431740_doc_pdf.pdf,detalle_partida_capitulo_pdf,pdf,88236,86.2,data/dipres_2027_oficial/articles-431740_doc_pdf.pdf
articles-431741_doc_pdf.pdf,detalle_partida_capitulo_pdf,pdf,86442,84.4,data/dipres_2027_oficial/articles-431741_doc_pdf.pdf
articles-431742_doc_pdf.pdf,detalle_partida_capitulo_pdf,pdf,92358,90.2,data/dipres_2027_oficial/articles-431742_doc_pdf.pdf
articles-431743_doc_pdf.pdf,detalle_partida_capitulo_pdf,pdf,123358,120.5,data/dipres_2027_oficial/articles-431743_doc_pdf.pdf
articles-431744_doc_pdf.pdf,detalle_partida_capitulo_pdf,pdf,108827,106.3,data/dipres_2027_oficial/articles-431744_doc_pdf.pdf
articles-431745_doc_pdf.pdf,detalle_partida_capitulo_pdf,pdf,188938,184.5,data/dipres_2027_oficial/articles-431745_doc_pdf.pdf
articles-431746_doc_pdf.pdf,detalle_partida_capitulo_pdf,pdf,96033,93.8,data/dipres_2027_oficial/articles-431746_doc_pdf.pdf
articles-431747_doc_pdf.pdf,detalle_partida_capitulo_pdf,pdf,97465,95.2,data/dipres_2027_oficial/articles-431747_doc_pdf.pdf
articles-431748_doc_pdf.pdf,detalle_partida_capitulo_pdf,pdf,85866,83.9,data/dipres_2027_oficial/articles-431748_doc_pdf.pdf
articles-431749_doc_pdf.pdf,detalle_partida_capitulo_pdf,pdf,83943,82.0,data/dipres_2027_oficial/articles-431749_doc_pdf.pdf
articles-431750_doc_pdf.pdf,detalle_partida_capitulo_pdf,pdf,89441,87.3,data/dipres_2027_oficial/articles-431750_doc_pdf.pdf
articles-431751_doc_pdf.pdf,detalle_partida_capitulo_pdf,pdf,89471,87.4,data/dipres_2027_oficial/articles-431751_doc_pdf.pdf
articles-431752_doc_pdf.pdf,detalle_partida_capitulo_pdf,pdf,90396,88.3,data/dipres_2027_oficial/articles-431752_doc_pdf.pdf
articles-431753_doc_pdf.pdf,detalle_partida_capitulo_pdf,pdf,88161,86.1,data/dipres_2027_oficial/articles-431753_doc_pdf.pdf
articles-431754_doc_pdf.pdf,detalle_partida_capitulo_pdf,pdf,86742,84.7,data/dipres_2027_oficial/articles-431754_doc_pdf.pdf
articles-431755_doc_pdf.pdf,detalle_partida_capitulo_pdf,pdf,87620,85.6,data/dipres_2027_oficial/articles-431755_doc_pdf.pdf
articles-431756_doc_pdf.pdf,detalle_partida_capitulo_pdf,pdf,90233,88.1,data/dipres_2027_oficial/articles-431756_doc_pdf.pdf
articles-431757_doc_pdf.pdf,detalle_partida_capitulo_pdf,pdf,85550,83.5,data/dipres_2027_oficial/articles-431757_doc_pdf.pdf
articles-431758_doc_pdf.pdf,detalle_partida_capitulo_pdf,pdf,83951,82.0,data/dipres_2027_oficial/articles-431758_doc_pdf.pdf
articles-431759_doc_pdf.pdf,detalle_partida_capitulo_pdf,pdf,90590,88.5,data/dipres_2027_oficial/articles-431759_doc_pdf.pdf
articles-431760_doc_pdf.pdf,detalle_partida_capitulo_pdf,pdf,88866,86.8,data/dipres_2027_oficial/articles-431760_doc_pdf.pdf
articles-431761_doc_pdf.pdf,detalle_partida_capitulo_pdf,pdf,87651,85.6,data/dipres_2027_oficial/articles-431761_doc_pdf.pdf
articles-431762_doc_pdf.pdf,detalle_partida_capitulo_pdf,pdf,89905,87.8,data/dipres_2027_oficial/articles-431762_doc_pdf.pdf
articles-431764_doc_pdf.pdf,detalle_partida_capitulo_pdf,pdf,91781,89.6,data/dipres_2027_oficial/articles-431764_doc_pdf.pdf
articles-431765_doc_pdf.pdf,detalle_partida_capitulo_pdf,pdf,87044,85.0,data/dipres_2027_oficial/articles-431765_doc_pdf.pdf
articles-431766_doc_pdf.pdf,detalle_partida_capitulo_pdf,pdf,85803,83.8,data/dipres_2027_oficial/articles-431766_doc_pdf.pdf
articles-431767_doc_pdf.pdf,detalle_partida_capitulo_pdf,pdf,88986,86.9,data/dipres_2027_oficial/articles-431767_doc_pdf.pdf
articles-431768_doc_pdf.pdf,detalle_partida_capitulo_pdf,pdf,92568,90.4,data/dipres_2027_oficial/articles-431768_doc_pdf.pdf
articles-431769_doc_pdf.pdf,detalle_partida_capitulo_pdf,pdf,92011,89.9,data/dipres_2027_oficial/articles-431769_doc_pdf.pdf
articles-431770_doc_pdf.pdf,detalle_partida_capitulo_pdf,pdf,89942,87.8,data/dipres_2027_oficial/articles-431770_doc_pdf.pdf
articles-431771_doc_pdf.pdf,detalle_partida_capitulo_pdf,pdf,91501,89.4,data/dipres_2027_oficial/articles-431771_doc_pdf.pdf
articles-431772_doc_pdf.pdf,detalle_partida_capitulo_pdf,pdf,88940,86.9,data/dipres_2027_oficial/articles-431772_doc_pdf.pdf
articles-431773_doc_pdf.pdf,detalle_partida_capitulo_pdf,pdf,88378,86.3,data/dipres_2027_oficial/articles-431773_doc_pdf.pdf
articles-431774_doc_pdf.pdf,detalle_partida_capitulo_pdf,pdf,89574,87.5,data/dipres_2027_oficial/articles-431774_doc_pdf.pdf
articles-431775_doc_pdf.pdf,detalle_partida_capitulo_pdf,pdf,84920,82.9,data/dipres_2027_oficial/articles-431775_doc_pdf.pdf
articles-431776_doc_pdf.pdf,detalle_partida_capitulo_pdf,pdf,86965,84.9,data/dipres_2027_oficial/articles-431776_doc_pdf.pdf
articles-431777_doc_pdf.pdf,detalle_partida_capitulo_pdf,pdf,89960,87.9,data/dipres_2027_oficial/articles-431777_doc_pdf.pdf
articles-431778_doc_pdf.pdf,detalle_partida_capitulo_pdf,pdf,90196,88.1,data/dipres_2027_oficial/articles-431778_doc_pdf.pdf
articles-431779_doc_pdf.pdf,detalle_partida_capitulo_pdf,pdf,89775,87.7,data/dipres_2027_oficial/articles-431779_doc_pdf.pdf
articles-431780_doc_pdf.pdf,detalle_partida_capitulo_pdf,pdf,101249,98.9,data/dipres_2027_oficial/articles-431780_doc_pdf.pdf
articles-431781_doc_pdf.pdf,detalle_partida_capitulo_pdf,pdf,89020,86.9,data/dipres_2027_oficial/articles-431781_doc_pdf.pdf
articles-431782_doc_pdf.pdf,detalle_partida_capitulo_pdf,pdf,90327,88.2,data/dipres_2027_oficial/articles-431782_doc_pdf.pdf
articles-431783_doc_pdf.pdf,detalle_partida_capitulo_pdf,pdf,86521,84.5,data/dipres_2027_oficial/articles-431783_doc_pdf.pdf
articles-431784_doc_pdf.pdf,detalle_partida_capitulo_pdf,pdf,90188,88.1,data/dipres_2027_oficial/articles-431784_doc_pdf.pdf
articles-431785_doc_pdf.pdf,detalle_partida_capitulo_pdf,pdf,89161,87.1,data/dipres_2027_oficial/articles-431785_doc_pdf.pdf
articles-431786_doc_pdf.pdf,detalle_partida_capitulo_pdf,pdf,87818,85.8,data/dipres_2027_oficial/articles-431786_doc_pdf.pdf
articles-431787_doc_pdf.pdf,detalle_partida_capitulo_pdf,pdf,88170,86.1,data/dipres_2027_oficial/articles-431787_doc_pdf.pdf
articles-431788_doc_pdf.pdf,detalle_partida_capitulo_pdf,pdf,86942,84.9,data/dipres_2027_oficial/articles-431788_doc_pdf.pdf
articles-431789_doc_pdf.pdf,detalle_partida_capitulo_pdf,pdf,86478,84.5,data/dipres_2027_oficial/articles-431789_doc_pdf.pdf
articles-431790_doc_pdf.pdf,detalle_partida_capitulo_pdf,pdf,89150,87.1,data/dipres_2027_oficial/articles-431790_doc_pdf.pdf
articles-431791_doc_pdf.pdf,detalle_partida_capitulo_pdf,pdf,88718,86.6,data/dipres_2027_oficial/articles-431791_doc_pdf.pdf
articles-431792_doc_pdf.pdf,detalle_partida_capitulo_pdf,pdf,87324,85.3,data/dipres_2027_oficial/articles-431792_doc_pdf.pdf
articles-431793_doc_pdf.pdf,detalle_partida_capitulo_pdf,pdf,89435,87.3,data/dipres_2027_oficial/articles-431793_doc_pdf.pdf
articles-431794_doc_pdf.pdf,detalle_partida_capitulo_pdf,pdf,88320,86.2,data/dipres_2027_oficial/articles-431794_doc_pdf.pdf
articles-431795_doc_pdf.pdf,detalle_partida_capitulo_pdf,pdf,88831,86.7,data/dipres_2027_oficial/articles-431795_doc_pdf.pdf
articles-431796_doc_pdf.pdf,detalle_partida_capitulo_pdf,pdf,85235,83.2,data/dipres_2027_oficial/articles-431796_doc_pdf.pdf
articles-431797_doc_pdf.pdf,detalle_partida_capitulo_pdf,pdf,84122,82.2,data/dipres_2027_oficial/articles-431797_doc_pdf.pdf
articles-431798_doc_pdf.pdf,detalle_partida_capitulo_pdf,pdf,82158,80.2,data/dipres_2027_oficial/articles-431798_doc_pdf.pdf
articles-431799_doc_pdf.pdf,detalle_partida_capitulo_pdf,pdf,84196,82.2,data/dipres_2027_oficial/articles-431799_doc_pdf.pdf
articles-431800_doc_pdf.pdf,detalle_partida_capitulo_pdf,pdf,84488,82.5,data/dipres_2027_oficial/articles-431800_doc_pdf.pdf
articles-431801_doc_pdf.pdf,detalle_partida_capitulo_pdf,pdf,85675,83.7,data/dipres_2027_oficial/articles-431801_doc_pdf.pdf
articles-431802_doc_pdf.pdf,detalle_partida_capitulo_pdf,pdf,87113,85.1,data/dipres_2027_oficial/articles-431802_doc_pdf.pdf
articles-431803_doc_pdf.pdf,detalle_partida_capitulo_pdf,pdf,87484,85.4,data/dipres_2027_oficial/articles-431803_doc_pdf.pdf
articles-431804_doc_pdf.pdf,detalle_partida_capitulo_pdf,pdf,90975,88.8,data/dipres_2027_oficial/articles-431804_doc_pdf.pdf
articles-431805_doc_pdf.pdf,detalle_partida_capitulo_pdf,pdf,90355,88.2,data/dipres_2027_oficial/articles-431805_doc_pdf.pdf
articles-431806_doc_pdf.pdf,detalle_partida_capitulo_pdf,pdf,88842,86.8,data/dipres_2027_oficial/articles-431806_doc_pdf.pdf
articles-431807_doc_pdf.pdf,detalle_partida_capitulo_pdf,pdf,82764,80.8,data/dipres_2027_oficial/articles-431807_doc_pdf.pdf
articles-431808_doc_pdf.pdf,detalle_partida_capitulo_pdf,pdf,87453,85.4,data/dipres_2027_oficial/articles-431808_doc_pdf.pdf
articles-431809_doc_pdf.pdf,detalle_partida_capitulo_pdf,pdf,87361,85.3,data/dipres_2027_oficial/articles-431809_doc_pdf.pdf
articles-431810_doc_pdf.pdf,detalle_partida_capitulo_pdf,pdf,86247,84.2,data/dipres_2027_oficial/articles-431810_doc_pdf.pdf
articles-431811_doc_pdf.pdf,detalle_partida_capitulo_pdf,pdf,87953,85.9,data/dipres_2027_oficial/articles-431811_doc_pdf.pdf
articles-431812_doc_pdf.pdf,detalle_partida_capitulo_pdf,pdf,90541,88.4,data/dipres_2027_oficial/articles-431812_doc_pdf.pdf
articles-431813_doc_pdf.pdf,detalle_partida_capitulo_pdf,pdf,88844,86.8,data/dipres_2027_oficial/articles-431813_doc_pdf.pdf
articles-431814_doc_pdf.pdf,detalle_partida_capitulo_pdf,pdf,88225,86.2,data/dipres_2027_oficial/articles-431814_doc_pdf.pdf
articles-431815_doc_pdf.pdf,detalle_partida_capitulo_pdf,pdf,89956,87.8,data/dipres_2027_oficial/articles-431815_doc_pdf.pdf
articles-431816_doc_pdf.pdf,detalle_partida_capitulo_pdf,pdf,89216,87.1,data/dipres_2027_oficial/articles-431816_doc_pdf.pdf
articles-431817_doc_pdf.pdf,detalle_partida_capitulo_pdf,pdf,88298,86.2,data/dipres_2027_oficial/articles-431817_doc_pdf.pdf
articles-431818_doc_pdf.pdf,detalle_partida_capitulo_pdf,pdf,86813,84.8,data/dipres_2027_oficial/articles-431818_doc_pdf.pdf
articles-431819_doc_pdf.pdf,detalle_partida_capitulo_pdf,pdf,90024,87.9,data/dipres_2027_oficial/articles-431819_doc_pdf.pdf
articles-431820_doc_pdf.pdf,detalle_partida_capitulo_pdf,pdf,89593,87.5,data/dipres_2027_oficial/articles-431820_doc_pdf.pdf
articles-431821_doc_pdf.pdf,detalle_partida_capitulo_pdf,pdf,88320,86.2,data/dipres_2027_oficial/articles-431821_doc_pdf.pdf
articles-431822_doc_pdf.pdf,detalle_partida_capitulo_pdf,pdf,90297,88.2,data/dipres_2027_oficial/articles-431822_doc_pdf.pdf
articles-431823_doc_pdf.pdf,detalle_partida_capitulo_pdf,pdf,196905,192.3,data/dipres_2027_oficial/articles-431823_doc_pdf.pdf
articles-431824_doc_pdf.pdf,detalle_partida_capitulo_pdf,pdf,88863,86.8,data/dipres_2027_oficial/articles-431824_doc_pdf.pdf
articles-431825_doc_pdf.pdf,detalle_partida_capitulo_pdf,pdf,87962,85.9,data/dipres_2027_oficial/articles-431825_doc_pdf.pdf
articles-431826_doc_pdf.pdf,detalle_partida_capitulo_pdf,pdf,92558,90.4,data/dipres_2027_oficial/articles-431826_doc_pdf.pdf
articles-431827_doc_pdf.pdf,detalle_partida_capitulo_pdf,pdf,100450,98.1,data/dipres_2027_oficial/articles-431827_doc_pdf.pdf
articles-431828_doc_pdf.pdf,detalle_partida_capitulo_pdf,pdf,89827,87.7,data/dipres_2027_oficial/articles-431828_doc_pdf.pdf
articles-431829_doc_pdf.pdf,detalle_partida_capitulo_pdf,pdf,99634,97.3,data/dipres_2027_oficial/articles-431829_doc_pdf.pdf
articles-431830_doc_pdf.pdf,detalle_partida_capitulo_pdf,pdf,91127,89.0,data/dipres_2027_oficial/articles-431830_doc_pdf.pdf
articles-431831_doc_pdf.pdf,detalle_partida_capitulo_pdf,pdf,99438,97.1,data/dipres_2027_oficial/articles-431831_doc_pdf.pdf
articles-431832_doc_pdf.pdf,detalle_partida_capitulo_pdf,pdf,92208,90.0,data/dipres_2027_oficial/articles-431832_doc_pdf.pdf
articles-431833_doc_pdf.pdf,detalle_partida_capitulo_pdf,pdf,99725,97.4,data/dipres_2027_oficial/articles-431833_doc_pdf.pdf
articles-431834_doc_pdf.pdf,detalle_partida_capitulo_pdf,pdf,91312,89.2,data/dipres_2027_oficial/articles-431834_doc_pdf.pdf
articles-431835_doc_pdf.pdf,detalle_partida_capitulo_pdf,pdf,98418,96.1,data/dipres_2027_oficial/articles-431835_doc_pdf.pdf
articles-431836_doc_pdf.pdf,detalle_partida_capitulo_pdf,pdf,90834,88.7,data/dipres_2027_oficial/articles-431836_doc_pdf.pdf
articles-431837_doc_pdf.pdf,detalle_partida_capitulo_pdf,pdf,100682,98.3,data/dipres_2027_oficial/articles-431837_doc_pdf.pdf
articles-431838_doc_pdf.pdf,detalle_partida_capitulo_pdf,pdf,91484,89.3,data/dipres_2027_oficial/articles-431838_doc_pdf.pdf
articles-431839_doc_pdf.pdf,detalle_partida_capitulo_pdf,pdf,99280,97.0,data/dipres_2027_oficial/articles-431839_doc_pdf.pdf
articles-431840_doc_pdf.pdf,detalle_partida_capitulo_pdf,pdf,90779,88.7,data/dipres_2027_oficial/articles-431840_doc_pdf.pdf
articles-431841_doc_pdf.pdf,detalle_partida_capitulo_pdf,pdf,99110,96.8,data/dipres_2027_oficial/articles-431841_doc_pdf.pdf
articles-431842_doc_pdf.pdf,detalle_partida_capitulo_pdf,pdf,91429,89.3,data/dipres_2027_oficial/articles-431842_doc_pdf.pdf
articles-431843_doc_pdf.pdf,detalle_partida_capitulo_pdf,pdf,99163,96.8,data/dipres_2027_oficial/articles-431843_doc_pdf.pdf
articles-431844_doc_pdf.pdf,detalle_partida_capitulo_pdf,pdf,93494,91.3,data/dipres_2027_oficial/articles-431844_doc_pdf.pdf
articles-431845_doc_pdf.pdf,detalle_partida_capitulo_pdf,pdf,99494,97.2,data/dipres_2027_oficial/articles-431845_doc_pdf.pdf
articles-431846_doc_pdf.pdf,detalle_partida_capitulo_pdf,pdf,93132,90.9,data/dipres_2027_oficial/articles-431846_doc_pdf.pdf
articles-431847_doc_pdf.pdf,detalle_partida_capitulo_pdf,pdf,99119,96.8,data/dipres_2027_oficial/articles-431847_doc_pdf.pdf
articles-431848_doc_pdf.pdf,detalle_partida_capitulo_pdf,pdf,91637,89.5,data/dipres_2027_oficial/articles-431848_doc_pdf.pdf
articles-431849_doc_pdf.pdf,detalle_partida_capitulo_pdf,pdf,98890,96.6,data/dipres_2027_oficial/articles-431849_doc_pdf.pdf
articles-431850_doc_pdf.pdf,detalle_partida_capitulo_pdf,pdf,92129,90.0,data/dipres_2027_oficial/articles-431850_doc_pdf.pdf
articles-431851_doc_pdf.pdf,detalle_partida_capitulo_pdf,pdf,100262,97.9,data/dipres_2027_oficial/articles-431851_doc_pdf.pdf
articles-431852_doc_pdf.pdf,detalle_partida_capitulo_pdf,pdf,92085,89.9,data/dipres_2027_oficial/articles-431852_doc_pdf.pdf
articles-431853_doc_pdf.pdf,detalle_partida_capitulo_pdf,pdf,99621,97.3,data/dipres_2027_oficial/articles-431853_doc_pdf.pdf
articles-431854_doc_pdf.pdf,detalle_partida_capitulo_pdf,pdf,90676,88.6,data/dipres_2027_oficial/articles-431854_doc_pdf.pdf
articles-431855_doc_pdf.pdf,detalle_partida_capitulo_pdf,pdf,99624,97.3,data/dipres_2027_oficial/articles-431855_doc_pdf.pdf
articles-431856_doc_pdf.pdf,detalle_partida_capitulo_pdf,pdf,91060,88.9,data/dipres_2027_oficial/articles-431856_doc_pdf.pdf
articles-431857_doc_pdf.pdf,detalle_partida_capitulo_pdf,pdf,99676,97.3,data/dipres_2027_oficial/articles-431857_doc_pdf.pdf
articles-431858_doc_pdf.pdf,detalle_partida_capitulo_pdf,pdf,93019,90.8,data/dipres_2027_oficial/articles-431858_doc_pdf.pdf
articles-431859_doc_pdf.pdf,detalle_partida_capitulo_pdf,pdf,99636,97.3,data/dipres_2027_oficial/articles-431859_doc_pdf.pdf
articles-431860_doc_pdf.pdf,detalle_partida_capitulo_pdf,pdf,92024,89.9,data/dipres_2027_oficial/articles-431860_doc_pdf.pdf
articles-431861_doc_pdf.pdf,detalle_partida_capitulo_pdf,pdf,98885,96.6,data/dipres_2027_oficial/articles-431861_doc_pdf.pdf
articles-431862_doc_pdf.pdf,detalle_partida_capitulo_pdf,pdf,90914,88.8,data/dipres_2027_oficial/articles-431862_doc_pdf.pdf
articles-431863_doc_pdf.pdf,detalle_partida_capitulo_pdf,pdf,99621,97.3,data/dipres_2027_oficial/articles-431863_doc_pdf.pdf
articles-431864_doc_pdf.pdf,detalle_partida_capitulo_pdf,pdf,91563,89.4,data/dipres_2027_oficial/articles-431864_doc_pdf.pdf
articles-431865_doc_pdf.pdf,detalle_partida_capitulo_pdf,pdf,99645,97.3,data/dipres_2027_oficial/articles-431865_doc_pdf.pdf
articles-431866_doc_pdf.pdf,detalle_partida_capitulo_pdf,pdf,92494,90.3,data/dipres_2027_oficial/articles-431866_doc_pdf.pdf
articles-431867_doc_pdf.pdf,detalle_partida_capitulo_pdf,pdf,99627,97.3,data/dipres_2027_oficial/articles-431867_doc_pdf.pdf
articles-431868_doc_pdf.pdf,detalle_partida_capitulo_pdf,pdf,91148,89.0,data/dipres_2027_oficial/articles-431868_doc_pdf.pdf
articles-431869_doc_pdf.pdf,detalle_partida_capitulo_pdf,pdf,100263,97.9,data/dipres_2027_oficial/articles-431869_doc_pdf.pdf
articles-431870_doc_pdf.pdf,detalle_partida_capitulo_pdf,pdf,91060,88.9,data/dipres_2027_oficial/articles-431870_doc_pdf.pdf
articles-431871_doc_pdf.pdf,detalle_partida_capitulo_pdf,pdf,99627,97.3,data/dipres_2027_oficial/articles-431871_doc_pdf.pdf
articles-431872_doc_pdf.pdf,detalle_partida_capitulo_pdf,pdf,91591,89.4,data/dipres_2027_oficial/articles-431872_doc_pdf.pdf
articles-431873_doc_pdf.pdf,detalle_partida_capitulo_pdf,pdf,99631,97.3,data/dipres_2027_oficial/articles-431873_doc_pdf.pdf
articles-431874_doc_pdf.pdf,detalle_partida_capitulo_pdf,pdf,92081,89.9,data/dipres_2027_oficial/articles-431874_doc_pdf.pdf
articles-431875_doc_pdf.pdf,detalle_partida_capitulo_pdf,pdf,99513,97.2,data/dipres_2027_oficial/articles-431875_doc_pdf.pdf
articles-431876_doc_pdf.pdf,detalle_partida_capitulo_pdf,pdf,91471,89.3,data/dipres_2027_oficial/articles-431876_doc_pdf.pdf
articles-431877_doc_pdf.pdf,detalle_partida_capitulo_pdf,pdf,98462,96.2,data/dipres_2027_oficial/articles-431877_doc_pdf.pdf
articles-431878_doc_pdf.pdf,detalle_partida_capitulo_pdf,pdf,91466,89.3,data/dipres_2027_oficial/articles-431878_doc_pdf.pdf
articles-431879_doc_pdf.pdf,detalle_partida_capitulo_pdf,pdf,99633,97.3,data/dipres_2027_oficial/articles-431879_doc_pdf.pdf
articles-431880_doc_pdf.pdf,detalle_partida_capitulo_pdf,pdf,91722,89.6,data/dipres_2027_oficial/articles-431880_doc_pdf.pdf
articles-431881_doc_pdf.pdf,detalle_partida_capitulo_pdf,pdf,94325,92.1,data/dipres_2027_oficial/articles-431881_doc_pdf.pdf
articles-431882_doc_pdf.pdf,detalle_partida_capitulo_pdf,pdf,91404,89.3,data/dipres_2027_oficial/articles-431882_doc_pdf.pdf
articles-431883_doc_pdf.pdf,detalle_partida_capitulo_pdf,pdf,99629,97.3,data/dipres_2027_oficial/articles-431883_doc_pdf.pdf
articles-431884_doc_pdf.pdf,detalle_partida_capitulo_pdf,pdf,90951,88.8,data/dipres_2027_oficial/articles-431884_doc_pdf.pdf
articles-431885_doc_pdf.pdf,detalle_partida_capitulo_pdf,pdf,98959,96.6,data/dipres_2027_oficial/articles-431885_doc_pdf.pdf
articles-431886_doc_pdf.pdf,detalle_partida_capitulo_pdf,pdf,90949,88.8,data/dipres_2027_oficial/articles-431886_doc_pdf.pdf
articles-431887_doc_pdf.pdf,detalle_partida_capitulo_pdf,pdf,99610,97.3,data/dipres_2027_oficial/articles-431887_doc_pdf.pdf
articles-431888_doc_pdf.pdf,detalle_partida_capitulo_pdf,pdf,91510,89.4,data/dipres_2027_oficial/articles-431888_doc_pdf.pdf
articles-431889_doc_pdf.pdf,detalle_partida_capitulo_pdf,pdf,99104,96.8,data/dipres_2027_oficial/articles-431889_doc_pdf.pdf
articles-431890_doc_pdf.pdf,detalle_partida_capitulo_pdf,pdf,91825,89.7,data/dipres_2027_oficial/articles-431890_doc_pdf.pdf
articles-431891_doc_pdf.pdf,detalle_partida_capitulo_pdf,pdf,99624,97.3,data/dipres_2027_oficial/articles-431891_doc_pdf.pdf
articles-431892_doc_pdf.pdf,detalle_partida_capitulo_pdf,pdf,90058,87.9,data/dipres_2027_oficial/articles-431892_doc_pdf.pdf
articles-431893_doc_pdf.pdf,detalle_partida_capitulo_pdf,pdf,99683,97.3,data/dipres_2027_oficial/articles-431893_doc_pdf.pdf
articles-431894_doc_pdf.pdf,detalle_partida_capitulo_pdf,pdf,91692,89.5,data/dipres_2027_oficial/articles-431894_doc_pdf.pdf
articles-431895_doc_pdf.pdf,detalle_partida_capitulo_pdf,pdf,94844,92.6,data/dipres_2027_oficial/articles-431895_doc_pdf.pdf
articles-431896_doc_pdf.pdf,detalle_partida_capitulo_pdf,pdf,92571,90.4,data/dipres_2027_oficial/articles-431896_doc_pdf.pdf
articles-431897_doc_pdf.pdf,detalle_partida_capitulo_pdf,pdf,99122,96.8,data/dipres_2027_oficial/articles-431897_doc_pdf.pdf
articles-431898_doc_pdf.pdf,detalle_partida_capitulo_pdf,pdf,92240,90.1,data/dipres_2027_oficial/articles-431898_doc_pdf.pdf
articles-431899_doc_pdf.pdf,detalle_partida_capitulo_pdf,pdf,99780,97.4,data/dipres_2027_oficial/articles-431899_doc_pdf.pdf
articles-431900_doc_pdf.pdf,detalle_partida_capitulo_pdf,pdf,93082,90.9,data/dipres_2027_oficial/articles-431900_doc_pdf.pdf
articles-431901_doc_pdf.pdf,detalle_partida_capitulo_pdf,pdf,99694,97.4,data/dipres_2027_oficial/articles-431901_doc_pdf.pdf
articles-431902_doc_pdf.pdf,detalle_partida_capitulo_pdf,pdf,89978,87.9,data/dipres_2027_oficial/articles-431902_doc_pdf.pdf
articles-431903_doc_pdf.pdf,detalle_partida_capitulo_pdf,pdf,91271,89.1,data/dipres_2027_oficial/articles-431903_doc_pdf.pdf
articles-431904_doc_pdf.pdf,detalle_partida_capitulo_pdf,pdf,95868,93.6,data/dipres_2027_oficial/articles-431904_doc_pdf.pdf
articles-431905_doc_pdf.pdf,detalle_partida_capitulo_pdf,pdf,91540,89.4,data/dipres_2027_oficial/articles-431905_doc_pdf.pdf
articles-431906_doc_pdf.pdf,detalle_partida_capitulo_pdf,pdf,96112,93.9,data/dipres_2027_oficial/articles-431906_doc_pdf.pdf
articles-431907_doc_pdf.pdf,detalle_partida_capitulo_pdf,pdf,91717,89.6,data/dipres_2027_oficial/articles-431907_doc_pdf.pdf
articles-431908_doc_pdf.pdf,detalle_partida_capitulo_pdf,pdf,94438,92.2,data/dipres_2027_oficial/articles-431908_doc_pdf.pdf
articles-431909_doc_pdf.pdf,detalle_partida_capitulo_pdf,pdf,89734,87.6,data/dipres_2027_oficial/articles-431909_doc_pdf.pdf
articles-431910_doc_pdf.pdf,detalle_partida_capitulo_pdf,pdf,91219,89.1,data/dipres_2027_oficial/articles-431910_doc_pdf.pdf
articles-431911_doc_pdf.pdf,detalle_partida_capitulo_pdf,pdf,89533,87.4,data/dipres_2027_oficial/articles-431911_doc_pdf.pdf
articles-431912_doc_pdf.pdf,detalle_partida_capitulo_pdf,pdf,89174,87.1,data/dipres_2027_oficial/articles-431912_doc_pdf.pdf
articles-431913_doc_pdf.pdf,detalle_partida_capitulo_pdf,pdf,90485,88.4,data/dipres_2027_oficial/articles-431913_doc_pdf.pdf
articles-431914_doc_pdf.pdf,detalle_partida_capitulo_pdf,pdf,89665,87.6,data/dipres_2027_oficial/articles-431914_doc_pdf.pdf
articles-431915_doc_pdf.pdf,detalle_partida_capitulo_pdf,pdf,95433,93.2,data/dipres_2027_oficial/articles-431915_doc_pdf.pdf
articles-431916_doc_pdf.pdf,detalle_partida_capitulo_pdf,pdf,89553,87.5,data/dipres_2027_oficial/articles-431916_doc_pdf.pdf
articles-431917_doc_pdf.pdf,detalle_partida_capitulo_pdf,pdf,89916,87.8,data/dipres_2027_oficial/articles-431917_doc_pdf.pdf
articles-431918_doc_pdf.pdf,detalle_partida_capitulo_pdf,pdf,90586,88.5,data/dipres_2027_oficial/articles-431918_doc_pdf.pdf
articles-431919_doc_pdf.pdf,detalle_partida_capitulo_pdf,pdf,89558,87.5,data/dipres_2027_oficial/articles-431919_doc_pdf.pdf
articles-431920_doc_pdf.pdf,detalle_partida_capitulo_pdf,pdf,89160,87.1,data/dipres_2027_oficial/articles-431920_doc_pdf.pdf
articles-431921_doc_pdf.pdf,detalle_partida_capitulo_pdf,pdf,90688,88.6,data/dipres_2027_oficial/articles-431921_doc_pdf.pdf
articles-431922_doc_pdf.pdf,detalle_partida_capitulo_pdf,pdf,90237,88.1,data/dipres_2027_oficial/articles-431922_doc_pdf.pdf
articles-431923_doc_pdf.pdf,detalle_partida_capitulo_pdf,pdf,90697,88.6,data/dipres_2027_oficial/articles-431923_doc_pdf.pdf
articles-431924_doc_pdf.pdf,detalle_partida_capitulo_pdf,pdf,89190,87.1,data/dipres_2027_oficial/articles-431924_doc_pdf.pdf
articles-431925_doc_pdf.pdf,detalle_partida_capitulo_pdf,pdf,89178,87.1,data/dipres_2027_oficial/articles-431925_doc_pdf.pdf
articles-431926_doc_pdf.pdf,detalle_partida_capitulo_pdf,pdf,88391,86.3,data/dipres_2027_oficial/articles-431926_doc_pdf.pdf
articles-431927_doc_pdf.pdf,detalle_partida_capitulo_pdf,pdf,88797,86.7,data/dipres_2027_oficial/articles-431927_doc_pdf.pdf
articles-431928_doc_pdf.pdf,detalle_partida_capitulo_pdf,pdf,88222,86.2,data/dipres_2027_oficial/articles-431928_doc_pdf.pdf
articles-431929_doc_pdf.pdf,detalle_partida_capitulo_pdf,pdf,87697,85.6,data/dipres_2027_oficial/articles-431929_doc_pdf.pdf
articles-431930_doc_pdf.pdf,detalle_partida_capitulo_pdf,pdf,88221,86.2,data/dipres_2027_oficial/articles-431930_doc_pdf.pdf
articles-431931_doc_pdf.pdf,detalle_partida_capitulo_pdf,pdf,87698,85.6,data/dipres_2027_oficial/articles-431931_doc_pdf.pdf
articles-431932_doc_pdf.pdf,detalle_partida_capitulo_pdf,pdf,89505,87.4,data/dipres_2027_oficial/articles-431932_doc_pdf.pdf
articles-431933_doc_pdf.pdf,detalle_partida_capitulo_pdf,pdf,87697,85.6,data/dipres_2027_oficial/articles-431933_doc_pdf.pdf
articles-431934_doc_pdf.pdf,detalle_partida_capitulo_pdf,pdf,88223,86.2,data/dipres_2027_oficial/articles-431934_doc_pdf.pdf
articles-431935_doc_pdf.pdf,detalle_partida_capitulo_pdf,pdf,87710,85.7,data/dipres_2027_oficial/articles-431935_doc_pdf.pdf
articles-431936_doc_pdf.pdf,detalle_partida_capitulo_pdf,pdf,88214,86.1,data/dipres_2027_oficial/articles-431936_doc_pdf.pdf
articles-431937_doc_pdf.pdf,detalle_partida_capitulo_pdf,pdf,87694,85.6,data/dipres_2027_oficial/articles-431937_doc_pdf.pdf
articles-431938_doc_pdf.pdf,detalle_partida_capitulo_pdf,pdf,89320,87.2,data/dipres_2027_oficial/articles-431938_doc_pdf.pdf
articles-431939_doc_pdf.pdf,detalle_partida_capitulo_pdf,pdf,87254,85.2,data/dipres_2027_oficial/articles-431939_doc_pdf.pdf
articles-431940_doc_pdf.pdf,detalle_partida_capitulo_pdf,pdf,85399,83.4,data/dipres_2027_oficial/articles-431940_doc_pdf.pdf
articles-431941_doc_pdf.pdf,detalle_partida_capitulo_pdf,pdf,85162,83.2,data/dipres_2027_oficial/articles-431941_doc_pdf.pdf
articles-431942_doc_pdf.pdf,detalle_partida_capitulo_pdf,pdf,97927,95.6,data/dipres_2027_oficial/articles-431942_doc_pdf.pdf
articles-431943_doc_pdf.pdf,detalle_partida_capitulo_pdf,pdf,85800,83.8,data/dipres_2027_oficial/articles-431943_doc_pdf.pdf
articles-431944_doc_pdf.pdf,detalle_partida_capitulo_pdf,pdf,80846,79.0,data/dipres_2027_oficial/articles-431944_doc_pdf.pdf
articles-431945_doc_pdf.pdf,detalle_partida_capitulo_pdf,pdf,86331,84.3,data/dipres_2027_oficial/articles-431945_doc_pdf.pdf
articles-431946_doc_pdf.pdf,detalle_partida_capitulo_pdf,pdf,83097,81.1,data/dipres_2027_oficial/articles-431946_doc_pdf.pdf
articles-431947_doc_pdf.pdf,detalle_partida_capitulo_pdf,pdf,84004,82.0,data/dipres_2027_oficial/articles-431947_doc_pdf.pdf
articles-431948_doc_pdf.pdf,detalle_partida_capitulo_pdf,pdf,79314,77.5,data/dipres_2027_oficial/articles-431948_doc_pdf.pdf
articles-431949_doc_pdf.pdf,detalle_partida_capitulo_pdf,pdf,85782,83.8,data/dipres_2027_oficial/articles-431949_doc_pdf.pdf
articles-431950_doc_pdf.pdf,detalle_partida_capitulo_pdf,pdf,84429,82.5,data/dipres_2027_oficial/articles-431950_doc_pdf.pdf
articles-431951_doc_pdf.pdf,detalle_partida_capitulo_pdf,pdf,89144,87.1,data/dipres_2027_oficial/articles-431951_doc_pdf.pdf
articles-431952_doc_pdf.pdf,detalle_partida_capitulo_pdf,pdf,86770,84.7,data/dipres_2027_oficial/articles-431952_doc_pdf.pdf
articles-431953_doc_pdf.pdf,detalle_partida_capitulo_pdf,pdf,91506,89.4,data/dipres_2027_oficial/articles-431953_doc_pdf.pdf
articles-431954_doc_pdf.pdf,detalle_partida_capitulo_pdf,pdf,86761,84.7,data/dipres_2027_oficial/articles-431954_doc_pdf.pdf
articles-431955_doc_pdf.pdf,detalle_partida_capitulo_pdf,pdf,90083,88.0,data/dipres_2027_oficial/articles-431955_doc_pdf.pdf
articles-431956_doc_pdf.pdf,detalle_partida_capitulo_pdf,pdf,84083,82.1,data/dipres_2027_oficial/articles-431956_doc_pdf.pdf
articles-431957_doc_pdf.pdf,detalle_partida_capitulo_pdf,pdf,88631,86.6,data/dipres_2027_oficial/articles-431957_doc_pdf.pdf
articles-431958_doc_pdf.pdf,detalle_partida_capitulo_pdf,pdf,85580,83.6,data/dipres_2027_oficial/articles-431958_doc_pdf.pdf
articles-431959_doc_pdf.pdf,detalle_partida_capitulo_pdf,pdf,90810,88.7,data/dipres_2027_oficial/articles-431959_doc_pdf.pdf
articles-431960_doc_pdf.pdf,detalle_partida_capitulo_pdf,pdf,93331,91.1,data/dipres_2027_oficial/articles-431960_doc_pdf.pdf
articles-431961_doc_pdf.pdf,detalle_partida_capitulo_pdf,pdf,93681,91.5,data/dipres_2027_oficial/articles-431961_doc_pdf.pdf
articles-431962_doc_pdf.pdf,detalle_partida_capitulo_pdf,pdf,205434,200.6,data/dipres_2027_oficial/articles-431962_doc_pdf.pdf
articles-431963_doc_pdf.pdf,detalle_partida_capitulo_pdf,pdf,92151,90.0,data/dipres_2027_oficial/articles-431963_doc_pdf.pdf
articles-431964_doc_pdf.pdf,detalle_partida_capitulo_pdf,pdf,92485,90.3,data/dipres_2027_oficial/articles-431964_doc_pdf.pdf
articles-431965_doc_pdf.pdf,detalle_partida_capitulo_pdf,pdf,92068,89.9,data/dipres_2027_oficial/articles-431965_doc_pdf.pdf
articles-431966_doc_pdf.pdf,detalle_partida_capitulo_pdf,pdf,90058,87.9,data/dipres_2027_oficial/articles-431966_doc_pdf.pdf
articles-431967_doc_pdf.pdf,detalle_partida_capitulo_pdf,pdf,89270,87.2,data/dipres_2027_oficial/articles-431967_doc_pdf.pdf
articles-431968_doc_pdf.pdf,detalle_partida_capitulo_pdf,pdf,89808,87.7,data/dipres_2027_oficial/articles-431968_doc_pdf.pdf
articles-431969_doc_pdf.pdf,detalle_partida_capitulo_pdf,pdf,89148,87.1,data/dipres_2027_oficial/articles-431969_doc_pdf.pdf
articles-431970_doc_pdf.pdf,detalle_partida_capitulo_pdf,pdf,90475,88.4,data/dipres_2027_oficial/articles-431970_doc_pdf.pdf
articles-431971_doc_pdf.pdf,detalle_partida_capitulo_pdf,pdf,86579,84.5,data/dipres_2027_oficial/articles-431971_doc_pdf.pdf
articles-431972_doc_pdf.pdf,detalle_partida_capitulo_pdf,pdf,92363,90.2,data/dipres_2027_oficial/articles-431972_doc_pdf.pdf
articles-431973_doc_pdf.pdf,detalle_partida_capitulo_pdf,pdf,88837,86.8,data/dipres_2027_oficial/articles-431973_doc_pdf.pdf
articles-431974_doc_pdf.pdf,detalle_partida_capitulo_pdf,pdf,89158,87.1,data/dipres_2027_oficial/articles-431974_doc_pdf.pdf
articles-431975_doc_pdf.pdf,detalle_partida_capitulo_pdf,pdf,92227,90.1,data/dipres_2027_oficial/articles-431975_doc_pdf.pdf
articles-431976_doc_pdf.pdf,detalle_partida_capitulo_pdf,pdf,203635,198.9,data/dipres_2027_oficial/articles-431976_doc_pdf.pdf
articles-431977_doc_pdf.pdf,detalle_partida_capitulo_pdf,pdf,202680,197.9,data/dipres_2027_oficial/articles-431977_doc_pdf.pdf
articles-431978_doc_pdf.pdf,detalle_partida_capitulo_pdf,pdf,88314,86.2,data/dipres_2027_oficial/articles-431978_doc_pdf.pdf
articles-431979_doc_pdf.pdf,detalle_partida_capitulo_pdf,pdf,89742,87.6,data/dipres_2027_oficial/articles-431979_doc_pdf.pdf
articles-431980_doc_pdf.pdf,detalle_partida_capitulo_pdf,pdf,89507,87.4,data/dipres_2027_oficial/articles-431980_doc_pdf.pdf
articles-431981_doc_pdf.pdf,detalle_partida_capitulo_pdf,pdf,90232,88.1,data/dipres_2027_oficial/articles-431981_doc_pdf.pdf
articles-431982_doc_pdf.pdf,detalle_partida_capitulo_pdf,pdf,90986,88.9,data/dipres_2027_oficial/articles-431982_doc_pdf.pdf
articles-431983_doc_pdf.pdf,detalle_partida_capitulo_pdf,pdf,90699,88.6,data/dipres_2027_oficial/articles-431983_doc_pdf.pdf
articles-431984_doc_pdf.pdf,detalle_partida_capitulo_pdf,pdf,88011,85.9,data/dipres_2027_oficial/articles-431984_doc_pdf.pdf
articles-431985_doc_pdf.pdf,detalle_partida_capitulo_pdf,pdf,89135,87.0,data/dipres_2027_oficial/articles-431985_doc_pdf.pdf
articles-431986_doc_pdf.pdf,detalle_partida_capitulo_pdf,pdf,87994,85.9,data/dipres_2027_oficial/articles-431986_doc_pdf.pdf
articles-431987_doc_pdf.pdf,detalle_partida_capitulo_pdf,pdf,88125,86.1,data/dipres_2027_oficial/articles-431987_doc_pdf.pdf
articles-431988_doc_pdf.pdf,detalle_partida_capitulo_pdf,pdf,87945,85.9,data/dipres_2027_oficial/articles-431988_doc_pdf.pdf
articles-431989_doc_pdf.pdf,detalle_partida_capitulo_pdf,pdf,88782,86.7,data/dipres_2027_oficial/articles-431989_doc_pdf.pdf
articles-431990_doc_pdf.pdf,detalle_partida_capitulo_pdf,pdf,87920,85.9,data/dipres_2027_oficial/articles-431990_doc_pdf.pdf
articles-431991_doc_pdf.pdf,detalle_partida_capitulo_pdf,pdf,89763,87.7,data/dipres_2027_oficial/articles-431991_doc_pdf.pdf
articles-431992_doc_pdf.pdf,detalle_partida_capitulo_pdf,pdf,90690,88.6,data/dipres_2027_oficial/articles-431992_doc_pdf.pdf
articles-431993_doc_pdf.pdf,detalle_partida_capitulo_pdf,pdf,88355,86.3,data/dipres_2027_oficial/articles-431993_doc_pdf.pdf
articles-431994_doc_pdf.pdf,detalle_partida_capitulo_pdf,pdf,90095,88.0,data/dipres_2027_oficial/articles-431994_doc_pdf.pdf
articles-431995_doc_pdf.pdf,detalle_partida_capitulo_pdf,pdf,88341,86.3,data/dipres_2027_oficial/articles-431995_doc_pdf.pdf
articles-431996_doc_pdf.pdf,detalle_partida_capitulo_pdf,pdf,91859,89.7,data/dipres_2027_oficial/articles-431996_doc_pdf.pdf
articles-431997_doc_pdf.pdf,detalle_partida_capitulo_pdf,pdf,88082,86.0,data/dipres_2027_oficial/articles-431997_doc_pdf.pdf
articles-431998_doc_pdf.pdf,detalle_partida_capitulo_pdf,pdf,86898,84.9,data/dipres_2027_oficial/articles-431998_doc_pdf.pdf
articles-431999_doc_pdf.pdf,detalle_partida_capitulo_pdf,pdf,87657,85.6,data/dipres_2027_oficial/articles-431999_doc_pdf.pdf
articles-432000_doc_pdf.pdf,detalle_partida_capitulo_pdf,pdf,90581,88.5,data/dipres_2027_oficial/articles-432000_doc_pdf.pdf
articles-432001_doc_pdf.pdf,detalle_partida_capitulo_pdf,pdf,93769,91.6,data/dipres_2027_oficial/articles-432001_doc_pdf.pdf
articles-432002_doc_pdf.pdf,detalle_partida_capitulo_pdf,pdf,89631,87.5,data/dipres_2027_oficial/articles-432002_doc_pdf.pdf
articles-432003_doc_pdf.pdf,detalle_partida_capitulo_pdf,pdf,89372,87.3,data/dipres_2027_oficial/articles-432003_doc_pdf.pdf
articles-432004_doc_pdf.pdf,detalle_partida_capitulo_pdf,pdf,90084,88.0,data/dipres_2027_oficial/articles-432004_doc_pdf.pdf
articles-432005_doc_pdf.pdf,detalle_partida_capitulo_pdf,pdf,91975,89.8,data/dipres_2027_oficial/articles-432005_doc_pdf.pdf
articles-432006_doc_pdf.pdf,detalle_partida_capitulo_pdf,pdf,89639,87.5,data/dipres_2027_oficial/articles-432006_doc_pdf.pdf
articles-432007_doc_pdf.pdf,detalle_partida_capitulo_pdf,pdf,90441,88.3,data/dipres_2027_oficial/articles-432007_doc_pdf.pdf
articles-432008_doc_pdf.pdf,detalle_partida_capitulo_pdf,pdf,89368,87.3,data/dipres_2027_oficial/articles-432008_doc_pdf.pdf
articles-432009_doc_pdf.pdf,detalle_partida_capitulo_pdf,pdf,163762,159.9,data/dipres_2027_oficial/articles-432009_doc_pdf.pdf
articles-432010_doc_pdf.pdf,detalle_partida_capitulo_pdf,pdf,90433,88.3,data/dipres_2027_oficial/articles-432010_doc_pdf.pdf
articles-432011_doc_pdf.pdf,detalle_partida_capitulo_pdf,pdf,92767,90.6,data/dipres_2027_oficial/articles-432011_doc_pdf.pdf
articles-432012_doc_pdf.pdf,detalle_partida_capitulo_pdf,pdf,88256,86.2,data/dipres_2027_oficial/articles-432012_doc_pdf.pdf
articles-432013_doc_pdf.pdf,detalle_partida_capitulo_pdf,pdf,215620,210.6,data/dipres_2027_oficial/articles-432013_doc_pdf.pdf
articles-432014_doc_pdf.pdf,detalle_partida_capitulo_pdf,pdf,91224,89.1,data/dipres_2027_oficial/articles-432014_doc_pdf.pdf
articles-432015_doc_pdf.pdf,detalle_partida_capitulo_pdf,pdf,89150,87.1,data/dipres_2027_oficial/articles-432015_doc_pdf.pdf
articles-432016_doc_pdf.pdf,detalle_partida_capitulo_pdf,pdf,100846,98.5,data/dipres_2027_oficial/articles-432016_doc_pdf.pdf
articles-432017_doc_pdf.pdf,detalle_partida_capitulo_pdf,pdf,87382,85.3,data/dipres_2027_oficial/articles-432017_doc_pdf.pdf
articles-432018_doc_pdf.pdf,detalle_partida_capitulo_pdf,pdf,88108,86.0,data/dipres_2027_oficial/articles-432018_doc_pdf.pdf
articles-432019_doc_pdf.pdf,detalle_partida_capitulo_pdf,pdf,87314,85.3,data/dipres_2027_oficial/articles-432019_doc_pdf.pdf
articles-432020_doc_pdf.pdf,detalle_partida_capitulo_pdf,pdf,85650,83.6,data/dipres_2027_oficial/articles-432020_doc_pdf.pdf
articles-432021_doc_pdf.pdf,detalle_partida_capitulo_pdf,pdf,87722,85.7,data/dipres_2027_oficial/articles-432021_doc_pdf.pdf
articles-432022_doc_pdf.pdf,detalle_partida_capitulo_pdf,pdf,88265,86.2,data/dipres_2027_oficial/articles-432022_doc_pdf.pdf
articles-432023_doc_pdf.pdf,detalle_partida_capitulo_pdf,pdf,81638,79.7,data/dipres_2027_oficial/articles-432023_doc_pdf.pdf
articles-432024_doc_pdf.pdf,detalle_partida_capitulo_pdf,pdf,85356,83.4,data/dipres_2027_oficial/articles-432024_doc_pdf.pdf
articles-432025_doc_pdf.pdf,detalle_partida_capitulo_pdf,pdf,85190,83.2,data/dipres_2027_oficial/articles-432025_doc_pdf.pdf
articles-432026_doc_pdf.pdf,detalle_partida_capitulo_pdf,pdf,90606,88.5,data/dipres_2027_oficial/articles-432026_doc_pdf.pdf
articles-432027_doc_pdf.pdf,detalle_partida_capitulo_pdf,pdf,85408,83.4,data/dipres_2027_oficial/articles-432027_doc_pdf.pdf
articles-432028_doc_pdf.pdf,detalle_partida_capitulo_pdf,pdf,86494,84.5,data/dipres_2027_oficial/articles-432028_doc_pdf.pdf
articles-432029_doc_pdf.pdf,detalle_partida_capitulo_pdf,pdf,91331,89.2,data/dipres_2027_oficial/articles-432029_doc_pdf.pdf
articles-432030_doc_pdf.pdf,detalle_partida_capitulo_pdf,pdf,88180,86.1,data/dipres_2027_oficial/articles-432030_doc_pdf.pdf
articles-432031_doc_pdf.pdf,detalle_partida_capitulo_pdf,pdf,89182,87.1,data/dipres_2027_oficial/articles-432031_doc_pdf.pdf
articles-432032_doc_pdf.pdf,detalle_partida_capitulo_pdf,pdf,90431,88.3,data/dipres_2027_oficial/articles-432032_doc_pdf.pdf
articles-432033_doc_pdf.pdf,detalle_partida_capitulo_pdf,pdf,91290,89.2,data/dipres_2027_oficial/articles-432033_doc_pdf.pdf
articles-432034_doc_pdf.pdf,detalle_partida_capitulo_pdf,pdf,90658,88.5,data/dipres_2027_oficial/articles-432034_doc_pdf.pdf
articles-432035_doc_pdf.pdf,detalle_partida_capitulo_pdf,pdf,89550,87.5,data/dipres_2027_oficial/articles-432035_doc_pdf.pdf
articles-432036_doc_pdf.pdf,detalle_partida_capitulo_pdf,pdf,88294,86.2,data/dipres_2027_oficial/articles-432036_doc_pdf.pdf
articles-432037_doc_pdf.pdf,detalle_partida_capitulo_pdf,pdf,89488,87.4,data/dipres_2027_oficial/articles-432037_doc_pdf.pdf
articles-432038_doc_pdf.pdf,detalle_partida_capitulo_pdf,pdf,89419,87.3,data/dipres_2027_oficial/articles-432038_doc_pdf.pdf
articles-432039_doc_pdf.pdf,detalle_partida_capitulo_pdf,pdf,91159,89.0,data/dipres_2027_oficial/articles-432039_doc_pdf.pdf
articles-432040_doc_pdf.pdf,detalle_partida_capitulo_pdf,pdf,92631,90.5,data/dipres_2027_oficial/articles-432040_doc_pdf.pdf
articles-432041_doc_pdf.pdf,detalle_partida_capitulo_pdf,pdf,91727,89.6,data/dipres_2027_oficial/articles-432041_doc_pdf.pdf
articles-432042_doc_pdf.pdf,detalle_partida_capitulo_pdf,pdf,90412,88.3,data/dipres_2027_oficial/articles-432042_doc_pdf.pdf
articles-432043_doc_pdf.pdf,detalle_partida_capitulo_pdf,pdf,88655,86.6,data/dipres_2027_oficial/articles-432043_doc_pdf.pdf
articles-432044_doc_pdf.pdf,detalle_partida_capitulo_pdf,pdf,88931,86.8,data/dipres_2027_oficial/articles-432044_doc_pdf.pdf
articles-432045_doc_pdf.pdf,detalle_partida_capitulo_pdf,pdf,89082,87.0,data/dipres_2027_oficial/articles-432045_doc_pdf.pdf
articles-432046_doc_pdf.pdf,detalle_partida_capitulo_pdf,pdf,92908,90.7,data/dipres_2027_oficial/articles-432046_doc_pdf.pdf
articles-432047_doc_pdf.pdf,detalle_partida_capitulo_pdf,pdf,86917,84.9,data/dipres_2027_oficial/articles-432047_doc_pdf.pdf
articles-432048_doc_pdf.pdf,detalle_partida_capitulo_pdf,pdf,86396,84.4,data/dipres_2027_oficial/articles-432048_doc_pdf.pdf
articles-432049_doc_pdf.pdf,detalle_partida_capitulo_pdf,pdf,88061,86.0,data/dipres_2027_oficial/articles-432049_doc_pdf.pdf
articles-432050_doc_pdf.pdf,detalle_partida_capitulo_pdf,pdf,85941,83.9,data/dipres_2027_oficial/articles-432050_doc_pdf.pdf
articles-432051_doc_pdf.pdf,detalle_partida_capitulo_pdf,pdf,86497,84.5,data/dipres_2027_oficial/articles-432051_doc_pdf.pdf
articles-432052_doc_pdf.pdf,detalle_partida_capitulo_pdf,pdf,88939,86.9,data/dipres_2027_oficial/articles-432052_doc_pdf.pdf
articles-432053_doc_pdf.pdf,detalle_partida_capitulo_pdf,pdf,89541,87.4,data/dipres_2027_oficial/articles-432053_doc_pdf.pdf
articles-432054_doc_pdf.pdf,detalle_partida_capitulo_pdf,pdf,89675,87.6,data/dipres_2027_oficial/articles-432054_doc_pdf.pdf
articles-432055_doc_pdf.pdf,detalle_partida_capitulo_pdf,pdf,86341,84.3,data/dipres_2027_oficial/articles-432055_doc_pdf.pdf
articles-432056_doc_pdf.pdf,detalle_partida_capitulo_pdf,pdf,86640,84.6,data/dipres_2027_oficial/articles-432056_doc_pdf.pdf
articles-432057_doc_pdf.pdf,detalle_partida_capitulo_pdf,pdf,90150,88.0,data/dipres_2027_oficial/articles-432057_doc_pdf.pdf
articles-432058_doc_pdf.pdf,detalle_partida_capitulo_pdf,pdf,91884,89.7,data/dipres_2027_oficial/articles-432058_doc_pdf.pdf
articles-432059_doc_pdf.pdf,detalle_partida_capitulo_pdf,pdf,88481,86.4,data/dipres_2027_oficial/articles-432059_doc_pdf.pdf
articles-432060_doc_pdf.pdf,detalle_partida_capitulo_pdf,pdf,88097,86.0,data/dipres_2027_oficial/articles-432060_doc_pdf.pdf
articles-432061_doc_pdf.pdf,detalle_partida_capitulo_pdf,pdf,88139,86.1,data/dipres_2027_oficial/articles-432061_doc_pdf.pdf
articles-432062_doc_pdf.pdf,detalle_partida_capitulo_pdf,pdf,90332,88.2,data/dipres_2027_oficial/articles-432062_doc_pdf.pdf
articles-432063_doc_pdf.pdf,detalle_partida_capitulo_pdf,pdf,92007,89.9,data/dipres_2027_oficial/articles-432063_doc_pdf.pdf
articles-432064_doc_pdf.pdf,detalle_partida_capitulo_pdf,pdf,88489,86.4,data/dipres_2027_oficial/articles-432064_doc_pdf.pdf
articles-432065_doc_pdf.pdf,detalle_partida_capitulo_pdf,pdf,87918,85.9,data/dipres_2027_oficial/articles-432065_doc_pdf.pdf
articles-432066_doc_pdf.pdf,detalle_partida_capitulo_pdf,pdf,90066,88.0,data/dipres_2027_oficial/articles-432066_doc_pdf.pdf
articles-432067_doc_pdf.pdf,detalle_partida_capitulo_pdf,pdf,89418,87.3,data/dipres_2027_oficial/articles-432067_doc_pdf.pdf
articles-432068_doc_pdf.pdf,detalle_partida_capitulo_pdf,pdf,89691,87.6,data/dipres_2027_oficial/articles-432068_doc_pdf.pdf
articles-432069_doc_pdf.pdf,detalle_partida_capitulo_pdf,pdf,91733,89.6,data/dipres_2027_oficial/articles-432069_doc_pdf.pdf
articles-432070_doc_pdf.pdf,detalle_partida_capitulo_pdf,pdf,89273,87.2,data/dipres_2027_oficial/articles-432070_doc_pdf.pdf
articles-432071_doc_pdf.pdf,detalle_partida_capitulo_pdf,pdf,86636,84.6,data/dipres_2027_oficial/articles-432071_doc_pdf.pdf
articles-432072_doc_pdf.pdf,detalle_partida_capitulo_pdf,pdf,88520,86.4,data/dipres_2027_oficial/articles-432072_doc_pdf.pdf
articles-432073_doc_pdf.pdf,detalle_partida_capitulo_pdf,pdf,85815,83.8,data/dipres_2027_oficial/articles-432073_doc_pdf.pdf
articles-432074_doc_pdf.pdf,detalle_partida_capitulo_pdf,pdf,83896,81.9,data/dipres_2027_oficial/articles-432074_doc_pdf.pdf
articles-432075_doc_pdf.pdf,detalle_partida_capitulo_pdf,pdf,85351,83.4,data/dipres_2027_oficial/articles-432075_doc_pdf.pdf
articles-432076_doc_pdf.pdf,detalle_partida_capitulo_pdf,pdf,87049,85.0,data/dipres_2027_oficial/articles-432076_doc_pdf.pdf
articles-432077_doc_pdf.pdf,detalle_partida_capitulo_pdf,pdf,89602,87.5,data/dipres_2027_oficial/articles-432077_doc_pdf.pdf
articles-432078_doc_pdf.pdf,detalle_partida_capitulo_pdf,pdf,90405,88.3,data/dipres_2027_oficial/articles-432078_doc_pdf.pdf
articles-432079_doc_pdf.pdf,detalle_partida_capitulo_pdf,pdf,88034,86.0,data/dipres_2027_oficial/articles-432079_doc_pdf.pdf
articles-432080_doc_pdf.pdf,detalle_partida_capitulo_pdf,pdf,87585,85.5,data/dipres_2027_oficial/articles-432080_doc_pdf.pdf
articles-432081_doc_pdf.pdf,detalle_partida_capitulo_pdf,pdf,87382,85.3,data/dipres_2027_oficial/articles-432081_doc_pdf.pdf
articles-432082_doc_pdf.pdf,detalle_partida_capitulo_pdf,pdf,91197,89.1,data/dipres_2027_oficial/articles-432082_doc_pdf.pdf
articles-432083_doc_pdf.pdf,detalle_partida_capitulo_pdf,pdf,92882,90.7,data/dipres_2027_oficial/articles-432083_doc_pdf.pdf
articles-432084_doc_pdf.pdf,detalle_partida_capitulo_pdf,pdf,87759,85.7,data/dipres_2027_oficial/articles-432084_doc_pdf.pdf
articles-432085_doc_pdf.pdf,detalle_partida_capitulo_pdf,pdf,88216,86.1,data/dipres_2027_oficial/articles-432085_doc_pdf.pdf
articles-432086_doc_pdf.pdf,detalle_partida_capitulo_pdf,pdf,91803,89.7,data/dipres_2027_oficial/articles-432086_doc_pdf.pdf
articles-432087_doc_pdf.pdf,detalle_partida_capitulo_pdf,pdf,88829,86.7,data/dipres_2027_oficial/articles-432087_doc_pdf.pdf
articles-432088_doc_pdf.pdf,detalle_partida_capitulo_pdf,pdf,91822,89.7,data/dipres_2027_oficial/articles-432088_doc_pdf.pdf
articles-432089_doc_pdf.pdf,detalle_partida_capitulo_pdf,pdf,91590,89.4,data/dipres_2027_oficial/articles-432089_doc_pdf.pdf
articles-432090_doc_pdf.pdf,detalle_partida_capitulo_pdf,pdf,87752,85.7,data/dipres_2027_oficial/articles-432090_doc_pdf.pdf
articles-432091_doc_pdf.pdf,detalle_partida_capitulo_pdf,pdf,91335,89.2,data/dipres_2027_oficial/articles-432091_doc_pdf.pdf
articles-432092_doc_pdf.pdf,detalle_partida_capitulo_pdf,pdf,90071,88.0,data/dipres_2027_oficial/articles-432092_doc_pdf.pdf
articles-432093_doc_pdf.pdf,detalle_partida_capitulo_pdf,pdf,86055,84.0,data/dipres_2027_oficial/articles-432093_doc_pdf.pdf
articles-432094_doc_pdf.pdf,detalle_partida_capitulo_pdf,pdf,90198,88.1,data/dipres_2027_oficial/articles-432094_doc_pdf.pdf
articles-432095_doc_pdf.pdf,detalle_partida_capitulo_pdf,pdf,88477,86.4,data/dipres_2027_oficial/articles-432095_doc_pdf.pdf
articles-432096_doc_pdf.pdf,detalle_partida_capitulo_pdf,pdf,90057,87.9,data/dipres_2027_oficial/articles-432096_doc_pdf.pdf
articles-432097_doc_pdf.pdf,detalle_partida_capitulo_pdf,pdf,89356,87.3,data/dipres_2027_oficial/articles-432097_doc_pdf.pdf
articles-432098_doc_pdf.pdf,detalle_partida_capitulo_pdf,pdf,87927,85.9,data/dipres_2027_oficial/articles-432098_doc_pdf.pdf
articles-432099_doc_pdf.pdf,detalle_partida_capitulo_pdf,pdf,90104,88.0,data/dipres_2027_oficial/articles-432099_doc_pdf.pdf
articles-432100_doc_pdf.pdf,detalle_partida_capitulo_pdf,pdf,85030,83.0,data/dipres_2027_oficial/articles-432100_doc_pdf.pdf
articles-432101_doc_pdf.pdf,detalle_partida_capitulo_pdf,pdf,86077,84.1,data/dipres_2027_oficial/articles-432101_doc_pdf.pdf
articles-432102_doc_pdf.pdf,detalle_partida_capitulo_pdf,pdf,107379,104.9,data/dipres_2027_oficial/articles-432102_doc_pdf.pdf
articles-432103_doc_pdf.pdf,detalle_partida_capitulo_pdf,pdf,107384,104.9,data/dipres_2027_oficial/articles-432103_doc_pdf.pdf
articles-432104_doc_pdf.pdf,detalle_partida_capitulo_pdf,pdf,107378,104.9,data/dipres_2027_oficial/articles-432104_doc_pdf.pdf
articles-432105_doc_pdf.pdf,detalle_partida_capitulo_pdf,pdf,107377,104.9,data/dipres_2027_oficial/articles-432105_doc_pdf.pdf
articles-432106_doc_pdf.pdf,detalle_partida_capitulo_pdf,pdf,107383,104.9,data/dipres_2027_oficial/articles-432106_doc_pdf.pdf
articles-432107_doc_pdf.pdf,detalle_partida_capitulo_pdf,pdf,107375,104.9,data/dipres_2027_oficial/articles-432107_doc_pdf.pdf
articles-432108_doc_pdf.pdf,detalle_partida_capitulo_pdf,pdf,107371,104.9,data/dipres_2027_oficial/articles-432108_doc_pdf.pdf
articles-432109_doc_pdf.pdf,detalle_partida_capitulo_pdf,pdf,107377,104.9,data/dipres_2027_oficial/articles-432109_doc_pdf.pdf
articles-432110_doc_pdf.pdf,detalle_partida_capitulo_pdf,pdf,107380,104.9,data/dipres_2027_oficial/articles-432110_doc_pdf.pdf
articles-432111_doc_pdf.pdf,detalle_partida_capitulo_pdf,pdf,107374,104.9,data/dipres_2027_oficial/articles-432111_doc_pdf.pdf
articles-432112_doc_pdf.pdf,detalle_partida_capitulo_pdf,pdf,107391,104.9,data/dipres_2027_oficial/articles-432112_doc_pdf.pdf
articles-432113_doc_pdf.pdf,detalle_partida_capitulo_pdf,pdf,107366,104.8,data/dipres_2027_oficial/articles-432113_doc_pdf.pdf
articles-432114_doc_pdf.pdf,detalle_partida_capitulo_pdf,pdf,107402,104.9,data/dipres_2027_oficial/articles-432114_doc_pdf.pdf
articles-432115_doc_pdf.pdf,detalle_partida_capitulo_pdf,pdf,107375,104.9,data/dipres_2027_oficial/articles-432115_doc_pdf.pdf
articles-432116_doc_pdf.pdf,detalle_partida_capitulo_pdf,pdf,107398,104.9,data/dipres_2027_oficial/articles-432116_doc_pdf.pdf
articles-432117_doc_pdf.pdf,detalle_partida_capitulo_pdf,pdf,107366,104.8,data/dipres_2027_oficial/articles-432117_doc_pdf.pdf
articles-432118_doc_pdf.pdf,detalle_partida_capitulo_pdf,pdf,90049,87.9,data/dipres_2027_oficial/articles-432118_doc_pdf.pdf
articles-432119_doc_pdf.pdf,detalle_partida_capitulo_pdf,pdf,89974,87.9,data/dipres_2027_oficial/articles-432119_doc_pdf.pdf
articles-432120_doc_pdf.pdf,detalle_partida_capitulo_pdf,pdf,90700,88.6,data/dipres_2027_oficial/articles-432120_doc_pdf.pdf
articles-432121_doc_pdf.pdf,detalle_partida_capitulo_pdf,pdf,90383,88.3,data/dipres_2027_oficial/articles-432121_doc_pdf.pdf
articles-432122_doc_pdf.pdf,detalle_partida_capitulo_pdf,pdf,86582,84.6,data/dipres_2027_oficial/articles-432122_doc_pdf.pdf
articles-432123_doc_pdf.pdf,detalle_partida_capitulo_pdf,pdf,101868,99.5,data/dipres_2027_oficial/articles-432123_doc_pdf.pdf
articles-432124_doc_pdf.pdf,detalle_partida_capitulo_pdf,pdf,89938,87.8,data/dipres_2027_oficial/articles-432124_doc_pdf.pdf
articles-432125_doc_pdf.pdf,detalle_partida_capitulo_pdf,pdf,117237,114.5,data/dipres_2027_oficial/articles-432125_doc_pdf.pdf
articles-432126_doc_pdf.pdf,detalle_partida_capitulo_pdf,pdf,114824,112.1,data/dipres_2027_oficial/articles-432126_doc_pdf.pdf
articles-432127_doc_pdf.pdf,detalle_partida_capitulo_pdf,pdf,117659,114.9,data/dipres_2027_oficial/articles-432127_doc_pdf.pdf
articles-432128_doc_pdf.pdf,detalle_partida_capitulo_pdf,pdf,110951,108.4,data/dipres_2027_oficial/articles-432128_doc_pdf.pdf
articles-432129_doc_pdf.pdf,detalle_partida_capitulo_pdf,pdf,127731,124.7,data/dipres_2027_oficial/articles-432129_doc_pdf.pdf
articles-432130_doc_pdf.pdf,detalle_partida_capitulo_pdf,pdf,136745,133.5,data/dipres_2027_oficial/articles-432130_doc_pdf.pdf
articles-432131_doc_pdf.pdf,detalle_partida_capitulo_pdf,pdf,122966,120.1,data/dipres_2027_oficial/articles-432131_doc_pdf.pdf
articles-432132_doc_pdf.pdf,detalle_partida_capitulo_pdf,pdf,122976,120.1,data/dipres_2027_oficial/articles-432132_doc_pdf.pdf
articles-432133_doc_pdf.pdf,detalle_partida_capitulo_pdf,pdf,110775,108.2,data/dipres_2027_oficial/articles-432133_doc_pdf.pdf
articles-432134_doc_pdf.pdf,detalle_partida_capitulo_pdf,pdf,297090,290.1,data/dipres_2027_oficial/articles-432134_doc_pdf.pdf
articles-432135_doc_pdf.pdf,detalle_partida_capitulo_pdf,pdf,285853,279.2,data/dipres_2027_oficial/articles-432135_doc_pdf.pdf
articles-432136_doc_pdf.pdf,detalle_partida_capitulo_pdf,pdf,280955,274.4,data/dipres_2027_oficial/articles-432136_doc_pdf.pdf
articles-432137_doc_pdf.pdf,detalle_partida_capitulo_pdf,pdf,114137,111.5,data/dipres_2027_oficial/articles-432137_doc_pdf.pdf
articles-432138_doc_pdf.pdf,detalle_partida_capitulo_pdf,pdf,113838,111.2,data/dipres_2027_oficial/articles-432138_doc_pdf.pdf
articles-432139_doc_pdf.pdf,detalle_partida_capitulo_pdf,pdf,111359,108.7,data/dipres_2027_oficial/articles-432139_doc_pdf.pdf
articles-432140_doc_pdf.pdf,detalle_partida_capitulo_pdf,pdf,135960,132.8,data/dipres_2027_oficial/articles-432140_doc_pdf.pdf
articles-432141_doc_pdf.pdf,detalle_partida_capitulo_pdf,pdf,146918,143.5,data/dipres_2027_oficial/articles-432141_doc_pdf.pdf
articles-432142_doc_pdf.pdf,detalle_partida_capitulo_pdf,pdf,99475,97.1,data/dipres_2027_oficial/articles-432142_doc_pdf.pdf
articles-432143_doc_pdf.pdf,detalle_partida_capitulo_pdf,pdf,221374,216.2,data/dipres_2027_oficial/articles-432143_doc_pdf.pdf
articles-432144_doc_pdf.pdf,detalle_partida_capitulo_pdf,pdf,113628,111.0,data/dipres_2027_oficial/articles-432144_doc_pdf.pdf
articles-432145_doc_pdf.pdf,detalle_partida_capitulo_pdf,pdf,140245,137.0,data/dipres_2027_oficial/articles-432145_doc_pdf.pdf
articles-432146_doc_pdf.pdf,detalle_partida_capitulo_pdf,pdf,109127,106.6,data/dipres_2027_oficial/articles-432146_doc_pdf.pdf
articles-432147_doc_pdf.pdf,detalle_partida_capitulo_pdf,pdf,110268,107.7,data/dipres_2027_oficial/articles-432147_doc_pdf.pdf
articles-432148_doc_pdf.pdf,detalle_partida_capitulo_pdf,pdf,141812,138.5,data/dipres_2027_oficial/articles-432148_doc_pdf.pdf
articles-432149_doc_pdf.pdf,detalle_partida_capitulo_pdf,pdf,176767,172.6,data/dipres_2027_oficial/articles-432149_doc_pdf.pdf
articles-432150_doc_pdf.pdf,detalle_partida_capitulo_pdf,pdf,130954,127.9,data/dipres_2027_oficial/articles-432150_doc_pdf.pdf
articles-432151_doc_pdf.pdf,detalle_partida_capitulo_pdf,pdf,145503,142.1,data/dipres_2027_oficial/articles-432151_doc_pdf.pdf
articles-432152_doc_pdf.pdf,detalle_partida_capitulo_pdf,pdf,110209,107.6,data/dipres_2027_oficial/articles-432152_doc_pdf.pdf
articles-432153_doc_pdf.pdf,detalle_partida_capitulo_pdf,pdf,132488,129.4,data/dipres_2027_oficial/articles-432153_doc_pdf.pdf
articles-432154_doc_pdf.pdf,detalle_partida_capitulo_pdf,pdf,101560,99.2,data/dipres_2027_oficial/articles-432154_doc_pdf.pdf
articles-432155_doc_pdf.pdf,detalle_partida_capitulo_pdf,pdf,79592,77.7,data/dipres_2027_oficial/articles-432155_doc_pdf.pdf
articles-432156_doc_pdf.pdf,detalle_partida_capitulo_pdf,pdf,226829,221.5,data/dipres_2027_oficial/articles-432156_doc_pdf.pdf
articles-432157_doc_pdf.pdf,detalle_partida_capitulo_pdf,pdf,84993,83.0,data/dipres_2027_oficial/articles-432157_doc_pdf.pdf
articles-432157_doc_xls.xlsx,detalle_partida_capitulo_excel,xlsx,7443,7.3,data/dipres_2027_oficial/articles-432157_doc_xls.xlsx
articles-432158_doc_pdf.pdf,detalle_partida_capitulo_pdf,pdf,85285,83.3,data/dipres_2027_oficial/articles-432158_doc_pdf.pdf
articles-432158_doc_xls.xlsx,detalle_partida_capitulo_excel,xlsx,7615,7.4,data/dipres_2027_oficial/articles-432158_doc_xls.xlsx
articles-432159_doc_pdf.pdf,detalle_partida_capitulo_pdf,pdf,86377,84.4,data/dipres_2027_oficial/articles-432159_doc_pdf.pdf
articles-432159_doc_xls.xlsx,detalle_partida_capitulo_excel,xlsx,7906,7.7,data/dipres_2027_oficial/articles-432159_doc_xls.xlsx
articles-432160_doc_pdf.pdf,detalle_partida_capitulo_pdf,pdf,85319,83.3,data/dipres_2027_oficial/articles-432160_doc_pdf.pdf
articles-432160_doc_xls.xlsx,detalle_partida_capitulo_excel,xlsx,7552,7.4,data/dipres_2027_oficial/articles-432160_doc_xls.xlsx
articles-432161_doc_pdf.pdf,detalle_partida_capitulo_pdf,pdf,87175,85.1,data/dipres_2027_oficial/articles-432161_doc_pdf.pdf
articles-432161_doc_xls.xlsx,detalle_partida_capitulo_excel,xlsx,8300,8.1,data/dipres_2027_oficial/articles-432161_doc_xls.xlsx
articles-432162_doc_pdf.pdf,detalle_partida_capitulo_pdf,pdf,103274,100.9,data/dipres_2027_oficial/articles-432162_doc_pdf.pdf
articles-432162_doc_xls.xlsx,detalle_partida_capitulo_excel,xlsx,17362,17.0,data/dipres_2027_oficial/articles-432162_doc_xls.xlsx
articles-432163_doc_pdf.pdf,detalle_partida_capitulo_pdf,pdf,87780,85.7,data/dipres_2027_oficial/articles-432163_doc_pdf.pdf
articles-432163_doc_xls.xlsx,detalle_partida_capitulo_excel,xlsx,8536,8.3,data/dipres_2027_oficial/articles-432163_doc_xls.xlsx
articles-432164_doc_pdf.pdf,detalle_partida_capitulo_pdf,pdf,118971,116.2,data/dipres_2027_oficial/articles-432164_doc_pdf.pdf
articles-432164_doc_xls.xlsx,detalle_partida_capitulo_excel,xlsx,15062,14.7,data/dipres_2027_oficial/articles-432164_doc_xls.xlsx
articles-432165_doc_pdf.pdf,detalle_partida_capitulo_pdf,pdf,87044,85.0,data/dipres_2027_oficial/articles-432165_doc_pdf.pdf
articles-432165_doc_xls.xlsx,detalle_partida_capitulo_excel,xlsx,8347,8.2,data/dipres_2027_oficial/articles-432165_doc_xls.xlsx
articles-432166_doc_pdf.pdf,detalle_partida_capitulo_pdf,pdf,93521,91.3,data/dipres_2027_oficial/articles-432166_doc_pdf.pdf
articles-432166_doc_xls.xlsx,detalle_partida_capitulo_excel,xlsx,14278,13.9,data/dipres_2027_oficial/articles-432166_doc_xls.xlsx
articles-432167_doc_pdf.pdf,detalle_partida_capitulo_pdf,pdf,335466,327.6,data/dipres_2027_oficial/articles-432167_doc_pdf.pdf
articles-432167_doc_xls.xlsx,detalle_partida_capitulo_excel,xlsx,18603,18.2,data/dipres_2027_oficial/articles-432167_doc_xls.xlsx
articles-432168_doc_pdf.pdf,detalle_partida_capitulo_pdf,pdf,236310,230.8,data/dipres_2027_oficial/articles-432168_doc_pdf.pdf
articles-432168_doc_xls.xlsx,detalle_partida_capitulo_excel,xlsx,18250,17.8,data/dipres_2027_oficial/articles-432168_doc_xls.xlsx
articles-432169_doc_pdf.pdf,detalle_partida_capitulo_pdf,pdf,87540,85.5,data/dipres_2027_oficial/articles-432169_doc_pdf.pdf
articles-432169_doc_xls.xlsx,detalle_partida_capitulo_excel,xlsx,8402,8.2,data/dipres_2027_oficial/articles-432169_doc_xls.xlsx
articles-432170_doc_pdf.pdf,detalle_partida_capitulo_pdf,pdf,86456,84.4,data/dipres_2027_oficial/articles-432170_doc_pdf.pdf
articles-432170_doc_xls.xlsx,detalle_partida_capitulo_excel,xlsx,7960,7.8,data/dipres_2027_oficial/articles-432170_doc_xls.xlsx
articles-432171_doc_pdf.pdf,detalle_partida_capitulo_pdf,pdf,87410,85.4,data/dipres_2027_oficial/articles-432171_doc_pdf.pdf
articles-432171_doc_xls.xlsx,detalle_partida_capitulo_excel,xlsx,15620,15.3,data/dipres_2027_oficial/articles-432171_doc_xls.xlsx
articles-432172_doc_pdf.pdf,detalle_partida_capitulo_pdf,pdf,122280,119.4,data/dipres_2027_oficial/articles-432172_doc_pdf.pdf
articles-432172_doc_xls.xlsx,detalle_partida_capitulo_excel,xlsx,15809,15.4,data/dipres_2027_oficial/articles-432172_doc_xls.xlsx
articles-432173_doc_pdf.pdf,detalle_partida_capitulo_pdf,pdf,111523,108.9,data/dipres_2027_oficial/articles-432173_doc_pdf.pdf
articles-432173_doc_xls.xlsx,detalle_partida_capitulo_excel,xlsx,14774,14.4,data/dipres_2027_oficial/articles-432173_doc_xls.xlsx
articles-432174_doc_pdf.pdf,detalle_partida_capitulo_pdf,pdf,87234,85.2,data/dipres_2027_oficial/articles-432174_doc_pdf.pdf
articles-432174_doc_xls.xlsx,detalle_partida_capitulo_excel,xlsx,8358,8.2,data/dipres_2027_oficial/articles-432174_doc_xls.xlsx
articles-432175_doc_pdf.pdf,detalle_partida_capitulo_pdf,pdf,235435,229.9,data/dipres_2027_oficial/articles-432175_doc_pdf.pdf
articles-432175_doc_xls.xlsx,detalle_partida_capitulo_excel,xlsx,15038,14.7,data/dipres_2027_oficial/articles-432175_doc_xls.xlsx
articles-432176_doc_pdf.pdf,detalle_partida_capitulo_pdf,pdf,84805,82.8,data/dipres_2027_oficial/articles-432176_doc_pdf.pdf
articles-432176_doc_xls.xlsx,detalle_partida_capitulo_excel,xlsx,14387,14.0,data/dipres_2027_oficial/articles-432176_doc_xls.xlsx
articles-432177_doc_pdf.pdf,detalle_partida_capitulo_pdf,pdf,112584,109.9,data/dipres_2027_oficial/articles-432177_doc_pdf.pdf
articles-432177_doc_xls.xlsx,detalle_partida_capitulo_excel,xlsx,14621,14.3,data/dipres_2027_oficial/articles-432177_doc_xls.xlsx
articles-432178_doc_pdf.pdf,detalle_partida_capitulo_pdf,pdf,84473,82.5,data/dipres_2027_oficial/articles-432178_doc_pdf.pdf
articles-432178_doc_xls.xlsx,detalle_partida_capitulo_excel,xlsx,7305,7.1,data/dipres_2027_oficial/articles-432178_doc_xls.xlsx
articles-432179_doc_pdf.pdf,detalle_partida_capitulo_pdf,pdf,85361,83.4,data/dipres_2027_oficial/articles-432179_doc_pdf.pdf
articles-432179_doc_xls.xlsx,detalle_partida_capitulo_excel,xlsx,7655,7.5,data/dipres_2027_oficial/articles-432179_doc_xls.xlsx
articles-432180_doc_pdf.pdf,detalle_partida_capitulo_pdf,pdf,119994,117.2,data/dipres_2027_oficial/articles-432180_doc_pdf.pdf
articles-432180_doc_xls.xlsx,detalle_partida_capitulo_excel,xlsx,15326,15.0,data/dipres_2027_oficial/articles-432180_doc_xls.xlsx
articles-432181_doc_pdf.pdf,detalle_partida_capitulo_pdf,pdf,116404,113.7,data/dipres_2027_oficial/articles-432181_doc_pdf.pdf
articles-432181_doc_xls.xlsx,detalle_partida_capitulo_excel,xlsx,14643,14.3,data/dipres_2027_oficial/articles-432181_doc_xls.xlsx
articles-432182_doc_pdf.pdf,detalle_partida_capitulo_pdf,pdf,86429,84.4,data/dipres_2027_oficial/articles-432182_doc_pdf.pdf
articles-432182_doc_xls.xlsx,detalle_partida_capitulo_excel,xlsx,7971,7.8,data/dipres_2027_oficial/articles-432182_doc_xls.xlsx
articles-432183_doc_pdf.pdf,detalle_partida_capitulo_pdf,pdf,84993,83.0,data/dipres_2027_oficial/articles-432183_doc_pdf.pdf
articles-432183_doc_xls.xlsx,detalle_partida_capitulo_excel,xlsx,7488,7.3,data/dipres_2027_oficial/articles-432183_doc_xls.xlsx
articles-432184_doc_pdf.pdf,detalle_partida_capitulo_pdf,pdf,85234,83.2,data/dipres_2027_oficial/articles-432184_doc_pdf.pdf
articles-432184_doc_xls.xlsx,detalle_partida_capitulo_excel,xlsx,7520,7.3,data/dipres_2027_oficial/articles-432184_doc_xls.xlsx
articles-432185_doc_pdf.pdf,detalle_partida_capitulo_pdf,pdf,119273,116.5,data/dipres_2027_oficial/articles-432185_doc_pdf.pdf
articles-432185_doc_xls.xlsx,detalle_partida_capitulo_excel,xlsx,15112,14.8,data/dipres_2027_oficial/articles-432185_doc_xls.xlsx
articles-432186_doc_pdf.pdf,detalle_partida_capitulo_pdf,pdf,84979,83.0,data/dipres_2027_oficial/articles-432186_doc_pdf.pdf
articles-432186_doc_xls.xlsx,detalle_partida_capitulo_excel,xlsx,7487,7.3,data/dipres_2027_oficial/articles-432186_doc_xls.xlsx
articles-432187_doc_pdf.pdf,detalle_partida_capitulo_pdf,pdf,100300,97.9,data/dipres_2027_oficial/articles-432187_doc_pdf.pdf
articles-432187_doc_xls.xlsx,detalle_partida_capitulo_excel,xlsx,13796,13.5,data/dipres_2027_oficial/articles-432187_doc_xls.xlsx
articles-432188_doc_pdf.pdf,detalle_partida_capitulo_pdf,pdf,88671,86.6,data/dipres_2027_oficial/articles-432188_doc_pdf.pdf
articles-432188_doc_xls.xlsx,detalle_partida_capitulo_excel,xlsx,8313,8.1,data/dipres_2027_oficial/articles-432188_doc_xls.xlsx
articles-432189_doc_pdf.pdf,detalle_partida_capitulo_pdf,pdf,187481,183.1,data/dipres_2027_oficial/articles-432189_doc_pdf.pdf
articles-432189_doc_xls.xlsx,detalle_partida_capitulo_excel,xlsx,25638,25.0,data/dipres_2027_oficial/articles-432189_doc_xls.xlsx
articles-432190_doc_pdf.pdf,detalle_partida_capitulo_pdf,pdf,80946,79.0,data/dipres_2027_oficial/articles-432190_doc_pdf.pdf
articles-432191_doc_pdf.pdf,detalle_partida_capitulo_pdf,pdf,77630,75.8,data/dipres_2027_oficial/articles-432191_doc_pdf.pdf
articles-432192_doc_pdf.pdf,detalle_partida_capitulo_pdf,pdf,76511,74.7,data/dipres_2027_oficial/articles-432192_doc_pdf.pdf
articles-432193_doc_pdf.pdf,detalle_partida_capitulo_pdf,pdf,76049,74.3,data/dipres_2027_oficial/articles-432193_doc_pdf.pdf
articles-432194_doc_pdf.pdf,detalle_partida_capitulo_pdf,pdf,79232,77.4,data/dipres_2027_oficial/articles-432194_doc_pdf.pdf
articles-432195_doc_pdf.pdf,detalle_partida_capitulo_pdf,pdf,82715,80.8,data/dipres_2027_oficial/articles-432195_doc_pdf.pdf
articles-432196_doc_pdf.pdf,detalle_partida_capitulo_pdf,pdf,82198,80.3,data/dipres_2027_oficial/articles-432196_doc_pdf.pdf
articles-432197_doc_pdf.pdf,detalle_partida_capitulo_pdf,pdf,80940,79.0,data/dipres_2027_oficial/articles-432197_doc_pdf.pdf
articles-432198_doc_pdf.pdf,detalle_partida_capitulo_pdf,pdf,99987,97.6,data/dipres_2027_oficial/articles-432198_doc_pdf.pdf
articles-432199_doc_pdf.pdf,detalle_partida_capitulo_pdf,pdf,79362,77.5,data/dipres_2027_oficial/articles-432199_doc_pdf.pdf
articles-432200_doc_pdf.pdf,detalle_partida_capitulo_pdf,pdf,85436,83.4,data/dipres_2027_oficial/articles-432200_doc_pdf.pdf
articles-432201_doc_pdf.pdf,detalle_partida_capitulo_pdf,pdf,78915,77.1,data/dipres_2027_oficial/articles-432201_doc_pdf.pdf
articles-432202_doc_pdf.pdf,detalle_partida_capitulo_pdf,pdf,78547,76.7,data/dipres_2027_oficial/articles-432202_doc_pdf.pdf
articles-432203_doc_pdf.pdf,detalle_partida_capitulo_pdf,pdf,75540,73.8,data/dipres_2027_oficial/articles-432203_doc_pdf.pdf
articles-432204_doc_pdf.pdf,detalle_partida_capitulo_pdf,pdf,81525,79.6,data/dipres_2027_oficial/articles-432204_doc_pdf.pdf
articles-432205_doc_pdf.pdf,detalle_partida_capitulo_pdf,pdf,94986,92.8,data/dipres_2027_oficial/articles-432205_doc_pdf.pdf
articles-432206_doc_pdf.pdf,detalle_partida_capitulo_pdf,pdf,83479,81.5,data/dipres_2027_oficial/articles-432206_doc_pdf.pdf
articles-432207_doc_pdf.pdf,detalle_partida_capitulo_pdf,pdf,77585,75.8,data/dipres_2027_oficial/articles-432207_doc_pdf.pdf
articles-432208_doc_pdf.pdf,detalle_partida_capitulo_pdf,pdf,78394,76.6,data/dipres_2027_oficial/articles-432208_doc_pdf.pdf
articles-432209_doc_pdf.pdf,detalle_partida_capitulo_pdf,pdf,76433,74.6,data/dipres_2027_oficial/articles-432209_doc_pdf.pdf
articles-432210_doc_pdf.pdf,detalle_partida_capitulo_pdf,pdf,79972,78.1,data/dipres_2027_oficial/articles-432210_doc_pdf.pdf
articles-432211_doc_pdf.pdf,detalle_partida_capitulo_pdf,pdf,75851,74.1,data/dipres_2027_oficial/articles-432211_doc_pdf.pdf
articles-432212_doc_pdf.pdf,detalle_partida_capitulo_pdf,pdf,75098,73.3,data/dipres_2027_oficial/articles-432212_doc_pdf.pdf
articles-432213_doc_pdf.pdf,detalle_partida_capitulo_pdf,pdf,77788,76.0,data/dipres_2027_oficial/articles-432213_doc_pdf.pdf
articles-432214_doc_pdf.pdf,detalle_partida_capitulo_pdf,pdf,78170,76.3,data/dipres_2027_oficial/articles-432214_doc_pdf.pdf
articles-432215_doc_pdf.pdf,detalle_partida_capitulo_pdf,pdf,75643,73.9,data/dipres_2027_oficial/articles-432215_doc_pdf.pdf
articles-432216_doc_pdf.pdf,detalle_partida_capitulo_pdf,pdf,78995,77.1,data/dipres_2027_oficial/articles-432216_doc_pdf.pdf
articles-432217_doc_pdf.pdf,detalle_partida_capitulo_pdf,pdf,74277,72.5,data/dipres_2027_oficial/articles-432217_doc_pdf.pdf
articles-432218_doc_pdf.pdf,detalle_partida_capitulo_pdf,pdf,77274,75.5,data/dipres_2027_oficial/articles-432218_doc_pdf.pdf
articles-432219_doc_pdf.pdf,detalle_partida_capitulo_pdf,pdf,77846,76.0,data/dipres_2027_oficial/articles-432219_doc_pdf.pdf
articles-432220_doc_pdf.pdf,detalle_partida_capitulo_pdf,pdf,75100,73.3,data/dipres_2027_oficial/articles-432220_doc_pdf.pdf
articles-432221_doc_pdf.pdf,detalle_partida_capitulo_pdf,pdf,78861,77.0,data/dipres_2027_oficial/articles-432221_doc_pdf.pdf
articles-432222_doc_pdf.pdf,detalle_partida_capitulo_pdf,pdf,76610,74.8,data/dipres_2027_oficial/articles-432222_doc_pdf.pdf
articles-432223_doc_pdf.pdf,detalle_partida_capitulo_pdf,pdf,93474,91.3,data/dipres_2027_oficial/articles-432223_doc_pdf.pdf
articles-432224_doc_pdf.pdf,detalle_partida_capitulo_pdf,pdf,114353,111.7,data/dipres_2027_oficial/articles-432224_doc_pdf.pdf
articles-432225_doc_pdf.pdf,detalle_partida_capitulo_pdf,pdf,110713,108.1,data/dipres_2027_oficial/articles-432225_doc_pdf.pdf
articles-432226_doc_pdf.pdf,detalle_partida_capitulo_pdf,pdf,95721,93.5,data/dipres_2027_oficial/articles-432226_doc_pdf.pdf
articles-432228_doc_pdf.pdf,detalle_partida_capitulo_pdf,pdf,126728,123.8,data/dipres_2027_oficial/articles-432228_doc_pdf.pdf
articles-432229_doc_pdf.pdf,detalle_partida_capitulo_pdf,pdf,183782,179.5,data/dipres_2027_oficial/articles-432229_doc_pdf.pdf
articles-432230_doc_pdf.pdf,detalle_partida_capitulo_pdf,pdf,227207,221.9,data/dipres_2027_oficial/articles-432230_doc_pdf.pdf
articles-432231_doc_pdf.pdf,detalle_partida_capitulo_pdf,pdf,868221,847.9,data/dipres_2027_oficial/articles-432231_doc_pdf.pdf
articles-432232_doc_pdf.pdf,detalle_partida_capitulo_pdf,pdf,150778,147.2,data/dipres_2027_oficial/articles-432232_doc_pdf.pdf
articles-432233_doc_pdf.pdf,detalle_partida_capitulo_pdf,pdf,143863,140.5,data/dipres_2027_oficial/articles-432233_doc_pdf.pdf
articles-432234_doc_pdf.pdf,detalle_partida_capitulo_pdf,pdf,188718,184.3,data/dipres_2027_oficial/articles-432234_doc_pdf.pdf
articles-432235_doc_pdf.pdf,detalle_partida_capitulo_pdf,pdf,111038,108.4,data/dipres_2027_oficial/articles-432235_doc_pdf.pdf
articles-432236_doc_pdf.pdf,detalle_partida_capitulo_pdf,pdf,159396,155.7,data/dipres_2027_oficial/articles-432236_doc_pdf.pdf
articles-432237_doc_pdf.pdf,detalle_partida_capitulo_pdf,pdf,154327,150.7,data/dipres_2027_oficial/articles-432237_doc_pdf.pdf
articles-432238_doc_pdf.pdf,detalle_partida_capitulo_pdf,pdf,255302,249.3,data/dipres_2027_oficial/articles-432238_doc_pdf.pdf
articles-432239_doc_pdf.pdf,detalle_partida_capitulo_pdf,pdf,131598,128.5,data/dipres_2027_oficial/articles-432239_doc_pdf.pdf
articles-432240_doc_pdf.pdf,detalle_partida_capitulo_pdf,pdf,183677,179.4,data/dipres_2027_oficial/articles-432240_doc_pdf.pdf
articles-432241_doc_pdf.pdf,detalle_partida_capitulo_pdf,pdf,132827,129.7,data/dipres_2027_oficial/articles-432241_doc_pdf.pdf
articles-432242_doc_pdf.pdf,detalle_partida_capitulo_pdf,pdf,99510,97.2,data/dipres_2027_oficial/articles-432242_doc_pdf.pdf
articles-432243_doc_pdf.pdf,detalle_partida_capitulo_pdf,pdf,143087,139.7,data/dipres_2027_oficial/articles-432243_doc_pdf.pdf
articles-432244_doc_pdf.pdf,detalle_partida_capitulo_pdf,pdf,153361,149.8,data/dipres_2027_oficial/articles-432244_doc_pdf.pdf
articles-432245_doc_pdf.pdf,detalle_partida_capitulo_pdf,pdf,98009,95.7,data/dipres_2027_oficial/articles-432245_doc_pdf.pdf
articles-432246_doc_pdf.pdf,detalle_partida_capitulo_pdf,pdf,127968,125.0,data/dipres_2027_oficial/articles-432246_doc_pdf.pdf
articles-432247_doc_pdf.pdf,detalle_partida_capitulo_pdf,pdf,115526,112.8,data/dipres_2027_oficial/articles-432247_doc_pdf.pdf
articles-432248_doc_pdf.pdf,detalle_partida_capitulo_pdf,pdf,98970,96.7,data/dipres_2027_oficial/articles-432248_doc_pdf.pdf
articles-432249_doc_pdf.pdf,detalle_partida_capitulo_pdf,pdf,108505,106.0,data/dipres_2027_oficial/articles-432249_doc_pdf.pdf
articles-432250_doc_pdf.pdf,detalle_partida_capitulo_pdf,pdf,92507,90.3,data/dipres_2027_oficial/articles-432250_doc_pdf.pdf
articles-432251_doc_pdf.pdf,detalle_partida_capitulo_pdf,pdf,123946,121.0,data/dipres_2027_oficial/articles-432251_doc_pdf.pdf
articles-432252_doc_pdf.pdf,detalle_partida_capitulo_pdf,pdf,114358,111.7,data/dipres_2027_oficial/articles-432252_doc_pdf.pdf
articles-432253_doc_pdf.pdf,detalle_partida_capitulo_pdf,pdf,136096,132.9,data/dipres_2027_oficial/articles-432253_doc_pdf.pdf
articles-432254_doc_pdf.pdf,detalle_partida_capitulo_pdf,pdf,150062,146.5,data/dipres_2027_oficial/articles-432254_doc_pdf.pdf
articles-432255_doc_pdf.pdf,detalle_partida_capitulo_pdf,pdf,81448,79.5,data/dipres_2027_oficial/articles-432255_doc_pdf.pdf
articles-432256_doc_pdf.pdf,detalle_partida_capitulo_pdf,pdf,81749,79.8,data/dipres_2027_oficial/articles-432256_doc_pdf.pdf
articles-432257_doc_pdf.pdf,detalle_partida_capitulo_pdf,pdf,82985,81.0,data/dipres_2027_oficial/articles-432257_doc_pdf.pdf
articles-432258_doc_pdf.pdf,detalle_partida_capitulo_pdf,pdf,81832,79.9,data/dipres_2027_oficial/articles-432258_doc_pdf.pdf
articles-432259_doc_pdf.pdf,detalle_partida_capitulo_pdf,pdf,83950,82.0,data/dipres_2027_oficial/articles-432259_doc_pdf.pdf
articles-432260_doc_pdf.pdf,detalle_partida_capitulo_pdf,pdf,89403,87.3,data/dipres_2027_oficial/articles-432260_doc_pdf.pdf
articles-432261_doc_pdf.pdf,detalle_partida_capitulo_pdf,pdf,84182,82.2,data/dipres_2027_oficial/articles-432261_doc_pdf.pdf
articles-432262_doc_pdf.pdf,detalle_partida_capitulo_pdf,pdf,104656,102.2,data/dipres_2027_oficial/articles-432262_doc_pdf.pdf
articles-432263_doc_pdf.pdf,detalle_partida_capitulo_pdf,pdf,84209,82.2,data/dipres_2027_oficial/articles-432263_doc_pdf.pdf
articles-432264_doc_pdf.pdf,detalle_partida_capitulo_pdf,pdf,83663,81.7,data/dipres_2027_oficial/articles-432264_doc_pdf.pdf
articles-432265_doc_pdf.pdf,detalle_partida_capitulo_pdf,pdf,213008,208.0,data/dipres_2027_oficial/articles-432265_doc_pdf.pdf
articles-432266_doc_pdf.pdf,detalle_partida_capitulo_pdf,pdf,206006,201.2,data/dipres_2027_oficial/articles-432266_doc_pdf.pdf
articles-432267_doc_pdf.pdf,detalle_partida_capitulo_pdf,pdf,83718,81.8,data/dipres_2027_oficial/articles-432267_doc_pdf.pdf
articles-432268_doc_pdf.pdf,detalle_partida_capitulo_pdf,pdf,82398,80.5,data/dipres_2027_oficial/articles-432268_doc_pdf.pdf
articles-432269_doc_pdf.pdf,detalle_partida_capitulo_pdf,pdf,84013,82.0,data/dipres_2027_oficial/articles-432269_doc_pdf.pdf
articles-432270_doc_pdf.pdf,detalle_partida_capitulo_pdf,pdf,105312,102.8,data/dipres_2027_oficial/articles-432270_doc_pdf.pdf
articles-432271_doc_pdf.pdf,detalle_partida_capitulo_pdf,pdf,97870,95.6,data/dipres_2027_oficial/articles-432271_doc_pdf.pdf
articles-432272_doc_pdf.pdf,detalle_partida_capitulo_pdf,pdf,83445,81.5,data/dipres_2027_oficial/articles-432272_doc_pdf.pdf
articles-432273_doc_pdf.pdf,detalle_partida_capitulo_pdf,pdf,205369,200.6,data/dipres_2027_oficial/articles-432273_doc_pdf.pdf
articles-432274_doc_pdf.pdf,detalle_partida_capitulo_pdf,pdf,81744,79.8,data/dipres_2027_oficial/articles-432274_doc_pdf.pdf
articles-432275_doc_pdf.pdf,detalle_partida_capitulo_pdf,pdf,97197,94.9,data/dipres_2027_oficial/articles-432275_doc_pdf.pdf
articles-432276_doc_pdf.pdf,detalle_partida_capitulo_pdf,pdf,81242,79.3,data/dipres_2027_oficial/articles-432276_doc_pdf.pdf
articles-432277_doc_pdf.pdf,detalle_partida_capitulo_pdf,pdf,82349,80.4,data/dipres_2027_oficial/articles-432277_doc_pdf.pdf
articles-432278_doc_pdf.pdf,detalle_partida_capitulo_pdf,pdf,102395,100.0,data/dipres_2027_oficial/articles-432278_doc_pdf.pdf
articles-432279_doc_pdf.pdf,detalle_partida_capitulo_pdf,pdf,77525,75.7,data/dipres_2027_oficial/articles-432279_doc_pdf.pdf
articles-432280_doc_pdf.pdf,detalle_partida_capitulo_pdf,pdf,102581,100.2,data/dipres_2027_oficial/articles-432280_doc_pdf.pdf
articles-432281_doc_pdf.pdf,detalle_partida_capitulo_pdf,pdf,81745,79.8,data/dipres_2027_oficial/articles-432281_doc_pdf.pdf
articles-432282_doc_pdf.pdf,detalle_partida_capitulo_pdf,pdf,81526,79.6,data/dipres_2027_oficial/articles-432282_doc_pdf.pdf
articles-432283_doc_pdf.pdf,detalle_partida_capitulo_pdf,pdf,99604,97.3,data/dipres_2027_oficial/articles-432283_doc_pdf.pdf
articles-432284_doc_pdf.pdf,detalle_partida_capitulo_pdf,pdf,81756,79.8,data/dipres_2027_oficial/articles-432284_doc_pdf.pdf
articles-432285_doc_pdf.pdf,detalle_partida_capitulo_pdf,pdf,19648,19.2,data/dipres_2027_oficial/articles-432285_doc_pdf.pdf
articles-432285_doc_xls.xlsx,detalle_partida_capitulo_excel,xlsx,12160,11.9,data/dipres_2027_oficial/articles-432285_doc_xls.xlsx
articles-432286_doc_pdf.pdf,detalle_partida_capitulo_pdf,pdf,82942,81.0,data/dipres_2027_oficial/articles-432286_doc_pdf.pdf
articles-432287_doc_pdf.pdf,detalle_partida_capitulo_pdf,pdf,95547,93.3,data/dipres_2027_oficial/articles-432287_doc_pdf.pdf
articles-432288_doc_pdf.pdf,detalle_partida_capitulo_pdf,pdf,80255,78.4,data/dipres_2027_oficial/articles-432288_doc_pdf.pdf
articles-432289_doc_pdf.pdf,detalle_partida_capitulo_pdf,pdf,77943,76.1,data/dipres_2027_oficial/articles-432289_doc_pdf.pdf
articles-432290_doc_pdf.pdf,detalle_partida_capitulo_pdf,pdf,85803,83.8,data/dipres_2027_oficial/articles-432290_doc_pdf.pdf
articles-432291_doc_pdf.pdf,detalle_partida_capitulo_pdf,pdf,79818,77.9,data/dipres_2027_oficial/articles-432291_doc_pdf.pdf
articles-432292_doc_pdf.pdf,detalle_partida_capitulo_pdf,pdf,77627,75.8,data/dipres_2027_oficial/articles-432292_doc_pdf.pdf
articles-432293_doc_pdf.pdf,detalle_partida_capitulo_pdf,pdf,83055,81.1,data/dipres_2027_oficial/articles-432293_doc_pdf.pdf
articles-432294_doc_pdf.pdf,detalle_partida_capitulo_pdf,pdf,77902,76.1,data/dipres_2027_oficial/articles-432294_doc_pdf.pdf
articles-432295_doc_pdf.pdf,detalle_partida_capitulo_pdf,pdf,91598,89.5,data/dipres_2027_oficial/articles-432295_doc_pdf.pdf
articles-432296_doc_pdf.pdf,detalle_partida_capitulo_pdf,pdf,82763,80.8,data/dipres_2027_oficial/articles-432296_doc_pdf.pdf
articles-432297_doc_pdf.pdf,detalle_partida_capitulo_pdf,pdf,78632,76.8,data/dipres_2027_oficial/articles-432297_doc_pdf.pdf
articles-432298_doc_pdf.pdf,detalle_partida_capitulo_pdf,pdf,86719,84.7,data/dipres_2027_oficial/articles-432298_doc_pdf.pdf
articles-432299_doc_pdf.pdf,detalle_partida_capitulo_pdf,pdf,80078,78.2,data/dipres_2027_oficial/articles-432299_doc_pdf.pdf
articles-432300_doc_pdf.pdf,detalle_partida_capitulo_pdf,pdf,78564,76.7,data/dipres_2027_oficial/articles-432300_doc_pdf.pdf
articles-432301_doc_pdf.pdf,detalle_partida_capitulo_pdf,pdf,79691,77.8,data/dipres_2027_oficial/articles-432301_doc_pdf.pdf
articles-432302_doc_pdf.pdf,detalle_partida_capitulo_pdf,pdf,79293,77.4,data/dipres_2027_oficial/articles-432302_doc_pdf.pdf
articles-432303_doc_pdf.pdf,detalle_partida_capitulo_pdf,pdf,79092,77.2,data/dipres_2027_oficial/articles-432303_doc_pdf.pdf
articles-432304_doc_pdf.pdf,detalle_partida_capitulo_pdf,pdf,80551,78.7,data/dipres_2027_oficial/articles-432304_doc_pdf.pdf
articles-432305_doc_pdf.pdf,detalle_partida_capitulo_pdf,pdf,80317,78.4,data/dipres_2027_oficial/articles-432305_doc_pdf.pdf
articles-432306_doc_pdf.pdf,detalle_partida_capitulo_pdf,pdf,80070,78.2,data/dipres_2027_oficial/articles-432306_doc_pdf.pdf
articles-432307_doc_pdf.pdf,detalle_partida_capitulo_pdf,pdf,78770,76.9,data/dipres_2027_oficial/articles-432307_doc_pdf.pdf
articles-432308_doc_pdf.pdf,detalle_partida_capitulo_pdf,pdf,78002,76.2,data/dipres_2027_oficial/articles-432308_doc_pdf.pdf
articles-432309_doc_pdf.pdf,detalle_partida_capitulo_pdf,pdf,78764,76.9,data/dipres_2027_oficial/articles-432309_doc_pdf.pdf
articles-432310_doc_pdf.pdf,detalle_partida_capitulo_pdf,pdf,81476,79.6,data/dipres_2027_oficial/articles-432310_doc_pdf.pdf
articles-432311_doc_pdf.pdf,detalle_partida_capitulo_pdf,pdf,88281,86.2,data/dipres_2027_oficial/articles-432311_doc_pdf.pdf
articles-432312_doc_pdf.pdf,detalle_partida_capitulo_pdf,pdf,203242,198.5,data/dipres_2027_oficial/articles-432312_doc_pdf.pdf
articles-432313_doc_pdf.pdf,detalle_partida_capitulo_pdf,pdf,210446,205.5,data/dipres_2027_oficial/articles-432313_doc_pdf.pdf
articles-432314_doc_pdf.pdf,detalle_partida_capitulo_pdf,pdf,207197,202.3,data/dipres_2027_oficial/articles-432314_doc_pdf.pdf
articles-432314_doc_xls.xlsx,detalle_partida_capitulo_excel,xlsx,14751,14.4,data/dipres_2027_oficial/articles-432314_doc_xls.xlsx
articles-432315_doc_pdf.pdf,detalle_partida_capitulo_pdf,pdf,209859,204.9,data/dipres_2027_oficial/articles-432315_doc_pdf.pdf
articles-432315_doc_xls.xlsx,detalle_partida_capitulo_excel,xlsx,15136,14.8,data/dipres_2027_oficial/articles-432315_doc_xls.xlsx
articles-432316_doc_pdf.pdf,detalle_partida_capitulo_pdf,pdf,412375,402.7,data/dipres_2027_oficial/articles-432316_doc_pdf.pdf
articles-432316_doc_xls.xlsx,detalle_partida_capitulo_excel,xlsx,20225,19.8,data/dipres_2027_oficial/articles-432316_doc_xls.xlsx
articles-432317_doc_pdf.pdf,detalle_partida_capitulo_pdf,pdf,205228,200.4,data/dipres_2027_oficial/articles-432317_doc_pdf.pdf
articles-432317_doc_xls.xlsx,detalle_partida_capitulo_excel,xlsx,14752,14.4,data/dipres_2027_oficial/articles-432317_doc_xls.xlsx
articles-432318_doc_pdf.pdf,detalle_partida_capitulo_pdf,pdf,207026,202.2,data/dipres_2027_oficial/articles-432318_doc_pdf.pdf
articles-432318_doc_xls.xlsx,detalle_partida_capitulo_excel,xlsx,15053,14.7,data/dipres_2027_oficial/articles-432318_doc_xls.xlsx
articles-432319_doc_pdf.pdf,detalle_partida_capitulo_pdf,pdf,203765,199.0,data/dipres_2027_oficial/articles-432319_doc_pdf.pdf
articles-432319_doc_xls.xlsx,detalle_partida_capitulo_excel,xlsx,14393,14.1,data/dipres_2027_oficial/articles-432319_doc_xls.xlsx
articles-432320_doc_pdf.pdf,detalle_partida_capitulo_pdf,pdf,208461,203.6,data/dipres_2027_oficial/articles-432320_doc_pdf.pdf
articles-432320_doc_xls.xlsx,detalle_partida_capitulo_excel,xlsx,15067,14.7,data/dipres_2027_oficial/articles-432320_doc_xls.xlsx
articles-432321_doc_pdf.pdf,detalle_partida_capitulo_pdf,pdf,204349,199.6,data/dipres_2027_oficial/articles-432321_doc_pdf.pdf
articles-432322_doc_pdf.pdf,detalle_partida_capitulo_pdf,pdf,213098,208.1,data/dipres_2027_oficial/articles-432322_doc_pdf.pdf
articles-432323_doc_pdf.pdf,detalle_partida_capitulo_pdf,pdf,80183,78.3,data/dipres_2027_oficial/articles-432323_doc_pdf.pdf
articles-432324_doc_pdf.pdf,detalle_partida_capitulo_pdf,pdf,78607,76.8,data/dipres_2027_oficial/articles-432324_doc_pdf.pdf
articles-432325_doc_pdf.pdf,detalle_partida_capitulo_pdf,pdf,94690,92.5,data/dipres_2027_oficial/articles-432325_doc_pdf.pdf
articles-432326_doc_pdf.pdf,detalle_partida_capitulo_pdf,pdf,82522,80.6,data/dipres_2027_oficial/articles-432326_doc_pdf.pdf
articles-432327_doc_pdf.pdf,detalle_partida_capitulo_pdf,pdf,83018,81.1,data/dipres_2027_oficial/articles-432327_doc_pdf.pdf
articles-432328_doc_pdf.pdf,detalle_partida_capitulo_pdf,pdf,80554,78.7,data/dipres_2027_oficial/articles-432328_doc_pdf.pdf
articles-432329_doc_pdf.pdf,detalle_partida_capitulo_pdf,pdf,120027,117.2,data/dipres_2027_oficial/articles-432329_doc_pdf.pdf
articles-432329_doc_xls.xlsx,detalle_partida_capitulo_excel,xlsx,14726,14.4,data/dipres_2027_oficial/articles-432329_doc_xls.xlsx
articles-432330_doc_pdf.pdf,detalle_partida_capitulo_pdf,pdf,90843,88.7,data/dipres_2027_oficial/articles-432330_doc_pdf.pdf
articles-432331_doc_pdf.pdf,detalle_partida_capitulo_pdf,pdf,88722,86.6,data/dipres_2027_oficial/articles-432331_doc_pdf.pdf
articles-432332_doc_pdf.pdf,detalle_partida_capitulo_pdf,pdf,119618,116.8,data/dipres_2027_oficial/articles-432332_doc_pdf.pdf
articles-432333_doc_pdf.pdf,detalle_partida_capitulo_pdf,pdf,93482,91.3,data/dipres_2027_oficial/articles-432333_doc_pdf.pdf
articles-432334_doc_pdf.pdf,detalle_partida_capitulo_pdf,pdf,90580,88.5,data/dipres_2027_oficial/articles-432334_doc_pdf.pdf
articles-432335_doc_pdf.pdf,detalle_partida_capitulo_pdf,pdf,96206,94.0,data/dipres_2027_oficial/articles-432335_doc_pdf.pdf
articles-432336_doc_pdf.pdf,detalle_partida_capitulo_pdf,pdf,82380,80.4,data/dipres_2027_oficial/articles-432336_doc_pdf.pdf
articles-432337_doc_pdf.pdf,detalle_partida_capitulo_pdf,pdf,81593,79.7,data/dipres_2027_oficial/articles-432337_doc_pdf.pdf
articles-432338_doc_pdf.pdf,detalle_partida_capitulo_pdf,pdf,81098,79.2,data/dipres_2027_oficial/articles-432338_doc_pdf.pdf
articles-432339_doc_pdf.pdf,detalle_partida_capitulo_pdf,pdf,82721,80.8,data/dipres_2027_oficial/articles-432339_doc_pdf.pdf
articles-432340_doc_pdf.pdf,detalle_partida_capitulo_pdf,pdf,83103,81.2,data/dipres_2027_oficial/articles-432340_doc_pdf.pdf
articles-432341_doc_pdf.pdf,detalle_partida_capitulo_pdf,pdf,88923,86.8,data/dipres_2027_oficial/articles-432341_doc_pdf.pdf
articles-432342_doc_pdf.pdf,detalle_partida_capitulo_pdf,pdf,81438,79.5,data/dipres_2027_oficial/articles-432342_doc_pdf.pdf
articles-432343_doc_pdf.pdf,detalle_partida_capitulo_pdf,pdf,83541,81.6,data/dipres_2027_oficial/articles-432343_doc_pdf.pdf
articles-432344_doc_pdf.pdf,detalle_partida_capitulo_pdf,pdf,82886,80.9,data/dipres_2027_oficial/articles-432344_doc_pdf.pdf
articles-432345_doc_pdf.pdf,detalle_partida_capitulo_pdf,pdf,80972,79.1,data/dipres_2027_oficial/articles-432345_doc_pdf.pdf
articles-432346_doc_pdf.pdf,detalle_partida_capitulo_pdf,pdf,82986,81.0,data/dipres_2027_oficial/articles-432346_doc_pdf.pdf
articles-432347_doc_pdf.pdf,detalle_partida_capitulo_pdf,pdf,81790,79.9,data/dipres_2027_oficial/articles-432347_doc_pdf.pdf
articles-432348_doc_pdf.pdf,detalle_partida_capitulo_pdf,pdf,81283,79.4,data/dipres_2027_oficial/articles-432348_doc_pdf.pdf
articles-432349_doc_pdf.pdf,detalle_partida_capitulo_pdf,pdf,82822,80.9,data/dipres_2027_oficial/articles-432349_doc_pdf.pdf
articles-432350_doc_pdf.pdf,detalle_partida_capitulo_pdf,pdf,81104,79.2,data/dipres_2027_oficial/articles-432350_doc_pdf.pdf
articles-432351_doc_pdf.pdf,detalle_partida_capitulo_pdf,pdf,81437,79.5,data/dipres_2027_oficial/articles-432351_doc_pdf.pdf
articles-432352_doc_pdf.pdf,detalle_partida_capitulo_pdf,pdf,82774,80.8,data/dipres_2027_oficial/articles-432352_doc_pdf.pdf
articles-432353_doc_pdf.pdf,detalle_partida_capitulo_pdf,pdf,199970,195.3,data/dipres_2027_oficial/articles-432353_doc_pdf.pdf
articles-432354_doc_pdf.pdf,detalle_partida_capitulo_pdf,pdf,201354,196.6,data/dipres_2027_oficial/articles-432354_doc_pdf.pdf
articles-432355_doc_pdf.pdf,detalle_partida_capitulo_pdf,pdf,201115,196.4,data/dipres_2027_oficial/articles-432355_doc_pdf.pdf
articles-432356_doc_pdf.pdf,detalle_partida_capitulo_pdf,pdf,200746,196.0,data/dipres_2027_oficial/articles-432356_doc_pdf.pdf
articles-432357_doc_pdf.pdf,detalle_partida_capitulo_pdf,pdf,104924,102.5,data/dipres_2027_oficial/articles-432357_doc_pdf.pdf
articles-432358_doc_pdf.pdf,detalle_partida_capitulo_pdf,pdf,78480,76.6,data/dipres_2027_oficial/articles-432358_doc_pdf.pdf
articles-432359_doc_pdf.pdf,detalle_partida_capitulo_pdf,pdf,95615,93.4,data/dipres_2027_oficial/articles-432359_doc_pdf.pdf
articles-432360_doc_pdf.pdf,detalle_partida_capitulo_pdf,pdf,77774,76.0,data/dipres_2027_oficial/articles-432360_doc_pdf.pdf
articles-432361_doc_pdf.pdf,detalle_partida_capitulo_pdf,pdf,99262,96.9,data/dipres_2027_oficial/articles-432361_doc_pdf.pdf
articles-432362_doc_pdf.pdf,detalle_partida_capitulo_pdf,pdf,91281,89.1,data/dipres_2027_oficial/articles-432362_doc_pdf.pdf
articles-432363_doc_pdf.pdf,detalle_partida_capitulo_pdf,pdf,92864,90.7,data/dipres_2027_oficial/articles-432363_doc_pdf.pdf
articles-432364_doc_pdf.pdf,detalle_partida_capitulo_pdf,pdf,97267,95.0,data/dipres_2027_oficial/articles-432364_doc_pdf.pdf
articles-432365_doc_pdf.pdf,detalle_partida_capitulo_pdf,pdf,95973,93.7,data/dipres_2027_oficial/articles-432365_doc_pdf.pdf
articles-432366_doc_pdf.pdf,detalle_partida_capitulo_pdf,pdf,94934,92.7,data/dipres_2027_oficial/articles-432366_doc_pdf.pdf
articles-432367_doc_pdf.pdf,detalle_partida_capitulo_pdf,pdf,85382,83.4,data/dipres_2027_oficial/articles-432367_doc_pdf.pdf
articles-432368_doc_pdf.pdf,detalle_partida_capitulo_pdf,pdf,85429,83.4,data/dipres_2027_oficial/articles-432368_doc_pdf.pdf
articles-432369_doc_pdf.pdf,detalle_partida_capitulo_pdf,pdf,83165,81.2,data/dipres_2027_oficial/articles-432369_doc_pdf.pdf
articles-432370_doc_pdf.pdf,detalle_partida_capitulo_pdf,pdf,83574,81.6,data/dipres_2027_oficial/articles-432370_doc_pdf.pdf
articles-432371_doc_pdf.pdf,detalle_partida_capitulo_pdf,pdf,98318,96.0,data/dipres_2027_oficial/articles-432371_doc_pdf.pdf
articles-432372_doc_pdf.pdf,detalle_partida_capitulo_pdf,pdf,88878,86.8,data/dipres_2027_oficial/articles-432372_doc_pdf.pdf
articles-432373_doc_pdf.pdf,detalle_partida_capitulo_pdf,pdf,96865,94.6,data/dipres_2027_oficial/articles-432373_doc_pdf.pdf
articles-432374_doc_pdf.pdf,detalle_partida_capitulo_pdf,pdf,80715,78.8,data/dipres_2027_oficial/articles-432374_doc_pdf.pdf
articles-432375_doc_pdf.pdf,detalle_partida_capitulo_pdf,pdf,86374,84.3,data/dipres_2027_oficial/articles-432375_doc_pdf.pdf
articles-432376_doc_pdf.pdf,detalle_partida_capitulo_pdf,pdf,81636,79.7,data/dipres_2027_oficial/articles-432376_doc_pdf.pdf
articles-432377_doc_pdf.pdf,detalle_partida_capitulo_pdf,pdf,96397,94.1,data/dipres_2027_oficial/articles-432377_doc_pdf.pdf
articles-432378_doc_pdf.pdf,detalle_partida_capitulo_pdf,pdf,92406,90.2,data/dipres_2027_oficial/articles-432378_doc_pdf.pdf
articles-432379_doc_pdf.pdf,detalle_partida_capitulo_pdf,pdf,84065,82.1,data/dipres_2027_oficial/articles-432379_doc_pdf.pdf
articles-432380_doc_pdf.pdf,detalle_partida_capitulo_pdf,pdf,88824,86.7,data/dipres_2027_oficial/articles-432380_doc_pdf.pdf
articles-432381_doc_pdf.pdf,detalle_partida_capitulo_pdf,pdf,87484,85.4,data/dipres_2027_oficial/articles-432381_doc_pdf.pdf
articles-432382_doc_pdf.pdf,detalle_partida_capitulo_pdf,pdf,88995,86.9,data/dipres_2027_oficial/articles-432382_doc_pdf.pdf
articles-432384_doc_pdf.pdf,detalle_partida_capitulo_pdf,pdf,123858,121.0,data/dipres_2027_oficial/articles-432384_doc_pdf.pdf
articles-432384_doc_xls.xlsx,detalle_partida_capitulo_excel,xlsx,15387,15.0,data/dipres_2027_oficial/articles-432384_doc_xls.xlsx
articles-432385_doc_pdf.pdf,detalle_partida_capitulo_pdf,pdf,102599,100.2,data/dipres_2027_oficial/articles-432385_doc_pdf.pdf
articles-432385_doc_xls.xlsx,detalle_partida_capitulo_excel,xlsx,13346,13.0,data/dipres_2027_oficial/articles-432385_doc_xls.xlsx
articles-432386_doc_pdf.pdf,detalle_partida_capitulo_pdf,pdf,98403,96.1,data/dipres_2027_oficial/articles-432386_doc_pdf.pdf
articles-432387_doc_pdf.pdf,detalle_partida_capitulo_pdf,pdf,92837,90.7,data/dipres_2027_oficial/articles-432387_doc_pdf.pdf
articles-432388_doc_pdf.pdf,detalle_partida_capitulo_pdf,pdf,81982,80.1,data/dipres_2027_oficial/articles-432388_doc_pdf.pdf
articles-432389_doc_pdf.pdf,detalle_partida_capitulo_pdf,pdf,77410,75.6,data/dipres_2027_oficial/articles-432389_doc_pdf.pdf
articles-432390_doc_pdf.pdf,detalle_partida_capitulo_pdf,pdf,84212,82.2,data/dipres_2027_oficial/articles-432390_doc_pdf.pdf
articles-432391_doc_pdf.pdf,detalle_partida_capitulo_pdf,pdf,82060,80.1,data/dipres_2027_oficial/articles-432391_doc_pdf.pdf
articles-432392_doc_pdf.pdf,detalle_partida_capitulo_pdf,pdf,95634,93.4,data/dipres_2027_oficial/articles-432392_doc_pdf.pdf
articles-432393_doc_pdf.pdf,detalle_partida_capitulo_pdf,pdf,87550,85.5,data/dipres_2027_oficial/articles-432393_doc_pdf.pdf
articles-432394_doc_pdf.pdf,detalle_partida_capitulo_pdf,pdf,113231,110.6,data/dipres_2027_oficial/articles-432394_doc_pdf.pdf
articles-432394_doc_xls.xlsx,detalle_partida_capitulo_excel,xlsx,14032,13.7,data/dipres_2027_oficial/articles-432394_doc_xls.xlsx
articles-432395_doc_pdf.pdf,detalle_partida_capitulo_pdf,pdf,95092,92.9,data/dipres_2027_oficial/articles-432395_doc_pdf.pdf
articles-432396_doc_pdf.pdf,detalle_partida_capitulo_pdf,pdf,84127,82.2,data/dipres_2027_oficial/articles-432396_doc_pdf.pdf
articles-432397_doc_pdf.pdf,detalle_partida_capitulo_pdf,pdf,95505,93.3,data/dipres_2027_oficial/articles-432397_doc_pdf.pdf
articles-432398_doc_pdf.pdf,detalle_partida_capitulo_pdf,pdf,92700,90.5,data/dipres_2027_oficial/articles-432398_doc_pdf.pdf
articles-432399_doc_pdf.pdf,detalle_partida_capitulo_pdf,pdf,121501,118.7,data/dipres_2027_oficial/articles-432399_doc_pdf.pdf
articles-432400_doc_pdf.pdf,detalle_partida_capitulo_pdf,pdf,91150,89.0,data/dipres_2027_oficial/articles-432400_doc_pdf.pdf
articles-432401_doc_pdf.pdf,detalle_partida_capitulo_pdf,pdf,98899,96.6,data/dipres_2027_oficial/articles-432401_doc_pdf.pdf
articles-432402_doc_pdf.pdf,detalle_partida_capitulo_pdf,pdf,93116,90.9,data/dipres_2027_oficial/articles-432402_doc_pdf.pdf
articles-432403_doc_pdf.pdf,detalle_partida_capitulo_pdf,pdf,107049,104.5,data/dipres_2027_oficial/articles-432403_doc_pdf.pdf
articles-432404_doc_pdf.pdf,detalle_partida_capitulo_pdf,pdf,108062,105.5,data/dipres_2027_oficial/articles-432404_doc_pdf.pdf
articles-432405_doc_pdf.pdf,detalle_partida_capitulo_pdf,pdf,103233,100.8,data/dipres_2027_oficial/articles-432405_doc_pdf.pdf
articles-432406_doc_pdf.pdf,detalle_partida_capitulo_pdf,pdf,89965,87.9,data/dipres_2027_oficial/articles-432406_doc_pdf.pdf
articles-432407_doc_pdf.pdf,detalle_partida_capitulo_pdf,pdf,91997,89.8,data/dipres_2027_oficial/articles-432407_doc_pdf.pdf
articles-432408_doc_pdf.pdf,detalle_partida_capitulo_pdf,pdf,82904,81.0,data/dipres_2027_oficial/articles-432408_doc_pdf.pdf
articles-432409_doc_pdf.pdf,detalle_partida_capitulo_pdf,pdf,92192,90.0,data/dipres_2027_oficial/articles-432409_doc_pdf.pdf
articles-432410_doc_pdf.pdf,detalle_partida_capitulo_pdf,pdf,98047,95.7,data/dipres_2027_oficial/articles-432410_doc_pdf.pdf
articles-432411_doc_pdf.pdf,detalle_partida_capitulo_pdf,pdf,133545,130.4,data/dipres_2027_oficial/articles-432411_doc_pdf.pdf
articles-432412_doc_pdf.pdf,detalle_partida_capitulo_pdf,pdf,126184,123.2,data/dipres_2027_oficial/articles-432412_doc_pdf.pdf
articles-432413_doc_pdf.pdf,detalle_partida_capitulo_pdf,pdf,94727,92.5,data/dipres_2027_oficial/articles-432413_doc_pdf.pdf
articles-432414_doc_pdf.pdf,detalle_partida_capitulo_pdf,pdf,101600,99.2,data/dipres_2027_oficial/articles-432414_doc_pdf.pdf
articles-432415_doc_pdf.pdf,detalle_partida_capitulo_pdf,pdf,93931,91.7,data/dipres_2027_oficial/articles-432415_doc_pdf.pdf
articles-432416_doc_pdf.pdf,detalle_partida_capitulo_pdf,pdf,115987,113.3,data/dipres_2027_oficial/articles-432416_doc_pdf.pdf
articles-432417_doc_pdf.pdf,detalle_partida_capitulo_pdf,pdf,88010,85.9,data/dipres_2027_oficial/articles-432417_doc_pdf.pdf
articles-432418_doc_pdf.pdf,detalle_partida_capitulo_pdf,pdf,87223,85.2,data/dipres_2027_oficial/articles-432418_doc_pdf.pdf
articles-432419_doc_pdf.pdf,detalle_partida_capitulo_pdf,pdf,94613,92.4,data/dipres_2027_oficial/articles-432419_doc_pdf.pdf
articles-432420_doc_pdf.pdf,detalle_partida_capitulo_pdf,pdf,84372,82.4,data/dipres_2027_oficial/articles-432420_doc_pdf.pdf
articles-432421_doc_pdf.pdf,detalle_partida_capitulo_pdf,pdf,98074,95.8,data/dipres_2027_oficial/articles-432421_doc_pdf.pdf
articles-432422_doc_pdf.pdf,detalle_partida_capitulo_pdf,pdf,93770,91.6,data/dipres_2027_oficial/articles-432422_doc_pdf.pdf
articles-432423_doc_pdf.pdf,detalle_partida_capitulo_pdf,pdf,91801,89.6,data/dipres_2027_oficial/articles-432423_doc_pdf.pdf
articles-432424_doc_pdf.pdf,detalle_partida_capitulo_pdf,pdf,118220,115.4,data/dipres_2027_oficial/articles-432424_doc_pdf.pdf
articles-432425_doc_pdf.pdf,detalle_partida_capitulo_pdf,pdf,90057,87.9,data/dipres_2027_oficial/articles-432425_doc_pdf.pdf
articles-432426_doc_pdf.pdf,detalle_partida_capitulo_pdf,pdf,89910,87.8,data/dipres_2027_oficial/articles-432426_doc_pdf.pdf
articles-432427_doc_pdf.pdf,detalle_partida_capitulo_pdf,pdf,97183,94.9,data/dipres_2027_oficial/articles-432427_doc_pdf.pdf
articles-432428_doc_pdf.pdf,detalle_partida_capitulo_pdf,pdf,134838,131.7,data/dipres_2027_oficial/articles-432428_doc_pdf.pdf
articles-432429_doc_pdf.pdf,detalle_partida_capitulo_pdf,pdf,117735,115.0,data/dipres_2027_oficial/articles-432429_doc_pdf.pdf
articles-432430_doc_pdf.pdf,detalle_partida_capitulo_pdf,pdf,111775,109.2,data/dipres_2027_oficial/articles-432430_doc_pdf.pdf
articles-432431_doc_pdf.pdf,detalle_partida_capitulo_pdf,pdf,122634,119.8,data/dipres_2027_oficial/articles-432431_doc_pdf.pdf
articles-432432_doc_pdf.pdf,detalle_partida_capitulo_pdf,pdf,115202,112.5,data/dipres_2027_oficial/articles-432432_doc_pdf.pdf
articles-432433_doc_pdf.pdf,detalle_partida_capitulo_pdf,pdf,85633,83.6,data/dipres_2027_oficial/articles-432433_doc_pdf.pdf
articles-432434_doc_pdf.pdf,detalle_partida_capitulo_pdf,pdf,112470,109.8,data/dipres_2027_oficial/articles-432434_doc_pdf.pdf
articles-432435_doc_pdf.pdf,detalle_partida_capitulo_pdf,pdf,119649,116.8,data/dipres_2027_oficial/articles-432435_doc_pdf.pdf
articles-432436_doc_pdf.pdf,detalle_partida_capitulo_pdf,pdf,88349,86.3,data/dipres_2027_oficial/articles-432436_doc_pdf.pdf
articles-432437_doc_pdf.pdf,detalle_partida_capitulo_pdf,pdf,123241,120.4,data/dipres_2027_oficial/articles-432437_doc_pdf.pdf
articles-432438_doc_pdf.pdf,detalle_partida_capitulo_pdf,pdf,117056,114.3,data/dipres_2027_oficial/articles-432438_doc_pdf.pdf
articles-432439_doc_pdf.pdf,detalle_partida_capitulo_pdf,pdf,134815,131.7,data/dipres_2027_oficial/articles-432439_doc_pdf.pdf
articles-432440_doc_pdf.pdf,detalle_partida_capitulo_pdf,pdf,130285,127.2,data/dipres_2027_oficial/articles-432440_doc_pdf.pdf
articles-432441_doc_pdf.pdf,detalle_partida_capitulo_pdf,pdf,92034,89.9,data/dipres_2027_oficial/articles-432441_doc_pdf.pdf
articles-432442_doc_pdf.pdf,detalle_partida_capitulo_pdf,pdf,126919,123.9,data/dipres_2027_oficial/articles-432442_doc_pdf.pdf
articles-432443_doc_pdf.pdf,detalle_partida_capitulo_pdf,pdf,105434,103.0,data/dipres_2027_oficial/articles-432443_doc_pdf.pdf
articles-432444_doc_pdf.pdf,detalle_partida_capitulo_pdf,pdf,121013,118.2,data/dipres_2027_oficial/articles-432444_doc_pdf.pdf
articles-432445_doc_pdf.pdf,detalle_partida_capitulo_pdf,pdf,104273,101.8,data/dipres_2027_oficial/articles-432445_doc_pdf.pdf
articles-432446_doc_pdf.pdf,detalle_partida_capitulo_pdf,pdf,118764,116.0,data/dipres_2027_oficial/articles-432446_doc_pdf.pdf
articles-432447_doc_pdf.pdf,detalle_partida_capitulo_pdf,pdf,119290,116.5,data/dipres_2027_oficial/articles-432447_doc_pdf.pdf
articles-432448_doc_pdf.pdf,detalle_partida_capitulo_pdf,pdf,115073,112.4,data/dipres_2027_oficial/articles-432448_doc_pdf.pdf
articles-432449_doc_pdf.pdf,detalle_partida_capitulo_pdf,pdf,121729,118.9,data/dipres_2027_oficial/articles-432449_doc_pdf.pdf
articles-432450_doc_pdf.pdf,detalle_partida_capitulo_pdf,pdf,136715,133.5,data/dipres_2027_oficial/articles-432450_doc_pdf.pdf
articles-432451_doc_pdf.pdf,detalle_partida_capitulo_pdf,pdf,109570,107.0,data/dipres_2027_oficial/articles-432451_doc_pdf.pdf
articles-432452_doc_pdf.pdf,detalle_partida_capitulo_pdf,pdf,116159,113.4,data/dipres_2027_oficial/articles-432452_doc_pdf.pdf
articles-432453_doc_pdf.pdf,detalle_partida_capitulo_pdf,pdf,104229,101.8,data/dipres_2027_oficial/articles-432453_doc_pdf.pdf
articles-432454_doc_pdf.pdf,detalle_partida_capitulo_pdf,pdf,105651,103.2,data/dipres_2027_oficial/articles-432454_doc_pdf.pdf
articles-432455_doc_pdf.pdf,detalle_partida_capitulo_pdf,pdf,99243,96.9,data/dipres_2027_oficial/articles-432455_doc_pdf.pdf
articles-432456_doc_pdf.pdf,detalle_partida_capitulo_pdf,pdf,97578,95.3,data/dipres_2027_oficial/articles-432456_doc_pdf.pdf
articles-432457_doc_pdf.pdf,detalle_partida_capitulo_pdf,pdf,108621,106.1,data/dipres_2027_oficial/articles-432457_doc_pdf.pdf
articles-432458_doc_pdf.pdf,detalle_partida_capitulo_pdf,pdf,83711,81.7,data/dipres_2027_oficial/articles-432458_doc_pdf.pdf
articles-432459_doc_pdf.pdf,detalle_partida_capitulo_pdf,pdf,89933,87.8,data/dipres_2027_oficial/articles-432459_doc_pdf.pdf
articles-432460_doc_pdf.pdf,detalle_partida_capitulo_pdf,pdf,96101,93.8,data/dipres_2027_oficial/articles-432460_doc_pdf.pdf
articles-432461_doc_pdf.pdf,detalle_partida_capitulo_pdf,pdf,96714,94.4,data/dipres_2027_oficial/articles-432461_doc_pdf.pdf
articles-432462_doc_pdf.pdf,detalle_partida_capitulo_pdf,pdf,98841,96.5,data/dipres_2027_oficial/articles-432462_doc_pdf.pdf
articles-432463_doc_pdf.pdf,detalle_partida_capitulo_pdf,pdf,90100,88.0,data/dipres_2027_oficial/articles-432463_doc_pdf.pdf
articles-432464_doc_pdf.pdf,detalle_partida_capitulo_pdf,pdf,96104,93.9,data/dipres_2027_oficial/articles-432464_doc_pdf.pdf
articles-432465_doc_pdf.pdf,detalle_partida_capitulo_pdf,pdf,105823,103.3,data/dipres_2027_oficial/articles-432465_doc_pdf.pdf
articles-432466_doc_pdf.pdf,detalle_partida_capitulo_pdf,pdf,95180,92.9,data/dipres_2027_oficial/articles-432466_doc_pdf.pdf
articles-432467_doc_pdf.pdf,detalle_partida_capitulo_pdf,pdf,90571,88.4,data/dipres_2027_oficial/articles-432467_doc_pdf.pdf
articles-432468_doc_pdf.pdf,detalle_partida_capitulo_pdf,pdf,87594,85.5,data/dipres_2027_oficial/articles-432468_doc_pdf.pdf
articles-432469_doc_pdf.pdf,detalle_partida_capitulo_pdf,pdf,91620,89.5,data/dipres_2027_oficial/articles-432469_doc_pdf.pdf
articles-432470_doc_pdf.pdf,detalle_partida_capitulo_pdf,pdf,90586,88.5,data/dipres_2027_oficial/articles-432470_doc_pdf.pdf
articles-432471_doc_pdf.pdf,detalle_partida_capitulo_pdf,pdf,94696,92.5,data/dipres_2027_oficial/articles-432471_doc_pdf.pdf
articles-432472_doc_pdf.pdf,detalle_partida_capitulo_pdf,pdf,83343,81.4,data/dipres_2027_oficial/articles-432472_doc_pdf.pdf
articles-432473_doc_pdf.pdf,detalle_partida_capitulo_pdf,pdf,87757,85.7,data/dipres_2027_oficial/articles-432473_doc_pdf.pdf
articles-432474_doc_pdf.pdf,detalle_partida_capitulo_pdf,pdf,94314,92.1,data/dipres_2027_oficial/articles-432474_doc_pdf.pdf
articles-432475_doc_pdf.pdf,detalle_partida_capitulo_pdf,pdf,88381,86.3,data/dipres_2027_oficial/articles-432475_doc_pdf.pdf
articles-432476_doc_pdf.pdf,detalle_partida_capitulo_pdf,pdf,95127,92.9,data/dipres_2027_oficial/articles-432476_doc_pdf.pdf
articles-432477_doc_pdf.pdf,detalle_partida_capitulo_pdf,pdf,88261,86.2,data/dipres_2027_oficial/articles-432477_doc_pdf.pdf
articles-432478_doc_pdf.pdf,detalle_partida_capitulo_pdf,pdf,95276,93.0,data/dipres_2027_oficial/articles-432478_doc_pdf.pdf
articles-432479_doc_pdf.pdf,detalle_partida_capitulo_pdf,pdf,88494,86.4,data/dipres_2027_oficial/articles-432479_doc_pdf.pdf
articles-432480_doc_pdf.pdf,detalle_partida_capitulo_pdf,pdf,94942,92.7,data/dipres_2027_oficial/articles-432480_doc_pdf.pdf
articles-432481_doc_pdf.pdf,detalle_partida_capitulo_pdf,pdf,89186,87.1,data/dipres_2027_oficial/articles-432481_doc_pdf.pdf
articles-432482_doc_pdf.pdf,detalle_partida_capitulo_pdf,pdf,95240,93.0,data/dipres_2027_oficial/articles-432482_doc_pdf.pdf
articles-432483_doc_pdf.pdf,detalle_partida_capitulo_pdf,pdf,87821,85.8,data/dipres_2027_oficial/articles-432483_doc_pdf.pdf
articles-432484_doc_pdf.pdf,detalle_partida_capitulo_pdf,pdf,94833,92.6,data/dipres_2027_oficial/articles-432484_doc_pdf.pdf
articles-432485_doc_pdf.pdf,detalle_partida_capitulo_pdf,pdf,88741,86.7,data/dipres_2027_oficial/articles-432485_doc_pdf.pdf
articles-432486_doc_pdf.pdf,detalle_partida_capitulo_pdf,pdf,95529,93.3,data/dipres_2027_oficial/articles-432486_doc_pdf.pdf
articles-432487_doc_pdf.pdf,detalle_partida_capitulo_pdf,pdf,87529,85.5,data/dipres_2027_oficial/articles-432487_doc_pdf.pdf
articles-432488_doc_pdf.pdf,detalle_partida_capitulo_pdf,pdf,94554,92.3,data/dipres_2027_oficial/articles-432488_doc_pdf.pdf
articles-432489_doc_pdf.pdf,detalle_partida_capitulo_pdf,pdf,87926,85.9,data/dipres_2027_oficial/articles-432489_doc_pdf.pdf
articles-432490_doc_pdf.pdf,detalle_partida_capitulo_pdf,pdf,95189,93.0,data/dipres_2027_oficial/articles-432490_doc_pdf.pdf
articles-432491_doc_pdf.pdf,detalle_partida_capitulo_pdf,pdf,87936,85.9,data/dipres_2027_oficial/articles-432491_doc_pdf.pdf
articles-432492_doc_pdf.pdf,detalle_partida_capitulo_pdf,pdf,95174,92.9,data/dipres_2027_oficial/articles-432492_doc_pdf.pdf
articles-432493_doc_pdf.pdf,detalle_partida_capitulo_pdf,pdf,87678,85.6,data/dipres_2027_oficial/articles-432493_doc_pdf.pdf
articles-432494_doc_pdf.pdf,detalle_partida_capitulo_pdf,pdf,93827,91.6,data/dipres_2027_oficial/articles-432494_doc_pdf.pdf
articles-432495_doc_pdf.pdf,detalle_partida_capitulo_pdf,pdf,87856,85.8,data/dipres_2027_oficial/articles-432495_doc_pdf.pdf
articles-432496_doc_pdf.pdf,detalle_partida_capitulo_pdf,pdf,93896,91.7,data/dipres_2027_oficial/articles-432496_doc_pdf.pdf
articles-432497_doc_pdf.pdf,detalle_partida_capitulo_pdf,pdf,88194,86.1,data/dipres_2027_oficial/articles-432497_doc_pdf.pdf
articles-432498_doc_pdf.pdf,detalle_partida_capitulo_pdf,pdf,90163,88.0,data/dipres_2027_oficial/articles-432498_doc_pdf.pdf
articles-432499_doc_pdf.pdf,detalle_partida_capitulo_pdf,pdf,88650,86.6,data/dipres_2027_oficial/articles-432499_doc_pdf.pdf
articles-432500_doc_pdf.pdf,detalle_partida_capitulo_pdf,pdf,92956,90.8,data/dipres_2027_oficial/articles-432500_doc_pdf.pdf
articles-432501_doc_pdf.pdf,detalle_partida_capitulo_pdf,pdf,88861,86.8,data/dipres_2027_oficial/articles-432501_doc_pdf.pdf
articles-432502_doc_pdf.pdf,detalle_partida_capitulo_pdf,pdf,93523,91.3,data/dipres_2027_oficial/articles-432502_doc_pdf.pdf
articles-432503_doc_pdf.pdf,detalle_partida_capitulo_pdf,pdf,88701,86.6,data/dipres_2027_oficial/articles-432503_doc_pdf.pdf
articles-432504_doc_pdf.pdf,detalle_partida_capitulo_pdf,pdf,94311,92.1,data/dipres_2027_oficial/articles-432504_doc_pdf.pdf
articles-432505_doc_pdf.pdf,detalle_partida_capitulo_pdf,pdf,88562,86.5,data/dipres_2027_oficial/articles-432505_doc_pdf.pdf
articles-432506_doc_pdf.pdf,detalle_partida_capitulo_pdf,pdf,92961,90.8,data/dipres_2027_oficial/articles-432506_doc_pdf.pdf
articles-432507_doc_pdf.pdf,detalle_partida_capitulo_pdf,pdf,87151,85.1,data/dipres_2027_oficial/articles-432507_doc_pdf.pdf
articles-432508_doc_pdf.pdf,detalle_partida_capitulo_pdf,pdf,90120,88.0,data/dipres_2027_oficial/articles-432508_doc_pdf.pdf
articles-432509_doc_pdf.pdf,detalle_partida_capitulo_pdf,pdf,87418,85.4,data/dipres_2027_oficial/articles-432509_doc_pdf.pdf
articles-432510_doc_pdf.pdf,detalle_partida_capitulo_pdf,pdf,92485,90.3,data/dipres_2027_oficial/articles-432510_doc_pdf.pdf
articles-432511_doc_pdf.pdf,detalle_partida_capitulo_pdf,pdf,87230,85.2,data/dipres_2027_oficial/articles-432511_doc_pdf.pdf
articles-432512_doc_pdf.pdf,detalle_partida_capitulo_pdf,pdf,92295,90.1,data/dipres_2027_oficial/articles-432512_doc_pdf.pdf
articles-432513_doc_pdf.pdf,detalle_partida_capitulo_pdf,pdf,87699,85.6,data/dipres_2027_oficial/articles-432513_doc_pdf.pdf
articles-432514_doc_pdf.pdf,detalle_partida_capitulo_pdf,pdf,89154,87.1,data/dipres_2027_oficial/articles-432514_doc_pdf.pdf
articles-432515_doc_pdf.pdf,detalle_partida_capitulo_pdf,pdf,88311,86.2,data/dipres_2027_oficial/articles-432515_doc_pdf.pdf
articles-432516_doc_pdf.pdf,detalle_partida_capitulo_pdf,pdf,92410,90.2,data/dipres_2027_oficial/articles-432516_doc_pdf.pdf
articles-432517_doc_pdf.pdf,detalle_partida_capitulo_pdf,pdf,88047,86.0,data/dipres_2027_oficial/articles-432517_doc_pdf.pdf
articles-432518_doc_pdf.pdf,detalle_partida_capitulo_pdf,pdf,92684,90.5,data/dipres_2027_oficial/articles-432518_doc_pdf.pdf
articles-432519_doc_pdf.pdf,detalle_partida_capitulo_pdf,pdf,87917,85.9,data/dipres_2027_oficial/articles-432519_doc_pdf.pdf
articles-432520_doc_pdf.pdf,detalle_partida_capitulo_pdf,pdf,93180,91.0,data/dipres_2027_oficial/articles-432520_doc_pdf.pdf
articles-432521_doc_pdf.pdf,detalle_partida_capitulo_pdf,pdf,87421,85.4,data/dipres_2027_oficial/articles-432521_doc_pdf.pdf
articles-432522_doc_pdf.pdf,detalle_partida_capitulo_pdf,pdf,92614,90.4,data/dipres_2027_oficial/articles-432522_doc_pdf.pdf
articles-432523_doc_pdf.pdf,detalle_partida_capitulo_pdf,pdf,88388,86.3,data/dipres_2027_oficial/articles-432523_doc_pdf.pdf
articles-432524_doc_pdf.pdf,detalle_partida_capitulo_pdf,pdf,92997,90.8,data/dipres_2027_oficial/articles-432524_doc_pdf.pdf
articles-432525_doc_pdf.pdf,detalle_partida_capitulo_pdf,pdf,88078,86.0,data/dipres_2027_oficial/articles-432525_doc_pdf.pdf
articles-432526_doc_pdf.pdf,detalle_partida_capitulo_pdf,pdf,92439,90.3,data/dipres_2027_oficial/articles-432526_doc_pdf.pdf
articles-432527_doc_pdf.pdf,detalle_partida_capitulo_pdf,pdf,87718,85.7,data/dipres_2027_oficial/articles-432527_doc_pdf.pdf
articles-432528_doc_pdf.pdf,detalle_partida_capitulo_pdf,pdf,87420,85.4,data/dipres_2027_oficial/articles-432528_doc_pdf.pdf
articles-432529_doc_pdf.pdf,detalle_partida_capitulo_pdf,pdf,89609,87.5,data/dipres_2027_oficial/articles-432529_doc_pdf.pdf
articles-432530_doc_pdf.pdf,detalle_partida_capitulo_pdf,pdf,87819,85.8,data/dipres_2027_oficial/articles-432530_doc_pdf.pdf
articles-432531_doc_pdf.pdf,detalle_partida_capitulo_pdf,pdf,89443,87.3,data/dipres_2027_oficial/articles-432531_doc_pdf.pdf
articles-432532_doc_pdf.pdf,detalle_partida_capitulo_pdf,pdf,87578,85.5,data/dipres_2027_oficial/articles-432532_doc_pdf.pdf
articles-432533_doc_pdf.pdf,detalle_partida_capitulo_pdf,pdf,89194,87.1,data/dipres_2027_oficial/articles-432533_doc_pdf.pdf
articles-432534_doc_pdf.pdf,detalle_partida_capitulo_pdf,pdf,87724,85.7,data/dipres_2027_oficial/articles-432534_doc_pdf.pdf
articles-432535_doc_pdf.pdf,detalle_partida_capitulo_pdf,pdf,89658,87.6,data/dipres_2027_oficial/articles-432535_doc_pdf.pdf
articles-432536_doc_pdf.pdf,detalle_partida_capitulo_pdf,pdf,87872,85.8,data/dipres_2027_oficial/articles-432536_doc_pdf.pdf
articles-432537_doc_pdf.pdf,detalle_partida_capitulo_pdf,pdf,89186,87.1,data/dipres_2027_oficial/articles-432537_doc_pdf.pdf
articles-432538_doc_pdf.pdf,detalle_partida_capitulo_pdf,pdf,87034,85.0,data/dipres_2027_oficial/articles-432538_doc_pdf.pdf
articles-432539_doc_pdf.pdf,detalle_partida_capitulo_pdf,pdf,89243,87.2,data/dipres_2027_oficial/articles-432539_doc_pdf.pdf
articles-432540_doc_pdf.pdf,detalle_partida_capitulo_pdf,pdf,87383,85.3,data/dipres_2027_oficial/articles-432540_doc_pdf.pdf
articles-432541_doc_pdf.pdf,detalle_partida_capitulo_pdf,pdf,87920,85.9,data/dipres_2027_oficial/articles-432541_doc_pdf.pdf
articles-432542_doc_pdf.pdf,detalle_partida_capitulo_pdf,pdf,89764,87.7,data/dipres_2027_oficial/articles-432542_doc_pdf.pdf
articles-432543_doc_pdf.pdf,detalle_partida_capitulo_pdf,pdf,87588,85.5,data/dipres_2027_oficial/articles-432543_doc_pdf.pdf
articles-432544_doc_pdf.pdf,detalle_partida_capitulo_pdf,pdf,89521,87.4,data/dipres_2027_oficial/articles-432544_doc_pdf.pdf
articles-432545_doc_pdf.pdf,detalle_partida_capitulo_pdf,pdf,87839,85.8,data/dipres_2027_oficial/articles-432545_doc_pdf.pdf
articles-432546_doc_pdf.pdf,detalle_partida_capitulo_pdf,pdf,93276,91.1,data/dipres_2027_oficial/articles-432546_doc_pdf.pdf
articles-432547_doc_pdf.pdf,detalle_partida_capitulo_pdf,pdf,86858,84.8,data/dipres_2027_oficial/articles-432547_doc_pdf.pdf
articles-432548_doc_pdf.pdf,detalle_partida_capitulo_pdf,pdf,86870,84.8,data/dipres_2027_oficial/articles-432548_doc_pdf.pdf
articles-432549_doc_pdf.pdf,detalle_partida_capitulo_pdf,pdf,87164,85.1,data/dipres_2027_oficial/articles-432549_doc_pdf.pdf
articles-432550_doc_pdf.pdf,detalle_partida_capitulo_pdf,pdf,86625,84.6,data/dipres_2027_oficial/articles-432550_doc_pdf.pdf
articles-432551_doc_pdf.pdf,detalle_partida_capitulo_pdf,pdf,86383,84.4,data/dipres_2027_oficial/articles-432551_doc_pdf.pdf
articles-432552_doc_pdf.pdf,detalle_partida_capitulo_pdf,pdf,86728,84.7,data/dipres_2027_oficial/articles-432552_doc_pdf.pdf
articles-432553_doc_pdf.pdf,detalle_partida_capitulo_pdf,pdf,86344,84.3,data/dipres_2027_oficial/articles-432553_doc_pdf.pdf
articles-432554_doc_pdf.pdf,detalle_partida_capitulo_pdf,pdf,86959,84.9,data/dipres_2027_oficial/articles-432554_doc_pdf.pdf
articles-432555_doc_pdf.pdf,detalle_partida_capitulo_pdf,pdf,86870,84.8,data/dipres_2027_oficial/articles-432555_doc_pdf.pdf
articles-432556_doc_pdf.pdf,detalle_partida_capitulo_pdf,pdf,86756,84.7,data/dipres_2027_oficial/articles-432556_doc_pdf.pdf
articles-432557_doc_pdf.pdf,detalle_partida_capitulo_pdf,pdf,86122,84.1,data/dipres_2027_oficial/articles-432557_doc_pdf.pdf
articles-432558_doc_pdf.pdf,detalle_partida_capitulo_pdf,pdf,86759,84.7,data/dipres_2027_oficial/articles-432558_doc_pdf.pdf
articles-432559_doc_pdf.pdf,detalle_partida_capitulo_pdf,pdf,87026,85.0,data/dipres_2027_oficial/articles-432559_doc_pdf.pdf
articles-432560_doc_pdf.pdf,detalle_partida_capitulo_pdf,pdf,86424,84.4,data/dipres_2027_oficial/articles-432560_doc_pdf.pdf
articles-432561_doc_pdf.pdf,detalle_partida_capitulo_pdf,pdf,86685,84.7,data/dipres_2027_oficial/articles-432561_doc_pdf.pdf
articles-432562_doc_pdf.pdf,detalle_partida_capitulo_pdf,pdf,86459,84.4,data/dipres_2027_oficial/articles-432562_doc_pdf.pdf
articles-432563_doc_pdf.pdf,detalle_partida_capitulo_pdf,pdf,86381,84.4,data/dipres_2027_oficial/articles-432563_doc_pdf.pdf
articles-432564_doc_pdf.pdf,detalle_partida_capitulo_pdf,pdf,85984,84.0,data/dipres_2027_oficial/articles-432564_doc_pdf.pdf
articles-432565_doc_pdf.pdf,detalle_partida_capitulo_pdf,pdf,86052,84.0,data/dipres_2027_oficial/articles-432565_doc_pdf.pdf
articles-432566_doc_pdf.pdf,detalle_partida_capitulo_pdf,pdf,85983,84.0,data/dipres_2027_oficial/articles-432566_doc_pdf.pdf
articles-432567_doc_pdf.pdf,detalle_partida_capitulo_pdf,pdf,90498,88.4,data/dipres_2027_oficial/articles-432567_doc_pdf.pdf
articles-432568_doc_pdf.pdf,detalle_partida_capitulo_pdf,pdf,94052,91.8,data/dipres_2027_oficial/articles-432568_doc_pdf.pdf
articles-432569_doc_pdf.pdf,detalle_partida_capitulo_pdf,pdf,98527,96.2,data/dipres_2027_oficial/articles-432569_doc_pdf.pdf
articles-432570_doc_pdf.pdf,detalle_partida_capitulo_pdf,pdf,86908,84.9,data/dipres_2027_oficial/articles-432570_doc_pdf.pdf
articles-432571_doc_pdf.pdf,detalle_partida_capitulo_pdf,pdf,103895,101.5,data/dipres_2027_oficial/articles-432571_doc_pdf.pdf
articles-432572_doc_pdf.pdf,detalle_partida_capitulo_pdf,pdf,97232,95.0,data/dipres_2027_oficial/articles-432572_doc_pdf.pdf
articles-432573_doc_pdf.pdf,detalle_partida_capitulo_pdf,pdf,104279,101.8,data/dipres_2027_oficial/articles-432573_doc_pdf.pdf
articles-432574_doc_pdf.pdf,detalle_partida_capitulo_pdf,pdf,100895,98.5,data/dipres_2027_oficial/articles-432574_doc_pdf.pdf
articles-432575_doc_pdf.pdf,detalle_partida_capitulo_pdf,pdf,105594,103.1,data/dipres_2027_oficial/articles-432575_doc_pdf.pdf
articles-432576_doc_pdf.pdf,detalle_partida_capitulo_pdf,pdf,83169,81.2,data/dipres_2027_oficial/articles-432576_doc_pdf.pdf
articles-432577_doc_pdf.pdf,detalle_partida_capitulo_pdf,pdf,91594,89.4,data/dipres_2027_oficial/articles-432577_doc_pdf.pdf
articles-432578_doc_pdf.pdf,detalle_partida_capitulo_pdf,pdf,89993,87.9,data/dipres_2027_oficial/articles-432578_doc_pdf.pdf
articles-432579_doc_pdf.pdf,detalle_partida_capitulo_pdf,pdf,102425,100.0,data/dipres_2027_oficial/articles-432579_doc_pdf.pdf
articles-432580_doc_pdf.pdf,detalle_partida_capitulo_pdf,pdf,100490,98.1,data/dipres_2027_oficial/articles-432580_doc_pdf.pdf
articles-432581_doc_pdf.pdf,detalle_partida_capitulo_pdf,pdf,89554,87.5,data/dipres_2027_oficial/articles-432581_doc_pdf.pdf
articles-432582_doc_pdf.pdf,detalle_partida_capitulo_pdf,pdf,85663,83.7,data/dipres_2027_oficial/articles-432582_doc_pdf.pdf
articles-432583_doc_pdf.pdf,detalle_partida_capitulo_pdf,pdf,88143,86.1,data/dipres_2027_oficial/articles-432583_doc_pdf.pdf
articles-432584_doc_pdf.pdf,detalle_partida_capitulo_pdf,pdf,105049,102.6,data/dipres_2027_oficial/articles-432584_doc_pdf.pdf
articles-432585_doc_pdf.pdf,detalle_partida_capitulo_pdf,pdf,92267,90.1,data/dipres_2027_oficial/articles-432585_doc_pdf.pdf
articles-432586_doc_pdf.pdf,detalle_partida_capitulo_pdf,pdf,89352,87.3,data/dipres_2027_oficial/articles-432586_doc_pdf.pdf
articles-432587_doc_pdf.pdf,detalle_partida_capitulo_pdf,pdf,242849,237.2,data/dipres_2027_oficial/articles-432587_doc_pdf.pdf
articles-432588_doc_pdf.pdf,detalle_partida_capitulo_pdf,pdf,217910,212.8,data/dipres_2027_oficial/articles-432588_doc_pdf.pdf
articles-432589_doc_pdf.pdf,detalle_partida_capitulo_pdf,pdf,222258,217.0,data/dipres_2027_oficial/articles-432589_doc_pdf.pdf
articles-432590_doc_pdf.pdf,detalle_partida_capitulo_pdf,pdf,93847,91.6,data/dipres_2027_oficial/articles-432590_doc_pdf.pdf
articles-432591_doc_pdf.pdf,detalle_partida_capitulo_pdf,pdf,227024,221.7,data/dipres_2027_oficial/articles-432591_doc_pdf.pdf
articles-432592_doc_pdf.pdf,detalle_partida_capitulo_pdf,pdf,120640,117.8,data/dipres_2027_oficial/articles-432592_doc_pdf.pdf
articles-432593_doc_pdf.pdf,detalle_partida_capitulo_pdf,pdf,235633,230.1,data/dipres_2027_oficial/articles-432593_doc_pdf.pdf
articles-432594_doc_pdf.pdf,detalle_partida_capitulo_pdf,pdf,209669,204.8,data/dipres_2027_oficial/articles-432594_doc_pdf.pdf
articles-432595_doc_pdf.pdf,detalle_partida_capitulo_pdf,pdf,216997,211.9,data/dipres_2027_oficial/articles-432595_doc_pdf.pdf
articles-432596_doc_pdf.pdf,detalle_partida_capitulo_pdf,pdf,225830,220.5,data/dipres_2027_oficial/articles-432596_doc_pdf.pdf
articles-432597_doc_pdf.pdf,detalle_partida_capitulo_pdf,pdf,221750,216.6,data/dipres_2027_oficial/articles-432597_doc_pdf.pdf
articles-432598_doc_pdf.pdf,detalle_partida_capitulo_pdf,pdf,221743,216.5,data/dipres_2027_oficial/articles-432598_doc_pdf.pdf
articles-432599_doc_pdf.pdf,detalle_partida_capitulo_pdf,pdf,228944,223.6,data/dipres_2027_oficial/articles-432599_doc_pdf.pdf
articles-432600_doc_pdf.pdf,detalle_partida_capitulo_pdf,pdf,203478,198.7,data/dipres_2027_oficial/articles-432600_doc_pdf.pdf
articles-432601_doc_pdf.pdf,detalle_partida_capitulo_pdf,pdf,224867,219.6,data/dipres_2027_oficial/articles-432601_doc_pdf.pdf
articles-432602_doc_pdf.pdf,detalle_partida_capitulo_pdf,pdf,220168,215.0,data/dipres_2027_oficial/articles-432602_doc_pdf.pdf
articles-432603_doc_pdf.pdf,detalle_partida_capitulo_pdf,pdf,216523,211.4,data/dipres_2027_oficial/articles-432603_doc_pdf.pdf
articles-432604_doc_pdf.pdf,detalle_partida_capitulo_pdf,pdf,231683,226.3,data/dipres_2027_oficial/articles-432604_doc_pdf.pdf
articles-432605_doc_pdf.pdf,detalle_partida_capitulo_pdf,pdf,113578,110.9,data/dipres_2027_oficial/articles-432605_doc_pdf.pdf
articles-432606_doc_pdf.pdf,detalle_partida_capitulo_pdf,pdf,220441,215.3,data/dipres_2027_oficial/articles-432606_doc_pdf.pdf
articles-432607_doc_pdf.pdf,detalle_partida_capitulo_pdf,pdf,223633,218.4,data/dipres_2027_oficial/articles-432607_doc_pdf.pdf
articles-432608_doc_pdf.pdf,detalle_partida_capitulo_pdf,pdf,225130,219.9,data/dipres_2027_oficial/articles-432608_doc_pdf.pdf
articles-432609_doc_pdf.pdf,detalle_partida_capitulo_pdf,pdf,226168,220.9,data/dipres_2027_oficial/articles-432609_doc_pdf.pdf
articles-432610_doc_pdf.pdf,detalle_partida_capitulo_pdf,pdf,223222,218.0,data/dipres_2027_oficial/articles-432610_doc_pdf.pdf
articles-432611_doc_pdf.pdf,detalle_partida_capitulo_pdf,pdf,223728,218.5,data/dipres_2027_oficial/articles-432611_doc_pdf.pdf
articles-432612_doc_pdf.pdf,detalle_partida_capitulo_pdf,pdf,219924,214.8,data/dipres_2027_oficial/articles-432612_doc_pdf.pdf
articles-432613_doc_pdf.pdf,detalle_partida_capitulo_pdf,pdf,215482,210.4,data/dipres_2027_oficial/articles-432613_doc_pdf.pdf
articles-432614_doc_pdf.pdf,detalle_partida_capitulo_pdf,pdf,219755,214.6,data/dipres_2027_oficial/articles-432614_doc_pdf.pdf
articles-432615_doc_pdf.pdf,detalle_partida_capitulo_pdf,pdf,228053,222.7,data/dipres_2027_oficial/articles-432615_doc_pdf.pdf
articles-432616_doc_pdf.pdf,detalle_partida_capitulo_pdf,pdf,216708,211.6,data/dipres_2027_oficial/articles-432616_doc_pdf.pdf
articles-432617_doc_pdf.pdf,detalle_partida_capitulo_pdf,pdf,216591,211.5,data/dipres_2027_oficial/articles-432617_doc_pdf.pdf
articles-432618_doc_pdf.pdf,detalle_partida_capitulo_pdf,pdf,213006,208.0,data/dipres_2027_oficial/articles-432618_doc_pdf.pdf
articles-432618_doc_xls.xlsx,detalle_partida_capitulo_excel,xlsx,13856,13.5,data/dipres_2027_oficial/articles-432618_doc_xls.xlsx
articles-432619_doc_pdf.pdf,detalle_partida_capitulo_pdf,pdf,211621,206.7,data/dipres_2027_oficial/articles-432619_doc_pdf.pdf
articles-432620_doc_pdf.pdf,detalle_partida_capitulo_pdf,pdf,207369,202.5,data/dipres_2027_oficial/articles-432620_doc_pdf.pdf
articles-432621_doc_pdf.pdf,detalle_partida_capitulo_pdf,pdf,215569,210.5,data/dipres_2027_oficial/articles-432621_doc_pdf.pdf
articles-432622_doc_pdf.pdf,detalle_partida_capitulo_pdf,pdf,213737,208.7,data/dipres_2027_oficial/articles-432622_doc_pdf.pdf
articles-432623_doc_pdf.pdf,detalle_partida_capitulo_pdf,pdf,221662,216.5,data/dipres_2027_oficial/articles-432623_doc_pdf.pdf
articles-432624_doc_pdf.pdf,detalle_partida_capitulo_pdf,pdf,216079,211.0,data/dipres_2027_oficial/articles-432624_doc_pdf.pdf
articles-432625_doc_pdf.pdf,detalle_partida_capitulo_pdf,pdf,226027,220.7,data/dipres_2027_oficial/articles-432625_doc_pdf.pdf
articles-432626_doc_pdf.pdf,detalle_partida_capitulo_pdf,pdf,225419,220.1,data/dipres_2027_oficial/articles-432626_doc_pdf.pdf
articles-432627_doc_pdf.pdf,detalle_partida_capitulo_pdf,pdf,211082,206.1,data/dipres_2027_oficial/articles-432627_doc_pdf.pdf
articles-432628_doc_pdf.pdf,detalle_partida_capitulo_pdf,pdf,214094,209.1,data/dipres_2027_oficial/articles-432628_doc_pdf.pdf
articles-432629_doc_pdf.pdf,detalle_partida_capitulo_pdf,pdf,211845,206.9,data/dipres_2027_oficial/articles-432629_doc_pdf.pdf
articles-432630_doc_pdf.pdf,detalle_partida_capitulo_pdf,pdf,217475,212.4,data/dipres_2027_oficial/articles-432630_doc_pdf.pdf
articles-432631_doc_pdf.pdf,detalle_partida_capitulo_pdf,pdf,217070,212.0,data/dipres_2027_oficial/articles-432631_doc_pdf.pdf
articles-432632_doc_pdf.pdf,detalle_partida_capitulo_pdf,pdf,99390,97.1,data/dipres_2027_oficial/articles-432632_doc_pdf.pdf
articles-432633_doc_pdf.pdf,detalle_partida_capitulo_pdf,pdf,86452,84.4,data/dipres_2027_oficial/articles-432633_doc_pdf.pdf
articles-432634_doc_pdf.pdf,detalle_partida_capitulo_pdf,pdf,121097,118.3,data/dipres_2027_oficial/articles-432634_doc_pdf.pdf
articles-432635_doc_pdf.pdf,detalle_partida_capitulo_pdf,pdf,123281,120.4,data/dipres_2027_oficial/articles-432635_doc_pdf.pdf
articles-432636_doc_pdf.pdf,detalle_partida_capitulo_pdf,pdf,114465,111.8,data/dipres_2027_oficial/articles-432636_doc_pdf.pdf
articles-432637_doc_pdf.pdf,detalle_partida_capitulo_pdf,pdf,141226,137.9,data/dipres_2027_oficial/articles-432637_doc_pdf.pdf
articles-432638_doc_pdf.pdf,detalle_partida_capitulo_pdf,pdf,86947,84.9,data/dipres_2027_oficial/articles-432638_doc_pdf.pdf
articles-432639_doc_pdf.pdf,detalle_partida_capitulo_pdf,pdf,86376,84.4,data/dipres_2027_oficial/articles-432639_doc_pdf.pdf
articles-432640_doc_pdf.pdf,detalle_partida_capitulo_pdf,pdf,87019,85.0,data/dipres_2027_oficial/articles-432640_doc_pdf.pdf
articles-432641_doc_pdf.pdf,detalle_partida_capitulo_pdf,pdf,90678,88.6,data/dipres_2027_oficial/articles-432641_doc_pdf.pdf
articles-432642_doc_pdf.pdf,detalle_partida_capitulo_pdf,pdf,89966,87.9,data/dipres_2027_oficial/articles-432642_doc_pdf.pdf
articles-432643_doc_pdf.pdf,detalle_partida_capitulo_pdf,pdf,89671,87.6,data/dipres_2027_oficial/articles-432643_doc_pdf.pdf
articles-432644_doc_pdf.pdf,detalle_partida_capitulo_pdf,pdf,90542,88.4,data/dipres_2027_oficial/articles-432644_doc_pdf.pdf
articles-432645_doc_pdf.pdf,detalle_partida_capitulo_pdf,pdf,88192,86.1,data/dipres_2027_oficial/articles-432645_doc_pdf.pdf
articles-432646_doc_pdf.pdf,detalle_partida_capitulo_pdf,pdf,90527,88.4,data/dipres_2027_oficial/articles-432646_doc_pdf.pdf
articles-432647_doc_pdf.pdf,detalle_partida_capitulo_pdf,pdf,91062,88.9,data/dipres_2027_oficial/articles-432647_doc_pdf.pdf
articles-432648_doc_pdf.pdf,detalle_partida_capitulo_pdf,pdf,84111,82.1,data/dipres_2027_oficial/articles-432648_doc_pdf.pdf
articles-432649_doc_pdf.pdf,detalle_partida_capitulo_pdf,pdf,85959,83.9,data/dipres_2027_oficial/articles-432649_doc_pdf.pdf
articles-432650_doc_pdf.pdf,detalle_partida_capitulo_pdf,pdf,82933,81.0,data/dipres_2027_oficial/articles-432650_doc_pdf.pdf
articles-432651_doc_pdf.pdf,detalle_partida_capitulo_pdf,pdf,94558,92.3,data/dipres_2027_oficial/articles-432651_doc_pdf.pdf
articles-432652_doc_pdf.pdf,detalle_partida_capitulo_pdf,pdf,89506,87.4,data/dipres_2027_oficial/articles-432652_doc_pdf.pdf
articles-432653_doc_pdf.pdf,detalle_partida_capitulo_pdf,pdf,84228,82.3,data/dipres_2027_oficial/articles-432653_doc_pdf.pdf
articles-432654_doc_pdf.pdf,detalle_partida_capitulo_pdf,pdf,95941,93.7,data/dipres_2027_oficial/articles-432654_doc_pdf.pdf
articles-432655_doc_pdf.pdf,detalle_partida_capitulo_pdf,pdf,85352,83.4,data/dipres_2027_oficial/articles-432655_doc_pdf.pdf
articles-432656_doc_pdf.pdf,detalle_partida_capitulo_pdf,pdf,97092,94.8,data/dipres_2027_oficial/articles-432656_doc_pdf.pdf
articles-432657_doc_pdf.pdf,detalle_partida_capitulo_pdf,pdf,91303,89.2,data/dipres_2027_oficial/articles-432657_doc_pdf.pdf
articles-432658_doc_pdf.pdf,detalle_partida_capitulo_pdf,pdf,93335,91.1,data/dipres_2027_oficial/articles-432658_doc_pdf.pdf
articles-432659_doc_pdf.pdf,detalle_partida_capitulo_pdf,pdf,102879,100.5,data/dipres_2027_oficial/articles-432659_doc_pdf.pdf
articles-432660_doc_pdf.pdf,detalle_partida_capitulo_pdf,pdf,96642,94.4,data/dipres_2027_oficial/articles-432660_doc_pdf.pdf
articles-432661_doc_pdf.pdf,detalle_partida_capitulo_pdf,pdf,101108,98.7,data/dipres_2027_oficial/articles-432661_doc_pdf.pdf
articles-432662_doc_pdf.pdf,detalle_partida_capitulo_pdf,pdf,84639,82.7,data/dipres_2027_oficial/articles-432662_doc_pdf.pdf
articles-432663_doc_pdf.pdf,detalle_partida_capitulo_pdf,pdf,93803,91.6,data/dipres_2027_oficial/articles-432663_doc_pdf.pdf
articles-432664_doc_pdf.pdf,detalle_partida_capitulo_pdf,pdf,95839,93.6,data/dipres_2027_oficial/articles-432664_doc_pdf.pdf
articles-432665_doc_pdf.pdf,detalle_partida_capitulo_pdf,pdf,113959,111.3,data/dipres_2027_oficial/articles-432665_doc_pdf.pdf
articles-432666_doc_pdf.pdf,detalle_partida_capitulo_pdf,pdf,78237,76.4,data/dipres_2027_oficial/articles-432666_doc_pdf.pdf
articles-432667_doc_pdf.pdf,detalle_partida_capitulo_pdf,pdf,101267,98.9,data/dipres_2027_oficial/articles-432667_doc_pdf.pdf
articles-432668_doc_pdf.pdf,detalle_partida_capitulo_pdf,pdf,91241,89.1,data/dipres_2027_oficial/articles-432668_doc_pdf.pdf
articles-432669_doc_pdf.pdf,detalle_partida_capitulo_pdf,pdf,105955,103.5,data/dipres_2027_oficial/articles-432669_doc_pdf.pdf
articles-432670_doc_pdf.pdf,detalle_partida_capitulo_pdf,pdf,88291,86.2,data/dipres_2027_oficial/articles-432670_doc_pdf.pdf
articles-432671_doc_pdf.pdf,detalle_partida_capitulo_pdf,pdf,105144,102.7,data/dipres_2027_oficial/articles-432671_doc_pdf.pdf
articles-432672_doc_pdf.pdf,detalle_partida_capitulo_pdf,pdf,161786,158.0,data/dipres_2027_oficial/articles-432672_doc_pdf.pdf
articles-432672_doc_xls.xlsx,detalle_partida_capitulo_excel,xlsx,19669,19.2,data/dipres_2027_oficial/articles-432672_doc_xls.xlsx
articles-432673_doc_pdf.pdf,detalle_partida_capitulo_pdf,pdf,143799,140.4,data/dipres_2027_oficial/articles-432673_doc_pdf.pdf
articles-432673_doc_xls.xlsx,detalle_partida_capitulo_excel,xlsx,16941,16.5,data/dipres_2027_oficial/articles-432673_doc_xls.xlsx
articles-432674_doc_pdf.pdf,detalle_partida_capitulo_pdf,pdf,139655,136.4,data/dipres_2027_oficial/articles-432674_doc_pdf.pdf
articles-432675_doc_pdf.pdf,detalle_partida_capitulo_pdf,pdf,120088,117.3,data/dipres_2027_oficial/articles-432675_doc_pdf.pdf
articles-432676_doc_pdf.pdf,detalle_partida_capitulo_pdf,pdf,214686,209.7,data/dipres_2027_oficial/articles-432676_doc_pdf.pdf
articles-432677_doc_pdf.pdf,detalle_partida_capitulo_pdf,pdf,179068,174.9,data/dipres_2027_oficial/articles-432677_doc_pdf.pdf
articles-432678_doc_pdf.pdf,detalle_partida_capitulo_pdf,pdf,143099,139.7,data/dipres_2027_oficial/articles-432678_doc_pdf.pdf
articles-432679_doc_pdf.pdf,detalle_partida_capitulo_pdf,pdf,120146,117.3,data/dipres_2027_oficial/articles-432679_doc_pdf.pdf
articles-432680_doc_pdf.pdf,detalle_partida_capitulo_pdf,pdf,116543,113.8,data/dipres_2027_oficial/articles-432680_doc_pdf.pdf
articles-432681_doc_pdf.pdf,detalle_partida_capitulo_pdf,pdf,103500,101.1,data/dipres_2027_oficial/articles-432681_doc_pdf.pdf
articles-432682_doc_pdf.pdf,detalle_partida_capitulo_pdf,pdf,106018,103.5,data/dipres_2027_oficial/articles-432682_doc_pdf.pdf
articles-432683_doc_pdf.pdf,detalle_partida_capitulo_pdf,pdf,114550,111.9,data/dipres_2027_oficial/articles-432683_doc_pdf.pdf
articles-432684_doc_pdf.pdf,detalle_partida_capitulo_pdf,pdf,106839,104.3,data/dipres_2027_oficial/articles-432684_doc_pdf.pdf
articles-432685_doc_pdf.pdf,detalle_partida_capitulo_pdf,pdf,104435,102.0,data/dipres_2027_oficial/articles-432685_doc_pdf.pdf
articles-432686_doc_pdf.pdf,detalle_partida_capitulo_pdf,pdf,108774,106.2,data/dipres_2027_oficial/articles-432686_doc_pdf.pdf
articles-432687_doc_pdf.pdf,detalle_partida_capitulo_pdf,pdf,104200,101.8,data/dipres_2027_oficial/articles-432687_doc_pdf.pdf
articles-432688_doc_pdf.pdf,detalle_partida_capitulo_pdf,pdf,85201,83.2,data/dipres_2027_oficial/articles-432688_doc_pdf.pdf
articles-432689_doc_pdf.pdf,detalle_partida_capitulo_pdf,pdf,86036,84.0,data/dipres_2027_oficial/articles-432689_doc_pdf.pdf
articles-432690_doc_pdf.pdf,detalle_partida_capitulo_pdf,pdf,80694,78.8,data/dipres_2027_oficial/articles-432690_doc_pdf.pdf
articles-432691_doc_pdf.pdf,detalle_partida_capitulo_pdf,pdf,80293,78.4,data/dipres_2027_oficial/articles-432691_doc_pdf.pdf
articles-432692_doc_pdf.pdf,detalle_partida_capitulo_pdf,pdf,84935,82.9,data/dipres_2027_oficial/articles-432692_doc_pdf.pdf
articles-432693_doc_pdf.pdf,detalle_partida_capitulo_pdf,pdf,101956,99.6,data/dipres_2027_oficial/articles-432693_doc_pdf.pdf
articles-432694_doc_pdf.pdf,detalle_partida_capitulo_pdf,pdf,150267,146.7,data/dipres_2027_oficial/articles-432694_doc_pdf.pdf
articles-432695_doc_pdf.pdf,detalle_partida_capitulo_pdf,pdf,101805,99.4,data/dipres_2027_oficial/articles-432695_doc_pdf.pdf
articles-432696_doc_pdf.pdf,detalle_partida_capitulo_pdf,pdf,151511,148.0,data/dipres_2027_oficial/articles-432696_doc_pdf.pdf
articles-432697_doc_pdf.pdf,detalle_partida_capitulo_pdf,pdf,102302,99.9,data/dipres_2027_oficial/articles-432697_doc_pdf.pdf
articles-432698_doc_pdf.pdf,detalle_partida_capitulo_pdf,pdf,148981,145.5,data/dipres_2027_oficial/articles-432698_doc_pdf.pdf
articles-432699_doc_pdf.pdf,detalle_partida_capitulo_pdf,pdf,101457,99.1,data/dipres_2027_oficial/articles-432699_doc_pdf.pdf
articles-432700_doc_pdf.pdf,detalle_partida_capitulo_pdf,pdf,104181,101.7,data/dipres_2027_oficial/articles-432700_doc_pdf.pdf
articles-432701_doc_pdf.pdf,detalle_partida_capitulo_pdf,pdf,102342,99.9,data/dipres_2027_oficial/articles-432701_doc_pdf.pdf
articles-432702_doc_pdf.pdf,detalle_partida_capitulo_pdf,pdf,102170,99.8,data/dipres_2027_oficial/articles-432702_doc_pdf.pdf
articles-432703_doc_pdf.pdf,detalle_partida_capitulo_pdf,pdf,101827,99.4,data/dipres_2027_oficial/articles-432703_doc_pdf.pdf
articles-432704_doc_pdf.pdf,detalle_partida_capitulo_pdf,pdf,100917,98.6,data/dipres_2027_oficial/articles-432704_doc_pdf.pdf
articles-432705_doc_pdf.pdf,detalle_partida_capitulo_pdf,pdf,152454,148.9,data/dipres_2027_oficial/articles-432705_doc_pdf.pdf
articles-432706_doc_pdf.pdf,detalle_partida_capitulo_pdf,pdf,101286,98.9,data/dipres_2027_oficial/articles-432706_doc_pdf.pdf
articles-432707_doc_pdf.pdf,detalle_partida_capitulo_pdf,pdf,148586,145.1,data/dipres_2027_oficial/articles-432707_doc_pdf.pdf
articles-432708_doc_pdf.pdf,detalle_partida_capitulo_pdf,pdf,102122,99.7,data/dipres_2027_oficial/articles-432708_doc_pdf.pdf
articles-432709_doc_pdf.pdf,detalle_partida_capitulo_pdf,pdf,223453,218.2,data/dipres_2027_oficial/articles-432709_doc_pdf.pdf
articles-432710_doc_pdf.pdf,detalle_partida_capitulo_pdf,pdf,221335,216.1,data/dipres_2027_oficial/articles-432710_doc_pdf.pdf
articles-432711_doc_pdf.pdf,detalle_partida_capitulo_pdf,pdf,219940,214.8,data/dipres_2027_oficial/articles-432711_doc_pdf.pdf
articles-432712_doc_pdf.pdf,detalle_partida_capitulo_pdf,pdf,220375,215.2,data/dipres_2027_oficial/articles-432712_doc_pdf.pdf
articles-432713_doc_pdf.pdf,detalle_partida_capitulo_pdf,pdf,231282,225.9,data/dipres_2027_oficial/articles-432713_doc_pdf.pdf
articles-432714_doc_pdf.pdf,detalle_partida_capitulo_pdf,pdf,219745,214.6,data/dipres_2027_oficial/articles-432714_doc_pdf.pdf
articles-432715_doc_pdf.pdf,detalle_partida_capitulo_pdf,pdf,218475,213.4,data/dipres_2027_oficial/articles-432715_doc_pdf.pdf
articles-432716_doc_pdf.pdf,detalle_partida_capitulo_pdf,pdf,218774,213.6,data/dipres_2027_oficial/articles-432716_doc_pdf.pdf
articles-432717_doc_pdf.pdf,detalle_partida_capitulo_pdf,pdf,217341,212.2,data/dipres_2027_oficial/articles-432717_doc_pdf.pdf
articles-432718_doc_pdf.pdf,detalle_partida_capitulo_pdf,pdf,229319,223.9,data/dipres_2027_oficial/articles-432718_doc_pdf.pdf
articles-432719_doc_pdf.pdf,detalle_partida_capitulo_pdf,pdf,218506,213.4,data/dipres_2027_oficial/articles-432719_doc_pdf.pdf
articles-432720_doc_pdf.pdf,detalle_partida_capitulo_pdf,pdf,97439,95.2,data/dipres_2027_oficial/articles-432720_doc_pdf.pdf
articles-432721_doc_pdf.pdf,detalle_partida_capitulo_pdf,pdf,93557,91.4,data/dipres_2027_oficial/articles-432721_doc_pdf.pdf
articles-432722_doc_pdf.pdf,detalle_partida_capitulo_pdf,pdf,118159,115.4,data/dipres_2027_oficial/articles-432722_doc_pdf.pdf
articles-432723_doc_pdf.pdf,detalle_partida_capitulo_pdf,pdf,131370,128.3,data/dipres_2027_oficial/articles-432723_doc_pdf.pdf
articles-432724_doc_pdf.pdf,detalle_partida_capitulo_pdf,pdf,104691,102.2,data/dipres_2027_oficial/articles-432724_doc_pdf.pdf
articles-432725_doc_pdf.pdf,detalle_partida_capitulo_pdf,pdf,115506,112.8,data/dipres_2027_oficial/articles-432725_doc_pdf.pdf
articles-432726_doc_pdf.pdf,detalle_partida_capitulo_pdf,pdf,109842,107.3,data/dipres_2027_oficial/articles-432726_doc_pdf.pdf
articles-432727_doc_pdf.pdf,detalle_partida_capitulo_pdf,pdf,113427,110.8,data/dipres_2027_oficial/articles-432727_doc_pdf.pdf
articles-432728_doc_pdf.pdf,detalle_partida_capitulo_pdf,pdf,116273,113.5,data/dipres_2027_oficial/articles-432728_doc_pdf.pdf
articles-432729_doc_pdf.pdf,detalle_partida_capitulo_pdf,pdf,128143,125.1,data/dipres_2027_oficial/articles-432729_doc_pdf.pdf
articles-432730_doc_pdf.pdf,detalle_partida_capitulo_pdf,pdf,122904,120.0,data/dipres_2027_oficial/articles-432730_doc_pdf.pdf
articles-432731_doc_pdf.pdf,detalle_partida_capitulo_pdf,pdf,124804,121.9,data/dipres_2027_oficial/articles-432731_doc_pdf.pdf
articles-432732_doc_pdf.pdf,detalle_partida_capitulo_pdf,pdf,118626,115.8,data/dipres_2027_oficial/articles-432732_doc_pdf.pdf
articles-432733_doc_pdf.pdf,detalle_partida_capitulo_pdf,pdf,99172,96.8,data/dipres_2027_oficial/articles-432733_doc_pdf.pdf
articles-432734_doc_pdf.pdf,detalle_partida_capitulo_pdf,pdf,107569,105.0,data/dipres_2027_oficial/articles-432734_doc_pdf.pdf
articles-432735_doc_pdf.pdf,detalle_partida_capitulo_pdf,pdf,116233,113.5,data/dipres_2027_oficial/articles-432735_doc_pdf.pdf
articles-432736_doc_pdf.pdf,detalle_partida_capitulo_pdf,pdf,96407,94.1,data/dipres_2027_oficial/articles-432736_doc_pdf.pdf
articles-432737_doc_pdf.pdf,detalle_partida_capitulo_pdf,pdf,119386,116.6,data/dipres_2027_oficial/articles-432737_doc_pdf.pdf
articles-432738_doc_pdf.pdf,detalle_partida_capitulo_pdf,pdf,114244,111.6,data/dipres_2027_oficial/articles-432738_doc_pdf.pdf
articles-432739_doc_pdf.pdf,detalle_partida_capitulo_pdf,pdf,116021,113.3,data/dipres_2027_oficial/articles-432739_doc_pdf.pdf
articles-432740_doc_pdf.pdf,detalle_partida_capitulo_pdf,pdf,84936,82.9,data/dipres_2027_oficial/articles-432740_doc_pdf.pdf
articles-432741_doc_pdf.pdf,detalle_partida_capitulo_pdf,pdf,86251,84.2,data/dipres_2027_oficial/articles-432741_doc_pdf.pdf
articles-432742_doc_pdf.pdf,detalle_partida_capitulo_pdf,pdf,83135,81.2,data/dipres_2027_oficial/articles-432742_doc_pdf.pdf
articles-432743_doc_pdf.pdf,detalle_partida_capitulo_pdf,pdf,83531,81.6,data/dipres_2027_oficial/articles-432743_doc_pdf.pdf
articles-432744_doc_pdf.pdf,detalle_partida_capitulo_pdf,pdf,80731,78.8,data/dipres_2027_oficial/articles-432744_doc_pdf.pdf
articles-432745_doc_pdf.pdf,detalle_partida_capitulo_pdf,pdf,99746,97.4,data/dipres_2027_oficial/articles-432745_doc_pdf.pdf
articles-432746_doc_pdf.pdf,detalle_partida_capitulo_pdf,pdf,130019,127.0,data/dipres_2027_oficial/articles-432746_doc_pdf.pdf
articles-432747_doc_pdf.pdf,detalle_partida_capitulo_pdf,pdf,92004,89.8,data/dipres_2027_oficial/articles-432747_doc_pdf.pdf
articles-432748_doc_pdf.pdf,detalle_partida_capitulo_pdf,pdf,105525,103.1,data/dipres_2027_oficial/articles-432748_doc_pdf.pdf
articles-432749_doc_pdf.pdf,detalle_partida_capitulo_pdf,pdf,124296,121.4,data/dipres_2027_oficial/articles-432749_doc_pdf.pdf
articles-432750_doc_pdf.pdf,detalle_partida_capitulo_pdf,pdf,96497,94.2,data/dipres_2027_oficial/articles-432750_doc_pdf.pdf
articles-432751_doc_pdf.pdf,detalle_partida_capitulo_pdf,pdf,120253,117.4,data/dipres_2027_oficial/articles-432751_doc_pdf.pdf
articles-432752_doc_pdf.pdf,detalle_partida_capitulo_pdf,pdf,130092,127.0,data/dipres_2027_oficial/articles-432752_doc_pdf.pdf
articles-432753_doc_pdf.pdf,detalle_partida_capitulo_pdf,pdf,119476,116.7,data/dipres_2027_oficial/articles-432753_doc_pdf.pdf
articles-432754_doc_pdf.pdf,detalle_partida_capitulo_pdf,pdf,95383,93.1,data/dipres_2027_oficial/articles-432754_doc_pdf.pdf
articles-432755_doc_pdf.pdf,detalle_partida_capitulo_pdf,pdf,81256,79.4,data/dipres_2027_oficial/articles-432755_doc_pdf.pdf
articles-432756_doc_pdf.pdf,detalle_partida_capitulo_pdf,pdf,80518,78.6,data/dipres_2027_oficial/articles-432756_doc_pdf.pdf
articles-432757_doc_pdf.pdf,detalle_partida_capitulo_pdf,pdf,87447,85.4,data/dipres_2027_oficial/articles-432757_doc_pdf.pdf
articles-432758_doc_pdf.pdf,detalle_partida_capitulo_pdf,pdf,85974,84.0,data/dipres_2027_oficial/articles-432758_doc_pdf.pdf
articles-432759_doc_pdf.pdf,detalle_partida_capitulo_pdf,pdf,82694,80.8,data/dipres_2027_oficial/articles-432759_doc_pdf.pdf
articles-432760_doc_pdf.pdf,detalle_partida_capitulo_pdf,pdf,132053,129.0,data/dipres_2027_oficial/articles-432760_doc_pdf.pdf
articles-432761_doc_pdf.pdf,detalle_partida_capitulo_pdf,pdf,165053,161.2,data/dipres_2027_oficial/articles-432761_doc_pdf.pdf
articles-432762_doc_pdf.pdf,detalle_partida_capitulo_pdf,pdf,117228,114.5,data/dipres_2027_oficial/articles-432762_doc_pdf.pdf
articles-432763_doc_pdf.pdf,detalle_partida_capitulo_pdf,pdf,116961,114.2,data/dipres_2027_oficial/articles-432763_doc_pdf.pdf
articles-432764_doc_pdf.pdf,detalle_partida_capitulo_pdf,pdf,109801,107.2,data/dipres_2027_oficial/articles-432764_doc_pdf.pdf
articles-432765_doc_pdf.pdf,detalle_partida_capitulo_pdf,pdf,108199,105.7,data/dipres_2027_oficial/articles-432765_doc_pdf.pdf
articles-432766_doc_pdf.pdf,detalle_partida_capitulo_pdf,pdf,117307,114.6,data/dipres_2027_oficial/articles-432766_doc_pdf.pdf
articles-432767_doc_pdf.pdf,detalle_partida_capitulo_pdf,pdf,90612,88.5,data/dipres_2027_oficial/articles-432767_doc_pdf.pdf
articles-432768_doc_pdf.pdf,detalle_partida_capitulo_pdf,pdf,96216,94.0,data/dipres_2027_oficial/articles-432768_doc_pdf.pdf
articles-432769_doc_pdf.pdf,detalle_partida_capitulo_pdf,pdf,81870,80.0,data/dipres_2027_oficial/articles-432769_doc_pdf.pdf
articles-432770_doc_pdf.pdf,detalle_partida_capitulo_pdf,pdf,88040,86.0,data/dipres_2027_oficial/articles-432770_doc_pdf.pdf
articles-432771_doc_pdf.pdf,detalle_partida_capitulo_pdf,pdf,114081,111.4,data/dipres_2027_oficial/articles-432771_doc_pdf.pdf
articles-432772_doc_pdf.pdf,detalle_partida_capitulo_pdf,pdf,94530,92.3,data/dipres_2027_oficial/articles-432772_doc_pdf.pdf
articles-432773_doc_pdf.pdf,detalle_partida_capitulo_pdf,pdf,133582,130.5,data/dipres_2027_oficial/articles-432773_doc_pdf.pdf
articles-432774_doc_pdf.pdf,detalle_partida_capitulo_pdf,pdf,111302,108.7,data/dipres_2027_oficial/articles-432774_doc_pdf.pdf
articles-432775_doc_pdf.pdf,detalle_partida_capitulo_pdf,pdf,85760,83.8,data/dipres_2027_oficial/articles-432775_doc_pdf.pdf
articles-432776_doc_pdf.pdf,detalle_partida_capitulo_pdf,pdf,83402,81.4,data/dipres_2027_oficial/articles-432776_doc_pdf.pdf
articles-432777_doc_pdf.pdf,detalle_partida_capitulo_pdf,pdf,111216,108.6,data/dipres_2027_oficial/articles-432777_doc_pdf.pdf
articles-432778_doc_pdf.pdf,detalle_partida_capitulo_pdf,pdf,112840,110.2,data/dipres_2027_oficial/articles-432778_doc_pdf.pdf
articles-432779_doc_pdf.pdf,detalle_partida_capitulo_pdf,pdf,90332,88.2,data/dipres_2027_oficial/articles-432779_doc_pdf.pdf
articles-432780_doc_pdf.pdf,detalle_partida_capitulo_pdf,pdf,106029,103.5,data/dipres_2027_oficial/articles-432780_doc_pdf.pdf
articles-432781_doc_pdf.pdf,detalle_partida_capitulo_pdf,pdf,104582,102.1,data/dipres_2027_oficial/articles-432781_doc_pdf.pdf
articles-432782_doc_pdf.pdf,detalle_partida_capitulo_pdf,pdf,84297,82.3,data/dipres_2027_oficial/articles-432782_doc_pdf.pdf
articles-432783_doc_pdf.pdf,detalle_partida_capitulo_pdf,pdf,111232,108.6,data/dipres_2027_oficial/articles-432783_doc_pdf.pdf
articles-432784_doc_pdf.pdf,detalle_partida_capitulo_pdf,pdf,97863,95.6,data/dipres_2027_oficial/articles-432784_doc_pdf.pdf
articles-432785_doc_pdf.pdf,detalle_partida_capitulo_pdf,pdf,94804,92.6,data/dipres_2027_oficial/articles-432785_doc_pdf.pdf
articles-432786_doc_pdf.pdf,detalle_partida_capitulo_pdf,pdf,82587,80.7,data/dipres_2027_oficial/articles-432786_doc_pdf.pdf
articles-432787_doc_pdf.pdf,detalle_partida_capitulo_pdf,pdf,160565,156.8,data/dipres_2027_oficial/articles-432787_doc_pdf.pdf
articles-432788_doc_pdf.pdf,detalle_partida_capitulo_pdf,pdf,88331,86.3,data/dipres_2027_oficial/articles-432788_doc_pdf.pdf
articles-432789_doc_pdf.pdf,detalle_partida_capitulo_pdf,pdf,95480,93.2,data/dipres_2027_oficial/articles-432789_doc_pdf.pdf
articles-432790_doc_pdf.pdf,detalle_partida_capitulo_pdf,pdf,19944,19.5,data/dipres_2027_oficial/articles-432790_doc_pdf.pdf
articles-432790_doc_xls.xlsx,detalle_partida_capitulo_excel,xlsx,13225,12.9,data/dipres_2027_oficial/articles-432790_doc_xls.xlsx
articles-432791_doc_pdf.pdf,detalle_partida_capitulo_pdf,pdf,21246,20.7,data/dipres_2027_oficial/articles-432791_doc_pdf.pdf
articles-432791_doc_xls.xlsx,detalle_partida_capitulo_excel,xlsx,14387,14.0,data/dipres_2027_oficial/articles-432791_doc_xls.xlsx
articles-432792_doc_pdf.pdf,detalle_partida_capitulo_pdf,pdf,21203,20.7,data/dipres_2027_oficial/articles-432792_doc_pdf.pdf
articles-432792_doc_xls.xlsx,detalle_partida_capitulo_excel,xlsx,14286,14.0,data/dipres_2027_oficial/articles-432792_doc_xls.xlsx
articles-432793_doc_pdf.pdf,detalle_partida_capitulo_pdf,pdf,21129,20.6,data/dipres_2027_oficial/articles-432793_doc_pdf.pdf
articles-432793_doc_xls.xlsx,detalle_partida_capitulo_excel,xlsx,14194,13.9,data/dipres_2027_oficial/articles-432793_doc_xls.xlsx
articles-432794_doc_pdf.pdf,detalle_partida_capitulo_pdf,pdf,21182,20.7,data/dipres_2027_oficial/articles-432794_doc_pdf.pdf
articles-432794_doc_xls.xlsx,detalle_partida_capitulo_excel,xlsx,14187,13.9,data/dipres_2027_oficial/articles-432794_doc_xls.xlsx
articles-432795_doc_pdf.pdf,detalle_partida_capitulo_pdf,pdf,21187,20.7,data/dipres_2027_oficial/articles-432795_doc_pdf.pdf
articles-432795_doc_xls.xlsx,detalle_partida_capitulo_excel,xlsx,14101,13.8,data/dipres_2027_oficial/articles-432795_doc_xls.xlsx
articles-432796_doc_pdf.pdf,detalle_partida_capitulo_pdf,pdf,21254,20.8,data/dipres_2027_oficial/articles-432796_doc_pdf.pdf
articles-432796_doc_xls.xlsx,detalle_partida_capitulo_excel,xlsx,14364,14.0,data/dipres_2027_oficial/articles-432796_doc_xls.xlsx
articles-432797_doc_pdf.pdf,detalle_partida_capitulo_pdf,pdf,21534,21.0,data/dipres_2027_oficial/articles-432797_doc_pdf.pdf
articles-432797_doc_xls.xlsx,detalle_partida_capitulo_excel,xlsx,14553,14.2,data/dipres_2027_oficial/articles-432797_doc_xls.xlsx
articles-432798_doc_pdf.pdf,detalle_partida_capitulo_pdf,pdf,21226,20.7,data/dipres_2027_oficial/articles-432798_doc_pdf.pdf
articles-432798_doc_xls.xlsx,detalle_partida_capitulo_excel,xlsx,14207,13.9,data/dipres_2027_oficial/articles-432798_doc_xls.xlsx
articles-432799_doc_pdf.pdf,detalle_partida_capitulo_pdf,pdf,21262,20.8,data/dipres_2027_oficial/articles-432799_doc_pdf.pdf
articles-432799_doc_xls.xlsx,detalle_partida_capitulo_excel,xlsx,14344,14.0,data/dipres_2027_oficial/articles-432799_doc_xls.xlsx
articles-432800_doc_pdf.pdf,detalle_partida_capitulo_pdf,pdf,21405,20.9,data/dipres_2027_oficial/articles-432800_doc_pdf.pdf
articles-432800_doc_xls.xlsx,detalle_partida_capitulo_excel,xlsx,14572,14.2,data/dipres_2027_oficial/articles-432800_doc_xls.xlsx
articles-432801_doc_pdf.pdf,detalle_partida_capitulo_pdf,pdf,21171,20.7,data/dipres_2027_oficial/articles-432801_doc_pdf.pdf
articles-432801_doc_xls.xlsx,detalle_partida_capitulo_excel,xlsx,14085,13.8,data/dipres_2027_oficial/articles-432801_doc_xls.xlsx
articles-432802_doc_pdf.pdf,detalle_partida_capitulo_pdf,pdf,21241,20.7,data/dipres_2027_oficial/articles-432802_doc_pdf.pdf
articles-432802_doc_xls.xlsx,detalle_partida_capitulo_excel,xlsx,14305,14.0,data/dipres_2027_oficial/articles-432802_doc_xls.xlsx
articles-432803_doc_pdf.pdf,detalle_partida_capitulo_pdf,pdf,21175,20.7,data/dipres_2027_oficial/articles-432803_doc_pdf.pdf
articles-432803_doc_xls.xlsx,detalle_partida_capitulo_excel,xlsx,14064,13.7,data/dipres_2027_oficial/articles-432803_doc_xls.xlsx
articles-432804_doc_pdf.pdf,detalle_partida_capitulo_pdf,pdf,21268,20.8,data/dipres_2027_oficial/articles-432804_doc_pdf.pdf
articles-432804_doc_xls.xlsx,detalle_partida_capitulo_excel,xlsx,14418,14.1,data/dipres_2027_oficial/articles-432804_doc_xls.xlsx
articles-432805_doc_pdf.pdf,detalle_partida_capitulo_pdf,pdf,21402,20.9,data/dipres_2027_oficial/articles-432805_doc_pdf.pdf
articles-432805_doc_xls.xlsx,detalle_partida_capitulo_excel,xlsx,14575,14.2,data/dipres_2027_oficial/articles-432805_doc_xls.xlsx
articles-432806_doc_pdf.pdf,detalle_partida_capitulo_pdf,pdf,21122,20.6,data/dipres_2027_oficial/articles-432806_doc_pdf.pdf
articles-432806_doc_xls.xlsx,detalle_partida_capitulo_excel,xlsx,14180,13.8,data/dipres_2027_oficial/articles-432806_doc_xls.xlsx
articles-432807_doc_pdf.pdf,detalle_partida_capitulo_pdf,pdf,96999,94.7,data/dipres_2027_oficial/articles-432807_doc_pdf.pdf
articles-432808_doc_pdf.pdf,detalle_partida_capitulo_pdf,pdf,222714,217.5,data/dipres_2027_oficial/articles-432808_doc_pdf.pdf
articles-432809_doc_pdf.pdf,detalle_partida_capitulo_pdf,pdf,214148,209.1,data/dipres_2027_oficial/articles-432809_doc_pdf.pdf
articles-432810_doc_pdf.pdf,detalle_partida_capitulo_pdf,pdf,158221,154.5,data/dipres_2027_oficial/articles-432810_doc_pdf.pdf
articles-432811_doc_pdf.pdf,detalle_partida_capitulo_pdf,pdf,150663,147.1,data/dipres_2027_oficial/articles-432811_doc_pdf.pdf
articles-432812_doc_pdf.pdf,detalle_partida_capitulo_pdf,pdf,151151,147.6,data/dipres_2027_oficial/articles-432812_doc_pdf.pdf
articles-432813_doc_pdf.pdf,detalle_partida_capitulo_pdf,pdf,263513,257.3,data/dipres_2027_oficial/articles-432813_doc_pdf.pdf
articles-432814_doc_pdf.pdf,detalle_partida_capitulo_pdf,pdf,148805,145.3,data/dipres_2027_oficial/articles-432814_doc_pdf.pdf
articles-432815_doc_pdf.pdf,detalle_partida_capitulo_pdf,pdf,90925,88.8,data/dipres_2027_oficial/articles-432815_doc_pdf.pdf
articles-432816_doc_pdf.pdf,detalle_partida_capitulo_pdf,pdf,91441,89.3,data/dipres_2027_oficial/articles-432816_doc_pdf.pdf
articles-432817_doc_pdf.pdf,detalle_partida_capitulo_pdf,pdf,253252,247.3,data/dipres_2027_oficial/articles-432817_doc_pdf.pdf
articles-432818_doc_pdf.pdf,detalle_partida_capitulo_pdf,pdf,92946,90.8,data/dipres_2027_oficial/articles-432818_doc_pdf.pdf
articles-432819_doc_pdf.pdf,detalle_partida_capitulo_pdf,pdf,123068,120.2,data/dipres_2027_oficial/articles-432819_doc_pdf.pdf
articles-432820_doc_pdf.pdf,detalle_partida_capitulo_pdf,pdf,116108,113.4,data/dipres_2027_oficial/articles-432820_doc_pdf.pdf
articles-432821_doc_pdf.pdf,detalle_partida_capitulo_pdf,pdf,177351,173.2,data/dipres_2027_oficial/articles-432821_doc_pdf.pdf
articles-432822_doc_pdf.pdf,detalle_partida_capitulo_pdf,pdf,213683,208.7,data/dipres_2027_oficial/articles-432822_doc_pdf.pdf
articles-432823_doc_pdf.pdf,detalle_partida_capitulo_pdf,pdf,213363,208.4,data/dipres_2027_oficial/articles-432823_doc_pdf.pdf
articles-432824_doc_pdf.pdf,detalle_partida_capitulo_pdf,pdf,213233,208.2,data/dipres_2027_oficial/articles-432824_doc_pdf.pdf
articles-432825_doc_pdf.pdf,detalle_partida_capitulo_pdf,pdf,216326,211.3,data/dipres_2027_oficial/articles-432825_doc_pdf.pdf
articles-432826_doc_pdf.pdf,detalle_partida_capitulo_pdf,pdf,211652,206.7,data/dipres_2027_oficial/articles-432826_doc_pdf.pdf
articles-432827_doc_pdf.pdf,detalle_partida_capitulo_pdf,pdf,140627,137.3,data/dipres_2027_oficial/articles-432827_doc_pdf.pdf
articles-432828_doc_pdf.pdf,detalle_partida_capitulo_pdf,pdf,142695,139.4,data/dipres_2027_oficial/articles-432828_doc_pdf.pdf
articles-432829_doc_pdf.pdf,detalle_partida_capitulo_pdf,pdf,75745,74.0,data/dipres_2027_oficial/articles-432829_doc_pdf.pdf
articles-432830_doc_pdf.pdf,detalle_partida_capitulo_pdf,pdf,74384,72.6,data/dipres_2027_oficial/articles-432830_doc_pdf.pdf
articles-432831_doc_pdf.pdf,detalle_partida_capitulo_pdf,pdf,77967,76.1,data/dipres_2027_oficial/articles-432831_doc_pdf.pdf
articles-432832_doc_pdf.pdf,detalle_partida_capitulo_pdf,pdf,78589,76.7,data/dipres_2027_oficial/articles-432832_doc_pdf.pdf
articles-432833_doc_pdf.pdf,detalle_partida_capitulo_pdf,pdf,76414,74.6,data/dipres_2027_oficial/articles-432833_doc_pdf.pdf
articles-432834_doc_pdf.pdf,detalle_partida_capitulo_pdf,pdf,76206,74.4,data/dipres_2027_oficial/articles-432834_doc_pdf.pdf
articles-432835_doc_pdf.pdf,detalle_partida_capitulo_pdf,pdf,76641,74.8,data/dipres_2027_oficial/articles-432835_doc_pdf.pdf
articles-432836_doc_pdf.pdf,detalle_partida_capitulo_pdf,pdf,78652,76.8,data/dipres_2027_oficial/articles-432836_doc_pdf.pdf
articles-432837_doc_pdf.pdf,detalle_partida_capitulo_pdf,pdf,74119,72.4,data/dipres_2027_oficial/articles-432837_doc_pdf.pdf
articles-432838_doc_pdf.pdf,detalle_partida_capitulo_pdf,pdf,77074,75.3,data/dipres_2027_oficial/articles-432838_doc_pdf.pdf
articles-432839_doc_pdf.pdf,detalle_partida_capitulo_pdf,pdf,76649,74.9,data/dipres_2027_oficial/articles-432839_doc_pdf.pdf
articles-432840_doc_pdf.pdf,detalle_partida_capitulo_pdf,pdf,74675,72.9,data/dipres_2027_oficial/articles-432840_doc_pdf.pdf
articles-432841_doc_pdf.pdf,detalle_partida_capitulo_pdf,pdf,74425,72.7,data/dipres_2027_oficial/articles-432841_doc_pdf.pdf
articles-432842_doc_pdf.pdf,detalle_partida_capitulo_pdf,pdf,74805,73.1,data/dipres_2027_oficial/articles-432842_doc_pdf.pdf
articles-432843_doc_pdf.pdf,detalle_partida_capitulo_pdf,pdf,75907,74.1,data/dipres_2027_oficial/articles-432843_doc_pdf.pdf
articles-432844_doc_pdf.pdf,detalle_partida_capitulo_pdf,pdf,76674,74.9,data/dipres_2027_oficial/articles-432844_doc_pdf.pdf
articles-432845_doc_pdf.pdf,detalle_partida_capitulo_pdf,pdf,76079,74.3,data/dipres_2027_oficial/articles-432845_doc_pdf.pdf
articles-432846_doc_pdf.pdf,detalle_partida_capitulo_pdf,pdf,73762,72.0,data/dipres_2027_oficial/articles-432846_doc_pdf.pdf
articles-432847_doc_pdf.pdf,detalle_partida_capitulo_pdf,pdf,77258,75.4,data/dipres_2027_oficial/articles-432847_doc_pdf.pdf
articles-432848_doc_pdf.pdf,detalle_partida_capitulo_pdf,pdf,76493,74.7,data/dipres_2027_oficial/articles-432848_doc_pdf.pdf
articles-432849_doc_pdf.pdf,detalle_partida_capitulo_pdf,pdf,74443,72.7,data/dipres_2027_oficial/articles-432849_doc_pdf.pdf
articles-432850_doc_pdf.pdf,detalle_partida_capitulo_pdf,pdf,74240,72.5,data/dipres_2027_oficial/articles-432850_doc_pdf.pdf
articles-432851_doc_pdf.pdf,detalle_partida_capitulo_pdf,pdf,76684,74.9,data/dipres_2027_oficial/articles-432851_doc_pdf.pdf
articles-432852_doc_pdf.pdf,detalle_partida_capitulo_pdf,pdf,74565,72.8,data/dipres_2027_oficial/articles-432852_doc_pdf.pdf
articles-432853_doc_pdf.pdf,detalle_partida_capitulo_pdf,pdf,77468,75.7,data/dipres_2027_oficial/articles-432853_doc_pdf.pdf
articles-432854_doc_pdf.pdf,detalle_partida_capitulo_pdf,pdf,80993,79.1,data/dipres_2027_oficial/articles-432854_doc_pdf.pdf
articles-432855_doc_pdf.pdf,detalle_partida_capitulo_pdf,pdf,129550,126.5,data/dipres_2027_oficial/articles-432855_doc_pdf.pdf
articles-432856_doc_pdf.pdf,detalle_partida_capitulo_pdf,pdf,133828,130.7,data/dipres_2027_oficial/articles-432856_doc_pdf.pdf
articles-432857_doc_pdf.pdf,detalle_partida_capitulo_pdf,pdf,127508,124.5,data/dipres_2027_oficial/articles-432857_doc_pdf.pdf
articles-432858_doc_pdf.pdf,detalle_partida_capitulo_pdf,pdf,124940,122.0,data/dipres_2027_oficial/articles-432858_doc_pdf.pdf
articles-432859_doc_pdf.pdf,detalle_partida_capitulo_pdf,pdf,135093,131.9,data/dipres_2027_oficial/articles-432859_doc_pdf.pdf
articles-432860_doc_pdf.pdf,detalle_partida_capitulo_pdf,pdf,130672,127.6,data/dipres_2027_oficial/articles-432860_doc_pdf.pdf
articles-432861_doc_pdf.pdf,detalle_partida_capitulo_pdf,pdf,128679,125.7,data/dipres_2027_oficial/articles-432861_doc_pdf.pdf
articles-432862_doc_pdf.pdf,detalle_partida_capitulo_pdf,pdf,132799,129.7,data/dipres_2027_oficial/articles-432862_doc_pdf.pdf
articles-432863_doc_pdf.pdf,detalle_partida_capitulo_pdf,pdf,133188,130.1,data/dipres_2027_oficial/articles-432863_doc_pdf.pdf
articles-432864_doc_pdf.pdf,detalle_partida_capitulo_pdf,pdf,124826,121.9,data/dipres_2027_oficial/articles-432864_doc_pdf.pdf
articles-432865_doc_pdf.pdf,detalle_partida_capitulo_pdf,pdf,128897,125.9,data/dipres_2027_oficial/articles-432865_doc_pdf.pdf
articles-432866_doc_pdf.pdf,detalle_partida_capitulo_pdf,pdf,126261,123.3,data/dipres_2027_oficial/articles-432866_doc_pdf.pdf
articles-432867_doc_pdf.pdf,detalle_partida_capitulo_pdf,pdf,129698,126.7,data/dipres_2027_oficial/articles-432867_doc_pdf.pdf
articles-432868_doc_pdf.pdf,detalle_partida_capitulo_pdf,pdf,133448,130.3,data/dipres_2027_oficial/articles-432868_doc_pdf.pdf
articles-432869_doc_pdf.pdf,detalle_partida_capitulo_pdf,pdf,124348,121.4,data/dipres_2027_oficial/articles-432869_doc_pdf.pdf
articles-432870_doc_pdf.pdf,detalle_partida_capitulo_pdf,pdf,130093,127.0,data/dipres_2027_oficial/articles-432870_doc_pdf.pdf
articles-432871_doc_pdf.pdf,detalle_partida_capitulo_pdf,pdf,128710,125.7,data/dipres_2027_oficial/articles-432871_doc_pdf.pdf
articles-432872_doc_pdf.pdf,detalle_partida_capitulo_pdf,pdf,127360,124.4,data/dipres_2027_oficial/articles-432872_doc_pdf.pdf
articles-432873_doc_pdf.pdf,detalle_partida_capitulo_pdf,pdf,138969,135.7,data/dipres_2027_oficial/articles-432873_doc_pdf.pdf
articles-432874_doc_pdf.pdf,detalle_partida_capitulo_pdf,pdf,128524,125.5,data/dipres_2027_oficial/articles-432874_doc_pdf.pdf
articles-432875_doc_pdf.pdf,detalle_partida_capitulo_pdf,pdf,132195,129.1,data/dipres_2027_oficial/articles-432875_doc_pdf.pdf
articles-432876_doc_pdf.pdf,detalle_partida_capitulo_pdf,pdf,124820,121.9,data/dipres_2027_oficial/articles-432876_doc_pdf.pdf
articles-432877_doc_pdf.pdf,detalle_partida_capitulo_pdf,pdf,131835,128.7,data/dipres_2027_oficial/articles-432877_doc_pdf.pdf
articles-432878_doc_pdf.pdf,detalle_partida_capitulo_pdf,pdf,132610,129.5,data/dipres_2027_oficial/articles-432878_doc_pdf.pdf
articles-432879_doc_pdf.pdf,detalle_partida_capitulo_pdf,pdf,126175,123.2,data/dipres_2027_oficial/articles-432879_doc_pdf.pdf
articles-432880_doc_pdf.pdf,detalle_partida_capitulo_pdf,pdf,131422,128.3,data/dipres_2027_oficial/articles-432880_doc_pdf.pdf
articles-432881_doc_pdf.pdf,detalle_partida_capitulo_pdf,pdf,128835,125.8,data/dipres_2027_oficial/articles-432881_doc_pdf.pdf
articles-432882_doc_pdf.pdf,detalle_partida_capitulo_pdf,pdf,122638,119.8,data/dipres_2027_oficial/articles-432882_doc_pdf.pdf
articles-432883_doc_pdf.pdf,detalle_partida_capitulo_pdf,pdf,133967,130.8,data/dipres_2027_oficial/articles-432883_doc_pdf.pdf
articles-432884_doc_pdf.pdf,detalle_partida_capitulo_pdf,pdf,121254,118.4,data/dipres_2027_oficial/articles-432884_doc_pdf.pdf
articles-432885_doc_pdf.pdf,detalle_partida_capitulo_pdf,pdf,130260,127.2,data/dipres_2027_oficial/articles-432885_doc_pdf.pdf
articles-432886_doc_pdf.pdf,detalle_partida_capitulo_pdf,pdf,126509,123.5,data/dipres_2027_oficial/articles-432886_doc_pdf.pdf
articles-432887_doc_pdf.pdf,detalle_partida_capitulo_pdf,pdf,125402,122.5,data/dipres_2027_oficial/articles-432887_doc_pdf.pdf
articles-432888_doc_pdf.pdf,detalle_partida_capitulo_pdf,pdf,129338,126.3,data/dipres_2027_oficial/articles-432888_doc_pdf.pdf
articles-432889_doc_pdf.pdf,detalle_partida_capitulo_pdf,pdf,125115,122.2,data/dipres_2027_oficial/articles-432889_doc_pdf.pdf
articles-432890_doc_pdf.pdf,detalle_partida_capitulo_pdf,pdf,111152,108.5,data/dipres_2027_oficial/articles-432890_doc_pdf.pdf
articles-432891_doc_pdf.pdf,detalle_partida_capitulo_pdf,pdf,126660,123.7,data/dipres_2027_oficial/articles-432891_doc_pdf.pdf
articles-432892_doc_pdf.pdf,detalle_partida_capitulo_pdf,pdf,124870,121.9,data/dipres_2027_oficial/articles-432892_doc_pdf.pdf
articles-432893_doc_pdf.pdf,detalle_partida_capitulo_pdf,pdf,130260,127.2,data/dipres_2027_oficial/articles-432893_doc_pdf.pdf
articles-432894_doc_pdf.pdf,detalle_partida_capitulo_pdf,pdf,81196,79.3,data/dipres_2027_oficial/articles-432894_doc_pdf.pdf
articles-432895_doc_pdf.pdf,detalle_partida_capitulo_pdf,pdf,82578,80.6,data/dipres_2027_oficial/articles-432895_doc_pdf.pdf
articles-432896_doc_pdf.pdf,detalle_partida_capitulo_pdf,pdf,131046,128.0,data/dipres_2027_oficial/articles-432896_doc_pdf.pdf
articles-432897_doc_pdf.pdf,detalle_partida_capitulo_pdf,pdf,130366,127.3,data/dipres_2027_oficial/articles-432897_doc_pdf.pdf
articles-432898_doc_pdf.pdf,detalle_partida_capitulo_pdf,pdf,136409,133.2,data/dipres_2027_oficial/articles-432898_doc_pdf.pdf
articles-432899_doc_pdf.pdf,detalle_partida_capitulo_pdf,pdf,132996,129.9,data/dipres_2027_oficial/articles-432899_doc_pdf.pdf
articles-432900_doc_pdf.pdf,detalle_partida_capitulo_pdf,pdf,126857,123.9,data/dipres_2027_oficial/articles-432900_doc_pdf.pdf
articles-432901_doc_pdf.pdf,detalle_partida_capitulo_pdf,pdf,128766,125.7,data/dipres_2027_oficial/articles-432901_doc_pdf.pdf
articles-432902_doc_pdf.pdf,detalle_partida_capitulo_pdf,pdf,83014,81.1,data/dipres_2027_oficial/articles-432902_doc_pdf.pdf
articles-432903_doc_pdf.pdf,detalle_partida_capitulo_pdf,pdf,128307,125.3,data/dipres_2027_oficial/articles-432903_doc_pdf.pdf
articles-432904_doc_pdf.pdf,detalle_partida_capitulo_pdf,pdf,128944,125.9,data/dipres_2027_oficial/articles-432904_doc_pdf.pdf
articles-432905_doc_pdf.pdf,detalle_partida_capitulo_pdf,pdf,128744,125.7,data/dipres_2027_oficial/articles-432905_doc_pdf.pdf
articles-432906_doc_pdf.pdf,detalle_partida_capitulo_pdf,pdf,131775,128.7,data/dipres_2027_oficial/articles-432906_doc_pdf.pdf
articles-432907_doc_pdf.pdf,detalle_partida_capitulo_pdf,pdf,130723,127.7,data/dipres_2027_oficial/articles-432907_doc_pdf.pdf
articles-432908_doc_pdf.pdf,detalle_partida_capitulo_pdf,pdf,133478,130.3,data/dipres_2027_oficial/articles-432908_doc_pdf.pdf
articles-432909_doc_pdf.pdf,detalle_partida_capitulo_pdf,pdf,129794,126.8,data/dipres_2027_oficial/articles-432909_doc_pdf.pdf
articles-432910_doc_pdf.pdf,detalle_partida_capitulo_pdf,pdf,133846,130.7,data/dipres_2027_oficial/articles-432910_doc_pdf.pdf
articles-432911_doc_pdf.pdf,detalle_partida_capitulo_pdf,pdf,82582,80.6,data/dipres_2027_oficial/articles-432911_doc_pdf.pdf
articles-432912_doc_pdf.pdf,detalle_partida_capitulo_pdf,pdf,125408,122.5,data/dipres_2027_oficial/articles-432912_doc_pdf.pdf
articles-432913_doc_pdf.pdf,detalle_partida_capitulo_pdf,pdf,129520,126.5,data/dipres_2027_oficial/articles-432913_doc_pdf.pdf
articles-432914_doc_pdf.pdf,detalle_partida_capitulo_pdf,pdf,126387,123.4,data/dipres_2027_oficial/articles-432914_doc_pdf.pdf
articles-432915_doc_pdf.pdf,detalle_partida_capitulo_pdf,pdf,130383,127.3,data/dipres_2027_oficial/articles-432915_doc_pdf.pdf
articles-432916_doc_pdf.pdf,detalle_partida_capitulo_pdf,pdf,128520,125.5,data/dipres_2027_oficial/articles-432916_doc_pdf.pdf
articles-432917_doc_pdf.pdf,detalle_partida_capitulo_pdf,pdf,132445,129.3,data/dipres_2027_oficial/articles-432917_doc_pdf.pdf
articles-432918_doc_pdf.pdf,detalle_partida_capitulo_pdf,pdf,126761,123.8,data/dipres_2027_oficial/articles-432918_doc_pdf.pdf
articles-432919_doc_pdf.pdf,detalle_partida_capitulo_pdf,pdf,129892,126.8,data/dipres_2027_oficial/articles-432919_doc_pdf.pdf
articles-432920_doc_pdf.pdf,detalle_partida_capitulo_pdf,pdf,131434,128.4,data/dipres_2027_oficial/articles-432920_doc_pdf.pdf
articles-432921_doc_pdf.pdf,detalle_partida_capitulo_pdf,pdf,131483,128.4,data/dipres_2027_oficial/articles-432921_doc_pdf.pdf
articles-432922_doc_pdf.pdf,detalle_partida_capitulo_pdf,pdf,129594,126.6,data/dipres_2027_oficial/articles-432922_doc_pdf.pdf
articles-432923_doc_pdf.pdf,detalle_partida_capitulo_pdf,pdf,132144,129.0,data/dipres_2027_oficial/articles-432923_doc_pdf.pdf
articles-432924_doc_pdf.pdf,detalle_partida_capitulo_pdf,pdf,131755,128.7,data/dipres_2027_oficial/articles-432924_doc_pdf.pdf
articles-432925_doc_pdf.pdf,detalle_partida_capitulo_pdf,pdf,128877,125.9,data/dipres_2027_oficial/articles-432925_doc_pdf.pdf
articles-432926_doc_pdf.pdf,detalle_partida_capitulo_pdf,pdf,130016,127.0,data/dipres_2027_oficial/articles-432926_doc_pdf.pdf
articles-432927_doc_pdf.pdf,detalle_partida_capitulo_pdf,pdf,129570,126.5,data/dipres_2027_oficial/articles-432927_doc_pdf.pdf
articles-432928_doc_pdf.pdf,detalle_partida_capitulo_pdf,pdf,82668,80.7,data/dipres_2027_oficial/articles-432928_doc_pdf.pdf
articles-432929_doc_pdf.pdf,detalle_partida_capitulo_pdf,pdf,128701,125.7,data/dipres_2027_oficial/articles-432929_doc_pdf.pdf
articles-432930_doc_pdf.pdf,detalle_partida_capitulo_pdf,pdf,130637,127.6,data/dipres_2027_oficial/articles-432930_doc_pdf.pdf
articles-432931_doc_pdf.pdf,detalle_partida_capitulo_pdf,pdf,128914,125.9,data/dipres_2027_oficial/articles-432931_doc_pdf.pdf
articles-432932_doc_pdf.pdf,detalle_partida_capitulo_pdf,pdf,125425,122.5,data/dipres_2027_oficial/articles-432932_doc_pdf.pdf
articles-432933_doc_pdf.pdf,detalle_partida_capitulo_pdf,pdf,130570,127.5,data/dipres_2027_oficial/articles-432933_doc_pdf.pdf
articles-432934_doc_pdf.pdf,detalle_partida_capitulo_pdf,pdf,125221,122.3,data/dipres_2027_oficial/articles-432934_doc_pdf.pdf
articles-432935_doc_pdf.pdf,detalle_partida_capitulo_pdf,pdf,126466,123.5,data/dipres_2027_oficial/articles-432935_doc_pdf.pdf
articles-432936_doc_pdf.pdf,detalle_partida_capitulo_pdf,pdf,128007,125.0,data/dipres_2027_oficial/articles-432936_doc_pdf.pdf
articles-432937_doc_pdf.pdf,detalle_partida_capitulo_pdf,pdf,130445,127.4,data/dipres_2027_oficial/articles-432937_doc_pdf.pdf
articles-432938_doc_pdf.pdf,detalle_partida_capitulo_pdf,pdf,130675,127.6,data/dipres_2027_oficial/articles-432938_doc_pdf.pdf
articles-432939_doc_pdf.pdf,detalle_partida_capitulo_pdf,pdf,127473,124.5,data/dipres_2027_oficial/articles-432939_doc_pdf.pdf
articles-432940_doc_pdf.pdf,detalle_partida_capitulo_pdf,pdf,128546,125.5,data/dipres_2027_oficial/articles-432940_doc_pdf.pdf
articles-432941_doc_pdf.pdf,detalle_partida_capitulo_pdf,pdf,128142,125.1,data/dipres_2027_oficial/articles-432941_doc_pdf.pdf
articles-432942_doc_pdf.pdf,detalle_partida_capitulo_pdf,pdf,131663,128.6,data/dipres_2027_oficial/articles-432942_doc_pdf.pdf
articles-432943_doc_pdf.pdf,detalle_partida_capitulo_pdf,pdf,129783,126.7,data/dipres_2027_oficial/articles-432943_doc_pdf.pdf
articles-432944_doc_pdf.pdf,detalle_partida_capitulo_pdf,pdf,127857,124.9,data/dipres_2027_oficial/articles-432944_doc_pdf.pdf
articles-432945_doc_pdf.pdf,detalle_partida_capitulo_pdf,pdf,129078,126.1,data/dipres_2027_oficial/articles-432945_doc_pdf.pdf
articles-432946_doc_pdf.pdf,detalle_partida_capitulo_pdf,pdf,131443,128.4,data/dipres_2027_oficial/articles-432946_doc_pdf.pdf
articles-432947_doc_pdf.pdf,detalle_partida_capitulo_pdf,pdf,132055,129.0,data/dipres_2027_oficial/articles-432947_doc_pdf.pdf
articles-432948_doc_pdf.pdf,detalle_partida_capitulo_pdf,pdf,130015,127.0,data/dipres_2027_oficial/articles-432948_doc_pdf.pdf
articles-432949_doc_pdf.pdf,detalle_partida_capitulo_pdf,pdf,132049,129.0,data/dipres_2027_oficial/articles-432949_doc_pdf.pdf
articles-432950_doc_pdf.pdf,detalle_partida_capitulo_pdf,pdf,129758,126.7,data/dipres_2027_oficial/articles-432950_doc_pdf.pdf
articles-432951_doc_pdf.pdf,detalle_partida_capitulo_pdf,pdf,127527,124.5,data/dipres_2027_oficial/articles-432951_doc_pdf.pdf
articles-432952_doc_pdf.pdf,detalle_partida_capitulo_pdf,pdf,132039,128.9,data/dipres_2027_oficial/articles-432952_doc_pdf.pdf
articles-432953_doc_pdf.pdf,detalle_partida_capitulo_pdf,pdf,132077,129.0,data/dipres_2027_oficial/articles-432953_doc_pdf.pdf
articles-432954_doc_pdf.pdf,detalle_partida_capitulo_pdf,pdf,133442,130.3,data/dipres_2027_oficial/articles-432954_doc_pdf.pdf
articles-432955_doc_pdf.pdf,detalle_partida_capitulo_pdf,pdf,130489,127.4,data/dipres_2027_oficial/articles-432955_doc_pdf.pdf
articles-432956_doc_pdf.pdf,detalle_partida_capitulo_pdf,pdf,132046,129.0,data/dipres_2027_oficial/articles-432956_doc_pdf.pdf
articles-432957_doc_pdf.pdf,detalle_partida_capitulo_pdf,pdf,132042,128.9,data/dipres_2027_oficial/articles-432957_doc_pdf.pdf
articles-432958_doc_pdf.pdf,detalle_partida_capitulo_pdf,pdf,132056,129.0,data/dipres_2027_oficial/articles-432958_doc_pdf.pdf
articles-432959_doc_pdf.pdf,detalle_partida_capitulo_pdf,pdf,132055,129.0,data/dipres_2027_oficial/articles-432959_doc_pdf.pdf
articles-432960_doc_pdf.pdf,detalle_partida_capitulo_pdf,pdf,132053,129.0,data/dipres_2027_oficial/articles-432960_doc_pdf.pdf
articles-432961_doc_pdf.pdf,detalle_partida_capitulo_pdf,pdf,126655,123.7,data/dipres_2027_oficial/articles-432961_doc_pdf.pdf
articles-432962_doc_pdf.pdf,detalle_partida_capitulo_pdf,pdf,126341,123.4,data/dipres_2027_oficial/articles-432962_doc_pdf.pdf
articles-432963_doc_pdf.pdf,detalle_partida_capitulo_pdf,pdf,131243,128.2,data/dipres_2027_oficial/articles-432963_doc_pdf.pdf
articles-432964_doc_pdf.pdf,detalle_partida_capitulo_pdf,pdf,124176,121.3,data/dipres_2027_oficial/articles-432964_doc_pdf.pdf
articles-432965_doc_pdf.pdf,detalle_partida_capitulo_pdf,pdf,126131,123.2,data/dipres_2027_oficial/articles-432965_doc_pdf.pdf
articles-432966_doc_pdf.pdf,detalle_partida_capitulo_pdf,pdf,131836,128.7,data/dipres_2027_oficial/articles-432966_doc_pdf.pdf
articles-432967_doc_pdf.pdf,detalle_partida_capitulo_pdf,pdf,127765,124.8,data/dipres_2027_oficial/articles-432967_doc_pdf.pdf
articles-432968_doc_pdf.pdf,detalle_partida_capitulo_pdf,pdf,82096,80.2,data/dipres_2027_oficial/articles-432968_doc_pdf.pdf
articles-432969_doc_pdf.pdf,detalle_partida_capitulo_pdf,pdf,131022,128.0,data/dipres_2027_oficial/articles-432969_doc_pdf.pdf
articles-432970_doc_pdf.pdf,detalle_partida_capitulo_pdf,pdf,127432,124.4,data/dipres_2027_oficial/articles-432970_doc_pdf.pdf
articles-432971_doc_pdf.pdf,detalle_partida_capitulo_pdf,pdf,123710,120.8,data/dipres_2027_oficial/articles-432971_doc_pdf.pdf
articles-432972_doc_pdf.pdf,detalle_partida_capitulo_pdf,pdf,129304,126.3,data/dipres_2027_oficial/articles-432972_doc_pdf.pdf
articles-432973_doc_pdf.pdf,detalle_partida_capitulo_pdf,pdf,128814,125.8,data/dipres_2027_oficial/articles-432973_doc_pdf.pdf
articles-432974_doc_pdf.pdf,detalle_partida_capitulo_pdf,pdf,123975,121.1,data/dipres_2027_oficial/articles-432974_doc_pdf.pdf
articles-432975_doc_pdf.pdf,detalle_partida_capitulo_pdf,pdf,125603,122.7,data/dipres_2027_oficial/articles-432975_doc_pdf.pdf
articles-432976_doc_pdf.pdf,detalle_partida_capitulo_pdf,pdf,131303,128.2,data/dipres_2027_oficial/articles-432976_doc_pdf.pdf
articles-432977_doc_pdf.pdf,detalle_partida_capitulo_pdf,pdf,81538,79.6,data/dipres_2027_oficial/articles-432977_doc_pdf.pdf
articles-432978_doc_pdf.pdf,detalle_partida_capitulo_pdf,pdf,124250,121.3,data/dipres_2027_oficial/articles-432978_doc_pdf.pdf
articles-432979_doc_pdf.pdf,detalle_partida_capitulo_pdf,pdf,131520,128.4,data/dipres_2027_oficial/articles-432979_doc_pdf.pdf
articles-432980_doc_pdf.pdf,detalle_partida_capitulo_pdf,pdf,128251,125.2,data/dipres_2027_oficial/articles-432980_doc_pdf.pdf
articles-432981_doc_pdf.pdf,detalle_partida_capitulo_pdf,pdf,125316,122.4,data/dipres_2027_oficial/articles-432981_doc_pdf.pdf
articles-432982_doc_pdf.pdf,detalle_partida_capitulo_pdf,pdf,126363,123.4,data/dipres_2027_oficial/articles-432982_doc_pdf.pdf
articles-432983_doc_pdf.pdf,detalle_partida_capitulo_pdf,pdf,124789,121.9,data/dipres_2027_oficial/articles-432983_doc_pdf.pdf
articles-432984_doc_pdf.pdf,detalle_partida_capitulo_pdf,pdf,128056,125.1,data/dipres_2027_oficial/articles-432984_doc_pdf.pdf
articles-432985_doc_pdf.pdf,detalle_partida_capitulo_pdf,pdf,123677,120.8,data/dipres_2027_oficial/articles-432985_doc_pdf.pdf
articles-432986_doc_pdf.pdf,detalle_partida_capitulo_pdf,pdf,121698,118.8,data/dipres_2027_oficial/articles-432986_doc_pdf.pdf
articles-432987_doc_pdf.pdf,detalle_partida_capitulo_pdf,pdf,128331,125.3,data/dipres_2027_oficial/articles-432987_doc_pdf.pdf
articles-432988_doc_pdf.pdf,detalle_partida_capitulo_pdf,pdf,133140,130.0,data/dipres_2027_oficial/articles-432988_doc_pdf.pdf
articles-432989_doc_pdf.pdf,detalle_partida_capitulo_pdf,pdf,127440,124.5,data/dipres_2027_oficial/articles-432989_doc_pdf.pdf
articles-432990_doc_pdf.pdf,detalle_partida_capitulo_pdf,pdf,129431,126.4,data/dipres_2027_oficial/articles-432990_doc_pdf.pdf
articles-432991_doc_pdf.pdf,detalle_partida_capitulo_pdf,pdf,130028,127.0,data/dipres_2027_oficial/articles-432991_doc_pdf.pdf
articles-432992_doc_pdf.pdf,detalle_partida_capitulo_pdf,pdf,123545,120.6,data/dipres_2027_oficial/articles-432992_doc_pdf.pdf
articles-432993_doc_pdf.pdf,detalle_partida_capitulo_pdf,pdf,128197,125.2,data/dipres_2027_oficial/articles-432993_doc_pdf.pdf
articles-432994_doc_pdf.pdf,detalle_partida_capitulo_pdf,pdf,82952,81.0,data/dipres_2027_oficial/articles-432994_doc_pdf.pdf
articles-432995_doc_pdf.pdf,detalle_partida_capitulo_pdf,pdf,132627,129.5,data/dipres_2027_oficial/articles-432995_doc_pdf.pdf
articles-432996_doc_pdf.pdf,detalle_partida_capitulo_pdf,pdf,139220,136.0,data/dipres_2027_oficial/articles-432996_doc_pdf.pdf
articles-432997_doc_pdf.pdf,detalle_partida_capitulo_pdf,pdf,128158,125.2,data/dipres_2027_oficial/articles-432997_doc_pdf.pdf
articles-432998_doc_pdf.pdf,detalle_partida_capitulo_pdf,pdf,126638,123.7,data/dipres_2027_oficial/articles-432998_doc_pdf.pdf
articles-432999_doc_pdf.pdf,detalle_partida_capitulo_pdf,pdf,138334,135.1,data/dipres_2027_oficial/articles-432999_doc_pdf.pdf
articles-433000_doc_pdf.pdf,detalle_partida_capitulo_pdf,pdf,124554,121.6,data/dipres_2027_oficial/articles-433000_doc_pdf.pdf
articles-433001_doc_pdf.pdf,detalle_partida_capitulo_pdf,pdf,121704,118.9,data/dipres_2027_oficial/articles-433001_doc_pdf.pdf
articles-433002_doc_pdf.pdf,detalle_partida_capitulo_pdf,pdf,126832,123.9,data/dipres_2027_oficial/articles-433002_doc_pdf.pdf
articles-433003_doc_pdf.pdf,detalle_partida_capitulo_pdf,pdf,120625,117.8,data/dipres_2027_oficial/articles-433003_doc_pdf.pdf
articles-433004_doc_pdf.pdf,detalle_partida_capitulo_pdf,pdf,129825,126.8,data/dipres_2027_oficial/articles-433004_doc_pdf.pdf
articles-433005_doc_pdf.pdf,detalle_partida_capitulo_pdf,pdf,120266,117.4,data/dipres_2027_oficial/articles-433005_doc_pdf.pdf
articles-433006_doc_pdf.pdf,detalle_partida_capitulo_pdf,pdf,126893,123.9,data/dipres_2027_oficial/articles-433006_doc_pdf.pdf
articles-433007_doc_pdf.pdf,detalle_partida_capitulo_pdf,pdf,125830,122.9,data/dipres_2027_oficial/articles-433007_doc_pdf.pdf
articles-433008_doc_pdf.pdf,detalle_partida_capitulo_pdf,pdf,132653,129.5,data/dipres_2027_oficial/articles-433008_doc_pdf.pdf
articles-433009_doc_pdf.pdf,detalle_partida_capitulo_pdf,pdf,123134,120.2,data/dipres_2027_oficial/articles-433009_doc_pdf.pdf
articles-433010_doc_pdf.pdf,detalle_partida_capitulo_pdf,pdf,125290,122.4,data/dipres_2027_oficial/articles-433010_doc_pdf.pdf
articles-433011_doc_pdf.pdf,detalle_partida_capitulo_pdf,pdf,130207,127.2,data/dipres_2027_oficial/articles-433011_doc_pdf.pdf
articles-433012_doc_pdf.pdf,detalle_partida_capitulo_pdf,pdf,127986,125.0,data/dipres_2027_oficial/articles-433012_doc_pdf.pdf
articles-433013_doc_pdf.pdf,detalle_partida_capitulo_pdf,pdf,134656,131.5,data/dipres_2027_oficial/articles-433013_doc_pdf.pdf
articles-433014_doc_pdf.pdf,detalle_partida_capitulo_pdf,pdf,131921,128.8,data/dipres_2027_oficial/articles-433014_doc_pdf.pdf
articles-433015_doc_pdf.pdf,detalle_partida_capitulo_pdf,pdf,127501,124.5,data/dipres_2027_oficial/articles-433015_doc_pdf.pdf
articles-433016_doc_pdf.pdf,detalle_partida_capitulo_pdf,pdf,134334,131.2,data/dipres_2027_oficial/articles-433016_doc_pdf.pdf
articles-433017_doc_pdf.pdf,detalle_partida_capitulo_pdf,pdf,138209,135.0,data/dipres_2027_oficial/articles-433017_doc_pdf.pdf
articles-433018_doc_pdf.pdf,detalle_partida_capitulo_pdf,pdf,127738,124.7,data/dipres_2027_oficial/articles-433018_doc_pdf.pdf
articles-433019_doc_pdf.pdf,detalle_partida_capitulo_pdf,pdf,126418,123.5,data/dipres_2027_oficial/articles-433019_doc_pdf.pdf
articles-433020_doc_pdf.pdf,detalle_partida_capitulo_pdf,pdf,128474,125.5,data/dipres_2027_oficial/articles-433020_doc_pdf.pdf
articles-433021_doc_pdf.pdf,detalle_partida_capitulo_pdf,pdf,128900,125.9,data/dipres_2027_oficial/articles-433021_doc_pdf.pdf
articles-433022_doc_pdf.pdf,detalle_partida_capitulo_pdf,pdf,129543,126.5,data/dipres_2027_oficial/articles-433022_doc_pdf.pdf
articles-433023_doc_pdf.pdf,detalle_partida_capitulo_pdf,pdf,127562,124.6,data/dipres_2027_oficial/articles-433023_doc_pdf.pdf
articles-433024_doc_pdf.pdf,detalle_partida_capitulo_pdf,pdf,126987,124.0,data/dipres_2027_oficial/articles-433024_doc_pdf.pdf
articles-433025_doc_pdf.pdf,detalle_partida_capitulo_pdf,pdf,126997,124.0,data/dipres_2027_oficial/articles-433025_doc_pdf.pdf
articles-433026_doc_pdf.pdf,detalle_partida_capitulo_pdf,pdf,126990,124.0,data/dipres_2027_oficial/articles-433026_doc_pdf.pdf
articles-433027_doc_pdf.pdf,detalle_partida_capitulo_pdf,pdf,126990,124.0,data/dipres_2027_oficial/articles-433027_doc_pdf.pdf
articles-433028_doc_pdf.pdf,detalle_partida_capitulo_pdf,pdf,127030,124.1,data/dipres_2027_oficial/articles-433028_doc_pdf.pdf
articles-433029_doc_pdf.pdf,detalle_partida_capitulo_pdf,pdf,127086,124.1,data/dipres_2027_oficial/articles-433029_doc_pdf.pdf
articles-433030_doc_pdf.pdf,detalle_partida_capitulo_pdf,pdf,127009,124.0,data/dipres_2027_oficial/articles-433030_doc_pdf.pdf
articles-433031_doc_pdf.pdf,detalle_partida_capitulo_pdf,pdf,127041,124.1,data/dipres_2027_oficial/articles-433031_doc_pdf.pdf
articles-433032_doc_pdf.pdf,detalle_partida_capitulo_pdf,pdf,127034,124.1,data/dipres_2027_oficial/articles-433032_doc_pdf.pdf
articles-433033_doc_pdf.pdf,detalle_partida_capitulo_pdf,pdf,126992,124.0,data/dipres_2027_oficial/articles-433033_doc_pdf.pdf
articles-433034_doc_pdf.pdf,detalle_partida_capitulo_pdf,pdf,127302,124.3,data/dipres_2027_oficial/articles-433034_doc_pdf.pdf
articles-433035_doc_pdf.pdf,detalle_partida_capitulo_pdf,pdf,127067,124.1,data/dipres_2027_oficial/articles-433035_doc_pdf.pdf
articles-433036_doc_pdf.pdf,detalle_partida_capitulo_pdf,pdf,127772,124.8,data/dipres_2027_oficial/articles-433036_doc_pdf.pdf
articles-433037_doc_pdf.pdf,detalle_partida_capitulo_pdf,pdf,127025,124.0,data/dipres_2027_oficial/articles-433037_doc_pdf.pdf
articles-433038_doc_pdf.pdf,detalle_partida_capitulo_pdf,pdf,127031,124.1,data/dipres_2027_oficial/articles-433038_doc_pdf.pdf
articles-433039_doc_pdf.pdf,detalle_partida_capitulo_pdf,pdf,127183,124.2,data/dipres_2027_oficial/articles-433039_doc_pdf.pdf
articles-433040_doc_pdf.pdf,detalle_partida_capitulo_pdf,pdf,129644,126.6,data/dipres_2027_oficial/articles-433040_doc_pdf.pdf
articles-433041_doc_pdf.pdf,detalle_partida_capitulo_pdf,pdf,126054,123.1,data/dipres_2027_oficial/articles-433041_doc_pdf.pdf
articles-433042_doc_pdf.pdf,detalle_partida_capitulo_pdf,pdf,123951,121.0,data/dipres_2027_oficial/articles-433042_doc_pdf.pdf
articles-433043_doc_pdf.pdf,detalle_partida_capitulo_pdf,pdf,129612,126.6,data/dipres_2027_oficial/articles-433043_doc_pdf.pdf
articles-433044_doc_pdf.pdf,detalle_partida_capitulo_pdf,pdf,82128,80.2,data/dipres_2027_oficial/articles-433044_doc_pdf.pdf
articles-433045_doc_pdf.pdf,detalle_partida_capitulo_pdf,pdf,130579,127.5,data/dipres_2027_oficial/articles-433045_doc_pdf.pdf
articles-433046_doc_pdf.pdf,detalle_partida_capitulo_pdf,pdf,124000,121.1,data/dipres_2027_oficial/articles-433046_doc_pdf.pdf
articles-433047_doc_pdf.pdf,detalle_partida_capitulo_pdf,pdf,128940,125.9,data/dipres_2027_oficial/articles-433047_doc_pdf.pdf
articles-433048_doc_pdf.pdf,detalle_partida_capitulo_pdf,pdf,128907,125.9,data/dipres_2027_oficial/articles-433048_doc_pdf.pdf
articles-433049_doc_pdf.pdf,detalle_partida_capitulo_pdf,pdf,123553,120.7,data/dipres_2027_oficial/articles-433049_doc_pdf.pdf
articles-433050_doc_pdf.pdf,detalle_partida_capitulo_pdf,pdf,128247,125.2,data/dipres_2027_oficial/articles-433050_doc_pdf.pdf
articles-433051_doc_pdf.pdf,detalle_partida_capitulo_pdf,pdf,132415,129.3,data/dipres_2027_oficial/articles-433051_doc_pdf.pdf
articles-433052_doc_pdf.pdf,detalle_partida_capitulo_pdf,pdf,132290,129.2,data/dipres_2027_oficial/articles-433052_doc_pdf.pdf
articles-433053_doc_pdf.pdf,detalle_partida_capitulo_pdf,pdf,134114,131.0,data/dipres_2027_oficial/articles-433053_doc_pdf.pdf
articles-433054_doc_pdf.pdf,detalle_partida_capitulo_pdf,pdf,84749,82.8,data/dipres_2027_oficial/articles-433054_doc_pdf.pdf
articles-433055_doc_pdf.pdf,detalle_partida_capitulo_pdf,pdf,130802,127.7,data/dipres_2027_oficial/articles-433055_doc_pdf.pdf
articles-433056_doc_pdf.pdf,detalle_partida_capitulo_pdf,pdf,129002,126.0,data/dipres_2027_oficial/articles-433056_doc_pdf.pdf
articles-433057_doc_pdf.pdf,detalle_partida_capitulo_pdf,pdf,130904,127.8,data/dipres_2027_oficial/articles-433057_doc_pdf.pdf
articles-433058_doc_pdf.pdf,detalle_partida_capitulo_pdf,pdf,128028,125.0,data/dipres_2027_oficial/articles-433058_doc_pdf.pdf
articles-433059_doc_pdf.pdf,detalle_partida_capitulo_pdf,pdf,127832,124.8,data/dipres_2027_oficial/articles-433059_doc_pdf.pdf
articles-433060_doc_pdf.pdf,detalle_partida_capitulo_pdf,pdf,132029,128.9,data/dipres_2027_oficial/articles-433060_doc_pdf.pdf
articles-433061_doc_pdf.pdf,detalle_partida_capitulo_pdf,pdf,118767,116.0,data/dipres_2027_oficial/articles-433061_doc_pdf.pdf
articles-433062_doc_pdf.pdf,detalle_partida_capitulo_pdf,pdf,128920,125.9,data/dipres_2027_oficial/articles-433062_doc_pdf.pdf
articles-433063_doc_pdf.pdf,detalle_partida_capitulo_pdf,pdf,125131,122.2,data/dipres_2027_oficial/articles-433063_doc_pdf.pdf
articles-433064_doc_pdf.pdf,detalle_partida_capitulo_pdf,pdf,130544,127.5,data/dipres_2027_oficial/articles-433064_doc_pdf.pdf
articles-433065_doc_pdf.pdf,detalle_partida_capitulo_pdf,pdf,126482,123.5,data/dipres_2027_oficial/articles-433065_doc_pdf.pdf
articles-433066_doc_pdf.pdf,detalle_partida_capitulo_pdf,pdf,126868,123.9,data/dipres_2027_oficial/articles-433066_doc_pdf.pdf
articles-433067_doc_pdf.pdf,detalle_partida_capitulo_pdf,pdf,147189,143.7,data/dipres_2027_oficial/articles-433067_doc_pdf.pdf
articles-433068_doc_pdf.pdf,detalle_partida_capitulo_pdf,pdf,130524,127.5,data/dipres_2027_oficial/articles-433068_doc_pdf.pdf
articles-433069_doc_pdf.pdf,detalle_partida_capitulo_pdf,pdf,141080,137.8,data/dipres_2027_oficial/articles-433069_doc_pdf.pdf
articles-433070_doc_pdf.pdf,detalle_partida_capitulo_pdf,pdf,130686,127.6,data/dipres_2027_oficial/articles-433070_doc_pdf.pdf
articles-433071_doc_pdf.pdf,detalle_partida_capitulo_pdf,pdf,128960,125.9,data/dipres_2027_oficial/articles-433071_doc_pdf.pdf
articles-433072_doc_pdf.pdf,detalle_partida_capitulo_pdf,pdf,81260,79.4,data/dipres_2027_oficial/articles-433072_doc_pdf.pdf
articles-433073_doc_pdf.pdf,detalle_partida_capitulo_pdf,pdf,81025,79.1,data/dipres_2027_oficial/articles-433073_doc_pdf.pdf
articles-433074_doc_pdf.pdf,detalle_partida_capitulo_pdf,pdf,81041,79.1,data/dipres_2027_oficial/articles-433074_doc_pdf.pdf
articles-433075_doc_pdf.pdf,detalle_partida_capitulo_pdf,pdf,81303,79.4,data/dipres_2027_oficial/articles-433075_doc_pdf.pdf
articles-433076_doc_pdf.pdf,detalle_partida_capitulo_pdf,pdf,81869,80.0,data/dipres_2027_oficial/articles-433076_doc_pdf.pdf
articles-433077_doc_pdf.pdf,detalle_partida_capitulo_pdf,pdf,81107,79.2,data/dipres_2027_oficial/articles-433077_doc_pdf.pdf
articles-433078_doc_pdf.pdf,detalle_partida_capitulo_pdf,pdf,81153,79.3,data/dipres_2027_oficial/articles-433078_doc_pdf.pdf
articles-433079_doc_pdf.pdf,detalle_partida_capitulo_pdf,pdf,81292,79.4,data/dipres_2027_oficial/articles-433079_doc_pdf.pdf
articles-433080_doc_pdf.pdf,detalle_partida_capitulo_pdf,pdf,81039,79.1,data/dipres_2027_oficial/articles-433080_doc_pdf.pdf
articles-433081_doc_pdf.pdf,detalle_partida_capitulo_pdf,pdf,80766,78.9,data/dipres_2027_oficial/articles-433081_doc_pdf.pdf
articles-433082_doc_pdf.pdf,detalle_partida_capitulo_pdf,pdf,81640,79.7,data/dipres_2027_oficial/articles-433082_doc_pdf.pdf
articles-433083_doc_pdf.pdf,detalle_partida_capitulo_pdf,pdf,81642,79.7,data/dipres_2027_oficial/articles-433083_doc_pdf.pdf
articles-433084_doc_pdf.pdf,detalle_partida_capitulo_pdf,pdf,81614,79.7,data/dipres_2027_oficial/articles-433084_doc_pdf.pdf
articles-433085_doc_pdf.pdf,detalle_partida_capitulo_pdf,pdf,80787,78.9,data/dipres_2027_oficial/articles-433085_doc_pdf.pdf
articles-433086_doc_pdf.pdf,detalle_partida_capitulo_pdf,pdf,81058,79.2,data/dipres_2027_oficial/articles-433086_doc_pdf.pdf
articles-433087_doc_pdf.pdf,detalle_partida_capitulo_pdf,pdf,81661,79.7,data/dipres_2027_oficial/articles-433087_doc_pdf.pdf
articles-433088_doc_pdf.pdf,detalle_partida_capitulo_pdf,pdf,137006,133.8,data/dipres_2027_oficial/articles-433088_doc_pdf.pdf
articles-433089_doc_pdf.pdf,detalle_partida_capitulo_pdf,pdf,134587,131.4,data/dipres_2027_oficial/articles-433089_doc_pdf.pdf
articles-433090_doc_pdf.pdf,detalle_partida_capitulo_pdf,pdf,130224,127.2,data/dipres_2027_oficial/articles-433090_doc_pdf.pdf
articles-433091_doc_pdf.pdf,detalle_partida_capitulo_pdf,pdf,125430,122.5,data/dipres_2027_oficial/articles-433091_doc_pdf.pdf
articles-433092_doc_pdf.pdf,detalle_partida_capitulo_pdf,pdf,123225,120.3,data/dipres_2027_oficial/articles-433092_doc_pdf.pdf
articles-433093_doc_pdf.pdf,detalle_partida_capitulo_pdf,pdf,77518,75.7,data/dipres_2027_oficial/articles-433093_doc_pdf.pdf
articles-433094_doc_pdf.pdf,detalle_partida_capitulo_pdf,pdf,82808,80.9,data/dipres_2027_oficial/articles-433094_doc_pdf.pdf
articles-433095_doc_pdf.pdf,detalle_partida_capitulo_pdf,pdf,79926,78.1,data/dipres_2027_oficial/articles-433095_doc_pdf.pdf
articles-433096_doc_pdf.pdf,detalle_partida_capitulo_pdf,pdf,80553,78.7,data/dipres_2027_oficial/articles-433096_doc_pdf.pdf
articles-433097_doc_pdf.pdf,detalle_partida_capitulo_pdf,pdf,80158,78.3,data/dipres_2027_oficial/articles-433097_doc_pdf.pdf
articles-433098_doc_pdf.pdf,detalle_partida_capitulo_pdf,pdf,79370,77.5,data/dipres_2027_oficial/articles-433098_doc_pdf.pdf
articles-433099_doc_pdf.pdf,detalle_partida_capitulo_pdf,pdf,83353,81.4,data/dipres_2027_oficial/articles-433099_doc_pdf.pdf
articles-433100_doc_pdf.pdf,detalle_partida_capitulo_pdf,pdf,80230,78.3,data/dipres_2027_oficial/articles-433100_doc_pdf.pdf
articles-433101_doc_pdf.pdf,detalle_partida_capitulo_pdf,pdf,83307,81.4,data/dipres_2027_oficial/articles-433101_doc_pdf.pdf
articles-433102_doc_pdf.pdf,detalle_partida_capitulo_pdf,pdf,80556,78.7,data/dipres_2027_oficial/articles-433102_doc_pdf.pdf
articles-433103_doc_pdf.pdf,detalle_partida_capitulo_pdf,pdf,79988,78.1,data/dipres_2027_oficial/articles-433103_doc_pdf.pdf
articles-433104_doc_pdf.pdf,detalle_partida_capitulo_pdf,pdf,76827,75.0,data/dipres_2027_oficial/articles-433104_doc_pdf.pdf
articles-433105_doc_pdf.pdf,detalle_partida_capitulo_pdf,pdf,77563,75.7,data/dipres_2027_oficial/articles-433105_doc_pdf.pdf
articles-433106_doc_pdf.pdf,detalle_partida_capitulo_pdf,pdf,80863,79.0,data/dipres_2027_oficial/articles-433106_doc_pdf.pdf
articles-433107_doc_pdf.pdf,detalle_partida_capitulo_pdf,pdf,88299,86.2,data/dipres_2027_oficial/articles-433107_doc_pdf.pdf
articles-433108_doc_pdf.pdf,detalle_partida_capitulo_pdf,pdf,82863,80.9,data/dipres_2027_oficial/articles-433108_doc_pdf.pdf
articles-433109_doc_pdf.pdf,detalle_partida_capitulo_pdf,pdf,87305,85.3,data/dipres_2027_oficial/articles-433109_doc_pdf.pdf
articles-433110_doc_pdf.pdf,detalle_partida_capitulo_pdf,pdf,91040,88.9,data/dipres_2027_oficial/articles-433110_doc_pdf.pdf
articles-433111_doc_pdf.pdf,detalle_partida_capitulo_pdf,pdf,80973,79.1,data/dipres_2027_oficial/articles-433111_doc_pdf.pdf
articles-433112_doc_pdf.pdf,detalle_partida_capitulo_pdf,pdf,90322,88.2,data/dipres_2027_oficial/articles-433112_doc_pdf.pdf
articles-433113_doc_pdf.pdf,detalle_partida_capitulo_pdf,pdf,80062,78.2,data/dipres_2027_oficial/articles-433113_doc_pdf.pdf
articles-433114_doc_pdf.pdf,detalle_partida_capitulo_pdf,pdf,79341,77.5,data/dipres_2027_oficial/articles-433114_doc_pdf.pdf
articles-433115_doc_pdf.pdf,detalle_partida_capitulo_pdf,pdf,81766,79.8,data/dipres_2027_oficial/articles-433115_doc_pdf.pdf
articles-433116_doc_pdf.pdf,detalle_partida_capitulo_pdf,pdf,79760,77.9,data/dipres_2027_oficial/articles-433116_doc_pdf.pdf
articles-433117_doc_pdf.pdf,detalle_partida_capitulo_pdf,pdf,84565,82.6,data/dipres_2027_oficial/articles-433117_doc_pdf.pdf
articles-433118_doc_pdf.pdf,detalle_partida_capitulo_pdf,pdf,79629,77.8,data/dipres_2027_oficial/articles-433118_doc_pdf.pdf
articles-433119_doc_pdf.pdf,detalle_partida_capitulo_pdf,pdf,79104,77.2,data/dipres_2027_oficial/articles-433119_doc_pdf.pdf
articles-433120_doc_pdf.pdf,detalle_partida_capitulo_pdf,pdf,86833,84.8,data/dipres_2027_oficial/articles-433120_doc_pdf.pdf
articles-433121_doc_pdf.pdf,detalle_partida_capitulo_pdf,pdf,92783,90.6,data/dipres_2027_oficial/articles-433121_doc_pdf.pdf
articles-433122_doc_pdf.pdf,detalle_partida_capitulo_pdf,pdf,84200,82.2,data/dipres_2027_oficial/articles-433122_doc_pdf.pdf
articles-433123_doc_pdf.pdf,detalle_partida_capitulo_pdf,pdf,81154,79.3,data/dipres_2027_oficial/articles-433123_doc_pdf.pdf
articles-433124_doc_pdf.pdf,detalle_partida_capitulo_pdf,pdf,79425,77.6,data/dipres_2027_oficial/articles-433124_doc_pdf.pdf
articles-433125_doc_pdf.pdf,detalle_partida_capitulo_pdf,pdf,80747,78.9,data/dipres_2027_oficial/articles-433125_doc_pdf.pdf
articles-433126_doc_pdf.pdf,detalle_partida_capitulo_pdf,pdf,78781,76.9,data/dipres_2027_oficial/articles-433126_doc_pdf.pdf
articles-433127_doc_pdf.pdf,detalle_partida_capitulo_pdf,pdf,79631,77.8,data/dipres_2027_oficial/articles-433127_doc_pdf.pdf
articles-433128_doc_pdf.pdf,detalle_partida_capitulo_pdf,pdf,80317,78.4,data/dipres_2027_oficial/articles-433128_doc_pdf.pdf
articles-433129_doc_pdf.pdf,detalle_partida_capitulo_pdf,pdf,79170,77.3,data/dipres_2027_oficial/articles-433129_doc_pdf.pdf
articles-433130_doc_pdf.pdf,detalle_partida_capitulo_pdf,pdf,77842,76.0,data/dipres_2027_oficial/articles-433130_doc_pdf.pdf
articles-433131_doc_pdf.pdf,detalle_partida_capitulo_pdf,pdf,77284,75.5,data/dipres_2027_oficial/articles-433131_doc_pdf.pdf
articles-433132_doc_pdf.pdf,detalle_partida_capitulo_pdf,pdf,80269,78.4,data/dipres_2027_oficial/articles-433132_doc_pdf.pdf
articles-433133_doc_pdf.pdf,detalle_partida_capitulo_pdf,pdf,91657,89.5,data/dipres_2027_oficial/articles-433133_doc_pdf.pdf
articles-433134_doc_pdf.pdf,detalle_partida_capitulo_pdf,pdf,79301,77.4,data/dipres_2027_oficial/articles-433134_doc_pdf.pdf
articles-433135_doc_pdf.pdf,detalle_partida_capitulo_pdf,pdf,79874,78.0,data/dipres_2027_oficial/articles-433135_doc_pdf.pdf
articles-433136_doc_pdf.pdf,detalle_partida_capitulo_pdf,pdf,85389,83.4,data/dipres_2027_oficial/articles-433136_doc_pdf.pdf
articles-433137_doc_pdf.pdf,detalle_partida_capitulo_pdf,pdf,84905,82.9,data/dipres_2027_oficial/articles-433137_doc_pdf.pdf
articles-433138_doc_pdf.pdf,detalle_partida_capitulo_pdf,pdf,79905,78.0,data/dipres_2027_oficial/articles-433138_doc_pdf.pdf
articles-433139_doc_pdf.pdf,detalle_partida_capitulo_pdf,pdf,77725,75.9,data/dipres_2027_oficial/articles-433139_doc_pdf.pdf
articles-433140_doc_pdf.pdf,detalle_partida_capitulo_pdf,pdf,80450,78.6,data/dipres_2027_oficial/articles-433140_doc_pdf.pdf
articles-433141_doc_pdf.pdf,detalle_partida_capitulo_pdf,pdf,83365,81.4,data/dipres_2027_oficial/articles-433141_doc_pdf.pdf
articles-433142_doc_pdf.pdf,detalle_partida_capitulo_pdf,pdf,80919,79.0,data/dipres_2027_oficial/articles-433142_doc_pdf.pdf
articles-433143_doc_pdf.pdf,detalle_partida_capitulo_pdf,pdf,83144,81.2,data/dipres_2027_oficial/articles-433143_doc_pdf.pdf
articles-433144_doc_pdf.pdf,detalle_partida_capitulo_pdf,pdf,81467,79.6,data/dipres_2027_oficial/articles-433144_doc_pdf.pdf
articles-433145_doc_pdf.pdf,detalle_partida_capitulo_pdf,pdf,79847,78.0,data/dipres_2027_oficial/articles-433145_doc_pdf.pdf
articles-433146_doc_pdf.pdf,detalle_partida_capitulo_pdf,pdf,78763,76.9,data/dipres_2027_oficial/articles-433146_doc_pdf.pdf
articles-433147_doc_pdf.pdf,detalle_partida_capitulo_pdf,pdf,83306,81.4,data/dipres_2027_oficial/articles-433147_doc_pdf.pdf
articles-433148_doc_pdf.pdf,detalle_partida_capitulo_pdf,pdf,77539,75.7,data/dipres_2027_oficial/articles-433148_doc_pdf.pdf
articles-433149_doc_pdf.pdf,detalle_partida_capitulo_pdf,pdf,84624,82.6,data/dipres_2027_oficial/articles-433149_doc_pdf.pdf
articles-433150_doc_pdf.pdf,detalle_partida_capitulo_pdf,pdf,81429,79.5,data/dipres_2027_oficial/articles-433150_doc_pdf.pdf
articles-433151_doc_pdf.pdf,detalle_partida_capitulo_pdf,pdf,76517,74.7,data/dipres_2027_oficial/articles-433151_doc_pdf.pdf
articles-433152_doc_pdf.pdf,detalle_partida_capitulo_pdf,pdf,82528,80.6,data/dipres_2027_oficial/articles-433152_doc_pdf.pdf
articles-433153_doc_pdf.pdf,detalle_partida_capitulo_pdf,pdf,83329,81.4,data/dipres_2027_oficial/articles-433153_doc_pdf.pdf
articles-433154_doc_pdf.pdf,detalle_partida_capitulo_pdf,pdf,82505,80.6,data/dipres_2027_oficial/articles-433154_doc_pdf.pdf
articles-433155_doc_pdf.pdf,detalle_partida_capitulo_pdf,pdf,83604,81.6,data/dipres_2027_oficial/articles-433155_doc_pdf.pdf
articles-433156_doc_pdf.pdf,detalle_partida_capitulo_pdf,pdf,84260,82.3,data/dipres_2027_oficial/articles-433156_doc_pdf.pdf
articles-433157_doc_pdf.pdf,detalle_partida_capitulo_pdf,pdf,82338,80.4,data/dipres_2027_oficial/articles-433157_doc_pdf.pdf
articles-433158_doc_pdf.pdf,detalle_partida_capitulo_pdf,pdf,83745,81.8,data/dipres_2027_oficial/articles-433158_doc_pdf.pdf
articles-433159_doc_pdf.pdf,detalle_partida_capitulo_pdf,pdf,83638,81.7,data/dipres_2027_oficial/articles-433159_doc_pdf.pdf
articles-433160_doc_pdf.pdf,detalle_partida_capitulo_pdf,pdf,86259,84.2,data/dipres_2027_oficial/articles-433160_doc_pdf.pdf
articles-433161_doc_pdf.pdf,detalle_partida_capitulo_pdf,pdf,83851,81.9,data/dipres_2027_oficial/articles-433161_doc_pdf.pdf
articles-433162_doc_pdf.pdf,detalle_partida_capitulo_pdf,pdf,83785,81.8,data/dipres_2027_oficial/articles-433162_doc_pdf.pdf
articles-433163_doc_pdf.pdf,detalle_partida_capitulo_pdf,pdf,83379,81.4,data/dipres_2027_oficial/articles-433163_doc_pdf.pdf
articles-433164_doc_pdf.pdf,detalle_partida_capitulo_pdf,pdf,82019,80.1,data/dipres_2027_oficial/articles-433164_doc_pdf.pdf
articles-433165_doc_pdf.pdf,detalle_partida_capitulo_pdf,pdf,82489,80.6,data/dipres_2027_oficial/articles-433165_doc_pdf.pdf
articles-433166_doc_pdf.pdf,detalle_partida_capitulo_pdf,pdf,79434,77.6,data/dipres_2027_oficial/articles-433166_doc_pdf.pdf
articles-433167_doc_pdf.pdf,detalle_partida_capitulo_pdf,pdf,83162,81.2,data/dipres_2027_oficial/articles-433167_doc_pdf.pdf
articles-433168_doc_pdf.pdf,detalle_partida_capitulo_pdf,pdf,82411,80.5,data/dipres_2027_oficial/articles-433168_doc_pdf.pdf
articles-433169_doc_pdf.pdf,detalle_partida_capitulo_pdf,pdf,84980,83.0,data/dipres_2027_oficial/articles-433169_doc_pdf.pdf
articles-433170_doc_pdf.pdf,detalle_partida_capitulo_pdf,pdf,81134,79.2,data/dipres_2027_oficial/articles-433170_doc_pdf.pdf
articles-433171_doc_pdf.pdf,detalle_partida_capitulo_pdf,pdf,85080,83.1,data/dipres_2027_oficial/articles-433171_doc_pdf.pdf
articles-433172_doc_pdf.pdf,detalle_partida_capitulo_pdf,pdf,78957,77.1,data/dipres_2027_oficial/articles-433172_doc_pdf.pdf
articles-433173_doc_pdf.pdf,detalle_partida_capitulo_pdf,pdf,78512,76.7,data/dipres_2027_oficial/articles-433173_doc_pdf.pdf
articles-433174_doc_pdf.pdf,detalle_partida_capitulo_pdf,pdf,79346,77.5,data/dipres_2027_oficial/articles-433174_doc_pdf.pdf
articles-433175_doc_pdf.pdf,detalle_partida_capitulo_pdf,pdf,87129,85.1,data/dipres_2027_oficial/articles-433175_doc_pdf.pdf
articles-433176_doc_pdf.pdf,detalle_partida_capitulo_pdf,pdf,77730,75.9,data/dipres_2027_oficial/articles-433176_doc_pdf.pdf
articles-433177_doc_pdf.pdf,detalle_partida_capitulo_pdf,pdf,84847,82.9,data/dipres_2027_oficial/articles-433177_doc_pdf.pdf
articles-433178_doc_pdf.pdf,detalle_partida_capitulo_pdf,pdf,79389,77.5,data/dipres_2027_oficial/articles-433178_doc_pdf.pdf
articles-433179_doc_pdf.pdf,detalle_partida_capitulo_pdf,pdf,83235,81.3,data/dipres_2027_oficial/articles-433179_doc_pdf.pdf
articles-433180_doc_pdf.pdf,detalle_partida_capitulo_pdf,pdf,79712,77.8,data/dipres_2027_oficial/articles-433180_doc_pdf.pdf
articles-433181_doc_pdf.pdf,detalle_partida_capitulo_pdf,pdf,76992,75.2,data/dipres_2027_oficial/articles-433181_doc_pdf.pdf
articles-433182_doc_pdf.pdf,detalle_partida_capitulo_pdf,pdf,80726,78.8,data/dipres_2027_oficial/articles-433182_doc_pdf.pdf
articles-433183_doc_pdf.pdf,detalle_partida_capitulo_pdf,pdf,88608,86.5,data/dipres_2027_oficial/articles-433183_doc_pdf.pdf
articles-433184_doc_pdf.pdf,detalle_partida_capitulo_pdf,pdf,79622,77.8,data/dipres_2027_oficial/articles-433184_doc_pdf.pdf
articles-433185_doc_pdf.pdf,detalle_partida_capitulo_pdf,pdf,87295,85.2,data/dipres_2027_oficial/articles-433185_doc_pdf.pdf
articles-433186_doc_pdf.pdf,detalle_partida_capitulo_pdf,pdf,85059,83.1,data/dipres_2027_oficial/articles-433186_doc_pdf.pdf
articles-433187_doc_pdf.pdf,detalle_partida_capitulo_pdf,pdf,82965,81.0,data/dipres_2027_oficial/articles-433187_doc_pdf.pdf
articles-433188_doc_pdf.pdf,detalle_partida_capitulo_pdf,pdf,80112,78.2,data/dipres_2027_oficial/articles-433188_doc_pdf.pdf
articles-433189_doc_pdf.pdf,detalle_partida_capitulo_pdf,pdf,79852,78.0,data/dipres_2027_oficial/articles-433189_doc_pdf.pdf
articles-433190_doc_pdf.pdf,detalle_partida_capitulo_pdf,pdf,82606,80.7,data/dipres_2027_oficial/articles-433190_doc_pdf.pdf
articles-433191_doc_pdf.pdf,detalle_partida_capitulo_pdf,pdf,78428,76.6,data/dipres_2027_oficial/articles-433191_doc_pdf.pdf
articles-433192_doc_pdf.pdf,detalle_partida_capitulo_pdf,pdf,83165,81.2,data/dipres_2027_oficial/articles-433192_doc_pdf.pdf
articles-433193_doc_pdf.pdf,detalle_partida_capitulo_pdf,pdf,79888,78.0,data/dipres_2027_oficial/articles-433193_doc_pdf.pdf
articles-433194_doc_pdf.pdf,detalle_partida_capitulo_pdf,pdf,79484,77.6,data/dipres_2027_oficial/articles-433194_doc_pdf.pdf
articles-433195_doc_pdf.pdf,detalle_partida_capitulo_pdf,pdf,80618,78.7,data/dipres_2027_oficial/articles-433195_doc_pdf.pdf
articles-433196_doc_pdf.pdf,detalle_partida_capitulo_pdf,pdf,83672,81.7,data/dipres_2027_oficial/articles-433196_doc_pdf.pdf
articles-433197_doc_pdf.pdf,detalle_partida_capitulo_pdf,pdf,85143,83.1,data/dipres_2027_oficial/articles-433197_doc_pdf.pdf
articles-433198_doc_pdf.pdf,detalle_partida_capitulo_pdf,pdf,83550,81.6,data/dipres_2027_oficial/articles-433198_doc_pdf.pdf
articles-433199_doc_pdf.pdf,detalle_partida_capitulo_pdf,pdf,79963,78.1,data/dipres_2027_oficial/articles-433199_doc_pdf.pdf
articles-433200_doc_pdf.pdf,detalle_partida_capitulo_pdf,pdf,84486,82.5,data/dipres_2027_oficial/articles-433200_doc_pdf.pdf
articles-433201_doc_pdf.pdf,detalle_partida_capitulo_pdf,pdf,83430,81.5,data/dipres_2027_oficial/articles-433201_doc_pdf.pdf
articles-433202_doc_pdf.pdf,detalle_partida_capitulo_pdf,pdf,90376,88.3,data/dipres_2027_oficial/articles-433202_doc_pdf.pdf
articles-433203_doc_pdf.pdf,detalle_partida_capitulo_pdf,pdf,83463,81.5,data/dipres_2027_oficial/articles-433203_doc_pdf.pdf
articles-433204_doc_pdf.pdf,detalle_partida_capitulo_pdf,pdf,85125,83.1,data/dipres_2027_oficial/articles-433204_doc_pdf.pdf
articles-433205_doc_pdf.pdf,detalle_partida_capitulo_pdf,pdf,84173,82.2,data/dipres_2027_oficial/articles-433205_doc_pdf.pdf
articles-433206_doc_pdf.pdf,detalle_partida_capitulo_pdf,pdf,87125,85.1,data/dipres_2027_oficial/articles-433206_doc_pdf.pdf
articles-433207_doc_pdf.pdf,detalle_partida_capitulo_pdf,pdf,78790,76.9,data/dipres_2027_oficial/articles-433207_doc_pdf.pdf
articles-433208_doc_pdf.pdf,detalle_partida_capitulo_pdf,pdf,79175,77.3,data/dipres_2027_oficial/articles-433208_doc_pdf.pdf
articles-433209_doc_pdf.pdf,detalle_partida_capitulo_pdf,pdf,82808,80.9,data/dipres_2027_oficial/articles-433209_doc_pdf.pdf
articles-433210_doc_pdf.pdf,detalle_partida_capitulo_pdf,pdf,83756,81.8,data/dipres_2027_oficial/articles-433210_doc_pdf.pdf
articles-433211_doc_pdf.pdf,detalle_partida_capitulo_pdf,pdf,80484,78.6,data/dipres_2027_oficial/articles-433211_doc_pdf.pdf
articles-433212_doc_pdf.pdf,detalle_partida_capitulo_pdf,pdf,83462,81.5,data/dipres_2027_oficial/articles-433212_doc_pdf.pdf
articles-433213_doc_pdf.pdf,detalle_partida_capitulo_pdf,pdf,83183,81.2,data/dipres_2027_oficial/articles-433213_doc_pdf.pdf
articles-433214_doc_pdf.pdf,detalle_partida_capitulo_pdf,pdf,87213,85.2,data/dipres_2027_oficial/articles-433214_doc_pdf.pdf
articles-433215_doc_pdf.pdf,detalle_partida_capitulo_pdf,pdf,84699,82.7,data/dipres_2027_oficial/articles-433215_doc_pdf.pdf
articles-433216_doc_pdf.pdf,detalle_partida_capitulo_pdf,pdf,81326,79.4,data/dipres_2027_oficial/articles-433216_doc_pdf.pdf
articles-433217_doc_pdf.pdf,detalle_partida_capitulo_pdf,pdf,79237,77.4,data/dipres_2027_oficial/articles-433217_doc_pdf.pdf
articles-433218_doc_pdf.pdf,detalle_partida_capitulo_pdf,pdf,83350,81.4,data/dipres_2027_oficial/articles-433218_doc_pdf.pdf
articles-433219_doc_pdf.pdf,detalle_partida_capitulo_pdf,pdf,85444,83.4,data/dipres_2027_oficial/articles-433219_doc_pdf.pdf
articles-433220_doc_pdf.pdf,detalle_partida_capitulo_pdf,pdf,85280,83.3,data/dipres_2027_oficial/articles-433220_doc_pdf.pdf
articles-433221_doc_pdf.pdf,detalle_partida_capitulo_pdf,pdf,83882,81.9,data/dipres_2027_oficial/articles-433221_doc_pdf.pdf
articles-433222_doc_pdf.pdf,detalle_partida_capitulo_pdf,pdf,79327,77.5,data/dipres_2027_oficial/articles-433222_doc_pdf.pdf
articles-433223_doc_pdf.pdf,detalle_partida_capitulo_pdf,pdf,94374,92.2,data/dipres_2027_oficial/articles-433223_doc_pdf.pdf
articles-433224_doc_pdf.pdf,detalle_partida_capitulo_pdf,pdf,87364,85.3,data/dipres_2027_oficial/articles-433224_doc_pdf.pdf
articles-433225_doc_pdf.pdf,detalle_partida_capitulo_pdf,pdf,81429,79.5,data/dipres_2027_oficial/articles-433225_doc_pdf.pdf
articles-433226_doc_pdf.pdf,detalle_partida_capitulo_pdf,pdf,81486,79.6,data/dipres_2027_oficial/articles-433226_doc_pdf.pdf
articles-433227_doc_pdf.pdf,detalle_partida_capitulo_pdf,pdf,87111,85.1,data/dipres_2027_oficial/articles-433227_doc_pdf.pdf
articles-433228_doc_pdf.pdf,detalle_partida_capitulo_pdf,pdf,78568,76.7,data/dipres_2027_oficial/articles-433228_doc_pdf.pdf
articles-433229_doc_pdf.pdf,detalle_partida_capitulo_pdf,pdf,77482,75.7,data/dipres_2027_oficial/articles-433229_doc_pdf.pdf
articles-433230_doc_pdf.pdf,detalle_partida_capitulo_pdf,pdf,79517,77.7,data/dipres_2027_oficial/articles-433230_doc_pdf.pdf
articles-433231_doc_pdf.pdf,detalle_partida_capitulo_pdf,pdf,77218,75.4,data/dipres_2027_oficial/articles-433231_doc_pdf.pdf
articles-433232_doc_pdf.pdf,detalle_partida_capitulo_pdf,pdf,77472,75.7,data/dipres_2027_oficial/articles-433232_doc_pdf.pdf
articles-433233_doc_pdf.pdf,detalle_partida_capitulo_pdf,pdf,78552,76.7,data/dipres_2027_oficial/articles-433233_doc_pdf.pdf
articles-433234_doc_pdf.pdf,detalle_partida_capitulo_pdf,pdf,78580,76.7,data/dipres_2027_oficial/articles-433234_doc_pdf.pdf
articles-433235_doc_pdf.pdf,detalle_partida_capitulo_pdf,pdf,78591,76.7,data/dipres_2027_oficial/articles-433235_doc_pdf.pdf
articles-433236_doc_pdf.pdf,detalle_partida_capitulo_pdf,pdf,78545,76.7,data/dipres_2027_oficial/articles-433236_doc_pdf.pdf
articles-433237_doc_pdf.pdf,detalle_partida_capitulo_pdf,pdf,78558,76.7,data/dipres_2027_oficial/articles-433237_doc_pdf.pdf
articles-433238_doc_pdf.pdf,detalle_partida_capitulo_pdf,pdf,78596,76.8,data/dipres_2027_oficial/articles-433238_doc_pdf.pdf
articles-433239_doc_pdf.pdf,detalle_partida_capitulo_pdf,pdf,78555,76.7,data/dipres_2027_oficial/articles-433239_doc_pdf.pdf
articles-433240_doc_pdf.pdf,detalle_partida_capitulo_pdf,pdf,77285,75.5,data/dipres_2027_oficial/articles-433240_doc_pdf.pdf
articles-433241_doc_pdf.pdf,detalle_partida_capitulo_pdf,pdf,77985,76.2,data/dipres_2027_oficial/articles-433241_doc_pdf.pdf
articles-433242_doc_pdf.pdf,detalle_partida_capitulo_pdf,pdf,78563,76.7,data/dipres_2027_oficial/articles-433242_doc_pdf.pdf
articles-433243_doc_pdf.pdf,detalle_partida_capitulo_pdf,pdf,77225,75.4,data/dipres_2027_oficial/articles-433243_doc_pdf.pdf
articles-433244_doc_pdf.pdf,detalle_partida_capitulo_pdf,pdf,77303,75.5,data/dipres_2027_oficial/articles-433244_doc_pdf.pdf
articles-433245_doc_pdf.pdf,detalle_partida_capitulo_pdf,pdf,78530,76.7,data/dipres_2027_oficial/articles-433245_doc_pdf.pdf
articles-433246_doc_pdf.pdf,detalle_partida_capitulo_pdf,pdf,89179,87.1,data/dipres_2027_oficial/articles-433246_doc_pdf.pdf
articles-433247_doc_pdf.pdf,detalle_partida_capitulo_pdf,pdf,77277,75.5,data/dipres_2027_oficial/articles-433247_doc_pdf.pdf
articles-433248_doc_pdf.pdf,detalle_partida_capitulo_pdf,pdf,81347,79.4,data/dipres_2027_oficial/articles-433248_doc_pdf.pdf
articles-433249_doc_pdf.pdf,detalle_partida_capitulo_pdf,pdf,90932,88.8,data/dipres_2027_oficial/articles-433249_doc_pdf.pdf
articles-433250_doc_pdf.pdf,detalle_partida_capitulo_pdf,pdf,89151,87.1,data/dipres_2027_oficial/articles-433250_doc_pdf.pdf
articles-433251_doc_pdf.pdf,detalle_partida_capitulo_pdf,pdf,85366,83.4,data/dipres_2027_oficial/articles-433251_doc_pdf.pdf
articles-433252_doc_pdf.pdf,detalle_partida_capitulo_pdf,pdf,85901,83.9,data/dipres_2027_oficial/articles-433252_doc_pdf.pdf
articles-433253_doc_pdf.pdf,detalle_partida_capitulo_pdf,pdf,78026,76.2,data/dipres_2027_oficial/articles-433253_doc_pdf.pdf
articles-433254_doc_pdf.pdf,detalle_partida_capitulo_pdf,pdf,80592,78.7,data/dipres_2027_oficial/articles-433254_doc_pdf.pdf
articles-433255_doc_pdf.pdf,detalle_partida_capitulo_pdf,pdf,79439,77.6,data/dipres_2027_oficial/articles-433255_doc_pdf.pdf
articles-433256_doc_pdf.pdf,detalle_partida_capitulo_pdf,pdf,78677,76.8,data/dipres_2027_oficial/articles-433256_doc_pdf.pdf
articles-433257_doc_pdf.pdf,detalle_partida_capitulo_pdf,pdf,90705,88.6,data/dipres_2027_oficial/articles-433257_doc_pdf.pdf
articles-433258_doc_pdf.pdf,detalle_partida_capitulo_pdf,pdf,83926,82.0,data/dipres_2027_oficial/articles-433258_doc_pdf.pdf
articles-433259_doc_pdf.pdf,detalle_partida_capitulo_pdf,pdf,77386,75.6,data/dipres_2027_oficial/articles-433259_doc_pdf.pdf
articles-433260_doc_pdf.pdf,detalle_partida_capitulo_pdf,pdf,78924,77.1,data/dipres_2027_oficial/articles-433260_doc_pdf.pdf
articles-433261_doc_pdf.pdf,detalle_partida_capitulo_pdf,pdf,92961,90.8,data/dipres_2027_oficial/articles-433261_doc_pdf.pdf
articles-433262_doc_pdf.pdf,detalle_partida_capitulo_pdf,pdf,79254,77.4,data/dipres_2027_oficial/articles-433262_doc_pdf.pdf
articles-433263_doc_pdf.pdf,detalle_partida_capitulo_pdf,pdf,84684,82.7,data/dipres_2027_oficial/articles-433263_doc_pdf.pdf
articles-433264_doc_pdf.pdf,detalle_partida_capitulo_pdf,pdf,82089,80.2,data/dipres_2027_oficial/articles-433264_doc_pdf.pdf
articles-433265_doc_pdf.pdf,detalle_partida_capitulo_pdf,pdf,82939,81.0,data/dipres_2027_oficial/articles-433265_doc_pdf.pdf
articles-433266_doc_pdf.pdf,detalle_partida_capitulo_pdf,pdf,87105,85.1,data/dipres_2027_oficial/articles-433266_doc_pdf.pdf
articles-433267_doc_pdf.pdf,detalle_partida_capitulo_pdf,pdf,78863,77.0,data/dipres_2027_oficial/articles-433267_doc_pdf.pdf
articles-433268_doc_pdf.pdf,detalle_partida_capitulo_pdf,pdf,83717,81.8,data/dipres_2027_oficial/articles-433268_doc_pdf.pdf
articles-433269_doc_pdf.pdf,detalle_partida_capitulo_pdf,pdf,88325,86.3,data/dipres_2027_oficial/articles-433269_doc_pdf.pdf
articles-433270_doc_pdf.pdf,detalle_partida_capitulo_pdf,pdf,83789,81.8,data/dipres_2027_oficial/articles-433270_doc_pdf.pdf
articles-433271_doc_pdf.pdf,detalle_partida_capitulo_pdf,pdf,81786,79.9,data/dipres_2027_oficial/articles-433271_doc_pdf.pdf
articles-433272_doc_pdf.pdf,detalle_partida_capitulo_pdf,pdf,87574,85.5,data/dipres_2027_oficial/articles-433272_doc_pdf.pdf
articles-433273_doc_pdf.pdf,detalle_partida_capitulo_pdf,pdf,95122,92.9,data/dipres_2027_oficial/articles-433273_doc_pdf.pdf
articles-433274_doc_pdf.pdf,detalle_partida_capitulo_pdf,pdf,89238,87.1,data/dipres_2027_oficial/articles-433274_doc_pdf.pdf
articles-433275_doc_pdf.pdf,detalle_partida_capitulo_pdf,pdf,84223,82.2,data/dipres_2027_oficial/articles-433275_doc_pdf.pdf
articles-433276_doc_pdf.pdf,detalle_partida_capitulo_pdf,pdf,85152,83.2,data/dipres_2027_oficial/articles-433276_doc_pdf.pdf
articles-433277_doc_pdf.pdf,detalle_partida_capitulo_pdf,pdf,84185,82.2,data/dipres_2027_oficial/articles-433277_doc_pdf.pdf
articles-433278_doc_pdf.pdf,detalle_partida_capitulo_pdf,pdf,78802,77.0,data/dipres_2027_oficial/articles-433278_doc_pdf.pdf
articles-433279_doc_pdf.pdf,detalle_partida_capitulo_pdf,pdf,76935,75.1,data/dipres_2027_oficial/articles-433279_doc_pdf.pdf
articles-433280_doc_pdf.pdf,detalle_partida_capitulo_pdf,pdf,81402,79.5,data/dipres_2027_oficial/articles-433280_doc_pdf.pdf
articles-433281_doc_pdf.pdf,detalle_partida_capitulo_pdf,pdf,76486,74.7,data/dipres_2027_oficial/articles-433281_doc_pdf.pdf
articles-433282_doc_pdf.pdf,detalle_partida_capitulo_pdf,pdf,77849,76.0,data/dipres_2027_oficial/articles-433282_doc_pdf.pdf
articles-433283_doc_pdf.pdf,detalle_partida_capitulo_pdf,pdf,78138,76.3,data/dipres_2027_oficial/articles-433283_doc_pdf.pdf
articles-433284_doc_pdf.pdf,detalle_partida_capitulo_pdf,pdf,76948,75.1,data/dipres_2027_oficial/articles-433284_doc_pdf.pdf
articles-433285_doc_pdf.pdf,detalle_partida_capitulo_pdf,pdf,78000,76.2,data/dipres_2027_oficial/articles-433285_doc_pdf.pdf
articles-433286_doc_pdf.pdf,detalle_partida_capitulo_pdf,pdf,79660,77.8,data/dipres_2027_oficial/articles-433286_doc_pdf.pdf
articles-433287_doc_pdf.pdf,detalle_partida_capitulo_pdf,pdf,84634,82.7,data/dipres_2027_oficial/articles-433287_doc_pdf.pdf
articles-433288_doc_pdf.pdf,detalle_partida_capitulo_pdf,pdf,76349,74.6,data/dipres_2027_oficial/articles-433288_doc_pdf.pdf
articles-433289_doc_pdf.pdf,detalle_partida_capitulo_pdf,pdf,77674,75.9,data/dipres_2027_oficial/articles-433289_doc_pdf.pdf
articles-433290_doc_pdf.pdf,detalle_partida_capitulo_pdf,pdf,78896,77.0,data/dipres_2027_oficial/articles-433290_doc_pdf.pdf
articles-433291_doc_pdf.pdf,detalle_partida_capitulo_pdf,pdf,77792,76.0,data/dipres_2027_oficial/articles-433291_doc_pdf.pdf
articles-433292_doc_pdf.pdf,detalle_partida_capitulo_pdf,pdf,77865,76.0,data/dipres_2027_oficial/articles-433292_doc_pdf.pdf
articles-433293_doc_pdf.pdf,detalle_partida_capitulo_pdf,pdf,78910,77.1,data/dipres_2027_oficial/articles-433293_doc_pdf.pdf
articles-433294_doc_pdf.pdf,detalle_partida_capitulo_pdf,pdf,87912,85.9,data/dipres_2027_oficial/articles-433294_doc_pdf.pdf
articles-433295_doc_pdf.pdf,detalle_partida_capitulo_pdf,pdf,85271,83.3,data/dipres_2027_oficial/articles-433295_doc_pdf.pdf
articles-433296_doc_pdf.pdf,detalle_partida_capitulo_pdf,pdf,87964,85.9,data/dipres_2027_oficial/articles-433296_doc_pdf.pdf
articles-433297_doc_pdf.pdf,informe_finanzas_publicas_ifp,pdf,2227909,2175.7,data/dipres_2027_oficial/articles-433297_doc_pdf.pdf
articles-433300_doc_pdf.pdf,folleto_prioridades,pdf,5014581,4897.1,data/dipres_2027_oficial/articles-433300_doc_pdf.pdf
articles-433301_doc_pdf.pdf,oferta_programatica,pdf,359606,351.2,data/dipres_2027_oficial/articles-433301_doc_pdf.pdf
articles-433302_doc_pdf.pdf,oferta_programatica,pdf,1797602,1755.5,data/dipres_2027_oficial/articles-433302_doc_pdf.pdf
desktop.ini,general,ini,106,0.1,data/dipres_2027_oficial/desktop.ini
