partida_id,partida_nombre,programa_nombre,subtitulo_id,subtitulo_nombre,monto_aprobado_2026,monto_vigente_2026,monto_proyecto_2027,delta_nominal_26_27,var_nominal_pct,var_real_pct
9,MINISTERIO DE EDUCACIÓN,SUBVENCIONES A LOS ESTABLECIMIENTOS EDUCACIONALES,24,TRANSFERENCIAS CORRIENTES,26810001876.0,27047032680.0,0.0,-26810001876.0,-100.0,-103.8
9,MINISTERIO DE EDUCACIÓN,EDUCACIÓN SUPERIOR,24,TRANSFERENCIAS CORRIENTES,9494700840.0,9325340004.0,0.0,-9494700840.0,-100.0,-103.8
9,MINISTERIO DE EDUCACIÓN,TRANSFERENCIAS DE SUBVENCIONES,24,TRANSFERENCIAS CORRIENTES,5999649363.0,6108565611.0,0.0,-5999649363.0,-100.0,-103.8
9,MINISTERIO DE EDUCACIÓN,JUNTA NACIONAL DE AUXILIO ESCOLAR Y BECAS,24,TRANSFERENCIAS CORRIENTES,3442264587.0,3439182087.0,0.0,-3442264587.0,-100.0,-103.8
9,MINISTERIO DE EDUCACIÓN,BECAS Y ASISTENCIALIDAD ESTUDIANTIL,24,TRANSFERENCIAS CORRIENTES,1392965625.0,1384348125.0,0.0,-1392965625.0,-100.0,-103.8
9,MINISTERIO DE EDUCACIÓN,SUBSECRETARÍA DE EDUCACIÓN PARVULARIA,24,TRANSFERENCIAS CORRIENTES,1222216248.0,1216126248.0,0.0,-1222216248.0,-100.0,-103.8
9,MINISTERIO DE EDUCACIÓN,FORTALECIMIENTO DE LA EDUCACIÓN ESCOLAR PÚBLICA,24,TRANSFERENCIAS CORRIENTES,1050824370.0,1066287564.0,0.0,-1050824370.0,-100.0,-103.8
9,MINISTERIO DE EDUCACIÓN,FORTALECIMIENTO DE LA EDUCACIÓN SUPERIOR PÚBLICA,24,TRANSFERENCIAS CORRIENTES,989680329.0,966901329.0,0.0,-989680329.0,-100.0,-103.8
9,MINISTERIO DE EDUCACIÓN,EDUCACIÓN SUPERIOR,30,ADQUISICIÓN DE ACTIVOS FINANCIEROS,987344548.0,987344548.0,0.0,-987344548.0,-100.0,-103.8
9,MINISTERIO DE EDUCACIÓN,JUNTA NACIONAL DE JARDINES INFANTILES,24,TRANSFERENCIAS CORRIENTES,949401288.0,952395129.0,0.0,-949401288.0,-100.0,-103.8
9,MINISTERIO DE EDUCACIÓN,EDUCACIÓN SUPERIOR,34,SERVICIO DE LA DEUDA,840179362.0,1395111822.0,0.0,-840179362.0,-100.0,-103.8
9,MINISTERIO DE EDUCACIÓN,TRANSFERENCIAS DE DIRECCIÓN DE EDUCACIÓN PÚBLICA,24,TRANSFERENCIAS CORRIENTES,800357976.0,807549810.0,0.0,-800357976.0,-100.0,-103.8
31,FINANCIAMIENTO GOBIERNOS REGIONALES,GOBIERNO REGIONAL REGIÓN METROPOLITANA DE SANTIAGO,33,TRANSFERENCIAS DE CAPITAL,590217225.0,564846606.0,0.0,-590217225.0,-100.0,-103.8
31,FINANCIAMIENTO GOBIERNOS REGIONALES,GOBIERNO REGIONAL REGIÓN DE LA ARAUCANÍA,33,TRANSFERENCIAS DE CAPITAL,540835125.0,528506004.0,0.0,-540835125.0,-100.0,-103.8
9,MINISTERIO DE EDUCACIÓN,TRANSFERENCIAS DE JUNJI,24,TRANSFERENCIAS CORRIENTES,382581702.0,390522204.0,0.0,-382581702.0,-100.0,-103.8
9,MINISTERIO DE EDUCACIÓN,FORTALECIMIENTO DE LA EDUCACIÓN ESCOLAR PÚBLICA,33,TRANSFERENCIAS DE CAPITAL,361800780.0,275856000.0,0.0,-361800780.0,-100.0,-103.8
31,FINANCIAMIENTO GOBIERNOS REGIONALES,GOBIERNO REGIONAL REGIÓN DEL MAULE,33,TRANSFERENCIAS DE CAPITAL,356724069.0,338078733.0,0.0,-356724069.0,-100.0,-103.8
31,FINANCIAMIENTO GOBIERNOS REGIONALES,GOBIERNO REGIONAL REGIÓN DE ANTOFAGASTA,33,TRANSFERENCIAS DE CAPITAL,356624298.0,334375524.0,0.0,-356624298.0,-100.0,-103.8
31,FINANCIAMIENTO GOBIERNOS REGIONALES,GOBIERNO REGIONAL REGIÓN DEL BIOBÍO,33,TRANSFERENCIAS DE CAPITAL,353854716.0,331655847.0,0.0,-353854716.0,-100.0,-103.8
31,FINANCIAMIENTO GOBIERNOS REGIONALES,GOBIERNO REGIONAL REGIÓN DE LOS LAGOS,33,TRANSFERENCIAS DE CAPITAL,343725324.0,385318896.0,0.0,-343725324.0,-100.0,-103.8
31,FINANCIAMIENTO GOBIERNOS REGIONALES,GOBIERNO REGIONAL REGIÓN DE VALPARAÍSO,33,TRANSFERENCIAS DE CAPITAL,311503965.0,296223987.0,0.0,-311503965.0,-100.0,-103.8
31,FINANCIAMIENTO GOBIERNOS REGIONALES,GOBIERNO REGIONAL REGIÓN DE COQUIMBO,33,TRANSFERENCIAS DE CAPITAL,292924020.0,272979366.0,0.0,-292924020.0,-100.0,-103.8
31,FINANCIAMIENTO GOBIERNOS REGIONALES,GOBIERNO REGIONAL REGIÓN DE ATACAMA,33,TRANSFERENCIAS DE CAPITAL,275061888.0,259046943.0,0.0,-275061888.0,-100.0,-103.8
29,"MINISTERIO DE LAS CULTURAS, LAS ARTES Y EL PATRIMONIO",FONDOS CULTURALES Y ARTÍSTICOS,24,TRANSFERENCIAS CORRIENTES,270210336.0,234368352.0,0.0,-270210336.0,-100.0,-103.8
31,FINANCIAMIENTO GOBIERNOS REGIONALES,GOBIERNO REGIONAL REGIÓN DEL LIBERTADOR GENERAL BERNARDO O'HIGGINS,33,TRANSFERENCIAS DE CAPITAL,268535163.0,258288573.0,0.0,-268535163.0,-100.0,-103.8
9,MINISTERIO DE EDUCACIÓN,JUNTA NACIONAL DE JARDINES INFANTILES,21,GASTOS EN PERSONAL,260596403.0,259011260.0,0.0,-260596403.0,-100.0,-103.8
31,FINANCIAMIENTO GOBIERNOS REGIONALES,GOBIERNO REGIONAL REGIÓN DE ÑUBLE,33,TRANSFERENCIAS DE CAPITAL,257256993.0,267300183.0,0.0,-257256993.0,-100.0,-103.8
31,FINANCIAMIENTO GOBIERNOS REGIONALES,GOBIERNO REGIONAL REGIÓN DE MAGALLANES Y DE LA ANTÁRTICA CHILENA,33,TRANSFERENCIAS DE CAPITAL,247975566.0,326264010.0,0.0,-247975566.0,-100.0,-103.8
31,FINANCIAMIENTO GOBIERNOS REGIONALES,GOBIERNO REGIONAL REGIÓN DE AYSÉN DEL GENERAL CARLOS IBÁÑEZ DEL CAMPO,33,TRANSFERENCIAS DE CAPITAL,245600178.0,258337593.0,0.0,-245600178.0,-100.0,-103.8
31,FINANCIAMIENTO GOBIERNOS REGIONALES,ASOCIATIVIDAD Y PLANES ESPECIALES,33,TRANSFERENCIAS DE CAPITAL,241856799.0,66239922.0,0.0,-241856799.0,-100.0,-103.8
31,FINANCIAMIENTO GOBIERNOS REGIONALES,GOBIERNO REGIONAL REGIÓN DE LOS RÍOS,33,TRANSFERENCIAS DE CAPITAL,233695932.0,215582826.0,0.0,-233695932.0,-100.0,-103.8
31,FINANCIAMIENTO GOBIERNOS REGIONALES,GOBIERNO REGIONAL REGIÓN DE TARAPACÁ,33,TRANSFERENCIAS DE CAPITAL,226546635.0,214922967.0,0.0,-226546635.0,-100.0,-103.8
9,MINISTERIO DE EDUCACIÓN,SUBSECRETARÍA DE EDUCACIÓN,24,TRANSFERENCIAS CORRIENTES,180223842.0,235063917.0,0.0,-180223842.0,-100.0,-103.8
31,FINANCIAMIENTO GOBIERNOS REGIONALES,GOBIERNO REGIONAL REGIÓN DE ARICA Y PARINACOTA,33,TRANSFERENCIAS DE CAPITAL,170587584.0,178269606.0,0.0,-170587584.0,-100.0,-103.8
29,"MINISTERIO DE LAS CULTURAS, LAS ARTES Y EL PATRIMONIO",SUBSECRETARÍA DE LAS CULTURAS Y LAS ARTES,24,TRANSFERENCIAS CORRIENTES,161950191.0,130494294.0,0.0,-161950191.0,-100.0,-103.8
9,MINISTERIO DE EDUCACIÓN,RECURSOS EDUCATIVOS,24,TRANSFERENCIAS CORRIENTES,157166769.0,152033769.0,0.0,-157166769.0,-100.0,-103.8
9,MINISTERIO DE EDUCACIÓN,TRANSFERENCIAS DE DIRECCIÓN DE EDUCACIÓN PÚBLICA,33,TRANSFERENCIAS DE CAPITAL,155716047.0,111916047.0,0.0,-155716047.0,-100.0,-103.8
9,MINISTERIO DE EDUCACIÓN,FORTALECIMIENTO DE LA EDUCACIÓN SUPERIOR PÚBLICA,33,TRANSFERENCIAS DE CAPITAL,147238965.0,145738965.0,0.0,-147238965.0,-100.0,-103.8
9,MINISTERIO DE EDUCACIÓN,SALUD ESCOLAR,24,TRANSFERENCIAS CORRIENTES,126699159.0,120501213.0,0.0,-126699159.0,-100.0,-103.8
29,"MINISTERIO DE LAS CULTURAS, LAS ARTES Y EL PATRIMONIO",INSTITUCIONES COLABORADORAS EN EL ACCESO AL ARTE Y LA CULTURA,24,TRANSFERENCIAS CORRIENTES,119072679.0,111718815.0,0.0,-119072679.0,-100.0,-103.8
9,MINISTERIO DE EDUCACIÓN,MEJORAMIENTO DE LA CALIDAD DE LA EDUCACIÓN,24,TRANSFERENCIAS CORRIENTES,112758519.0,105399519.0,0.0,-112758519.0,-100.0,-103.8
9,MINISTERIO DE EDUCACIÓN,SUBSECRETARÍA DE EDUCACIÓN,21,GASTOS EN PERSONAL,110714979.0,110214979.0,0.0,-110714979.0,-100.0,-103.8
9,MINISTERIO DE EDUCACIÓN,BECAS Y ASISTENCIALIDAD ESTUDIANTIL,33,TRANSFERENCIAS DE CAPITAL,104388282.0,104388282.0,0.0,-104388282.0,-100.0,-103.8
29,"MINISTERIO DE LAS CULTURAS, LAS ARTES Y EL PATRIMONIO",SERVICIO NACIONAL DEL PATRIMONIO CULTURAL,31,INICIATIVAS DE INVERSIÓN,103534426.0,83098768.0,0.0,-103534426.0,-100.0,-103.8
9,MINISTERIO DE EDUCACIÓN,SERVICIO EDUCATIVO DEL PINO,21,GASTOS EN PERSONAL,101880248.0,103971440.0,0.0,-101880248.0,-100.0,-103.8
9,MINISTERIO DE EDUCACIÓN,SERVICIO EDUCATIVO LOS ÁLAMOS,21,GASTOS EN PERSONAL,98268691.0,102208933.0,0.0,-98268691.0,-100.0,-103.8
9,MINISTERIO DE EDUCACIÓN,SERVICIO EDUCATIVO VALDIVIA,21,GASTOS EN PERSONAL,89874948.0,91296789.0,0.0,-89874948.0,-100.0,-103.8
29,"MINISTERIO DE LAS CULTURAS, LAS ARTES Y EL PATRIMONIO",FOMENTO A LAS ORGANIZACIONES Y AL DESARROLLO CULTURAL,24,TRANSFERENCIAS CORRIENTES,85481097.0,76356432.0,0.0,-85481097.0,-100.0,-103.8
9,MINISTERIO DE EDUCACIÓN,SERVICIO EDUCATIVO ATACAMA,21,GASTOS EN PERSONAL,85045457.0,88137033.0,0.0,-85045457.0,-100.0,-103.8
9,MINISTERIO DE EDUCACIÓN,SERVICIO EDUCATIVO CHILOÉ,21,GASTOS EN PERSONAL,84997480.0,89483791.0,0.0,-84997480.0,-100.0,-103.8
9,MINISTERIO DE EDUCACIÓN,AGENCIA DE CALIDAD DE LA EDUCACIÓN,24,TRANSFERENCIAS CORRIENTES,84424647.0,84424647.0,0.0,-84424647.0,-100.0,-103.8
9,MINISTERIO DE EDUCACIÓN,GASTOS ADMINISTRATIVOS JUNTA NACIONAL DE JARDINES INFANTILES,21,GASTOS EN PERSONAL,82847995.0,82537562.0,0.0,-82847995.0,-100.0,-103.8
9,MINISTERIO DE EDUCACIÓN,SERVICIO EDUCATIVO SANTA CORINA,21,GASTOS EN PERSONAL,81177630.0,87582728.0,0.0,-81177630.0,-100.0,-103.8
9,MINISTERIO DE EDUCACIÓN,SERVICIO EDUCATIVO VALLE DIGUILLÍN,21,GASTOS EN PERSONAL,79631516.0,83710941.0,0.0,-79631516.0,-100.0,-103.8
9,MINISTERIO DE EDUCACIÓN,SERVICIO EDUCATIVO SANTIAGO CENTRO,21,GASTOS EN PERSONAL,78778219.0,72375226.0,0.0,-78778219.0,-100.0,-103.8
9,MINISTERIO DE EDUCACIÓN,SERVICIO EDUCATIVO MAGALLANES,21,GASTOS EN PERSONAL,73692406.0,78262207.0,0.0,-73692406.0,-100.0,-103.8
9,MINISTERIO DE EDUCACIÓN,SERVICIO EDUCATIVO COSTA CENTRAL,21,GASTOS EN PERSONAL,72644463.0,72343280.0,0.0,-72644463.0,-100.0,-103.8
9,MINISTERIO DE EDUCACIÓN,SERVICIO EDUCATIVO ANDALIÉN COSTA,21,GASTOS EN PERSONAL,72555700.0,76159151.0,0.0,-72555700.0,-100.0,-103.8
9,MINISTERIO DE EDUCACIÓN,SERVICIO EDUCATIVO LICANCABUR,21,GASTOS EN PERSONAL,72478527.0,75198553.0,0.0,-72478527.0,-100.0,-103.8
9,MINISTERIO DE EDUCACIÓN,DESARROLLO PROFESIONAL DOCENTE Y DIRECTIVO,24,TRANSFERENCIAS CORRIENTES,71991018.0,71241018.0,0.0,-71991018.0,-100.0,-103.8
29,"MINISTERIO DE LAS CULTURAS, LAS ARTES Y EL PATRIMONIO",SERVICIO NACIONAL DEL PATRIMONIO CULTURAL,33,TRANSFERENCIAS DE CAPITAL,67815120.0,66362460.0,0.0,-67815120.0,-100.0,-103.8
9,MINISTERIO DE EDUCACIÓN,SERVICIO EDUCATIVO ELQUI,21,GASTOS EN PERSONAL,66103769.0,70076744.0,0.0,-66103769.0,-100.0,-103.8
9,MINISTERIO DE EDUCACIÓN,JUNTA NACIONAL DE JARDINES INFANTILES,31,INICIATIVAS DE INVERSIÓN,64633780.0,45807100.0,0.0,-64633780.0,-100.0,-103.8
9,MINISTERIO DE EDUCACIÓN,SUBSECRETARÍA DE EDUCACIÓN SUPERIOR,24,TRANSFERENCIAS CORRIENTES,64587534.0,64207779.0,0.0,-64587534.0,-100.0,-103.8
9,MINISTERIO DE EDUCACIÓN,SERVICIO EDUCATIVO SANTA ROSA,21,GASTOS EN PERSONAL,63781764.0,61956254.0,0.0,-63781764.0,-100.0,-103.8
9,MINISTERIO DE EDUCACIÓN,SERVICIO EDUCATIVO CHINCHORRO,21,GASTOS EN PERSONAL,61576952.0,65003109.0,0.0,-61576952.0,-100.0,-103.8
9,MINISTERIO DE EDUCACIÓN,SERVICIO EDUCATIVO MARGA MARGA,21,GASTOS EN PERSONAL,60762429.0,59972769.0,0.0,-60762429.0,-100.0,-103.8
9,MINISTERIO DE EDUCACIÓN,SERVICIO EDUCATIVO BARRANCAS,21,GASTOS EN PERSONAL,57391393.0,61791961.0,0.0,-57391393.0,-100.0,-103.8
9,MINISTERIO DE EDUCACIÓN,SERVICIO EDUCATIVO ANDALIÉN SUR,21,GASTOS EN PERSONAL,56468276.0,56573990.0,0.0,-56468276.0,-100.0,-103.8
9,MINISTERIO DE EDUCACIÓN,SERVICIO EDUCATIVO VALPARAÍSO,21,GASTOS EN PERSONAL,56357345.0,64968020.0,0.0,-56357345.0,-100.0,-103.8
9,MINISTERIO DE EDUCACIÓN,SERVICIO EDUCATIVO ACONCAGUA,21,GASTOS EN PERSONAL,54557636.0,54981828.0,0.0,-54557636.0,-100.0,-103.8
9,MINISTERIO DE EDUCACIÓN,SERVICIO EDUCATIVO IQUIQUE,21,GASTOS EN PERSONAL,52944246.0,54974046.0,0.0,-52944246.0,-100.0,-103.8
9,MINISTERIO DE EDUCACIÓN,SERVICIO EDUCATIVO AYSÉN,21,GASTOS EN PERSONAL,52119991.0,55607890.0,0.0,-52119991.0,-100.0,-103.8
9,MINISTERIO DE EDUCACIÓN,JUNTA NACIONAL DE JARDINES INFANTILES,33,TRANSFERENCIAS DE CAPITAL,48401628.0,33891021.0,0.0,-48401628.0,-100.0,-103.8
9,MINISTERIO DE EDUCACIÓN,EDUCACIÓN SUPERIOR,33,TRANSFERENCIAS DE CAPITAL,48103992.0,46603992.0,0.0,-48103992.0,-100.0,-103.8
9,MINISTERIO DE EDUCACIÓN,SERVICIO EDUCATIVO MAULE COSTA,21,GASTOS EN PERSONAL,47902823.0,51732594.0,0.0,-47902823.0,-100.0,-103.8
9,MINISTERIO DE EDUCACIÓN,SERVICIO EDUCATIVO PUNILLA CORDILLERA,21,GASTOS EN PERSONAL,47170409.0,49277332.0,0.0,-47170409.0,-100.0,-103.8
9,MINISTERIO DE EDUCACIÓN,SERVICIO EDUCATIVO LOS PARQUES,21,GASTOS EN PERSONAL,46685297.0,47233083.0,0.0,-46685297.0,-100.0,-103.8
29,"MINISTERIO DE LAS CULTURAS, LAS ARTES Y EL PATRIMONIO",FOMENTO A LAS ORGANIZACIONES Y AL DESARROLLO CULTURAL,33,TRANSFERENCIAS DE CAPITAL,44815008.0,24976320.0,0.0,-44815008.0,-100.0,-103.8
9,MINISTERIO DE EDUCACIÓN,SERVICIO EDUCATIVO PUERTO CORDILLERA,21,GASTOS EN PERSONAL,44475710.0,44086261.0,0.0,-44475710.0,-100.0,-103.8
9,MINISTERIO DE EDUCACIÓN,SUBSECRETARÍA DE EDUCACIÓN PARVULARIA,33,TRANSFERENCIAS DE CAPITAL,43969362.0,33577362.0,0.0,-43969362.0,-100.0,-103.8
9,MINISTERIO DE EDUCACIÓN,SERVICIO EDUCATIVO LOS LIBERTADORES,21,GASTOS EN PERSONAL,43050738.0,46201548.0,0.0,-43050738.0,-100.0,-103.8
29,"MINISTERIO DE LAS CULTURAS, LAS ARTES Y EL PATRIMONIO",FORMACIÓN ARTÍSTICA TEMPRANA,24,TRANSFERENCIAS CORRIENTES,42259905.0,41164365.0,0.0,-42259905.0,-100.0,-103.8
9,MINISTERIO DE EDUCACIÓN,SERVICIO EDUCATIVO PUELCHE,21,GASTOS EN PERSONAL,40938689.0,42855899.0,0.0,-40938689.0,-100.0,-103.8
9,MINISTERIO DE EDUCACIÓN,SERVICIO EDUCATIVO GABRIELA MISTRAL,21,GASTOS EN PERSONAL,39912346.0,42260726.0,0.0,-39912346.0,-100.0,-103.8
29,"MINISTERIO DE LAS CULTURAS, LAS ARTES Y EL PATRIMONIO",FOMENTO DEL ACCESO AL PATRIMONIO Y APOYO A ORGANIZACIONES PATRIMONIALES,24,TRANSFERENCIAS CORRIENTES,39432423.0,34538331.0,0.0,-39432423.0,-100.0,-103.8
9,MINISTERIO DE EDUCACIÓN,SERVICIO EDUCATIVO HUASCO,21,GASTOS EN PERSONAL,38885761.0,40879593.0,0.0,-38885761.0,-100.0,-103.8
29,"MINISTERIO DE LAS CULTURAS, LAS ARTES Y EL PATRIMONIO",SUBSECRETARÍA DE LAS CULTURAS Y LAS ARTES,21,GASTOS EN PERSONAL,38095043.0,37730505.0,0.0,-38095043.0,-100.0,-103.8
29,"MINISTERIO DE LAS CULTURAS, LAS ARTES Y EL PATRIMONIO",SERVICIO NACIONAL DEL PATRIMONIO CULTURAL,24,TRANSFERENCIAS CORRIENTES,37440993.0,35064695.0,0.0,-37440993.0,-100.0,-103.8
9,MINISTERIO DE EDUCACIÓN,SERVICIO EDUCATIVO LLANQUIHUE,21,GASTOS EN PERSONAL,37414815.0,36131462.0,0.0,-37414815.0,-100.0,-103.8
9,MINISTERIO DE EDUCACIÓN,JUNTA NACIONAL DE JARDINES INFANTILES,22,BIENES Y SERVICIOS DE CONSUMO,37265933.0,35045597.0,0.0,-37265933.0,-100.0,-103.8
9,MINISTERIO DE EDUCACIÓN,SERVICIO EDUCATIVO COLCHAGUA,21,GASTOS EN PERSONAL,36891375.0,38638181.0,0.0,-36891375.0,-100.0,-103.8
31,FINANCIAMIENTO GOBIERNOS REGIONALES,GOBIERNO REGIONAL REGIÓN METROPOLITANA DE SANTIAGO,24,TRANSFERENCIAS CORRIENTES,36767415.0,44335650.0,0.0,-36767415.0,-100.0,-103.8
9,MINISTERIO DE EDUCACIÓN,SUPERINTENDENCIA DE EDUCACIÓN,21,GASTOS EN PERSONAL,34485375.0,34427458.0,0.0,-34485375.0,-100.0,-103.8
29,"MINISTERIO DE LAS CULTURAS, LAS ARTES Y EL PATRIMONIO",SUBSECRETARÍA DE LAS CULTURAS Y LAS ARTES,33,TRANSFERENCIAS DE CAPITAL,34032492.0,34032492.0,0.0,-34032492.0,-100.0,-103.8
9,MINISTERIO DE EDUCACIÓN,SERVICIO EDUCATIVO PETORCA,21,GASTOS EN PERSONAL,33234859.0,35762893.0,0.0,-33234859.0,-100.0,-103.8
9,MINISTERIO DE EDUCACIÓN,SERVICIO EDUCATIVO COSTA ARAUCANÍA,21,GASTOS EN PERSONAL,32891461.0,34016846.0,0.0,-32891461.0,-100.0,-103.8
9,MINISTERIO DE EDUCACIÓN,SERVICIO EDUCATIVO LOS ANDES,21,GASTOS EN PERSONAL,32614899.0,31015908.0,0.0,-32614899.0,-100.0,-103.8
9,MINISTERIO DE EDUCACIÓN,JUNTA NACIONAL DE AUXILIO ESCOLAR Y BECAS,21,GASTOS EN PERSONAL,31232739.0,31027333.0,0.0,-31232739.0,-100.0,-103.8
29,"MINISTERIO DE LAS CULTURAS, LAS ARTES Y EL PATRIMONIO",FOMENTO DEL ACCESO AL PATRIMONIO Y APOYO A ORGANIZACIONES PATRIMONIALES,33,TRANSFERENCIAS DE CAPITAL,30020142.0,18354603.0,0.0,-30020142.0,-100.0,-103.8
31,FINANCIAMIENTO GOBIERNOS REGIONALES,GOBIERNO REGIONAL REGIÓN DEL BIOBÍO,24,TRANSFERENCIAS CORRIENTES,28434963.0,28537899.0,0.0,-28434963.0,-100.0,-103.8
31,FINANCIAMIENTO GOBIERNOS REGIONALES,GOBIERNO REGIONAL REGIÓN DE LOS LAGOS,24,TRANSFERENCIAS CORRIENTES,27311370.0,27275310.0,0.0,-27311370.0,-100.0,-103.8
31,FINANCIAMIENTO GOBIERNOS REGIONALES,GOBIERNO REGIONAL REGIÓN DE VALPARAÍSO,24,TRANSFERENCIAS CORRIENTES,25968324.0,26132334.0,0.0,-25968324.0,-100.0,-103.8
31,FINANCIAMIENTO GOBIERNOS REGIONALES,GOBIERNO REGIONAL REGIÓN DE AYSÉN DEL GENERAL CARLOS IBÁÑEZ DEL CAMPO,24,TRANSFERENCIAS CORRIENTES,25253988.0,25388466.0,0.0,-25253988.0,-100.0,-103.8
31,FINANCIAMIENTO GOBIERNOS REGIONALES,GOBIERNO REGIONAL REGIÓN DE LA ARAUCANÍA,24,TRANSFERENCIAS CORRIENTES,25088943.0,25088943.0,0.0,-25088943.0,-100.0,-103.8
31,FINANCIAMIENTO GOBIERNOS REGIONALES,GOBIERNO REGIONAL REGIÓN DE MAGALLANES Y DE LA ANTÁRTICA CHILENA,24,TRANSFERENCIAS CORRIENTES,25009095.0,24926100.0,0.0,-25009095.0,-100.0,-103.8
31,FINANCIAMIENTO GOBIERNOS REGIONALES,GOBIERNO REGIONAL REGIÓN DEL MAULE,24,TRANSFERENCIAS CORRIENTES,24364329.0,24808095.0,0.0,-24364329.0,-100.0,-103.8
31,FINANCIAMIENTO GOBIERNOS REGIONALES,GOBIERNO REGIONAL REGIÓN DE ANTOFAGASTA,24,TRANSFERENCIAS CORRIENTES,24232470.0,24318732.0,0.0,-24232470.0,-100.0,-103.8
9,MINISTERIO DE EDUCACIÓN,SERVICIO EDUCATIVO TAMARUGAL,21,GASTOS EN PERSONAL,23633569.0,24825651.0,0.0,-23633569.0,-100.0,-103.8
9,MINISTERIO DE EDUCACIÓN,MEJORAMIENTO DE LA CALIDAD DE LA EDUCACIÓN,33,TRANSFERENCIAS DE CAPITAL,23579814.0,20579814.0,0.0,-23579814.0,-100.0,-103.8
31,FINANCIAMIENTO GOBIERNOS REGIONALES,GOBIERNO REGIONAL REGIÓN DE COQUIMBO,24,TRANSFERENCIAS CORRIENTES,22988481.0,25253817.0,0.0,-22988481.0,-100.0,-103.8
29,"MINISTERIO DE LAS CULTURAS, LAS ARTES Y EL PATRIMONIO",SERVICIO NACIONAL DEL PATRIMONIO CULTURAL,21,GASTOS EN PERSONAL,22570944.0,22427171.0,0.0,-22570944.0,-100.0,-103.8
31,FINANCIAMIENTO GOBIERNOS REGIONALES,GOBIERNO REGIONAL REGIÓN DE LOS RÍOS,24,TRANSFERENCIAS CORRIENTES,21786411.0,21871989.0,0.0,-21786411.0,-100.0,-103.8
31,FINANCIAMIENTO GOBIERNOS REGIONALES,GOBIERNO REGIONAL REGIÓN DE ARICA Y PARINACOTA,24,TRANSFERENCIAS CORRIENTES,21196080.0,21256116.0,0.0,-21196080.0,-100.0,-103.8
31,FINANCIAMIENTO GOBIERNOS REGIONALES,GOBIERNO REGIONAL REGIÓN DE TARAPACÁ,24,TRANSFERENCIAS CORRIENTES,21026211.0,21155976.0,0.0,-21026211.0,-100.0,-103.8
31,FINANCIAMIENTO GOBIERNOS REGIONALES,GOBIERNO REGIONAL REGIÓN DE ATACAMA,24,TRANSFERENCIAS CORRIENTES,20800320.0,20887839.0,0.0,-20800320.0,-100.0,-103.8
31,FINANCIAMIENTO GOBIERNOS REGIONALES,GOBIERNO REGIONAL REGIÓN DEL LIBERTADOR GENERAL BERNARDO O'HIGGINS,24,TRANSFERENCIAS CORRIENTES,19494978.0,19712376.0,0.0,-19494978.0,-100.0,-103.8
9,MINISTERIO DE EDUCACIÓN,PROGRAMAS ALTERNATIVOS DE ENSEÑANZA PRE-ESCOLAR,21,GASTOS EN PERSONAL,17716592.0,17610073.0,0.0,-17716592.0,-100.0,-103.8
9,MINISTERIO DE EDUCACIÓN,GASTOS ADMINISTRATIVOS JUNTA NACIONAL DE JARDINES INFANTILES,22,BIENES Y SERVICIOS DE CONSUMO,17451689.0,16081733.0,0.0,-17451689.0,-100.0,-103.8
9,MINISTERIO DE EDUCACIÓN,AGENCIA DE CALIDAD DE LA EDUCACIÓN,21,GASTOS EN PERSONAL,16920324.0,16847401.0,0.0,-16920324.0,-100.0,-103.8
31,FINANCIAMIENTO GOBIERNOS REGIONALES,GOBIERNO REGIONAL REGIÓN DE ÑUBLE,24,TRANSFERENCIAS CORRIENTES,16893621.0,18979176.0,0.0,-16893621.0,-100.0,-103.8
29,"MINISTERIO DE LAS CULTURAS, LAS ARTES Y EL PATRIMONIO",RED DE BIBLIOTECAS PÚBLICAS,21,GASTOS EN PERSONAL,16713573.0,16546971.0,0.0,-16713573.0,-100.0,-103.8
9,MINISTERIO DE EDUCACIÓN,JUNTA NACIONAL DE JARDINES INFANTILES,34,SERVICIO DE LA DEUDA,16250220.0,40993526.0,0.0,-16250220.0,-100.0,-103.8
29,"MINISTERIO DE LAS CULTURAS, LAS ARTES Y EL PATRIMONIO",MUSEOS NACIONALES Y REGIONALES,21,GASTOS EN PERSONAL,14490160.0,14368019.0,0.0,-14490160.0,-100.0,-103.8
9,MINISTERIO DE EDUCACIÓN,SERVICIO EDUCATIVO LICANCABUR,22,BIENES Y SERVICIOS DE CONSUMO,14427440.0,14607918.0,0.0,-14427440.0,-100.0,-103.8
9,MINISTERIO DE EDUCACIÓN,PROGRAMAS ALTERNATIVOS DE ENSEÑANZA PRE-ESCOLAR,24,TRANSFERENCIAS CORRIENTES,13678563.0,13214310.0,0.0,-13678563.0,-100.0,-103.8
9,MINISTERIO DE EDUCACIÓN,SUBSECRETARÍA DE EDUCACIÓN,22,BIENES Y SERVICIOS DE CONSUMO,13256359.0,12676105.0,0.0,-13256359.0,-100.0,-103.8
9,MINISTERIO DE EDUCACIÓN,SERVICIO EDUCATIVO CHILOÉ,22,BIENES Y SERVICIOS DE CONSUMO,12820736.0,13138980.0,0.0,-12820736.0,-100.0,-103.8
9,MINISTERIO DE EDUCACIÓN,RECURSOS EDUCATIVOS,33,TRANSFERENCIAS DE CAPITAL,12374517.0,8774517.0,0.0,-12374517.0,-100.0,-103.8
29,"MINISTERIO DE LAS CULTURAS, LAS ARTES Y EL PATRIMONIO",RED DE BIBLIOTECAS PÚBLICAS,24,TRANSFERENCIAS CORRIENTES,12313392.0,11347941.0,0.0,-12313392.0,-100.0,-103.8
9,MINISTERIO DE EDUCACIÓN,SUBSECRETARÍA DE EDUCACIÓN,33,TRANSFERENCIAS DE CAPITAL,11547144.0,5547144.0,0.0,-11547144.0,-100.0,-103.8
9,MINISTERIO DE EDUCACIÓN,SERVICIO EDUCATIVO IQUIQUE,24,TRANSFERENCIAS CORRIENTES,11473422.0,11473422.0,0.0,-11473422.0,-100.0,-103.8
9,MINISTERIO DE EDUCACIÓN,SERVICIO EDUCATIVO VALDIVIA,22,BIENES Y SERVICIOS DE CONSUMO,11199845.0,11554954.0,0.0,-11199845.0,-100.0,-103.8
9,MINISTERIO DE EDUCACIÓN,SERVICIO EDUCATIVO ATACAMA,22,BIENES Y SERVICIOS DE CONSUMO,11138146.0,11285715.0,0.0,-11138146.0,-100.0,-103.8
9,MINISTERIO DE EDUCACIÓN,SERVICIO EDUCATIVO LOS ÁLAMOS,22,BIENES Y SERVICIOS DE CONSUMO,10836664.0,11035835.0,0.0,-10836664.0,-100.0,-103.8
29,"MINISTERIO DE LAS CULTURAS, LAS ARTES Y EL PATRIMONIO",SERVICIO NACIONAL DEL PATRIMONIO CULTURAL,22,BIENES Y SERVICIOS DE CONSUMO,10826870.0,10318985.0,0.0,-10826870.0,-100.0,-103.8
29,"MINISTERIO DE LAS CULTURAS, LAS ARTES Y EL PATRIMONIO",MUSEOS NACIONALES Y REGIONALES,33,TRANSFERENCIAS DE CAPITAL,10254054.0,5064294.0,0.0,-10254054.0,-100.0,-103.8
9,MINISTERIO DE EDUCACIÓN,SERVICIO EDUCATIVO ANDALIÉN SUR,31,INICIATIVAS DE INVERSIÓN,9630266.0,9536954.0,0.0,-9630266.0,-100.0,-103.8
9,MINISTERIO DE EDUCACIÓN,SERVICIO EDUCATIVO CHINCHORRO,31,INICIATIVAS DE INVERSIÓN,9485200.0,7372790.0,0.0,-9485200.0,-100.0,-103.8
29,"MINISTERIO DE LAS CULTURAS, LAS ARTES Y EL PATRIMONIO",RED DE BIBLIOTECAS PÚBLICAS,22,BIENES Y SERVICIOS DE CONSUMO,8991356.0,8494987.0,0.0,-8991356.0,-100.0,-103.8
9,MINISTERIO DE EDUCACIÓN,SERVICIO EDUCATIVO CHINCHORRO,22,BIENES Y SERVICIOS DE CONSUMO,8850773.0,9154572.0,0.0,-8850773.0,-100.0,-103.8
29,"MINISTERIO DE LAS CULTURAS, LAS ARTES Y EL PATRIMONIO",CONSEJO DE MONUMENTOS NACIONALES,21,GASTOS EN PERSONAL,8637646.0,8637646.0,0.0,-8637646.0,-100.0,-103.8
9,MINISTERIO DE EDUCACIÓN,DIRECCIÓN DE EDUCACIÓN PÚBLICA,21,GASTOS EN PERSONAL,8531966.0,8281966.0,0.0,-8531966.0,-100.0,-103.8
9,MINISTERIO DE EDUCACIÓN,SERVICIO EDUCATIVO LLANQUIHUE,22,BIENES Y SERVICIOS DE CONSUMO,8478531.0,8743148.0,0.0,-8478531.0,-100.0,-103.8
9,MINISTERIO DE EDUCACIÓN,SERVICIO EDUCATIVO GABRIELA MISTRAL,31,INICIATIVAS DE INVERSIÓN,8087510.0,6029170.0,0.0,-8087510.0,-100.0,-103.8
9,MINISTERIO DE EDUCACIÓN,SERVICIO EDUCATIVO IQUIQUE,22,BIENES Y SERVICIOS DE CONSUMO,8062457.0,8188775.0,0.0,-8062457.0,-100.0,-103.8
9,MINISTERIO DE EDUCACIÓN,SERVICIO EDUCATIVO BARRANCAS,31,INICIATIVAS DE INVERSIÓN,8018978.0,3890564.0,0.0,-8018978.0,-100.0,-103.8
9,MINISTERIO DE EDUCACIÓN,SERVICIO EDUCATIVO DEL PINO,22,BIENES Y SERVICIOS DE CONSUMO,7989268.0,8157859.0,0.0,-7989268.0,-100.0,-103.8
9,MINISTERIO DE EDUCACIÓN,SERVICIO EDUCATIVO LICANCABUR,23,PRESTACIONES DE SEGURIDAD SOCIAL,7925496.0,7955546.0,0.0,-7925496.0,-100.0,-103.8
9,MINISTERIO DE EDUCACIÓN,SERVICIO EDUCATIVO SANTIAGO CENTRO,22,BIENES Y SERVICIOS DE CONSUMO,7873226.0,7986270.0,0.0,-7873226.0,-100.0,-103.8
9,MINISTERIO DE EDUCACIÓN,SERVICIO EDUCATIVO HUASCO,22,BIENES Y SERVICIOS DE CONSUMO,7716802.0,7987761.0,0.0,-7716802.0,-100.0,-103.8
9,MINISTERIO DE EDUCACIÓN,SERVICIO EDUCATIVO SANTA CORINA,22,BIENES Y SERVICIOS DE CONSUMO,7520823.0,7670986.0,0.0,-7520823.0,-100.0,-103.8
9,MINISTERIO DE EDUCACIÓN,SUPERINTENDENCIA DE EDUCACIÓN,22,BIENES Y SERVICIOS DE CONSUMO,7493022.0,7393022.0,0.0,-7493022.0,-100.0,-103.8
9,MINISTERIO DE EDUCACIÓN,SERVICIO EDUCATIVO MAGALLANES,22,BIENES Y SERVICIOS DE CONSUMO,7479114.0,7639206.0,0.0,-7479114.0,-100.0,-103.8
9,MINISTERIO DE EDUCACIÓN,SUBSECRETARÍA DE EDUCACIÓN SUPERIOR,21,GASTOS EN PERSONAL,7377289.0,7337148.0,0.0,-7377289.0,-100.0,-103.8
9,MINISTERIO DE EDUCACIÓN,SERVICIO EDUCATIVO VALLE DIGUILLÍN,22,BIENES Y SERVICIOS DE CONSUMO,7341187.0,7642154.0,0.0,-7341187.0,-100.0,-103.8
9,MINISTERIO DE EDUCACIÓN,SERVICIO EDUCATIVO COSTA ARAUCANÍA,31,INICIATIVAS DE INVERSIÓN,7307070.0,7279252.0,0.0,-7307070.0,-100.0,-103.8
29,"MINISTERIO DE LAS CULTURAS, LAS ARTES Y EL PATRIMONIO",RED DE BIBLIOTECAS PÚBLICAS,33,TRANSFERENCIAS DE CAPITAL,6842415.0,5134569.0,0.0,-6842415.0,-100.0,-103.8
9,MINISTERIO DE EDUCACIÓN,SERVICIO EDUCATIVO ANDALIÉN COSTA,22,BIENES Y SERVICIOS DE CONSUMO,6837015.0,7149326.0,0.0,-6837015.0,-100.0,-103.8
29,"MINISTERIO DE LAS CULTURAS, LAS ARTES Y EL PATRIMONIO",SUBSECRETARÍA DE LAS CULTURAS Y LAS ARTES,22,BIENES Y SERVICIOS DE CONSUMO,6779210.0,6377164.0,0.0,-6779210.0,-100.0,-103.8
9,MINISTERIO DE EDUCACIÓN,SERVICIO EDUCATIVO TAMARUGAL,24,TRANSFERENCIAS CORRIENTES,6766662.0,6766662.0,0.0,-6766662.0,-100.0,-103.8
9,MINISTERIO DE EDUCACIÓN,SERVICIO EDUCATIVO BARRANCAS,22,BIENES Y SERVICIOS DE CONSUMO,6688183.0,6814196.0,0.0,-6688183.0,-100.0,-103.8
9,MINISTERIO DE EDUCACIÓN,SERVICIO EDUCATIVO MARGA MARGA,22,BIENES Y SERVICIOS DE CONSUMO,6676610.0,6967821.0,0.0,-6676610.0,-100.0,-103.8
9,MINISTERIO DE EDUCACIÓN,SERVICIO EDUCATIVO COSTA ARAUCANÍA,22,BIENES Y SERVICIOS DE CONSUMO,6605205.0,6667091.0,0.0,-6605205.0,-100.0,-103.8
9,MINISTERIO DE EDUCACIÓN,SERVICIO EDUCATIVO PUERTO CORDILLERA,22,BIENES Y SERVICIOS DE CONSUMO,6559250.0,6656641.0,0.0,-6559250.0,-100.0,-103.8
9,MINISTERIO DE EDUCACIÓN,SUBSECRETARÍA DE EDUCACIÓN,29,ADQUISICIÓN DE ACTIVOS NO FINANCIEROS,6527780.0,6251780.0,0.0,-6527780.0,-100.0,-103.8
9,MINISTERIO DE EDUCACIÓN,SERVICIO EDUCATIVO MAULE COSTA,22,BIENES Y SERVICIOS DE CONSUMO,6281321.0,6378385.0,0.0,-6281321.0,-100.0,-103.8
9,MINISTERIO DE EDUCACIÓN,JUNTA NACIONAL DE AUXILIO ESCOLAR Y BECAS,22,BIENES Y SERVICIOS DE CONSUMO,6255846.0,5943054.0,0.0,-6255846.0,-100.0,-103.8
9,MINISTERIO DE EDUCACIÓN,SERVICIO EDUCATIVO PUNILLA CORDILLERA,22,BIENES Y SERVICIOS DE CONSUMO,6232786.0,6506355.0,0.0,-6232786.0,-100.0,-103.8
9,MINISTERIO DE EDUCACIÓN,SERVICIO EDUCATIVO ELQUI,22,BIENES Y SERVICIOS DE CONSUMO,6030711.0,6334223.0,0.0,-6030711.0,-100.0,-103.8
9,MINISTERIO DE EDUCACIÓN,SERVICIO EDUCATIVO COSTA CENTRAL,22,BIENES Y SERVICIOS DE CONSUMO,5918421.0,6228533.0,0.0,-5918421.0,-100.0,-103.8
9,MINISTERIO DE EDUCACIÓN,SERVICIO EDUCATIVO AYSÉN,22,BIENES Y SERVICIOS DE CONSUMO,5629829.0,5691866.0,0.0,-5629829.0,-100.0,-103.8
9,MINISTERIO DE EDUCACIÓN,SERVICIO EDUCATIVO PUERTO CORDILLERA,31,INICIATIVAS DE INVERSIÓN,5588652.0,5588652.0,0.0,-5588652.0,-100.0,-103.8
9,MINISTERIO DE EDUCACIÓN,SERVICIO EDUCATIVO ACONCAGUA,22,BIENES Y SERVICIOS DE CONSUMO,5551103.0,5648297.0,0.0,-5551103.0,-100.0,-103.8
29,"MINISTERIO DE LAS CULTURAS, LAS ARTES Y EL PATRIMONIO",FONDOS CULTURALES Y ARTÍSTICOS,21,GASTOS EN PERSONAL,5485327.0,5484326.0,0.0,-5485327.0,-100.0,-103.8
9,MINISTERIO DE EDUCACIÓN,FORTALECIMIENTO DE LA EDUCACIÓN ESCOLAR PÚBLICA,34,SERVICIO DE LA DEUDA,5354828.0,5354828.0,0.0,-5354828.0,-100.0,-103.8
9,MINISTERIO DE EDUCACIÓN,SERVICIO EDUCATIVO LLANQUIHUE,31,INICIATIVAS DE INVERSIÓN,5326558.0,3031412.0,0.0,-5326558.0,-100.0,-103.8
9,MINISTERIO DE EDUCACIÓN,FORTALECIMIENTO DE LA EDUCACIÓN SUPERIOR PÚBLICA,34,SERVICIO DE LA DEUDA,5303350.0,41694884.0,0.0,-5303350.0,-100.0,-103.8
9,MINISTERIO DE EDUCACIÓN,SUBSECRETARÍA DE EDUCACIÓN PARVULARIA,21,GASTOS EN PERSONAL,5062521.0,5034571.0,0.0,-5062521.0,-100.0,-103.8
9,MINISTERIO DE EDUCACIÓN,SERVICIO EDUCATIVO ANDALIÉN SUR,22,BIENES Y SERVICIOS DE CONSUMO,5002580.0,5091932.0,0.0,-5002580.0,-100.0,-103.8
9,MINISTERIO DE EDUCACIÓN,SERVICIO EDUCATIVO MAULE COSTA,31,INICIATIVAS DE INVERSIÓN,4890902.0,4597006.0,0.0,-4890902.0,-100.0,-103.8
29,"MINISTERIO DE LAS CULTURAS, LAS ARTES Y EL PATRIMONIO",FORMACIÓN ARTÍSTICA TEMPRANA,31,INICIATIVAS DE INVERSIÓN,4790582.0,1274244.0,0.0,-4790582.0,-100.0,-103.8
9,MINISTERIO DE EDUCACIÓN,SERVICIO EDUCATIVO COLCHAGUA,22,BIENES Y SERVICIOS DE CONSUMO,4758792.0,4843436.0,0.0,-4758792.0,-100.0,-103.8
9,MINISTERIO DE EDUCACIÓN,SERVICIO EDUCATIVO LOS PARQUES,22,BIENES Y SERVICIOS DE CONSUMO,4701917.0,4960570.0,0.0,-4701917.0,-100.0,-103.8
9,MINISTERIO DE EDUCACIÓN,TRANSFERENCIAS DE JUNJI,33,TRANSFERENCIAS DE CAPITAL,4639500.0,1461015.0,0.0,-4639500.0,-100.0,-103.8
29,"MINISTERIO DE LAS CULTURAS, LAS ARTES Y EL PATRIMONIO",MUSEOS NACIONALES Y REGIONALES,22,BIENES Y SERVICIOS DE CONSUMO,4591784.0,4178035.0,0.0,-4591784.0,-100.0,-103.8
9,MINISTERIO DE EDUCACIÓN,GASTOS ADMINISTRATIVOS JUNTA NACIONAL DE JARDINES INFANTILES,29,ADQUISICIÓN DE ACTIVOS NO FINANCIEROS,4447654.0,4447654.0,0.0,-4447654.0,-100.0,-103.8
9,MINISTERIO DE EDUCACIÓN,SERVICIO EDUCATIVO DEL PINO,24,TRANSFERENCIAS CORRIENTES,4346049.0,4346049.0,0.0,-4346049.0,-100.0,-103.8
9,MINISTERIO DE EDUCACIÓN,SERVICIO EDUCATIVO SANTA ROSA,22,BIENES Y SERVICIOS DE CONSUMO,4306956.0,4413507.0,0.0,-4306956.0,-100.0,-103.8
9,MINISTERIO DE EDUCACIÓN,GASTOS ADMINISTRATIVOS CHILOÉ,21,GASTOS EN PERSONAL,4240034.0,4235174.0,0.0,-4240034.0,-100.0,-103.8
9,MINISTERIO DE EDUCACIÓN,SERVICIO EDUCATIVO ATACAMA,31,INICIATIVAS DE INVERSIÓN,4138360.0,2970730.0,0.0,-4138360.0,-100.0,-103.8
9,MINISTERIO DE EDUCACIÓN,SERVICIO EDUCATIVO PUELCHE,22,BIENES Y SERVICIOS DE CONSUMO,4053898.0,4135161.0,0.0,-4053898.0,-100.0,-103.8
9,MINISTERIO DE EDUCACIÓN,JUNTA NACIONAL DE AUXILIO ESCOLAR Y BECAS,26,OTROS GASTOS CORRIENTES,3911702.0,3911702.0,0.0,-3911702.0,-100.0,-103.8
9,MINISTERIO DE EDUCACIÓN,GASTOS ADMINISTRATIVOS VALLE DIGUILLÍN,21,GASTOS EN PERSONAL,3855615.0,3852575.0,0.0,-3855615.0,-100.0,-103.8
9,MINISTERIO DE EDUCACIÓN,SERVICIO EDUCATIVO PETORCA,22,BIENES Y SERVICIOS DE CONSUMO,3765985.0,3825177.0,0.0,-3765985.0,-100.0,-103.8
9,MINISTERIO DE EDUCACIÓN,SUPERINTENDENCIA DE EDUCACIÓN SUPERIOR,21,GASTOS EN PERSONAL,3740588.0,3738746.0,0.0,-3740588.0,-100.0,-103.8
9,MINISTERIO DE EDUCACIÓN,SERVICIO EDUCATIVO AYSÉN,31,INICIATIVAS DE INVERSIÓN,3732604.0,3583794.0,0.0,-3732604.0,-100.0,-103.8
9,MINISTERIO DE EDUCACIÓN,GASTOS ADMINISTRATIVOS VALDIVIA,21,GASTOS EN PERSONAL,3726788.0,3723428.0,0.0,-3726788.0,-100.0,-103.8
9,MINISTERIO DE EDUCACIÓN,GASTOS ADMINISTRATIVOS LOS ÁLAMOS,21,GASTOS EN PERSONAL,3710390.0,3706830.0,0.0,-3710390.0,-100.0,-103.8
9,MINISTERIO DE EDUCACIÓN,GASTOS ADMINISTRATIVOS ANTOFAGASTA,21,GASTOS EN PERSONAL,3684378.0,3681498.0,0.0,-3684378.0,-100.0,-103.8
9,MINISTERIO DE EDUCACIÓN,SERVICIO EDUCATIVO LOS ANDES,22,BIENES Y SERVICIOS DE CONSUMO,3635766.0,3701494.0,0.0,-3635766.0,-100.0,-103.8
9,MINISTERIO DE EDUCACIÓN,GASTOS ADMINISTRATIVOS AYSÉN,21,GASTOS EN PERSONAL,3604995.0,3599395.0,0.0,-3604995.0,-100.0,-103.8
9,MINISTERIO DE EDUCACIÓN,GASTOS ADMINISTRATIVOS ANDALIÉN COSTA,21,GASTOS EN PERSONAL,3595625.0,3592185.0,0.0,-3595625.0,-100.0,-103.8
9,MINISTERIO DE EDUCACIÓN,GASTOS ADMINISTRATIVOS DEL PINO,21,GASTOS EN PERSONAL,3595604.0,3593144.0,0.0,-3595604.0,-100.0,-103.8
9,MINISTERIO DE EDUCACIÓN,GASTOS ADMINISTRATIVOS LICANCABUR,21,GASTOS EN PERSONAL,3548755.0,3541250.0,0.0,-3548755.0,-100.0,-103.8
9,MINISTERIO DE EDUCACIÓN,JUNTA NACIONAL DE AUXILIO ESCOLAR Y BECAS,31,INICIATIVAS DE INVERSIÓN,3529258.0,3229258.0,0.0,-3529258.0,-100.0,-103.8
9,MINISTERIO DE EDUCACIÓN,GASTOS ADMINISTRATIVOS MAGALLANES,21,GASTOS EN PERSONAL,3511269.0,3505669.0,0.0,-3511269.0,-100.0,-103.8
9,MINISTERIO DE EDUCACIÓN,SERVICIO EDUCATIVO LOS LIBERTADORES,22,BIENES Y SERVICIOS DE CONSUMO,3469328.0,3554535.0,0.0,-3469328.0,-100.0,-103.8
29,"MINISTERIO DE LAS CULTURAS, LAS ARTES Y EL PATRIMONIO",FOMENTO A LAS ORGANIZACIONES Y AL DESARROLLO CULTURAL,22,BIENES Y SERVICIOS DE CONSUMO,3466009.0,2988729.0,0.0,-3466009.0,-100.0,-103.8
9,MINISTERIO DE EDUCACIÓN,SERVICIO EDUCATIVO VALPARAÍSO,22,BIENES Y SERVICIOS DE CONSUMO,3454636.0,3551430.0,0.0,-3454636.0,-100.0,-103.8
9,MINISTERIO DE EDUCACIÓN,SERVICIO EDUCATIVO GABRIELA MISTRAL,22,BIENES Y SERVICIOS DE CONSUMO,3445596.0,3521627.0,0.0,-3445596.0,-100.0,-103.8
9,MINISTERIO DE EDUCACIÓN,SERVICIO EDUCATIVO TAMARUGAL,22,BIENES Y SERVICIOS DE CONSUMO,3434466.0,3667593.0,0.0,-3434466.0,-100.0,-103.8
9,MINISTERIO DE EDUCACIÓN,DIRECCIÓN DE EDUCACIÓN PÚBLICA,22,BIENES Y SERVICIOS DE CONSUMO,3433160.0,3191502.0,0.0,-3433160.0,-100.0,-103.8
9,MINISTERIO DE EDUCACIÓN,SERVICIO EDUCATIVO CHINCHORRO,29,ADQUISICIÓN DE ACTIVOS NO FINANCIEROS,3420366.0,3420366.0,0.0,-3420366.0,-100.0,-103.8
9,MINISTERIO DE EDUCACIÓN,GASTOS ADMINISTRATIVOS CHINCHORRO,21,GASTOS EN PERSONAL,3362191.0,3358231.0,0.0,-3362191.0,-100.0,-103.8
9,MINISTERIO DE EDUCACIÓN,GASTOS ADMINISTRATIVOS BARRANCAS,21,GASTOS EN PERSONAL,3359627.0,3356447.0,0.0,-3359627.0,-100.0,-103.8
9,MINISTERIO DE EDUCACIÓN,GASTOS ADMINISTRATIVOS VALLE CACHAPOAL,21,GASTOS EN PERSONAL,3356033.0,3353153.0,0.0,-3356033.0,-100.0,-103.8
9,MINISTERIO DE EDUCACIÓN,GASTOS ADMINISTRATIVOS SANTIAGO CENTRO,21,GASTOS EN PERSONAL,3349574.0,3347114.0,0.0,-3349574.0,-100.0,-103.8
9,MINISTERIO DE EDUCACIÓN,GASTOS ADMINISTRATIVOS ELQUI,21,GASTOS EN PERSONAL,3329832.0,3326272.0,0.0,-3329832.0,-100.0,-103.8
9,MINISTERIO DE EDUCACIÓN,GASTOS ADMINISTRATIVOS SANTA CORINA,21,GASTOS EN PERSONAL,3198452.0,3195992.0,0.0,-3198452.0,-100.0,-103.8
9,MINISTERIO DE EDUCACIÓN,GASTOS ADMINISTRATIVOS MAULE COSTA,21,GASTOS EN PERSONAL,3190025.0,3186225.0,0.0,-3190025.0,-100.0,-103.8
9,MINISTERIO DE EDUCACIÓN,GASTOS ADMINISTRATIVOS MARGA MARGA,21,GASTOS EN PERSONAL,3158963.0,3156083.0,0.0,-3158963.0,-100.0,-103.8
9,MINISTERIO DE EDUCACIÓN,GASTOS ADMINISTRATIVOS PUELCHE,21,GASTOS EN PERSONAL,3146759.0,3143719.0,0.0,-3146759.0,-100.0,-103.8
9,MINISTERIO DE EDUCACIÓN,GASTOS ADMINISTRATIVOS SANTA ROSA,21,GASTOS EN PERSONAL,3145265.0,3142805.0,0.0,-3145265.0,-100.0,-103.8
9,MINISTERIO DE EDUCACIÓN,GASTOS ADMINISTRATIVOS ACONCAGUA,21,GASTOS EN PERSONAL,3112813.0,3109933.0,0.0,-3112813.0,-100.0,-103.8
9,MINISTERIO DE EDUCACIÓN,GASTOS ADMINISTRATIVOS COSTA CENTRAL,21,GASTOS EN PERSONAL,3086659.0,3083619.0,0.0,-3086659.0,-100.0,-103.8
9,MINISTERIO DE EDUCACIÓN,GASTOS ADMINISTRATIVOS IQUIQUE,21,GASTOS EN PERSONAL,3027397.0,3024197.0,0.0,-3027397.0,-100.0,-103.8
9,MINISTERIO DE EDUCACIÓN,GASTOS ADMINISTRATIVOS PUNILLA CORDILLERA,21,GASTOS EN PERSONAL,3014882.0,3011762.0,0.0,-3014882.0,-100.0,-103.8
9,MINISTERIO DE EDUCACIÓN,GASTOS ADMINISTRATIVOS ATACAMA,21,GASTOS EN PERSONAL,3009563.0,3004873.0,0.0,-3009563.0,-100.0,-103.8
9,MINISTERIO DE EDUCACIÓN,GASTOS ADMINISTRATIVOS COSTA ARAUCANÍA,21,GASTOS EN PERSONAL,2979348.0,2973648.0,0.0,-2979348.0,-100.0,-103.8
9,MINISTERIO DE EDUCACIÓN,GASTOS ADMINISTRATIVOS LOS PARQUES,21,GASTOS EN PERSONAL,2964213.0,2961753.0,0.0,-2964213.0,-100.0,-103.8
9,MINISTERIO DE EDUCACIÓN,GASTOS ADMINISTRATIVOS ANDALIÉN SUR,21,GASTOS EN PERSONAL,2907958.0,2904438.0,0.0,-2907958.0,-100.0,-103.8
9,MINISTERIO DE EDUCACIÓN,JUNTA NACIONAL DE JARDINES INFANTILES,26,OTROS GASTOS CORRIENTES,2900468.0,1548328.0,0.0,-2900468.0,-100.0,-103.8
29,"MINISTERIO DE LAS CULTURAS, LAS ARTES Y EL PATRIMONIO",SUBSECRETARÍA DE LAS CULTURAS Y LAS ARTES,29,ADQUISICIÓN DE ACTIVOS NO FINANCIEROS,2867376.0,2775516.0,0.0,-2867376.0,-100.0,-103.8
9,MINISTERIO DE EDUCACIÓN,GASTOS ADMINISTRATIVOS PETORCA,21,GASTOS EN PERSONAL,2842884.0,2840004.0,0.0,-2842884.0,-100.0,-103.8
9,MINISTERIO DE EDUCACIÓN,GASTOS ADMINISTRATIVOS PUERTO CORDILLERA,21,GASTOS EN PERSONAL,2824776.0,2820496.0,0.0,-2824776.0,-100.0,-103.8
9,MINISTERIO DE EDUCACIÓN,SERVICIO EDUCATIVO COLCHAGUA,31,INICIATIVAS DE INVERSIÓN,2796926.0,2675266.0,0.0,-2796926.0,-100.0,-103.8
9,MINISTERIO DE EDUCACIÓN,GASTOS ADMINISTRATIVOS LOS LIBERTADORES,21,GASTOS EN PERSONAL,2792108.0,2789648.0,0.0,-2792108.0,-100.0,-103.8
29,"MINISTERIO DE LAS CULTURAS, LAS ARTES Y EL PATRIMONIO",RED DE BIBLIOTECAS PÚBLICAS,29,ADQUISICIÓN DE ACTIVOS NO FINANCIEROS,2770854.0,2770854.0,0.0,-2770854.0,-100.0,-103.8
9,MINISTERIO DE EDUCACIÓN,SERVICIO EDUCATIVO HUASCO,31,INICIATIVAS DE INVERSIÓN,2763080.0,1062842.0,0.0,-2763080.0,-100.0,-103.8
9,MINISTERIO DE EDUCACIÓN,SERVICIO EDUCATIVO ANDALIÉN COSTA,31,INICIATIVAS DE INVERSIÓN,2700494.0,2537188.0,0.0,-2700494.0,-100.0,-103.8
9,MINISTERIO DE EDUCACIÓN,GASTOS ADMINISTRATIVOS COLCHAGUA,21,GASTOS EN PERSONAL,2634825.0,2631877.0,0.0,-2634825.0,-100.0,-103.8
9,MINISTERIO DE EDUCACIÓN,GASTOS ADMINISTRATIVOS GABRIELA MISTRAL,21,GASTOS EN PERSONAL,2630453.0,2627893.0,0.0,-2630453.0,-100.0,-103.8
9,MINISTERIO DE EDUCACIÓN,GASTOS ADMINISTRATIVOS LLANQUIHUE,21,GASTOS EN PERSONAL,2619084.0,2615324.0,0.0,-2619084.0,-100.0,-103.8
9,MINISTERIO DE EDUCACIÓN,JUNTA NACIONAL DE AUXILIO ESCOLAR Y BECAS,29,ADQUISICIÓN DE ACTIVOS NO FINANCIEROS,2563184.0,2486288.0,0.0,-2563184.0,-100.0,-103.8
9,MINISTERIO DE EDUCACIÓN,GASTOS ADMINISTRATIVOS HUASCO,21,GASTOS EN PERSONAL,2557648.0,2553368.0,0.0,-2557648.0,-100.0,-103.8
9,MINISTERIO DE EDUCACIÓN,GASTOS ADMINISTRATIVOS LOS ANDES,21,GASTOS EN PERSONAL,2549172.0,2546292.0,0.0,-2549172.0,-100.0,-103.8
9,MINISTERIO DE EDUCACIÓN,SERVICIO EDUCATIVO LICANCABUR,29,ADQUISICIÓN DE ACTIVOS NO FINANCIEROS,2544974.0,2544974.0,0.0,-2544974.0,-100.0,-103.8
9,MINISTERIO DE EDUCACIÓN,GASTOS ADMINISTRATIVOS VALPARAÍSO,21,GASTOS EN PERSONAL,2527041.0,2524021.0,0.0,-2527041.0,-100.0,-103.8
9,MINISTERIO DE EDUCACIÓN,JUNTA NACIONAL DE JARDINES INFANTILES,29,ADQUISICIÓN DE ACTIVOS NO FINANCIEROS,2463034.0,2063034.0,0.0,-2463034.0,-100.0,-103.8
9,MINISTERIO DE EDUCACIÓN,SERVICIO EDUCATIVO ATACAMA,29,ADQUISICIÓN DE ACTIVOS NO FINANCIEROS,2457406.0,2546782.0,0.0,-2457406.0,-100.0,-103.8
9,MINISTERIO DE EDUCACIÓN,SERVICIO EDUCATIVO VALPARAÍSO,31,INICIATIVAS DE INVERSIÓN,2437956.0,677422.0,0.0,-2437956.0,-100.0,-103.8
9,MINISTERIO DE EDUCACIÓN,GASTOS ADMINISTRATIVOS TAMARUGAL,21,GASTOS EN PERSONAL,2357645.0,2354205.0,0.0,-2357645.0,-100.0,-103.8
9,MINISTERIO DE EDUCACIÓN,SERVICIO EDUCATIVO PUNILLA CORDILLERA,31,INICIATIVAS DE INVERSIÓN,2306552.0,1271222.0,0.0,-2306552.0,-100.0,-103.8
29,"MINISTERIO DE LAS CULTURAS, LAS ARTES Y EL PATRIMONIO",SERVICIO NACIONAL DEL PATRIMONIO CULTURAL,29,ADQUISICIÓN DE ACTIVOS NO FINANCIEROS,2248276.0,2186960.0,0.0,-2248276.0,-100.0,-103.8
9,MINISTERIO DE EDUCACIÓN,PROGRAMAS ALTERNATIVOS DE ENSEÑANZA PRE-ESCOLAR,22,BIENES Y SERVICIOS DE CONSUMO,2034481.0,1874774.0,0.0,-2034481.0,-100.0,-103.8
9,MINISTERIO DE EDUCACIÓN,CONSEJO NACIONAL DE EDUCACIÓN,21,GASTOS EN PERSONAL,2027994.0,1979994.0,0.0,-2027994.0,-100.0,-103.8
29,"MINISTERIO DE LAS CULTURAS, LAS ARTES Y EL PATRIMONIO",CONSEJO DE MONUMENTOS NACIONALES,22,BIENES Y SERVICIOS DE CONSUMO,1936242.0,1877760.0,0.0,-1936242.0,-100.0,-103.8
9,MINISTERIO DE EDUCACIÓN,SERVICIO EDUCATIVO SANTA CORINA,31,INICIATIVAS DE INVERSIÓN,1905894.0,583068.0,0.0,-1905894.0,-100.0,-103.8
9,MINISTERIO DE EDUCACIÓN,GASTOS ADMINISTRATIVOS RELONCAVÍ,21,GASTOS EN PERSONAL,1800484.0,1724686.0,0.0,-1800484.0,-100.0,-103.8
9,MINISTERIO DE EDUCACIÓN,GASTOS ADMINISTRATIVOS LOS CEREZOS,21,GASTOS EN PERSONAL,1791078.0,1705522.0,0.0,-1791078.0,-100.0,-103.8
9,MINISTERIO DE EDUCACIÓN,SERVICIO EDUCATIVO CHILOÉ,31,INICIATIVAS DE INVERSIÓN,1777444.0,416184.0,0.0,-1777444.0,-100.0,-103.8
9,MINISTERIO DE EDUCACIÓN,SERVICIO EDUCATIVO LLANQUIHUE,29,ADQUISICIÓN DE ACTIVOS NO FINANCIEROS,1767794.0,1767794.0,0.0,-1767794.0,-100.0,-103.8
9,MINISTERIO DE EDUCACIÓN,GASTOS ADMINISTRATIVOS LA QUEBRADA,21,GASTOS EN PERSONAL,1752970.0,1685965.0,0.0,-1752970.0,-100.0,-103.8
9,MINISTERIO DE EDUCACIÓN,SERVICIO EDUCATIVO COSTA CENTRAL,31,INICIATIVAS DE INVERSIÓN,1744210.0,280000.0,0.0,-1744210.0,-100.0,-103.8
29,"MINISTERIO DE LAS CULTURAS, LAS ARTES Y EL PATRIMONIO",SUBSECRETARÍA DEL PATRIMONIO CULTURAL,21,GASTOS EN PERSONAL,1724634.0,1724634.0,0.0,-1724634.0,-100.0,-103.8
9,MINISTERIO DE EDUCACIÓN,AGENCIA DE CALIDAD DE LA EDUCACIÓN,22,BIENES Y SERVICIOS DE CONSUMO,1705398.0,1654236.0,0.0,-1705398.0,-100.0,-103.8
9,MINISTERIO DE EDUCACIÓN,GASTOS ADMINISTRATIVOS LOS COPIHUES,21,GASTOS EN PERSONAL,1670584.0,1587626.0,0.0,-1670584.0,-100.0,-103.8
9,MINISTERIO DE EDUCACIÓN,SERVICIO EDUCATIVO VALDIVIA,31,INICIATIVAS DE INVERSIÓN,1663684.0,1601502.0,0.0,-1663684.0,-100.0,-103.8
9,MINISTERIO DE EDUCACIÓN,GASTOS ADMINISTRATIVOS LOS VIÑEDOS,21,GASTOS EN PERSONAL,1634423.0,943409.0,0.0,-1634423.0,-100.0,-103.8
9,MINISTERIO DE EDUCACIÓN,SERVICIO EDUCATIVO LOS PARQUES,31,INICIATIVAS DE INVERSIÓN,1590914.0,552320.0,0.0,-1590914.0,-100.0,-103.8
9,MINISTERIO DE EDUCACIÓN,GASTOS ADMINISTRATIVOS LITORAL,21,GASTOS EN PERSONAL,1590459.0,1536460.0,0.0,-1590459.0,-100.0,-103.8
9,MINISTERIO DE EDUCACIÓN,GASTOS ADMINISTRATIVOS CHACABUCO,21,GASTOS EN PERSONAL,1589887.0,987174.0,0.0,-1589887.0,-100.0,-103.8
9,MINISTERIO DE EDUCACIÓN,GASTOS ADMINISTRATIVOS TALAGANTE,21,GASTOS EN PERSONAL,1573225.0,1507646.0,0.0,-1573225.0,-100.0,-103.8
9,MINISTERIO DE EDUCACIÓN,SERVICIO EDUCATIVO PETORCA,31,INICIATIVAS DE INVERSIÓN,1539784.0,280000.0,0.0,-1539784.0,-100.0,-103.8
9,MINISTERIO DE EDUCACIÓN,SERVICIO EDUCATIVO IQUIQUE,31,INICIATIVAS DE INVERSIÓN,1520138.0,1520138.0,0.0,-1520138.0,-100.0,-103.8
9,MINISTERIO DE EDUCACIÓN,SERVICIO EDUCATIVO DEL PINO,31,INICIATIVAS DE INVERSIÓN,1499306.0,427136.0,0.0,-1499306.0,-100.0,-103.8
29,"MINISTERIO DE LAS CULTURAS, LAS ARTES Y EL PATRIMONIO",SUBSECRETARÍA DEL PATRIMONIO CULTURAL,22,BIENES Y SERVICIOS DE CONSUMO,1489561.0,1399915.0,0.0,-1489561.0,-100.0,-103.8
9,MINISTERIO DE EDUCACIÓN,SERVICIO EDUCATIVO LOS ÁLAMOS,29,ADQUISICIÓN DE ACTIVOS NO FINANCIEROS,1443330.0,1443330.0,0.0,-1443330.0,-100.0,-103.8
9,MINISTERIO DE EDUCACIÓN,DESARROLLO PROFESIONAL DOCENTE Y DIRECTIVO,29,ADQUISICIÓN DE ACTIVOS NO FINANCIEROS,1443192.0,1443192.0,0.0,-1443192.0,-100.0,-103.8
9,MINISTERIO DE EDUCACIÓN,SERVICIO EDUCATIVO MAGALLANES,31,INICIATIVAS DE INVERSIÓN,1429626.0,938214.0,0.0,-1429626.0,-100.0,-103.8
9,MINISTERIO DE EDUCACIÓN,SERVICIO EDUCATIVO TAMARUGAL,31,INICIATIVAS DE INVERSIÓN,1421192.0,1316104.0,0.0,-1421192.0,-100.0,-103.8
9,MINISTERIO DE EDUCACIÓN,SERVICIO EDUCATIVO SANTIAGO CENTRO,29,ADQUISICIÓN DE ACTIVOS NO FINANCIEROS,1414600.0,1414600.0,0.0,-1414600.0,-100.0,-103.8
9,MINISTERIO DE EDUCACIÓN,SERVICIO EDUCATIVO DEL PINO,29,ADQUISICIÓN DE ACTIVOS NO FINANCIEROS,1404108.0,1404108.0,0.0,-1404108.0,-100.0,-103.8
9,MINISTERIO DE EDUCACIÓN,SERVICIO EDUCATIVO SANTA ROSA,31,INICIATIVAS DE INVERSIÓN,1369250.0,842236.0,0.0,-1369250.0,-100.0,-103.8
9,MINISTERIO DE EDUCACIÓN,SERVICIO EDUCATIVO SANTA CORINA,29,ADQUISICIÓN DE ACTIVOS NO FINANCIEROS,1342826.0,1342826.0,0.0,-1342826.0,-100.0,-103.8
9,MINISTERIO DE EDUCACIÓN,SUBSECRETARÍA DE EDUCACIÓN SUPERIOR,29,ADQUISICIÓN DE ACTIVOS NO FINANCIEROS,1327732.0,1227732.0,0.0,-1327732.0,-100.0,-103.8
9,MINISTERIO DE EDUCACIÓN,SERVICIO EDUCATIVO PUERTO CORDILLERA,29,ADQUISICIÓN DE ACTIVOS NO FINANCIEROS,1310200.0,1310200.0,0.0,-1310200.0,-100.0,-103.8
9,MINISTERIO DE EDUCACIÓN,SERVICIO EDUCATIVO IQUIQUE,29,ADQUISICIÓN DE ACTIVOS NO FINANCIEROS,1306558.0,1306558.0,0.0,-1306558.0,-100.0,-103.8
9,MINISTERIO DE EDUCACIÓN,SERVICIO EDUCATIVO MARGA MARGA,31,INICIATIVAS DE INVERSIÓN,1281966.0,1251036.0,0.0,-1281966.0,-100.0,-103.8
9,MINISTERIO DE EDUCACIÓN,AGENCIA DE CALIDAD DE LA EDUCACIÓN,29,ADQUISICIÓN DE ACTIVOS NO FINANCIEROS,1276450.0,1176450.0,0.0,-1276450.0,-100.0,-103.8
9,MINISTERIO DE EDUCACIÓN,SERVICIO EDUCATIVO LOS LIBERTADORES,31,INICIATIVAS DE INVERSIÓN,1274316.0,600288.0,0.0,-1274316.0,-100.0,-103.8
9,MINISTERIO DE EDUCACIÓN,SERVICIO EDUCATIVO SANTIAGO CENTRO,31,INICIATIVAS DE INVERSIÓN,1271160.0,280000.0,0.0,-1271160.0,-100.0,-103.8
9,MINISTERIO DE EDUCACIÓN,SERVICIO EDUCATIVO VALLE DIGUILLÍN,31,INICIATIVAS DE INVERSIÓN,1237200.0,696512.0,0.0,-1237200.0,-100.0,-103.8
9,MINISTERIO DE EDUCACIÓN,SERVICIO EDUCATIVO VALDIVIA,29,ADQUISICIÓN DE ACTIVOS NO FINANCIEROS,1203436.0,1203436.0,0.0,-1203436.0,-100.0,-103.8
9,MINISTERIO DE EDUCACIÓN,SERVICIO EDUCATIVO ELQUI,31,INICIATIVAS DE INVERSIÓN,1184042.0,280000.0,0.0,-1184042.0,-100.0,-103.8
9,MINISTERIO DE EDUCACIÓN,SERVICIO EDUCATIVO CHILOÉ,29,ADQUISICIÓN DE ACTIVOS NO FINANCIEROS,1170986.0,1170986.0,0.0,-1170986.0,-100.0,-103.8
29,"MINISTERIO DE LAS CULTURAS, LAS ARTES Y EL PATRIMONIO",MUSEOS NACIONALES Y REGIONALES,29,ADQUISICIÓN DE ACTIVOS NO FINANCIEROS,1129474.0,1129474.0,0.0,-1129474.0,-100.0,-103.8
9,MINISTERIO DE EDUCACIÓN,SERVICIO EDUCATIVO LICANCABUR,31,INICIATIVAS DE INVERSIÓN,1051620.0,495706.0,0.0,-1051620.0,-100.0,-103.8
9,MINISTERIO DE EDUCACIÓN,GASTOS ADMINISTRATIVOS MAULE COSTA,31,INICIATIVAS DE INVERSIÓN,1031000.0,1031000.0,0.0,-1031000.0,-100.0,-103.8
29,"MINISTERIO DE LAS CULTURAS, LAS ARTES Y EL PATRIMONIO",FOMENTO A LAS ORGANIZACIONES Y AL DESARROLLO CULTURAL,21,GASTOS EN PERSONAL,1030528.0,973332.0,0.0,-1030528.0,-100.0,-103.8
9,MINISTERIO DE EDUCACIÓN,SERVICIO EDUCATIVO COSTA CENTRAL,29,ADQUISICIÓN DE ACTIVOS NO FINANCIEROS,1005680.0,1005680.0,0.0,-1005680.0,-100.0,-103.8
9,MINISTERIO DE EDUCACIÓN,SERVICIO EDUCATIVO MAGALLANES,29,ADQUISICIÓN DE ACTIVOS NO FINANCIEROS,1002190.0,1002190.0,0.0,-1002190.0,-100.0,-103.8
9,MINISTERIO DE EDUCACIÓN,SUBSECRETARÍA DE EDUCACIÓN SUPERIOR,22,BIENES Y SERVICIOS DE CONSUMO,994852.0,945109.0,0.0,-994852.0,-100.0,-103.8
9,MINISTERIO DE EDUCACIÓN,GASTOS ADMINISTRATIVOS VALLE DIGUILLÍN,22,BIENES Y SERVICIOS DE CONSUMO,984946.0,935699.0,0.0,-984946.0,-100.0,-103.8
9,MINISTERIO DE EDUCACIÓN,SERVICIO EDUCATIVO VALLE DIGUILLÍN,29,ADQUISICIÓN DE ACTIVOS NO FINANCIEROS,957396.0,957396.0,0.0,-957396.0,-100.0,-103.8
9,MINISTERIO DE EDUCACIÓN,SERVICIO EDUCATIVO ANDALIÉN COSTA,29,ADQUISICIÓN DE ACTIVOS NO FINANCIEROS,954148.0,954148.0,0.0,-954148.0,-100.0,-103.8
9,MINISTERIO DE EDUCACIÓN,GASTOS ADMINISTRATIVOS LOS ÁLAMOS,22,BIENES Y SERVICIOS DE CONSUMO,946174.0,898865.0,0.0,-946174.0,-100.0,-103.8
9,MINISTERIO DE EDUCACIÓN,SERVICIO EDUCATIVO MAULE COSTA,29,ADQUISICIÓN DE ACTIVOS NO FINANCIEROS,942958.0,942958.0,0.0,-942958.0,-100.0,-103.8
9,MINISTERIO DE EDUCACIÓN,SUBSECRETARÍA DE EDUCACIÓN PARVULARIA,22,BIENES Y SERVICIOS DE CONSUMO,941768.0,774680.0,0.0,-941768.0,-100.0,-103.8
9,MINISTERIO DE EDUCACIÓN,GASTOS ADMINISTRATIVOS ANTOFAGASTA,22,BIENES Y SERVICIOS DE CONSUMO,941223.0,894162.0,0.0,-941223.0,-100.0,-103.8
9,MINISTERIO DE EDUCACIÓN,GASTOS ADMINISTRATIVOS DEL PINO,22,BIENES Y SERVICIOS DE CONSUMO,919423.0,873452.0,0.0,-919423.0,-100.0,-103.8
9,MINISTERIO DE EDUCACIÓN,SERVICIO EDUCATIVO ELQUI,29,ADQUISICIÓN DE ACTIVOS NO FINANCIEROS,910422.0,910422.0,0.0,-910422.0,-100.0,-103.8
9,MINISTERIO DE EDUCACIÓN,SERVICIO EDUCATIVO MARGA MARGA,29,ADQUISICIÓN DE ACTIVOS NO FINANCIEROS,883636.0,883636.0,0.0,-883636.0,-100.0,-103.8
9,MINISTERIO DE EDUCACIÓN,GASTOS ADMINISTRATIVOS ANDALIÉN COSTA,22,BIENES Y SERVICIOS DE CONSUMO,856597.0,813767.0,0.0,-856597.0,-100.0,-103.8
9,MINISTERIO DE EDUCACIÓN,GASTOS ADMINISTRATIVOS CHILOÉ,22,BIENES Y SERVICIOS DE CONSUMO,840429.0,798408.0,0.0,-840429.0,-100.0,-103.8
9,MINISTERIO DE EDUCACIÓN,SERVICIO EDUCATIVO BARRANCAS,29,ADQUISICIÓN DE ACTIVOS NO FINANCIEROS,826380.0,826380.0,0.0,-826380.0,-100.0,-103.8
9,MINISTERIO DE EDUCACIÓN,GASTOS ADMINISTRATIVOS BARRANCAS,22,BIENES Y SERVICIOS DE CONSUMO,825733.0,784446.0,0.0,-825733.0,-100.0,-103.8
9,MINISTERIO DE EDUCACIÓN,SERVICIO EDUCATIVO LOS PARQUES,29,ADQUISICIÓN DE ACTIVOS NO FINANCIEROS,825336.0,825336.0,0.0,-825336.0,-100.0,-103.8
9,MINISTERIO DE EDUCACIÓN,GASTOS ADMINISTRATIVOS MARGA MARGA,22,BIENES Y SERVICIOS DE CONSUMO,813386.0,772717.0,0.0,-813386.0,-100.0,-103.8
9,MINISTERIO DE EDUCACIÓN,GASTOS ADMINISTRATIVOS VALLE CACHAPOAL,22,BIENES Y SERVICIOS DE CONSUMO,806631.0,766299.0,0.0,-806631.0,-100.0,-103.8
9,MINISTERIO DE EDUCACIÓN,GASTOS ADMINISTRATIVOS PUELCHE,22,BIENES Y SERVICIOS DE CONSUMO,802239.0,762127.0,0.0,-802239.0,-100.0,-103.8
9,MINISTERIO DE EDUCACIÓN,GASTOS ADMINISTRATIVOS SANTIAGO CENTRO,22,BIENES Y SERVICIOS DE CONSUMO,801544.0,761467.0,0.0,-801544.0,-100.0,-103.8
9,MINISTERIO DE EDUCACIÓN,GASTOS ADMINISTRATIVOS COSTA CENTRAL,22,BIENES Y SERVICIOS DE CONSUMO,786748.0,747411.0,0.0,-786748.0,-100.0,-103.8
9,MINISTERIO DE EDUCACIÓN,SERVICIO EDUCATIVO ACONCAGUA,31,INICIATIVAS DE INVERSIÓN,771012.0,280000.0,0.0,-771012.0,-100.0,-103.8
9,MINISTERIO DE EDUCACIÓN,GASTOS ADMINISTRATIVOS SANTA ROSA,22,BIENES Y SERVICIOS DE CONSUMO,768628.0,730197.0,0.0,-768628.0,-100.0,-103.8
9,MINISTERIO DE EDUCACIÓN,GASTOS ADMINISTRATIVOS LOS PARQUES,22,BIENES Y SERVICIOS DE CONSUMO,756682.0,718848.0,0.0,-756682.0,-100.0,-103.8
9,MINISTERIO DE EDUCACIÓN,GASTOS ADMINISTRATIVOS LICANCABUR,22,BIENES Y SERVICIOS DE CONSUMO,751562.0,713984.0,0.0,-751562.0,-100.0,-103.8
9,MINISTERIO DE EDUCACIÓN,SERVICIO EDUCATIVO PUNILLA CORDILLERA,29,ADQUISICIÓN DE ACTIVOS NO FINANCIEROS,742804.0,742804.0,0.0,-742804.0,-100.0,-103.8
9,MINISTERIO DE EDUCACIÓN,GASTOS ADMINISTRATIVOS VALPARAÍSO,22,BIENES Y SERVICIOS DE CONSUMO,742203.0,705093.0,0.0,-742203.0,-100.0,-103.8
9,MINISTERIO DE EDUCACIÓN,GASTOS ADMINISTRATIVOS HANGA ROA,21,GASTOS EN PERSONAL,739415.0,695410.0,0.0,-739415.0,-100.0,-103.8
9,MINISTERIO DE EDUCACIÓN,SERVICIO EDUCATIVO LOS ANDES,31,INICIATIVAS DE INVERSIÓN,738640.0,280000.0,0.0,-738640.0,-100.0,-103.8
9,MINISTERIO DE EDUCACIÓN,SERVICIO EDUCATIVO AYSÉN,29,ADQUISICIÓN DE ACTIVOS NO FINANCIEROS,735322.0,735322.0,0.0,-735322.0,-100.0,-103.8
9,MINISTERIO DE EDUCACIÓN,SERVICIO EDUCATIVO VALPARAÍSO,29,ADQUISICIÓN DE ACTIVOS NO FINANCIEROS,727914.0,727914.0,0.0,-727914.0,-100.0,-103.8
9,MINISTERIO DE EDUCACIÓN,GASTOS ADMINISTRATIVOS SANTA CORINA,22,BIENES Y SERVICIOS DE CONSUMO,727454.0,691081.0,0.0,-727454.0,-100.0,-103.8
9,MINISTERIO DE EDUCACIÓN,GASTOS ADMINISTRATIVOS IQUIQUE,22,BIENES Y SERVICIOS DE CONSUMO,726582.0,690253.0,0.0,-726582.0,-100.0,-103.8
9,MINISTERIO DE EDUCACIÓN,GASTOS ADMINISTRATIVOS PETORCA,22,BIENES Y SERVICIOS DE CONSUMO,724327.0,688111.0,0.0,-724327.0,-100.0,-103.8
9,MINISTERIO DE EDUCACIÓN,GASTOS ADMINISTRATIVOS LOS LIBERTADORES,22,BIENES Y SERVICIOS DE CONSUMO,711239.0,675677.0,0.0,-711239.0,-100.0,-103.8
9,MINISTERIO DE EDUCACIÓN,SERVICIO EDUCATIVO PUELCHE,31,INICIATIVAS DE INVERSIÓN,710596.0,280000.0,0.0,-710596.0,-100.0,-103.8
9,MINISTERIO DE EDUCACIÓN,SERVICIO EDUCATIVO LOS ÁLAMOS,31,INICIATIVAS DE INVERSIÓN,710596.0,280000.0,0.0,-710596.0,-100.0,-103.8
9,MINISTERIO DE EDUCACIÓN,SERVICIO EDUCATIVO ACONCAGUA,29,ADQUISICIÓN DE ACTIVOS NO FINANCIEROS,710314.0,710314.0,0.0,-710314.0,-100.0,-103.8
9,MINISTERIO DE EDUCACIÓN,GASTOS ADMINISTRATIVOS ACONCAGUA,22,BIENES Y SERVICIOS DE CONSUMO,710082.0,674578.0,0.0,-710082.0,-100.0,-103.8
9,MINISTERIO DE EDUCACIÓN,GASTOS ADMINISTRATIVOS ATACAMA,22,BIENES Y SERVICIOS DE CONSUMO,700276.0,665262.0,0.0,-700276.0,-100.0,-103.8
9,MINISTERIO DE EDUCACIÓN,GASTOS ADMINISTRATIVOS AYSÉN,22,BIENES Y SERVICIOS DE CONSUMO,683206.0,649046.0,0.0,-683206.0,-100.0,-103.8
9,MINISTERIO DE EDUCACIÓN,GASTOS ADMINISTRATIVOS MAGALLANES,22,BIENES Y SERVICIOS DE CONSUMO,671914.0,638318.0,0.0,-671914.0,-100.0,-103.8
9,MINISTERIO DE EDUCACIÓN,GASTOS ADMINISTRATIVOS ANDALIÉN SUR,22,BIENES Y SERVICIOS DE CONSUMO,661356.0,628288.0,0.0,-661356.0,-100.0,-103.8
9,MINISTERIO DE EDUCACIÓN,SERVICIO EDUCATIVO ANDALIÉN SUR,29,ADQUISICIÓN DE ACTIVOS NO FINANCIEROS,649022.0,649022.0,0.0,-649022.0,-100.0,-103.8
9,MINISTERIO DE EDUCACIÓN,GASTOS ADMINISTRATIVOS ELQUI,22,BIENES Y SERVICIOS DE CONSUMO,634535.0,602808.0,0.0,-634535.0,-100.0,-103.8
9,MINISTERIO DE EDUCACIÓN,SERVICIO EDUCATIVO SANTA ROSA,29,ADQUISICIÓN DE ACTIVOS NO FINANCIEROS,624164.0,624164.0,0.0,-624164.0,-100.0,-103.8
9,MINISTERIO DE EDUCACIÓN,GASTOS ADMINISTRATIVOS COLCHAGUA,22,BIENES Y SERVICIOS DE CONSUMO,616855.0,586012.0,0.0,-616855.0,-100.0,-103.8
9,MINISTERIO DE EDUCACIÓN,SERVICIO EDUCATIVO COLCHAGUA,29,ADQUISICIÓN DE ACTIVOS NO FINANCIEROS,610406.0,610406.0,0.0,-610406.0,-100.0,-103.8
9,MINISTERIO DE EDUCACIÓN,SUPERINTENDENCIA DE EDUCACIÓN,29,ADQUISICIÓN DE ACTIVOS NO FINANCIEROS,605374.0,605374.0,0.0,-605374.0,-100.0,-103.8
9,MINISTERIO DE EDUCACIÓN,GASTOS ADMINISTRATIVOS CAUTÍN NORTE,21,GASTOS EN PERSONAL,589101.0,294551.0,0.0,-589101.0,-100.0,-103.8
9,MINISTERIO DE EDUCACIÓN,GASTOS ADMINISTRATIVOS TAMARUGAL,22,BIENES Y SERVICIOS DE CONSUMO,581857.0,552764.0,0.0,-581857.0,-100.0,-103.8
9,MINISTERIO DE EDUCACIÓN,GASTOS ADMINISTRATIVOS VALDIVIA,22,BIENES Y SERVICIOS DE CONSUMO,566222.0,537911.0,0.0,-566222.0,-100.0,-103.8
9,MINISTERIO DE EDUCACIÓN,GASTOS ADMINISTRATIVOS LOS ANDES,22,BIENES Y SERVICIOS DE CONSUMO,562489.0,534365.0,0.0,-562489.0,-100.0,-103.8
9,MINISTERIO DE EDUCACIÓN,GASTOS ADMINISTRATIVOS CHINCHORRO,22,BIENES Y SERVICIOS DE CONSUMO,557245.0,529383.0,0.0,-557245.0,-100.0,-103.8
9,MINISTERIO DE EDUCACIÓN,SERVICIO EDUCATIVO PUELCHE,29,ADQUISICIÓN DE ACTIVOS NO FINANCIEROS,553248.0,553248.0,0.0,-553248.0,-100.0,-103.8
9,MINISTERIO DE EDUCACIÓN,GASTOS ADMINISTRATIVOS VALLE DIGUILLÍN,29,ADQUISICIÓN DE ACTIVOS NO FINANCIEROS,552102.0,552102.0,0.0,-552102.0,-100.0,-103.8
9,MINISTERIO DE EDUCACIÓN,SERVICIO EDUCATIVO LOS LIBERTADORES,29,ADQUISICIÓN DE ACTIVOS NO FINANCIEROS,551794.0,551794.0,0.0,-551794.0,-100.0,-103.8
9,MINISTERIO DE EDUCACIÓN,GASTOS ADMINISTRATIVOS LLANQUIHUE,22,BIENES Y SERVICIOS DE CONSUMO,551005.0,523455.0,0.0,-551005.0,-100.0,-103.8
9,MINISTERIO DE EDUCACIÓN,GASTOS ADMINISTRATIVOS MAULE VALLE,21,GASTOS EN PERSONAL,546615.0,545865.0,0.0,-546615.0,-100.0,-103.8
9,MINISTERIO DE EDUCACIÓN,GASTOS ADMINISTRATIVOS GABRIELA MISTRAL,22,BIENES Y SERVICIOS DE CONSUMO,543231.0,516069.0,0.0,-543231.0,-100.0,-103.8
9,MINISTERIO DE EDUCACIÓN,GASTOS ADMINISTRATIVOS CAUTÍN SUR,21,GASTOS EN PERSONAL,531268.0,265634.0,0.0,-531268.0,-100.0,-103.8
9,MINISTERIO DE EDUCACIÓN,GASTOS ADMINISTRATIVOS LIMARÍ,21,GASTOS EN PERSONAL,531001.0,265501.0,0.0,-531001.0,-100.0,-103.8
9,MINISTERIO DE EDUCACIÓN,GASTOS ADMINISTRATIVOS CACHAPOAL NORTE,21,GASTOS EN PERSONAL,528538.0,264269.0,0.0,-528538.0,-100.0,-103.8
9,MINISTERIO DE EDUCACIÓN,GASTOS ADMINISTRATIVOS ARAUCO NORTE,21,GASTOS EN PERSONAL,521817.0,260909.0,0.0,-521817.0,-100.0,-103.8
9,MINISTERIO DE EDUCACIÓN,GASTOS ADMINISTRATIVOS COSTA COLCHAGUA,21,GASTOS EN PERSONAL,520651.0,519901.0,0.0,-520651.0,-100.0,-103.8
9,MINISTERIO DE EDUCACIÓN,GASTOS ADMINISTRATIVOS CHOAPA,21,GASTOS EN PERSONAL,520651.0,260326.0,0.0,-520651.0,-100.0,-103.8
9,MINISTERIO DE EDUCACIÓN,SERVICIO EDUCATIVO GABRIELA MISTRAL,29,ADQUISICIÓN DE ACTIVOS NO FINANCIEROS,514980.0,514980.0,0.0,-514980.0,-100.0,-103.8
9,MINISTERIO DE EDUCACIÓN,SERVICIO EDUCATIVO PETORCA,29,ADQUISICIÓN DE ACTIVOS NO FINANCIEROS,513456.0,513456.0,0.0,-513456.0,-100.0,-103.8
9,MINISTERIO DE EDUCACIÓN,GASTOS ADMINISTRATIVOS MAPOCHO,21,GASTOS EN PERSONAL,512785.0,256393.0,0.0,-512785.0,-100.0,-103.8
9,MINISTERIO DE EDUCACIÓN,GASTOS ADMINISTRATIVOS CACHAPOAL COSTA,21,GASTOS EN PERSONAL,512785.0,256393.0,0.0,-512785.0,-100.0,-103.8
9,MINISTERIO DE EDUCACIÓN,GASTOS ADMINISTRATIVOS COSTA ARAUCANÍA,22,BIENES Y SERVICIOS DE CONSUMO,508566.0,483138.0,0.0,-508566.0,-100.0,-103.8
9,MINISTERIO DE EDUCACIÓN,SERVICIO EDUCATIVO HUASCO,29,ADQUISICIÓN DE ACTIVOS NO FINANCIEROS,505696.0,505696.0,0.0,-505696.0,-100.0,-103.8
9,MINISTERIO DE EDUCACIÓN,SUPERINTENDENCIA DE EDUCACIÓN SUPERIOR,22,BIENES Y SERVICIOS DE CONSUMO,505554.0,505554.0,0.0,-505554.0,-100.0,-103.8
9,MINISTERIO DE EDUCACIÓN,GASTOS ADMINISTRATIVOS CHACABUCO,29,ADQUISICIÓN DE ACTIVOS NO FINANCIEROS,494880.0,494880.0,0.0,-494880.0,-100.0,-103.8
9,MINISTERIO DE EDUCACIÓN,GASTOS ADMINISTRATIVOS LOS VIÑEDOS,29,ADQUISICIÓN DE ACTIVOS NO FINANCIEROS,494880.0,494880.0,0.0,-494880.0,-100.0,-103.8
9,MINISTERIO DE EDUCACIÓN,GASTOS ADMINISTRATIVOS MAIPO SUR,21,GASTOS EN PERSONAL,494553.0,247277.0,0.0,-494553.0,-100.0,-103.8
9,MINISTERIO DE EDUCACIÓN,GASTOS ADMINISTRATIVOS PUNILLA CORDILLERA,22,BIENES Y SERVICIOS DE CONSUMO,491523.0,466947.0,0.0,-491523.0,-100.0,-103.8
9,MINISTERIO DE EDUCACIÓN,SUBSECRETARÍA DE EDUCACIÓN,31,INICIATIVAS DE INVERSIÓN,488694.0,488694.0,0.0,-488694.0,-100.0,-103.8
9,MINISTERIO DE EDUCACIÓN,SERVICIO EDUCATIVO LOS ANDES,29,ADQUISICIÓN DE ACTIVOS NO FINANCIEROS,478122.0,478122.0,0.0,-478122.0,-100.0,-103.8
9,MINISTERIO DE EDUCACIÓN,GASTOS ADMINISTRATIVOS MARGA MARGA,29,ADQUISICIÓN DE ACTIVOS NO FINANCIEROS,456030.0,456030.0,0.0,-456030.0,-100.0,-103.8
9,MINISTERIO DE EDUCACIÓN,GASTOS ADMINISTRATIVOS HUASCO,22,BIENES Y SERVICIOS DE CONSUMO,454918.0,432172.0,0.0,-454918.0,-100.0,-103.8
9,MINISTERIO DE EDUCACIÓN,GASTOS ADMINISTRATIVOS PUELCHE,29,ADQUISICIÓN DE ACTIVOS NO FINANCIEROS,449788.0,449788.0,0.0,-449788.0,-100.0,-103.8
9,MINISTERIO DE EDUCACIÓN,GASTOS ADMINISTRATIVOS ACONCAGUA,29,ADQUISICIÓN DE ACTIVOS NO FINANCIEROS,445120.0,445120.0,0.0,-445120.0,-100.0,-103.8
9,MINISTERIO DE EDUCACIÓN,GASTOS ADMINISTRATIVOS SANTIAGO CENTRO,29,ADQUISICIÓN DE ACTIVOS NO FINANCIEROS,438942.0,438942.0,0.0,-438942.0,-100.0,-103.8
9,MINISTERIO DE EDUCACIÓN,CONSEJO DE RECTORES,21,GASTOS EN PERSONAL,438685.0,436485.0,0.0,-438685.0,-100.0,-103.8
9,MINISTERIO DE EDUCACIÓN,GASTOS ADMINISTRATIVOS COSTA CENTRAL,29,ADQUISICIÓN DE ACTIVOS NO FINANCIEROS,437142.0,437142.0,0.0,-437142.0,-100.0,-103.8
9,MINISTERIO DE EDUCACIÓN,SERVICIO EDUCATIVO PUELCHE,23,PRESTACIONES DE SEGURIDAD SOCIAL,432196.0,432196.0,0.0,-432196.0,-100.0,-103.8
9,MINISTERIO DE EDUCACIÓN,GASTOS ADMINISTRATIVOS MAULE COSTA,22,BIENES Y SERVICIOS DE CONSUMO,429584.0,408105.0,0.0,-429584.0,-100.0,-103.8
9,MINISTERIO DE EDUCACIÓN,GASTOS ADMINISTRATIVOS LOS PARQUES,29,ADQUISICIÓN DE ACTIVOS NO FINANCIEROS,424276.0,424276.0,0.0,-424276.0,-100.0,-103.8
9,MINISTERIO DE EDUCACIÓN,GASTOS ADMINISTRATIVOS LOS ÁLAMOS,29,ADQUISICIÓN DE ACTIVOS NO FINANCIEROS,422710.0,422710.0,0.0,-422710.0,-100.0,-103.8
9,MINISTERIO DE EDUCACIÓN,PROGRAMAS ALTERNATIVOS DE ENSEÑANZA PRE-ESCOLAR,29,ADQUISICIÓN DE ACTIVOS NO FINANCIEROS,406950.0,406950.0,0.0,-406950.0,-100.0,-103.8
9,MINISTERIO DE EDUCACIÓN,GASTOS ADMINISTRATIVOS PETORCA,29,ADQUISICIÓN DE ACTIVOS NO FINANCIEROS,406156.0,406156.0,0.0,-406156.0,-100.0,-103.8
9,MINISTERIO DE EDUCACIÓN,SERVICIO EDUCATIVO COSTA ARAUCANÍA,29,ADQUISICIÓN DE ACTIVOS NO FINANCIEROS,401724.0,401724.0,0.0,-401724.0,-100.0,-103.8
9,MINISTERIO DE EDUCACIÓN,GASTOS ADMINISTRATIVOS ANTOFAGASTA,29,ADQUISICIÓN DE ACTIVOS NO FINANCIEROS,377680.0,377680.0,0.0,-377680.0,-100.0,-103.8
9,MINISTERIO DE EDUCACIÓN,SERVICIO EDUCATIVO TAMARUGAL,29,ADQUISICIÓN DE ACTIVOS NO FINANCIEROS,361580.0,361580.0,0.0,-361580.0,-100.0,-103.8
9,MINISTERIO DE EDUCACIÓN,GASTOS ADMINISTRATIVOS TAMARUGAL,29,ADQUISICIÓN DE ACTIVOS NO FINANCIEROS,347112.0,347112.0,0.0,-347112.0,-100.0,-103.8
9,MINISTERIO DE EDUCACIÓN,GASTOS ADMINISTRATIVOS RELONCAVÍ,22,BIENES Y SERVICIOS DE CONSUMO,332979.0,273685.0,0.0,-332979.0,-100.0,-103.8
9,MINISTERIO DE EDUCACIÓN,GASTOS ADMINISTRATIVOS RELONCAVÍ,29,ADQUISICIÓN DE ACTIVOS NO FINANCIEROS,326196.0,326196.0,0.0,-326196.0,-100.0,-103.8
9,MINISTERIO DE EDUCACIÓN,GASTOS ADMINISTRATIVOS LOS CEREZOS,29,ADQUISICIÓN DE ACTIVOS NO FINANCIEROS,320854.0,320854.0,0.0,-320854.0,-100.0,-103.8
9,MINISTERIO DE EDUCACIÓN,GASTOS ADMINISTRATIVOS LOS COPIHUES,29,ADQUISICIÓN DE ACTIVOS NO FINANCIEROS,320034.0,320034.0,0.0,-320034.0,-100.0,-103.8
9,MINISTERIO DE EDUCACIÓN,GASTOS ADMINISTRATIVOS LOS CEREZOS,22,BIENES Y SERVICIOS DE CONSUMO,318912.0,275003.0,0.0,-318912.0,-100.0,-103.8
9,MINISTERIO DE EDUCACIÓN,GASTOS ADMINISTRATIVOS LA QUEBRADA,29,ADQUISICIÓN DE ACTIVOS NO FINANCIEROS,318500.0,318500.0,0.0,-318500.0,-100.0,-103.8
9,MINISTERIO DE EDUCACIÓN,DIRECCIÓN DE EDUCACIÓN PÚBLICA,29,ADQUISICIÓN DE ACTIVOS NO FINANCIEROS,316950.0,316950.0,0.0,-316950.0,-100.0,-103.8
9,MINISTERIO DE EDUCACIÓN,GASTOS ADMINISTRATIVOS TALAGANTE,29,ADQUISICIÓN DE ACTIVOS NO FINANCIEROS,314402.0,314402.0,0.0,-314402.0,-100.0,-103.8
9,MINISTERIO DE EDUCACIÓN,GASTOS ADMINISTRATIVOS LITORAL,29,ADQUISICIÓN DE ACTIVOS NO FINANCIEROS,313834.0,313834.0,0.0,-313834.0,-100.0,-103.8
9,MINISTERIO DE EDUCACIÓN,GASTOS ADMINISTRATIVOS SANTA ROSA,29,ADQUISICIÓN DE ACTIVOS NO FINANCIEROS,313426.0,313426.0,0.0,-313426.0,-100.0,-103.8
9,MINISTERIO DE EDUCACIÓN,GASTOS ADMINISTRATIVOS LLANQUIHUE,29,ADQUISICIÓN DE ACTIVOS NO FINANCIEROS,306114.0,306114.0,0.0,-306114.0,-100.0,-103.8
9,MINISTERIO DE EDUCACIÓN,GASTOS ADMINISTRATIVOS LA QUEBRADA,22,BIENES Y SERVICIOS DE CONSUMO,297896.0,243843.0,0.0,-297896.0,-100.0,-103.8
9,MINISTERIO DE EDUCACIÓN,GASTOS ADMINISTRATIVOS LOS COPIHUES,22,BIENES Y SERVICIOS DE CONSUMO,297812.0,259745.0,0.0,-297812.0,-100.0,-103.8
9,MINISTERIO DE EDUCACIÓN,GASTOS ADMINISTRATIVOS SANTA CORINA,29,ADQUISICIÓN DE ACTIVOS NO FINANCIEROS,296660.0,296660.0,0.0,-296660.0,-100.0,-103.8
9,MINISTERIO DE EDUCACIÓN,GASTOS ADMINISTRATIVOS DEL PINO,29,ADQUISICIÓN DE ACTIVOS NO FINANCIEROS,294286.0,294286.0,0.0,-294286.0,-100.0,-103.8
9,MINISTERIO DE EDUCACIÓN,GASTOS ADMINISTRATIVOS TALAGANTE,22,BIENES Y SERVICIOS DE CONSUMO,263844.0,221985.0,0.0,-263844.0,-100.0,-103.8
9,MINISTERIO DE EDUCACIÓN,GASTOS ADMINISTRATIVOS MAULE COSTA,29,ADQUISICIÓN DE ACTIVOS NO FINANCIEROS,262730.0,262730.0,0.0,-262730.0,-100.0,-103.8
9,MINISTERIO DE EDUCACIÓN,GASTOS ADMINISTRATIVOS LITORAL,22,BIENES Y SERVICIOS DE CONSUMO,260495.0,208396.0,0.0,-260495.0,-100.0,-103.8
9,MINISTERIO DE EDUCACIÓN,DIRECCIÓN DE EDUCACIÓN PÚBLICA,24,TRANSFERENCIAS CORRIENTES,250533.0,250533.0,0.0,-250533.0,-100.0,-103.8
29,"MINISTERIO DE LAS CULTURAS, LAS ARTES Y EL PATRIMONIO",FORMACIÓN ARTÍSTICA TEMPRANA,29,ADQUISICIÓN DE ACTIVOS NO FINANCIEROS,247838.0,240404.0,0.0,-247838.0,-100.0,-103.8
9,MINISTERIO DE EDUCACIÓN,CONSEJO NACIONAL DE EDUCACIÓN,22,BIENES Y SERVICIOS DE CONSUMO,247278.0,227278.0,0.0,-247278.0,-100.0,-103.8
9,MINISTERIO DE EDUCACIÓN,GASTOS ADMINISTRATIVOS LOS LIBERTADORES,29,ADQUISICIÓN DE ACTIVOS NO FINANCIEROS,244780.0,244780.0,0.0,-244780.0,-100.0,-103.8
9,MINISTERIO DE EDUCACIÓN,GASTOS ADMINISTRATIVOS ANDALIÉN COSTA,29,ADQUISICIÓN DE ACTIVOS NO FINANCIEROS,240118.0,240118.0,0.0,-240118.0,-100.0,-103.8
9,MINISTERIO DE EDUCACIÓN,GASTOS ADMINISTRATIVOS VALDIVIA,29,ADQUISICIÓN DE ACTIVOS NO FINANCIEROS,230996.0,230996.0,0.0,-230996.0,-100.0,-103.8
9,MINISTERIO DE EDUCACIÓN,GASTOS ADMINISTRATIVOS ARAUCO NORTE,22,BIENES Y SERVICIOS DE CONSUMO,228871.0,68662.0,0.0,-228871.0,-100.0,-103.8
9,MINISTERIO DE EDUCACIÓN,GASTOS ADMINISTRATIVOS PUERTO CORDILLERA,22,BIENES Y SERVICIOS DE CONSUMO,228616.0,217185.0,0.0,-228616.0,-100.0,-103.8
9,MINISTERIO DE EDUCACIÓN,GASTOS ADMINISTRATIVOS VALLE CACHAPOAL,29,ADQUISICIÓN DE ACTIVOS NO FINANCIEROS,227152.0,227152.0,0.0,-227152.0,-100.0,-103.8
29,"MINISTERIO DE LAS CULTURAS, LAS ARTES Y EL PATRIMONIO",SUBSECRETARÍA DEL PATRIMONIO CULTURAL,29,ADQUISICIÓN DE ACTIVOS NO FINANCIEROS,219772.0,189240.0,0.0,-219772.0,-100.0,-103.8
9,MINISTERIO DE EDUCACIÓN,GASTOS ADMINISTRATIVOS CAUTÍN SUR,22,BIENES Y SERVICIOS DE CONSUMO,216426.0,64928.0,0.0,-216426.0,-100.0,-103.8
9,MINISTERIO DE EDUCACIÓN,GASTOS ADMINISTRATIVOS CAUTÍN NORTE,22,BIENES Y SERVICIOS DE CONSUMO,216426.0,64928.0,0.0,-216426.0,-100.0,-103.8
9,MINISTERIO DE EDUCACIÓN,GASTOS ADMINISTRATIVOS LIMARÍ,22,BIENES Y SERVICIOS DE CONSUMO,216316.0,64895.0,0.0,-216316.0,-100.0,-103.8
9,MINISTERIO DE EDUCACIÓN,GASTOS ADMINISTRATIVOS MAPOCHO,22,BIENES Y SERVICIOS DE CONSUMO,215301.0,64591.0,0.0,-215301.0,-100.0,-103.8
29,"MINISTERIO DE LAS CULTURAS, LAS ARTES Y EL PATRIMONIO",FONDOS CULTURALES Y ARTÍSTICOS,22,BIENES Y SERVICIOS DE CONSUMO,211673.0,194739.0,0.0,-211673.0,-100.0,-103.8
9,MINISTERIO DE EDUCACIÓN,GASTOS ADMINISTRATIVOS HANGA ROA,22,BIENES Y SERVICIOS DE CONSUMO,210524.0,168419.0,0.0,-210524.0,-100.0,-103.8
9,MINISTERIO DE EDUCACIÓN,GASTOS ADMINISTRATIVOS LOS VIÑEDOS,22,BIENES Y SERVICIOS DE CONSUMO,201285.0,161028.0,0.0,-201285.0,-100.0,-103.8
9,MINISTERIO DE EDUCACIÓN,GASTOS ADMINISTRATIVOS CACHAPOAL COSTA,22,BIENES Y SERVICIOS DE CONSUMO,199062.0,59719.0,0.0,-199062.0,-100.0,-103.8
9,MINISTERIO DE EDUCACIÓN,GASTOS ADMINISTRATIVOS CHACABUCO,22,BIENES Y SERVICIOS DE CONSUMO,197461.0,157969.0,0.0,-197461.0,-100.0,-103.8
9,MINISTERIO DE EDUCACIÓN,GASTOS ADMINISTRATIVOS AYSÉN,29,ADQUISICIÓN DE ACTIVOS NO FINANCIEROS,196434.0,196434.0,0.0,-196434.0,-100.0,-103.8
9,MINISTERIO DE EDUCACIÓN,GASTOS ADMINISTRATIVOS MAIPO SUR,22,BIENES Y SERVICIOS DE CONSUMO,196094.0,58828.0,0.0,-196094.0,-100.0,-103.8
9,MINISTERIO DE EDUCACIÓN,SUPERINTENDENCIA DE EDUCACIÓN SUPERIOR,29,ADQUISICIÓN DE ACTIVOS NO FINANCIEROS,193492.0,193492.0,0.0,-193492.0,-100.0,-103.8
9,MINISTERIO DE EDUCACIÓN,GASTOS ADMINISTRATIVOS CACHAPOAL NORTE,22,BIENES Y SERVICIOS DE CONSUMO,190070.0,57021.0,0.0,-190070.0,-100.0,-103.8
9,MINISTERIO DE EDUCACIÓN,GASTOS ADMINISTRATIVOS CHOAPA,22,BIENES Y SERVICIOS DE CONSUMO,185458.0,55638.0,0.0,-185458.0,-100.0,-103.8
9,MINISTERIO DE EDUCACIÓN,GASTOS ADMINISTRATIVOS HANGA ROA,29,ADQUISICIÓN DE ACTIVOS NO FINANCIEROS,180438.0,180438.0,0.0,-180438.0,-100.0,-103.8
9,MINISTERIO DE EDUCACIÓN,GASTOS ADMINISTRATIVOS CHILOÉ,29,ADQUISICIÓN DE ACTIVOS NO FINANCIEROS,176342.0,176342.0,0.0,-176342.0,-100.0,-103.8
9,MINISTERIO DE EDUCACIÓN,GASTOS ADMINISTRATIVOS MAGALLANES,29,ADQUISICIÓN DE ACTIVOS NO FINANCIEROS,175636.0,175636.0,0.0,-175636.0,-100.0,-103.8
9,MINISTERIO DE EDUCACIÓN,GASTOS ADMINISTRATIVOS PUNILLA CORDILLERA,29,ADQUISICIÓN DE ACTIVOS NO FINANCIEROS,171610.0,171610.0,0.0,-171610.0,-100.0,-103.8
9,MINISTERIO DE EDUCACIÓN,GASTOS ADMINISTRATIVOS MAULE VALLE,22,BIENES Y SERVICIOS DE CONSUMO,166833.0,100100.0,0.0,-166833.0,-100.0,-103.8
9,MINISTERIO DE EDUCACIÓN,GASTOS ADMINISTRATIVOS CHOAPA,29,ADQUISICIÓN DE ACTIVOS NO FINANCIEROS,161660.0,161660.0,0.0,-161660.0,-100.0,-103.8
9,MINISTERIO DE EDUCACIÓN,GASTOS ADMINISTRATIVOS CACHAPOAL COSTA,29,ADQUISICIÓN DE ACTIVOS NO FINANCIEROS,161660.0,161660.0,0.0,-161660.0,-100.0,-103.8
9,MINISTERIO DE EDUCACIÓN,GASTOS ADMINISTRATIVOS COSTA COLCHAGUA,29,ADQUISICIÓN DE ACTIVOS NO FINANCIEROS,161660.0,161660.0,0.0,-161660.0,-100.0,-103.8
9,MINISTERIO DE EDUCACIÓN,GASTOS ADMINISTRATIVOS CACHAPOAL NORTE,29,ADQUISICIÓN DE ACTIVOS NO FINANCIEROS,161660.0,161660.0,0.0,-161660.0,-100.0,-103.8
9,MINISTERIO DE EDUCACIÓN,GASTOS ADMINISTRATIVOS MAIPO SUR,29,ADQUISICIÓN DE ACTIVOS NO FINANCIEROS,161660.0,161660.0,0.0,-161660.0,-100.0,-103.8
9,MINISTERIO DE EDUCACIÓN,GASTOS ADMINISTRATIVOS MAULE VALLE,29,ADQUISICIÓN DE ACTIVOS NO FINANCIEROS,161660.0,161660.0,0.0,-161660.0,-100.0,-103.8
9,MINISTERIO DE EDUCACIÓN,GASTOS ADMINISTRATIVOS MAPOCHO,29,ADQUISICIÓN DE ACTIVOS NO FINANCIEROS,161660.0,161660.0,0.0,-161660.0,-100.0,-103.8
9,MINISTERIO DE EDUCACIÓN,GASTOS ADMINISTRATIVOS CAUTÍN SUR,29,ADQUISICIÓN DE ACTIVOS NO FINANCIEROS,161660.0,161660.0,0.0,-161660.0,-100.0,-103.8
9,MINISTERIO DE EDUCACIÓN,GASTOS ADMINISTRATIVOS CAUTÍN NORTE,29,ADQUISICIÓN DE ACTIVOS NO FINANCIEROS,161660.0,161660.0,0.0,-161660.0,-100.0,-103.8
9,MINISTERIO DE EDUCACIÓN,GASTOS ADMINISTRATIVOS ARAUCO NORTE,29,ADQUISICIÓN DE ACTIVOS NO FINANCIEROS,161660.0,161660.0,0.0,-161660.0,-100.0,-103.8
9,MINISTERIO DE EDUCACIÓN,GASTOS ADMINISTRATIVOS LIMARÍ,29,ADQUISICIÓN DE ACTIVOS NO FINANCIEROS,161660.0,161660.0,0.0,-161660.0,-100.0,-103.8
9,MINISTERIO DE EDUCACIÓN,GASTOS ADMINISTRATIVOS LOS ANDES,29,ADQUISICIÓN DE ACTIVOS NO FINANCIEROS,160640.0,160640.0,0.0,-160640.0,-100.0,-103.8
9,MINISTERIO DE EDUCACIÓN,GASTOS ADMINISTRATIVOS ELQUI,29,ADQUISICIÓN DE ACTIVOS NO FINANCIEROS,159826.0,159826.0,0.0,-159826.0,-100.0,-103.8
9,MINISTERIO DE EDUCACIÓN,GASTOS ADMINISTRATIVOS COSTA COLCHAGUA,22,BIENES Y SERVICIOS DE CONSUMO,158802.0,95281.0,0.0,-158802.0,-100.0,-103.8
9,MINISTERIO DE EDUCACIÓN,GASTOS ADMINISTRATIVOS LICANCABUR,29,ADQUISICIÓN DE ACTIVOS NO FINANCIEROS,128372.0,128372.0,0.0,-128372.0,-100.0,-103.8
9,MINISTERIO DE EDUCACIÓN,SUBSECRETARÍA DE EDUCACIÓN PARVULARIA,29,ADQUISICIÓN DE ACTIVOS NO FINANCIEROS,126714.0,90714.0,0.0,-126714.0,-100.0,-103.8
9,MINISTERIO DE EDUCACIÓN,GASTOS ADMINISTRATIVOS COLCHAGUA,29,ADQUISICIÓN DE ACTIVOS NO FINANCIEROS,110616.0,110616.0,0.0,-110616.0,-100.0,-103.8
9,MINISTERIO DE EDUCACIÓN,GASTOS ADMINISTRATIVOS ANDALIÉN SUR,29,ADQUISICIÓN DE ACTIVOS NO FINANCIEROS,95774.0,95774.0,0.0,-95774.0,-100.0,-103.8
9,MINISTERIO DE EDUCACIÓN,GASTOS ADMINISTRATIVOS IQUIQUE,29,ADQUISICIÓN DE ACTIVOS NO FINANCIEROS,86634.0,86634.0,0.0,-86634.0,-100.0,-103.8
9,MINISTERIO DE EDUCACIÓN,GASTOS ADMINISTRATIVOS COSTA ARAUCANÍA,29,ADQUISICIÓN DE ACTIVOS NO FINANCIEROS,80382.0,80382.0,0.0,-80382.0,-100.0,-103.8
9,MINISTERIO DE EDUCACIÓN,CONSEJO DE RECTORES,22,BIENES Y SERVICIOS DE CONSUMO,76796.0,76796.0,0.0,-76796.0,-100.0,-103.8
9,MINISTERIO DE EDUCACIÓN,GASTOS ADMINISTRATIVOS ATACAMA,29,ADQUISICIÓN DE ACTIVOS NO FINANCIEROS,75552.0,75552.0,0.0,-75552.0,-100.0,-103.8
9,MINISTERIO DE EDUCACIÓN,SERVICIO EDUCATIVO PETORCA,23,PRESTACIONES DE SEGURIDAD SOCIAL,71618.0,71618.0,0.0,-71618.0,-100.0,-103.8
9,MINISTERIO DE EDUCACIÓN,GASTOS ADMINISTRATIVOS VALPARAÍSO,29,ADQUISICIÓN DE ACTIVOS NO FINANCIEROS,62540.0,62540.0,0.0,-62540.0,-100.0,-103.8
9,MINISTERIO DE EDUCACIÓN,GASTOS ADMINISTRATIVOS CHINCHORRO,29,ADQUISICIÓN DE ACTIVOS NO FINANCIEROS,59266.0,59266.0,0.0,-59266.0,-100.0,-103.8
9,MINISTERIO DE EDUCACIÓN,GASTOS ADMINISTRATIVOS HUASCO,29,ADQUISICIÓN DE ACTIVOS NO FINANCIEROS,45546.0,45546.0,0.0,-45546.0,-100.0,-103.8
9,MINISTERIO DE EDUCACIÓN,GASTOS ADMINISTRATIVOS BARRANCAS,29,ADQUISICIÓN DE ACTIVOS NO FINANCIEROS,44224.0,44224.0,0.0,-44224.0,-100.0,-103.8
29,"MINISTERIO DE LAS CULTURAS, LAS ARTES Y EL PATRIMONIO",SUBSECRETARÍA DEL PATRIMONIO CULTURAL,24,TRANSFERENCIAS CORRIENTES,35457.0,35457.0,0.0,-35457.0,-100.0,-103.8
9,MINISTERIO DE EDUCACIÓN,GASTOS ADMINISTRATIVOS PUERTO CORDILLERA,29,ADQUISICIÓN DE ACTIVOS NO FINANCIEROS,31670.0,31670.0,0.0,-31670.0,-100.0,-103.8
9,MINISTERIO DE EDUCACIÓN,GASTOS ADMINISTRATIVOS GABRIELA MISTRAL,29,ADQUISICIÓN DE ACTIVOS NO FINANCIEROS,30178.0,30178.0,0.0,-30178.0,-100.0,-103.8
9,MINISTERIO DE EDUCACIÓN,CONSEJO NACIONAL DE EDUCACIÓN,29,ADQUISICIÓN DE ACTIVOS NO FINANCIEROS,29822.0,29822.0,0.0,-29822.0,-100.0,-103.8
9,MINISTERIO DE EDUCACIÓN,CONSEJO DE RECTORES,29,ADQUISICIÓN DE ACTIVOS NO FINANCIEROS,8248.0,8248.0,0.0,-8248.0,-100.0,-103.8
29,"MINISTERIO DE LAS CULTURAS, LAS ARTES Y EL PATRIMONIO",SERVICIO NACIONAL DEL PATRIMONIO CULTURAL,25,INTEGROS AL FISCO,5852.0,5852.0,0.0,-5852.0,-100.0,-103.8
9,MINISTERIO DE EDUCACIÓN,TRANSFERENCIAS DE SUBSECRETARÍA DE EDUCACIÓN,24,TRANSFERENCIAS CORRIENTES,4320.0,222390.0,0.0,-4320.0,-100.0,-103.8
9,MINISTERIO DE EDUCACIÓN,TRANSFERENCIAS DE SUBSECRETARÍA DE EDUCACIÓN,33,TRANSFERENCIAS DE CAPITAL,3240.0,137304.0,0.0,-3240.0,-100.0,-103.8
9,MINISTERIO DE EDUCACIÓN,SUBSECRETARÍA DE EDUCACIÓN,25,INTEGROS AL FISCO,3114.0,3114.0,0.0,-3114.0,-100.0,-103.8
29,"MINISTERIO DE LAS CULTURAS, LAS ARTES Y EL PATRIMONIO",SUBSECRETARÍA DE LAS CULTURAS Y LAS ARTES,25,INTEGROS AL FISCO,60.0,6397312.0,0.0,-60.0,-100.0,-103.8
9,MINISTERIO DE EDUCACIÓN,CONSEJO NACIONAL DE EDUCACIÓN,25,INTEGROS AL FISCO,60.0,60.0,0.0,-60.0,-100.0,-103.8
9,MINISTERIO DE EDUCACIÓN,SERVICIO EDUCATIVO LICANCABUR,25,INTEGROS AL FISCO,40.0,40.0,0.0,-40.0,-100.0,-103.8
9,MINISTERIO DE EDUCACIÓN,GASTOS ADMINISTRATIVOS LOS ÁLAMOS,25,INTEGROS AL FISCO,40.0,40.0,0.0,-40.0,-100.0,-103.8
9,MINISTERIO DE EDUCACIÓN,GASTOS ADMINISTRATIVOS ARAUCO NORTE,25,INTEGROS AL FISCO,40.0,40.0,0.0,-40.0,-100.0,-103.8
9,MINISTERIO DE EDUCACIÓN,SERVICIO EDUCATIVO ANDALIÉN COSTA,25,INTEGROS AL FISCO,40.0,40.0,0.0,-40.0,-100.0,-103.8
9,MINISTERIO DE EDUCACIÓN,GASTOS ADMINISTRATIVOS PETORCA,25,INTEGROS AL FISCO,40.0,40.0,0.0,-40.0,-100.0,-103.8
9,MINISTERIO DE EDUCACIÓN,GASTOS ADMINISTRATIVOS SANTA CORINA,25,INTEGROS AL FISCO,40.0,40.0,0.0,-40.0,-100.0,-103.8
9,MINISTERIO DE EDUCACIÓN,SERVICIO EDUCATIVO COSTA ARAUCANÍA,25,INTEGROS AL FISCO,40.0,40.0,0.0,-40.0,-100.0,-103.8
9,MINISTERIO DE EDUCACIÓN,GASTOS ADMINISTRATIVOS PUNILLA CORDILLERA,25,INTEGROS AL FISCO,40.0,40.0,0.0,-40.0,-100.0,-103.8
9,MINISTERIO DE EDUCACIÓN,SERVICIO EDUCATIVO MAULE COSTA,25,INTEGROS AL FISCO,40.0,40.0,0.0,-40.0,-100.0,-103.8
9,MINISTERIO DE EDUCACIÓN,SERVICIO EDUCATIVO BARRANCAS,25,INTEGROS AL FISCO,40.0,40.0,0.0,-40.0,-100.0,-103.8
9,MINISTERIO DE EDUCACIÓN,SERVICIO EDUCATIVO LLANQUIHUE,25,INTEGROS AL FISCO,40.0,40.0,0.0,-40.0,-100.0,-103.8
9,MINISTERIO DE EDUCACIÓN,SERVICIO EDUCATIVO IQUIQUE,25,INTEGROS AL FISCO,40.0,40.0,0.0,-40.0,-100.0,-103.8
9,MINISTERIO DE EDUCACIÓN,SUPERINTENDENCIA DE EDUCACIÓN,25,INTEGROS AL FISCO,40.0,40.0,0.0,-40.0,-100.0,-103.8
9,MINISTERIO DE EDUCACIÓN,GASTOS ADMINISTRATIVOS COSTA COLCHAGUA,25,INTEGROS AL FISCO,40.0,40.0,0.0,-40.0,-100.0,-103.8
9,MINISTERIO DE EDUCACIÓN,SERVICIO EDUCATIVO SANTIAGO CENTRO,25,INTEGROS AL FISCO,40.0,40.0,0.0,-40.0,-100.0,-103.8
9,MINISTERIO DE EDUCACIÓN,PROGRAMAS ALTERNATIVOS DE ENSEÑANZA PRE-ESCOLAR,25,INTEGROS AL FISCO,40.0,40.0,0.0,-40.0,-100.0,-103.8
9,MINISTERIO DE EDUCACIÓN,SERVICIO EDUCATIVO ANDALIÉN SUR,25,INTEGROS AL FISCO,40.0,40.0,0.0,-40.0,-100.0,-103.8
9,MINISTERIO DE EDUCACIÓN,GASTOS ADMINISTRATIVOS CAUTÍN NORTE,25,INTEGROS AL FISCO,40.0,40.0,0.0,-40.0,-100.0,-103.8
9,MINISTERIO DE EDUCACIÓN,JUNTA NACIONAL DE AUXILIO ESCOLAR Y BECAS,25,INTEGROS AL FISCO,40.0,40.0,0.0,-40.0,-100.0,-103.8
9,MINISTERIO DE EDUCACIÓN,GASTOS ADMINISTRATIVOS MARGA MARGA,25,INTEGROS AL FISCO,40.0,40.0,0.0,-40.0,-100.0,-103.8
9,MINISTERIO DE EDUCACIÓN,SERVICIO EDUCATIVO LOS LIBERTADORES,25,INTEGROS AL FISCO,40.0,40.0,0.0,-40.0,-100.0,-103.8
9,MINISTERIO DE EDUCACIÓN,SERVICIO EDUCATIVO PUERTO CORDILLERA,25,INTEGROS AL FISCO,40.0,40.0,0.0,-40.0,-100.0,-103.8
9,MINISTERIO DE EDUCACIÓN,SERVICIO EDUCATIVO DEL PINO,25,INTEGROS AL FISCO,40.0,40.0,0.0,-40.0,-100.0,-103.8
9,MINISTERIO DE EDUCACIÓN,GASTOS ADMINISTRATIVOS VALLE DIGUILLÍN,25,INTEGROS AL FISCO,40.0,40.0,0.0,-40.0,-100.0,-103.8
9,MINISTERIO DE EDUCACIÓN,GASTOS ADMINISTRATIVOS LICANCABUR,25,INTEGROS AL FISCO,40.0,40.0,0.0,-40.0,-100.0,-103.8
9,MINISTERIO DE EDUCACIÓN,SERVICIO EDUCATIVO VALPARAÍSO,25,INTEGROS AL FISCO,40.0,40.0,0.0,-40.0,-100.0,-103.8
9,MINISTERIO DE EDUCACIÓN,SERVICIO EDUCATIVO CHINCHORRO,25,INTEGROS AL FISCO,40.0,40.0,0.0,-40.0,-100.0,-103.8
9,MINISTERIO DE EDUCACIÓN,SERVICIO EDUCATIVO PETORCA,25,INTEGROS AL FISCO,40.0,40.0,0.0,-40.0,-100.0,-103.8
9,MINISTERIO DE EDUCACIÓN,GASTOS ADMINISTRATIVOS LOS CEREZOS,25,INTEGROS AL FISCO,40.0,40.0,0.0,-40.0,-100.0,-103.8
9,MINISTERIO DE EDUCACIÓN,GASTOS ADMINISTRATIVOS SANTA ROSA,25,INTEGROS AL FISCO,40.0,40.0,0.0,-40.0,-100.0,-103.8
9,MINISTERIO DE EDUCACIÓN,GASTOS ADMINISTRATIVOS LA QUEBRADA,25,INTEGROS AL FISCO,40.0,40.0,0.0,-40.0,-100.0,-103.8
9,MINISTERIO DE EDUCACIÓN,GASTOS ADMINISTRATIVOS VALPARAÍSO,25,INTEGROS AL FISCO,40.0,40.0,0.0,-40.0,-100.0,-103.8
9,MINISTERIO DE EDUCACIÓN,SERVICIO EDUCATIVO COLCHAGUA,25,INTEGROS AL FISCO,40.0,40.0,0.0,-40.0,-100.0,-103.8
9,MINISTERIO DE EDUCACIÓN,GASTOS ADMINISTRATIVOS ACONCAGUA,25,INTEGROS AL FISCO,40.0,40.0,0.0,-40.0,-100.0,-103.8
9,MINISTERIO DE EDUCACIÓN,GASTOS ADMINISTRATIVOS HANGA ROA,25,INTEGROS AL FISCO,40.0,40.0,0.0,-40.0,-100.0,-103.8
9,MINISTERIO DE EDUCACIÓN,SERVICIO EDUCATIVO LOS PARQUES,25,INTEGROS AL FISCO,40.0,40.0,0.0,-40.0,-100.0,-103.8
9,MINISTERIO DE EDUCACIÓN,SERVICIO EDUCATIVO LOS ÁLAMOS,25,INTEGROS AL FISCO,40.0,40.0,0.0,-40.0,-100.0,-103.8
9,MINISTERIO DE EDUCACIÓN,GASTOS ADMINISTRATIVOS ANTOFAGASTA,25,INTEGROS AL FISCO,40.0,40.0,0.0,-40.0,-100.0,-103.8
9,MINISTERIO DE EDUCACIÓN,SERVICIO EDUCATIVO GABRIELA MISTRAL,25,INTEGROS AL FISCO,40.0,40.0,0.0,-40.0,-100.0,-103.8
9,MINISTERIO DE EDUCACIÓN,GASTOS ADMINISTRATIVOS CHINCHORRO,25,INTEGROS AL FISCO,40.0,40.0,0.0,-40.0,-100.0,-103.8
9,MINISTERIO DE EDUCACIÓN,GASTOS ADMINISTRATIVOS MAULE VALLE,25,INTEGROS AL FISCO,40.0,40.0,0.0,-40.0,-100.0,-103.8
9,MINISTERIO DE EDUCACIÓN,SERVICIO EDUCATIVO COSTA CENTRAL,25,INTEGROS AL FISCO,40.0,40.0,0.0,-40.0,-100.0,-103.8
9,MINISTERIO DE EDUCACIÓN,GASTOS ADMINISTRATIVOS CACHAPOAL COSTA,25,INTEGROS AL FISCO,40.0,40.0,0.0,-40.0,-100.0,-103.8
9,MINISTERIO DE EDUCACIÓN,SUPERINTENDENCIA DE EDUCACIÓN SUPERIOR,25,INTEGROS AL FISCO,40.0,40.0,0.0,-40.0,-100.0,-103.8
9,MINISTERIO DE EDUCACIÓN,GASTOS ADMINISTRATIVOS ATACAMA,25,INTEGROS AL FISCO,40.0,40.0,0.0,-40.0,-100.0,-103.8
9,MINISTERIO DE EDUCACIÓN,GASTOS ADMINISTRATIVOS COLCHAGUA,25,INTEGROS AL FISCO,40.0,40.0,0.0,-40.0,-100.0,-103.8
9,MINISTERIO DE EDUCACIÓN,GASTOS ADMINISTRATIVOS VALLE CACHAPOAL,25,INTEGROS AL FISCO,40.0,40.0,0.0,-40.0,-100.0,-103.8
9,MINISTERIO DE EDUCACIÓN,GASTOS ADMINISTRATIVOS CHOAPA,25,INTEGROS AL FISCO,40.0,40.0,0.0,-40.0,-100.0,-103.8
9,MINISTERIO DE EDUCACIÓN,GASTOS ADMINISTRATIVOS BARRANCAS,25,INTEGROS AL FISCO,40.0,40.0,0.0,-40.0,-100.0,-103.8
9,MINISTERIO DE EDUCACIÓN,SERVICIO EDUCATIVO VALLE DIGUILLÍN,25,INTEGROS AL FISCO,40.0,40.0,0.0,-40.0,-100.0,-103.8
9,MINISTERIO DE EDUCACIÓN,SERVICIO EDUCATIVO HUASCO,25,INTEGROS AL FISCO,40.0,40.0,0.0,-40.0,-100.0,-103.8
9,MINISTERIO DE EDUCACIÓN,GASTOS ADMINISTRATIVOS ANDALIÉN SUR,25,INTEGROS AL FISCO,40.0,40.0,0.0,-40.0,-100.0,-103.8
9,MINISTERIO DE EDUCACIÓN,GASTOS ADMINISTRATIVOS CHACABUCO,25,INTEGROS AL FISCO,40.0,40.0,0.0,-40.0,-100.0,-103.8
9,MINISTERIO DE EDUCACIÓN,GASTOS ADMINISTRATIVOS PUELCHE,25,INTEGROS AL FISCO,40.0,40.0,0.0,-40.0,-100.0,-103.8
9,MINISTERIO DE EDUCACIÓN,GASTOS ADMINISTRATIVOS VALDIVIA,25,INTEGROS AL FISCO,40.0,40.0,0.0,-40.0,-100.0,-103.8
9,MINISTERIO DE EDUCACIÓN,GASTOS ADMINISTRATIVOS LITORAL,25,INTEGROS AL FISCO,40.0,40.0,0.0,-40.0,-100.0,-103.8
9,MINISTERIO DE EDUCACIÓN,GASTOS ADMINISTRATIVOS PUERTO CORDILLERA,25,INTEGROS AL FISCO,40.0,40.0,0.0,-40.0,-100.0,-103.8
9,MINISTERIO DE EDUCACIÓN,SERVICIO EDUCATIVO SANTA ROSA,25,INTEGROS AL FISCO,40.0,40.0,0.0,-40.0,-100.0,-103.8
9,MINISTERIO DE EDUCACIÓN,SERVICIO EDUCATIVO MAGALLANES,25,INTEGROS AL FISCO,40.0,40.0,0.0,-40.0,-100.0,-103.8
9,MINISTERIO DE EDUCACIÓN,GASTOS ADMINISTRATIVOS LOS PARQUES,25,INTEGROS AL FISCO,40.0,40.0,0.0,-40.0,-100.0,-103.8
9,MINISTERIO DE EDUCACIÓN,GASTOS ADMINISTRATIVOS CAUTÍN SUR,25,INTEGROS AL FISCO,40.0,40.0,0.0,-40.0,-100.0,-103.8
9,MINISTERIO DE EDUCACIÓN,GASTOS ADMINISTRATIVOS ANDALIÉN COSTA,25,INTEGROS AL FISCO,40.0,40.0,0.0,-40.0,-100.0,-103.8
9,MINISTERIO DE EDUCACIÓN,AGENCIA DE CALIDAD DE LA EDUCACIÓN,25,INTEGROS AL FISCO,40.0,40.0,0.0,-40.0,-100.0,-103.8
9,MINISTERIO DE EDUCACIÓN,GASTOS ADMINISTRATIVOS ELQUI,25,INTEGROS AL FISCO,40.0,40.0,0.0,-40.0,-100.0,-103.8
9,MINISTERIO DE EDUCACIÓN,GASTOS ADMINISTRATIVOS DEL PINO,25,INTEGROS AL FISCO,40.0,40.0,0.0,-40.0,-100.0,-103.8
9,MINISTERIO DE EDUCACIÓN,GASTOS ADMINISTRATIVOS TALAGANTE,25,INTEGROS AL FISCO,40.0,40.0,0.0,-40.0,-100.0,-103.8
29,"MINISTERIO DE LAS CULTURAS, LAS ARTES Y EL PATRIMONIO",SUBSECRETARÍA DEL PATRIMONIO CULTURAL,25,INTEGROS AL FISCO,40.0,40.0,0.0,-40.0,-100.0,-103.8
9,MINISTERIO DE EDUCACIÓN,GASTOS ADMINISTRATIVOS COSTA ARAUCANÍA,25,INTEGROS AL FISCO,40.0,40.0,0.0,-40.0,-100.0,-103.8
9,MINISTERIO DE EDUCACIÓN,GASTOS ADMINISTRATIVOS LOS COPIHUES,25,INTEGROS AL FISCO,40.0,40.0,0.0,-40.0,-100.0,-103.8
9,MINISTERIO DE EDUCACIÓN,SERVICIO EDUCATIVO CHILOÉ,25,INTEGROS AL FISCO,40.0,40.0,0.0,-40.0,-100.0,-103.8
9,MINISTERIO DE EDUCACIÓN,GASTOS ADMINISTRATIVOS AYSÉN,25,INTEGROS AL FISCO,40.0,40.0,0.0,-40.0,-100.0,-103.8
9,MINISTERIO DE EDUCACIÓN,GASTOS ADMINISTRATIVOS GABRIELA MISTRAL,25,INTEGROS AL FISCO,40.0,40.0,0.0,-40.0,-100.0,-103.8
9,MINISTERIO DE EDUCACIÓN,SUBSECRETARÍA DE EDUCACIÓN SUPERIOR,25,INTEGROS AL FISCO,40.0,40.0,0.0,-40.0,-100.0,-103.8
29,"MINISTERIO DE LAS CULTURAS, LAS ARTES Y EL PATRIMONIO",FONDOS CULTURALES Y ARTÍSTICOS,25,INTEGROS AL FISCO,40.0,40.0,0.0,-40.0,-100.0,-103.8
9,MINISTERIO DE EDUCACIÓN,GASTOS ADMINISTRATIVOS IQUIQUE,25,INTEGROS AL FISCO,40.0,40.0,0.0,-40.0,-100.0,-103.8
9,MINISTERIO DE EDUCACIÓN,SUBSECRETARÍA DE EDUCACIÓN PARVULARIA,25,INTEGROS AL FISCO,40.0,40.0,0.0,-40.0,-100.0,-103.8
9,MINISTERIO DE EDUCACIÓN,GASTOS ADMINISTRATIVOS MAGALLANES,25,INTEGROS AL FISCO,40.0,40.0,0.0,-40.0,-100.0,-103.8
9,MINISTERIO DE EDUCACIÓN,SERVICIO EDUCATIVO ACONCAGUA,25,INTEGROS AL FISCO,40.0,40.0,0.0,-40.0,-100.0,-103.8
9,MINISTERIO DE EDUCACIÓN,GASTOS ADMINISTRATIVOS SANTIAGO CENTRO,25,INTEGROS AL FISCO,40.0,40.0,0.0,-40.0,-100.0,-103.8
9,MINISTERIO DE EDUCACIÓN,GASTOS ADMINISTRATIVOS LOS ANDES,25,INTEGROS AL FISCO,40.0,40.0,0.0,-40.0,-100.0,-103.8
9,MINISTERIO DE EDUCACIÓN,SERVICIO EDUCATIVO VALDIVIA,25,INTEGROS AL FISCO,40.0,40.0,0.0,-40.0,-100.0,-103.8
9,MINISTERIO DE EDUCACIÓN,GASTOS ADMINISTRATIVOS COSTA CENTRAL,25,INTEGROS AL FISCO,40.0,40.0,0.0,-40.0,-100.0,-103.8
9,MINISTERIO DE EDUCACIÓN,PROGRAMAS ALTERNATIVOS DE ENSEÑANZA PRE-ESCOLAR,23,PRESTACIONES DE SEGURIDAD SOCIAL,40.0,1606136.0,0.0,-40.0,-100.0,-103.8
9,MINISTERIO DE EDUCACIÓN,SERVICIO EDUCATIVO LOS ANDES,25,INTEGROS AL FISCO,40.0,40.0,0.0,-40.0,-100.0,-103.8
29,"MINISTERIO DE LAS CULTURAS, LAS ARTES Y EL PATRIMONIO",MUSEOS NACIONALES Y REGIONALES,25,INTEGROS AL FISCO,40.0,40.0,0.0,-40.0,-100.0,-103.8
9,MINISTERIO DE EDUCACIÓN,GASTOS ADMINISTRATIVOS RELONCAVÍ,25,INTEGROS AL FISCO,40.0,40.0,0.0,-40.0,-100.0,-103.8
9,MINISTERIO DE EDUCACIÓN,CONSEJO DE RECTORES,25,INTEGROS AL FISCO,40.0,40.0,0.0,-40.0,-100.0,-103.8
9,MINISTERIO DE EDUCACIÓN,GASTOS ADMINISTRATIVOS MAIPO SUR,25,INTEGROS AL FISCO,40.0,40.0,0.0,-40.0,-100.0,-103.8
9,MINISTERIO DE EDUCACIÓN,SERVICIO EDUCATIVO ATACAMA,25,INTEGROS AL FISCO,40.0,40.0,0.0,-40.0,-100.0,-103.8
9,MINISTERIO DE EDUCACIÓN,SERVICIO EDUCATIVO AYSÉN,25,INTEGROS AL FISCO,40.0,40.0,0.0,-40.0,-100.0,-103.8
9,MINISTERIO DE EDUCACIÓN,GASTOS ADMINISTRATIVOS LOS LIBERTADORES,25,INTEGROS AL FISCO,40.0,40.0,0.0,-40.0,-100.0,-103.8
9,MINISTERIO DE EDUCACIÓN,GASTOS ADMINISTRATIVOS LIMARÍ,25,INTEGROS AL FISCO,40.0,40.0,0.0,-40.0,-100.0,-103.8
9,MINISTERIO DE EDUCACIÓN,DIRECCIÓN DE EDUCACIÓN PÚBLICA,25,INTEGROS AL FISCO,40.0,40.0,0.0,-40.0,-100.0,-103.8
9,MINISTERIO DE EDUCACIÓN,SERVICIO EDUCATIVO PUNILLA CORDILLERA,25,INTEGROS AL FISCO,40.0,40.0,0.0,-40.0,-100.0,-103.8
9,MINISTERIO DE EDUCACIÓN,GASTOS ADMINISTRATIVOS MAPOCHO,25,INTEGROS AL FISCO,40.0,40.0,0.0,-40.0,-100.0,-103.8
9,MINISTERIO DE EDUCACIÓN,JUNTA NACIONAL DE JARDINES INFANTILES,25,INTEGROS AL FISCO,40.0,40.0,0.0,-40.0,-100.0,-103.8
9,MINISTERIO DE EDUCACIÓN,GASTOS ADMINISTRATIVOS HUASCO,25,INTEGROS AL FISCO,40.0,40.0,0.0,-40.0,-100.0,-103.8
9,MINISTERIO DE EDUCACIÓN,SERVICIO EDUCATIVO SANTA CORINA,25,INTEGROS AL FISCO,40.0,40.0,0.0,-40.0,-100.0,-103.8
9,MINISTERIO DE EDUCACIÓN,GASTOS ADMINISTRATIVOS CHILOÉ,25,INTEGROS AL FISCO,40.0,40.0,0.0,-40.0,-100.0,-103.8
9,MINISTERIO DE EDUCACIÓN,SERVICIO EDUCATIVO TAMARUGAL,25,INTEGROS AL FISCO,40.0,40.0,0.0,-40.0,-100.0,-103.8
9,MINISTERIO DE EDUCACIÓN,SERVICIO EDUCATIVO MARGA MARGA,25,INTEGROS AL FISCO,40.0,40.0,0.0,-40.0,-100.0,-103.8
29,"MINISTERIO DE LAS CULTURAS, LAS ARTES Y EL PATRIMONIO",RED DE BIBLIOTECAS PÚBLICAS,25,INTEGROS AL FISCO,40.0,40.0,0.0,-40.0,-100.0,-103.8
9,MINISTERIO DE EDUCACIÓN,GASTOS ADMINISTRATIVOS LOS VIÑEDOS,25,INTEGROS AL FISCO,40.0,40.0,0.0,-40.0,-100.0,-103.8
9,MINISTERIO DE EDUCACIÓN,JUNTA NACIONAL DE JARDINES INFANTILES,23,PRESTACIONES DE SEGURIDAD SOCIAL,40.0,21515816.0,0.0,-40.0,-100.0,-103.8
9,MINISTERIO DE EDUCACIÓN,SERVICIO EDUCATIVO ELQUI,25,INTEGROS AL FISCO,40.0,40.0,0.0,-40.0,-100.0,-103.8
29,"MINISTERIO DE LAS CULTURAS, LAS ARTES Y EL PATRIMONIO",CONSEJO DE MONUMENTOS NACIONALES,25,INTEGROS AL FISCO,40.0,40.0,0.0,-40.0,-100.0,-103.8
9,MINISTERIO DE EDUCACIÓN,GASTOS ADMINISTRATIVOS LLANQUIHUE,25,INTEGROS AL FISCO,40.0,40.0,0.0,-40.0,-100.0,-103.8
9,MINISTERIO DE EDUCACIÓN,SERVICIO EDUCATIVO PUELCHE,25,INTEGROS AL FISCO,40.0,40.0,0.0,-40.0,-100.0,-103.8
9,MINISTERIO DE EDUCACIÓN,GASTOS ADMINISTRATIVOS JUNTA NACIONAL DE JARDINES INFANTILES,25,INTEGROS AL FISCO,40.0,40.0,0.0,-40.0,-100.0,-103.8
9,MINISTERIO DE EDUCACIÓN,GASTOS ADMINISTRATIVOS CACHAPOAL NORTE,25,INTEGROS AL FISCO,40.0,40.0,0.0,-40.0,-100.0,-103.8
9,MINISTERIO DE EDUCACIÓN,GASTOS ADMINISTRATIVOS JUNTA NACIONAL DE JARDINES INFANTILES,23,PRESTACIONES DE SEGURIDAD SOCIAL,40.0,2076938.0,0.0,-40.0,-100.0,-103.8
9,MINISTERIO DE EDUCACIÓN,GASTOS ADMINISTRATIVOS MAULE COSTA,25,INTEGROS AL FISCO,40.0,40.0,0.0,-40.0,-100.0,-103.8
9,MINISTERIO DE EDUCACIÓN,GASTOS ADMINISTRATIVOS TAMARUGAL,25,INTEGROS AL FISCO,40.0,40.0,0.0,-40.0,-100.0,-103.8
9,MINISTERIO DE EDUCACIÓN,SERVICIO EDUCATIVO ELQUI,24,TRANSFERENCIAS CORRIENTES,30.0,30.0,0.0,-30.0,-100.0,-103.8
9,MINISTERIO DE EDUCACIÓN,SERVICIO EDUCATIVO VALPARAÍSO,24,TRANSFERENCIAS CORRIENTES,30.0,30.0,0.0,-30.0,-100.0,-103.8
9,MINISTERIO DE EDUCACIÓN,SERVICIO EDUCATIVO PUELCHE,24,TRANSFERENCIAS CORRIENTES,30.0,30.0,0.0,-30.0,-100.0,-103.8
9,MINISTERIO DE EDUCACIÓN,SERVICIO EDUCATIVO MAULE COSTA,24,TRANSFERENCIAS CORRIENTES,30.0,30.0,0.0,-30.0,-100.0,-103.8
9,MINISTERIO DE EDUCACIÓN,SERVICIO EDUCATIVO SANTA ROSA,24,TRANSFERENCIAS CORRIENTES,30.0,30.0,0.0,-30.0,-100.0,-103.8
9,MINISTERIO DE EDUCACIÓN,SERVICIO EDUCATIVO ACONCAGUA,24,TRANSFERENCIAS CORRIENTES,30.0,30.0,0.0,-30.0,-100.0,-103.8
31,FINANCIAMIENTO GOBIERNOS REGIONALES,ASOCIATIVIDAD Y PLANES ESPECIALES,24,TRANSFERENCIAS CORRIENTES,30.0,565599.0,0.0,-30.0,-100.0,-103.8
9,MINISTERIO DE EDUCACIÓN,SERVICIO EDUCATIVO AYSÉN,24,TRANSFERENCIAS CORRIENTES,30.0,30.0,0.0,-30.0,-100.0,-103.8
9,MINISTERIO DE EDUCACIÓN,SERVICIO EDUCATIVO PUERTO CORDILLERA,24,TRANSFERENCIAS CORRIENTES,30.0,30.0,0.0,-30.0,-100.0,-103.8
9,MINISTERIO DE EDUCACIÓN,SERVICIO EDUCATIVO MARGA MARGA,24,TRANSFERENCIAS CORRIENTES,30.0,30.0,0.0,-30.0,-100.0,-103.8
9,MINISTERIO DE EDUCACIÓN,CONSEJO NACIONAL DE EDUCACIÓN,24,TRANSFERENCIAS CORRIENTES,30.0,30.0,0.0,-30.0,-100.0,-103.8
9,MINISTERIO DE EDUCACIÓN,SERVICIO EDUCATIVO ANDALIÉN SUR,24,TRANSFERENCIAS CORRIENTES,30.0,30.0,0.0,-30.0,-100.0,-103.8
9,MINISTERIO DE EDUCACIÓN,SERVICIO EDUCATIVO LOS PARQUES,24,TRANSFERENCIAS CORRIENTES,30.0,30.0,0.0,-30.0,-100.0,-103.8
9,MINISTERIO DE EDUCACIÓN,SERVICIO EDUCATIVO CHINCHORRO,24,TRANSFERENCIAS CORRIENTES,30.0,30.0,0.0,-30.0,-100.0,-103.8
9,MINISTERIO DE EDUCACIÓN,SERVICIO EDUCATIVO LOS LIBERTADORES,24,TRANSFERENCIAS CORRIENTES,30.0,30.0,0.0,-30.0,-100.0,-103.8
9,MINISTERIO DE EDUCACIÓN,SERVICIO EDUCATIVO VALLE DIGUILLÍN,24,TRANSFERENCIAS CORRIENTES,30.0,30.0,0.0,-30.0,-100.0,-103.8
9,MINISTERIO DE EDUCACIÓN,SERVICIO EDUCATIVO LLANQUIHUE,24,TRANSFERENCIAS CORRIENTES,30.0,30.0,0.0,-30.0,-100.0,-103.8
9,MINISTERIO DE EDUCACIÓN,SERVICIO EDUCATIVO PETORCA,24,TRANSFERENCIAS CORRIENTES,30.0,30.0,0.0,-30.0,-100.0,-103.8
9,MINISTERIO DE EDUCACIÓN,SERVICIO EDUCATIVO SANTA CORINA,24,TRANSFERENCIAS CORRIENTES,30.0,30.0,0.0,-30.0,-100.0,-103.8
9,MINISTERIO DE EDUCACIÓN,SERVICIO EDUCATIVO MAGALLANES,24,TRANSFERENCIAS CORRIENTES,30.0,30.0,0.0,-30.0,-100.0,-103.8
9,MINISTERIO DE EDUCACIÓN,SERVICIO EDUCATIVO COSTA ARAUCANÍA,24,TRANSFERENCIAS CORRIENTES,30.0,30.0,0.0,-30.0,-100.0,-103.8
9,MINISTERIO DE EDUCACIÓN,SERVICIO EDUCATIVO LOS ANDES,24,TRANSFERENCIAS CORRIENTES,30.0,30.0,0.0,-30.0,-100.0,-103.8
9,MINISTERIO DE EDUCACIÓN,SERVICIO EDUCATIVO SANTIAGO CENTRO,24,TRANSFERENCIAS CORRIENTES,30.0,30.0,0.0,-30.0,-100.0,-103.8
9,MINISTERIO DE EDUCACIÓN,SERVICIO EDUCATIVO ANDALIÉN COSTA,24,TRANSFERENCIAS CORRIENTES,30.0,30.0,0.0,-30.0,-100.0,-103.8
9,MINISTERIO DE EDUCACIÓN,SERVICIO EDUCATIVO ATACAMA,24,TRANSFERENCIAS CORRIENTES,30.0,30.0,0.0,-30.0,-100.0,-103.8
9,MINISTERIO DE EDUCACIÓN,SERVICIO EDUCATIVO GABRIELA MISTRAL,24,TRANSFERENCIAS CORRIENTES,30.0,30.0,0.0,-30.0,-100.0,-103.8
9,MINISTERIO DE EDUCACIÓN,SERVICIO EDUCATIVO CHILOÉ,24,TRANSFERENCIAS CORRIENTES,30.0,30.0,0.0,-30.0,-100.0,-103.8
9,MINISTERIO DE EDUCACIÓN,SERVICIO EDUCATIVO VALDIVIA,24,TRANSFERENCIAS CORRIENTES,30.0,30.0,0.0,-30.0,-100.0,-103.8
9,MINISTERIO DE EDUCACIÓN,SERVICIO EDUCATIVO HUASCO,24,TRANSFERENCIAS CORRIENTES,30.0,30.0,0.0,-30.0,-100.0,-103.8
9,MINISTERIO DE EDUCACIÓN,SERVICIO EDUCATIVO PUNILLA CORDILLERA,24,TRANSFERENCIAS CORRIENTES,30.0,30.0,0.0,-30.0,-100.0,-103.8
9,MINISTERIO DE EDUCACIÓN,SERVICIO EDUCATIVO COLCHAGUA,24,TRANSFERENCIAS CORRIENTES,30.0,30.0,0.0,-30.0,-100.0,-103.8
9,MINISTERIO DE EDUCACIÓN,SERVICIO EDUCATIVO LICANCABUR,24,TRANSFERENCIAS CORRIENTES,30.0,30.0,0.0,-30.0,-100.0,-103.8
9,MINISTERIO DE EDUCACIÓN,SERVICIO EDUCATIVO LOS ÁLAMOS,24,TRANSFERENCIAS CORRIENTES,30.0,30.0,0.0,-30.0,-100.0,-103.8
9,MINISTERIO DE EDUCACIÓN,SERVICIO EDUCATIVO COSTA CENTRAL,24,TRANSFERENCIAS CORRIENTES,30.0,30.0,0.0,-30.0,-100.0,-103.8
9,MINISTERIO DE EDUCACIÓN,SERVICIO EDUCATIVO BARRANCAS,24,TRANSFERENCIAS CORRIENTES,30.0,30.0,0.0,-30.0,-100.0,-103.8
9,MINISTERIO DE EDUCACIÓN,GASTOS ADMINISTRATIVOS GABRIELA MISTRAL,34,SERVICIO DE LA DEUDA,20.0,20.0,0.0,-20.0,-100.0,-103.8
9,MINISTERIO DE EDUCACIÓN,MEJORAMIENTO DE LA CALIDAD DE LA EDUCACIÓN,34,SERVICIO DE LA DEUDA,20.0,9075398.0,0.0,-20.0,-100.0,-103.8
9,MINISTERIO DE EDUCACIÓN,GASTOS ADMINISTRATIVOS LICANCABUR,23,PRESTACIONES DE SEGURIDAD SOCIAL,20.0,20.0,0.0,-20.0,-100.0,-103.8
9,MINISTERIO DE EDUCACIÓN,GASTOS ADMINISTRATIVOS LOS LIBERTADORES,34,SERVICIO DE LA DEUDA,20.0,20.0,0.0,-20.0,-100.0,-103.8
9,MINISTERIO DE EDUCACIÓN,GASTOS ADMINISTRATIVOS HUASCO,23,PRESTACIONES DE SEGURIDAD SOCIAL,20.0,20.0,0.0,-20.0,-100.0,-103.8
9,MINISTERIO DE EDUCACIÓN,SERVICIO EDUCATIVO COSTA ARAUCANÍA,34,SERVICIO DE LA DEUDA,20.0,6781318.0,0.0,-20.0,-100.0,-103.8
9,MINISTERIO DE EDUCACIÓN,GASTOS ADMINISTRATIVOS ELQUI,23,PRESTACIONES DE SEGURIDAD SOCIAL,20.0,20.0,0.0,-20.0,-100.0,-103.8
9,MINISTERIO DE EDUCACIÓN,GASTOS ADMINISTRATIVOS TALAGANTE,34,SERVICIO DE LA DEUDA,20.0,20.0,0.0,-20.0,-100.0,-103.8
9,MINISTERIO DE EDUCACIÓN,GASTOS ADMINISTRATIVOS COSTA ARAUCANÍA,34,SERVICIO DE LA DEUDA,20.0,324860.0,0.0,-20.0,-100.0,-103.8
9,MINISTERIO DE EDUCACIÓN,GASTOS ADMINISTRATIVOS MAPOCHO,34,SERVICIO DE LA DEUDA,20.0,20.0,0.0,-20.0,-100.0,-103.8
9,MINISTERIO DE EDUCACIÓN,GASTOS ADMINISTRATIVOS LOS COPIHUES,23,PRESTACIONES DE SEGURIDAD SOCIAL,20.0,20.0,0.0,-20.0,-100.0,-103.8
9,MINISTERIO DE EDUCACIÓN,SERVICIO EDUCATIVO CHILOÉ,23,PRESTACIONES DE SEGURIDAD SOCIAL,20.0,2854080.0,0.0,-20.0,-100.0,-103.8
9,MINISTERIO DE EDUCACIÓN,SERVICIO EDUCATIVO VALLE DIGUILLÍN,23,PRESTACIONES DE SEGURIDAD SOCIAL,20.0,27910.0,0.0,-20.0,-100.0,-103.8
9,MINISTERIO DE EDUCACIÓN,GASTOS ADMINISTRATIVOS LOS CEREZOS,23,PRESTACIONES DE SEGURIDAD SOCIAL,20.0,20.0,0.0,-20.0,-100.0,-103.8
9,MINISTERIO DE EDUCACIÓN,SERVICIO EDUCATIVO VALDIVIA,34,SERVICIO DE LA DEUDA,20.0,20.0,0.0,-20.0,-100.0,-103.8
9,MINISTERIO DE EDUCACIÓN,SERVICIO EDUCATIVO DEL PINO,23,PRESTACIONES DE SEGURIDAD SOCIAL,20.0,3310284.0,0.0,-20.0,-100.0,-103.8
9,MINISTERIO DE EDUCACIÓN,GASTOS ADMINISTRATIVOS LOS VIÑEDOS,34,SERVICIO DE LA DEUDA,20.0,20.0,0.0,-20.0,-100.0,-103.8
9,MINISTERIO DE EDUCACIÓN,GASTOS ADMINISTRATIVOS COLCHAGUA,23,PRESTACIONES DE SEGURIDAD SOCIAL,20.0,20.0,0.0,-20.0,-100.0,-103.8
9,MINISTERIO DE EDUCACIÓN,SERVICIO EDUCATIVO MAGALLANES,23,PRESTACIONES DE SEGURIDAD SOCIAL,20.0,1971420.0,0.0,-20.0,-100.0,-103.8
29,"MINISTERIO DE LAS CULTURAS, LAS ARTES Y EL PATRIMONIO",SUBSECRETARÍA DE LAS CULTURAS Y LAS ARTES,34,SERVICIO DE LA DEUDA,20.0,3992628.0,0.0,-20.0,-100.0,-103.8
9,MINISTERIO DE EDUCACIÓN,GASTOS ADMINISTRATIVOS MAULE VALLE,23,PRESTACIONES DE SEGURIDAD SOCIAL,20.0,20.0,0.0,-20.0,-100.0,-103.8
9,MINISTERIO DE EDUCACIÓN,GASTOS ADMINISTRATIVOS LOS ÁLAMOS,23,PRESTACIONES DE SEGURIDAD SOCIAL,20.0,20.0,0.0,-20.0,-100.0,-103.8
9,MINISTERIO DE EDUCACIÓN,SERVICIO EDUCATIVO MAULE COSTA,34,SERVICIO DE LA DEUDA,20.0,20.0,0.0,-20.0,-100.0,-103.8
9,MINISTERIO DE EDUCACIÓN,SERVICIO EDUCATIVO MARGA MARGA,23,PRESTACIONES DE SEGURIDAD SOCIAL,20.0,20.0,0.0,-20.0,-100.0,-103.8
9,MINISTERIO DE EDUCACIÓN,AGENCIA DE CALIDAD DE LA EDUCACIÓN,34,SERVICIO DE LA DEUDA,20.0,22737236.0,0.0,-20.0,-100.0,-103.8
9,MINISTERIO DE EDUCACIÓN,GASTOS ADMINISTRATIVOS CHINCHORRO,23,PRESTACIONES DE SEGURIDAD SOCIAL,20.0,20.0,0.0,-20.0,-100.0,-103.8
9,MINISTERIO DE EDUCACIÓN,GASTOS ADMINISTRATIVOS ATACAMA,23,PRESTACIONES DE SEGURIDAD SOCIAL,20.0,20.0,0.0,-20.0,-100.0,-103.8
9,MINISTERIO DE EDUCACIÓN,DESARROLLO PROFESIONAL DOCENTE Y DIRECTIVO,25,INTEGROS AL FISCO,20.0,20.0,0.0,-20.0,-100.0,-103.8
9,MINISTERIO DE EDUCACIÓN,SERVICIO EDUCATIVO LOS LIBERTADORES,34,SERVICIO DE LA DEUDA,20.0,20.0,0.0,-20.0,-100.0,-103.8
9,MINISTERIO DE EDUCACIÓN,SERVICIO EDUCATIVO CHILOÉ,34,SERVICIO DE LA DEUDA,20.0,20.0,0.0,-20.0,-100.0,-103.8
9,MINISTERIO DE EDUCACIÓN,GASTOS ADMINISTRATIVOS CHOAPA,23,PRESTACIONES DE SEGURIDAD SOCIAL,20.0,20.0,0.0,-20.0,-100.0,-103.8
9,MINISTERIO DE EDUCACIÓN,CONSEJO NACIONAL DE EDUCACIÓN,23,PRESTACIONES DE SEGURIDAD SOCIAL,20.0,20.0,0.0,-20.0,-100.0,-103.8
9,MINISTERIO DE EDUCACIÓN,SERVICIO EDUCATIVO TAMARUGAL,23,PRESTACIONES DE SEGURIDAD SOCIAL,20.0,20.0,0.0,-20.0,-100.0,-103.8
9,MINISTERIO DE EDUCACIÓN,GASTOS ADMINISTRATIVOS CACHAPOAL COSTA,23,PRESTACIONES DE SEGURIDAD SOCIAL,20.0,20.0,0.0,-20.0,-100.0,-103.8
9,MINISTERIO DE EDUCACIÓN,GASTOS ADMINISTRATIVOS AYSÉN,23,PRESTACIONES DE SEGURIDAD SOCIAL,20.0,20.0,0.0,-20.0,-100.0,-103.8
9,MINISTERIO DE EDUCACIÓN,SERVICIO EDUCATIVO COSTA CENTRAL,23,PRESTACIONES DE SEGURIDAD SOCIAL,20.0,247912.0,0.0,-20.0,-100.0,-103.8
9,MINISTERIO DE EDUCACIÓN,SALUD ESCOLAR,34,SERVICIO DE LA DEUDA,20.0,1719368.0,0.0,-20.0,-100.0,-103.8
9,MINISTERIO DE EDUCACIÓN,GASTOS ADMINISTRATIVOS VALLE CACHAPOAL,34,SERVICIO DE LA DEUDA,20.0,88306.0,0.0,-20.0,-100.0,-103.8
9,MINISTERIO DE EDUCACIÓN,GASTOS ADMINISTRATIVOS LITORAL,34,SERVICIO DE LA DEUDA,20.0,20.0,0.0,-20.0,-100.0,-103.8
9,MINISTERIO DE EDUCACIÓN,FORTALECIMIENTO DE LA EDUCACIÓN ESCOLAR PÚBLICA,25,INTEGROS AL FISCO,20.0,20.0,0.0,-20.0,-100.0,-103.8
9,MINISTERIO DE EDUCACIÓN,GASTOS ADMINISTRATIVOS LOS PARQUES,34,SERVICIO DE LA DEUDA,20.0,324638.0,0.0,-20.0,-100.0,-103.8
9,MINISTERIO DE EDUCACIÓN,GASTOS ADMINISTRATIVOS LLANQUIHUE,34,SERVICIO DE LA DEUDA,20.0,321104.0,0.0,-20.0,-100.0,-103.8
9,MINISTERIO DE EDUCACIÓN,SUBVENCIONES A LOS ESTABLECIMIENTOS EDUCACIONALES,34,SERVICIO DE LA DEUDA,20.0,57010586.0,0.0,-20.0,-100.0,-103.8
9,MINISTERIO DE EDUCACIÓN,GASTOS ADMINISTRATIVOS JUNTA NACIONAL DE JARDINES INFANTILES,34,SERVICIO DE LA DEUDA,20.0,6578698.0,0.0,-20.0,-100.0,-103.8
9,MINISTERIO DE EDUCACIÓN,GASTOS ADMINISTRATIVOS MAULE COSTA,34,SERVICIO DE LA DEUDA,20.0,20.0,0.0,-20.0,-100.0,-103.8
9,MINISTERIO DE EDUCACIÓN,GASTOS ADMINISTRATIVOS SANTA CORINA,23,PRESTACIONES DE SEGURIDAD SOCIAL,20.0,20.0,0.0,-20.0,-100.0,-103.8
9,MINISTERIO DE EDUCACIÓN,SERVICIO EDUCATIVO AYSÉN,34,SERVICIO DE LA DEUDA,20.0,20.0,0.0,-20.0,-100.0,-103.8
9,MINISTERIO DE EDUCACIÓN,GASTOS ADMINISTRATIVOS ANDALIÉN SUR,34,SERVICIO DE LA DEUDA,20.0,20.0,0.0,-20.0,-100.0,-103.8
9,MINISTERIO DE EDUCACIÓN,JUNTA NACIONAL DE AUXILIO ESCOLAR Y BECAS,34,SERVICIO DE LA DEUDA,20.0,1079890806.0,0.0,-20.0,-100.0,-103.8
9,MINISTERIO DE EDUCACIÓN,SERVICIO EDUCATIVO SANTA CORINA,23,PRESTACIONES DE SEGURIDAD SOCIAL,20.0,942874.0,0.0,-20.0,-100.0,-103.8
9,MINISTERIO DE EDUCACIÓN,GASTOS ADMINISTRATIVOS CHILOÉ,34,SERVICIO DE LA DEUDA,20.0,20.0,0.0,-20.0,-100.0,-103.8
9,MINISTERIO DE EDUCACIÓN,GASTOS ADMINISTRATIVOS SANTIAGO CENTRO,23,PRESTACIONES DE SEGURIDAD SOCIAL,20.0,20.0,0.0,-20.0,-100.0,-103.8
9,MINISTERIO DE EDUCACIÓN,GASTOS ADMINISTRATIVOS PUNILLA CORDILLERA,34,SERVICIO DE LA DEUDA,20.0,20.0,0.0,-20.0,-100.0,-103.8
9,MINISTERIO DE EDUCACIÓN,GASTOS ADMINISTRATIVOS CHACABUCO,34,SERVICIO DE LA DEUDA,20.0,20.0,0.0,-20.0,-100.0,-103.8
9,MINISTERIO DE EDUCACIÓN,GASTOS ADMINISTRATIVOS VALLE CACHAPOAL,23,PRESTACIONES DE SEGURIDAD SOCIAL,20.0,20.0,0.0,-20.0,-100.0,-103.8
29,"MINISTERIO DE LAS CULTURAS, LAS ARTES Y EL PATRIMONIO",INSTITUCIONES COLABORADORAS EN EL ACCESO AL ARTE Y LA CULTURA,34,SERVICIO DE LA DEUDA,20.0,20.0,0.0,-20.0,-100.0,-103.8
9,MINISTERIO DE EDUCACIÓN,GASTOS ADMINISTRATIVOS ARAUCO NORTE,34,SERVICIO DE LA DEUDA,20.0,20.0,0.0,-20.0,-100.0,-103.8
29,"MINISTERIO DE LAS CULTURAS, LAS ARTES Y EL PATRIMONIO",CONSEJO DE MONUMENTOS NACIONALES,34,SERVICIO DE LA DEUDA,20.0,448934.0,0.0,-20.0,-100.0,-103.8
9,MINISTERIO DE EDUCACIÓN,GASTOS ADMINISTRATIVOS LOS VIÑEDOS,23,PRESTACIONES DE SEGURIDAD SOCIAL,20.0,20.0,0.0,-20.0,-100.0,-103.8
9,MINISTERIO DE EDUCACIÓN,GASTOS ADMINISTRATIVOS SANTA ROSA,23,PRESTACIONES DE SEGURIDAD SOCIAL,20.0,20.0,0.0,-20.0,-100.0,-103.8
9,MINISTERIO DE EDUCACIÓN,GASTOS ADMINISTRATIVOS VALDIVIA,34,SERVICIO DE LA DEUDA,20.0,20.0,0.0,-20.0,-100.0,-103.8
9,MINISTERIO DE EDUCACIÓN,GASTOS ADMINISTRATIVOS JUNTA NACIONAL DE JARDINES INFANTILES,26,OTROS GASTOS CORRIENTES,20.0,20.0,0.0,-20.0,-100.0,-103.8
9,MINISTERIO DE EDUCACIÓN,SERVICIO EDUCATIVO AYSÉN,23,PRESTACIONES DE SEGURIDAD SOCIAL,20.0,16754.0,0.0,-20.0,-100.0,-103.8
9,MINISTERIO DE EDUCACIÓN,SERVICIO EDUCATIVO PUNILLA CORDILLERA,23,PRESTACIONES DE SEGURIDAD SOCIAL,20.0,2246470.0,0.0,-20.0,-100.0,-103.8
9,MINISTERIO DE EDUCACIÓN,SERVICIO EDUCATIVO ATACAMA,23,PRESTACIONES DE SEGURIDAD SOCIAL,20.0,20.0,0.0,-20.0,-100.0,-103.8
9,MINISTERIO DE EDUCACIÓN,GASTOS ADMINISTRATIVOS LIMARÍ,23,PRESTACIONES DE SEGURIDAD SOCIAL,20.0,20.0,0.0,-20.0,-100.0,-103.8
9,MINISTERIO DE EDUCACIÓN,GASTOS ADMINISTRATIVOS MARGA MARGA,23,PRESTACIONES DE SEGURIDAD SOCIAL,20.0,20.0,0.0,-20.0,-100.0,-103.8
9,MINISTERIO DE EDUCACIÓN,SUBVENCIONES A LOS ESTABLECIMIENTOS EDUCACIONALES,25,INTEGROS AL FISCO,20.0,20.0,0.0,-20.0,-100.0,-103.8
9,MINISTERIO DE EDUCACIÓN,SERVICIO EDUCATIVO BARRANCAS,34,SERVICIO DE LA DEUDA,20.0,20.0,0.0,-20.0,-100.0,-103.8
9,MINISTERIO DE EDUCACIÓN,SERVICIO EDUCATIVO SANTA ROSA,34,SERVICIO DE LA DEUDA,20.0,20.0,0.0,-20.0,-100.0,-103.8
29,"MINISTERIO DE LAS CULTURAS, LAS ARTES Y EL PATRIMONIO",FOMENTO DEL ACCESO AL PATRIMONIO Y APOYO A ORGANIZACIONES PATRIMONIALES,34,SERVICIO DE LA DEUDA,20.0,690640.0,0.0,-20.0,-100.0,-103.8
9,MINISTERIO DE EDUCACIÓN,SUBSECRETARÍA DE EDUCACIÓN PARVULARIA,34,SERVICIO DE LA DEUDA,20.0,50633296.0,0.0,-20.0,-100.0,-103.8
29,"MINISTERIO DE LAS CULTURAS, LAS ARTES Y EL PATRIMONIO",SUBSECRETARÍA DE LAS CULTURAS Y LAS ARTES,23,PRESTACIONES DE SEGURIDAD SOCIAL,20.0,170740.0,0.0,-20.0,-100.0,-103.8
9,MINISTERIO DE EDUCACIÓN,GASTOS ADMINISTRATIVOS COSTA COLCHAGUA,23,PRESTACIONES DE SEGURIDAD SOCIAL,20.0,20.0,0.0,-20.0,-100.0,-103.8
9,MINISTERIO DE EDUCACIÓN,GASTOS ADMINISTRATIVOS PUELCHE,23,PRESTACIONES DE SEGURIDAD SOCIAL,20.0,20.0,0.0,-20.0,-100.0,-103.8
9,MINISTERIO DE EDUCACIÓN,SERVICIO EDUCATIVO LOS LIBERTADORES,23,PRESTACIONES DE SEGURIDAD SOCIAL,20.0,1643064.0,0.0,-20.0,-100.0,-103.8
9,MINISTERIO DE EDUCACIÓN,GASTOS ADMINISTRATIVOS MAGALLANES,23,PRESTACIONES DE SEGURIDAD SOCIAL,20.0,20.0,0.0,-20.0,-100.0,-103.8
9,MINISTERIO DE EDUCACIÓN,SERVICIO EDUCATIVO IQUIQUE,34,SERVICIO DE LA DEUDA,20.0,20.0,0.0,-20.0,-100.0,-103.8
9,MINISTERIO DE EDUCACIÓN,GASTOS ADMINISTRATIVOS RELONCAVÍ,34,SERVICIO DE LA DEUDA,20.0,20.0,0.0,-20.0,-100.0,-103.8
9,MINISTERIO DE EDUCACIÓN,SERVICIO EDUCATIVO ATACAMA,34,SERVICIO DE LA DEUDA,20.0,20.0,0.0,-20.0,-100.0,-103.8
9,MINISTERIO DE EDUCACIÓN,SERVICIO EDUCATIVO COSTA ARAUCANÍA,23,PRESTACIONES DE SEGURIDAD SOCIAL,20.0,1255408.0,0.0,-20.0,-100.0,-103.8
9,MINISTERIO DE EDUCACIÓN,GASTOS ADMINISTRATIVOS IQUIQUE,34,SERVICIO DE LA DEUDA,20.0,20.0,0.0,-20.0,-100.0,-103.8
9,MINISTERIO DE EDUCACIÓN,JUNTA NACIONAL DE AUXILIO ESCOLAR Y BECAS,23,PRESTACIONES DE SEGURIDAD SOCIAL,20.0,1293324.0,0.0,-20.0,-100.0,-103.8
9,MINISTERIO DE EDUCACIÓN,GASTOS ADMINISTRATIVOS PETORCA,34,SERVICIO DE LA DEUDA,20.0,357440.0,0.0,-20.0,-100.0,-103.8
9,MINISTERIO DE EDUCACIÓN,GASTOS ADMINISTRATIVOS MARGA MARGA,34,SERVICIO DE LA DEUDA,20.0,46924.0,0.0,-20.0,-100.0,-103.8
9,MINISTERIO DE EDUCACIÓN,GASTOS ADMINISTRATIVOS PUNILLA CORDILLERA,23,PRESTACIONES DE SEGURIDAD SOCIAL,20.0,20.0,0.0,-20.0,-100.0,-103.8
9,MINISTERIO DE EDUCACIÓN,RECURSOS EDUCATIVOS,25,INTEGROS AL FISCO,20.0,20.0,0.0,-20.0,-100.0,-103.8
9,MINISTERIO DE EDUCACIÓN,GASTOS ADMINISTRATIVOS MAGALLANES,34,SERVICIO DE LA DEUDA,20.0,20.0,0.0,-20.0,-100.0,-103.8
9,MINISTERIO DE EDUCACIÓN,GASTOS ADMINISTRATIVOS PUERTO CORDILLERA,34,SERVICIO DE LA DEUDA,20.0,20.0,0.0,-20.0,-100.0,-103.8
9,MINISTERIO DE EDUCACIÓN,SERVICIO EDUCATIVO PUERTO CORDILLERA,34,SERVICIO DE LA DEUDA,20.0,20.0,0.0,-20.0,-100.0,-103.8
9,MINISTERIO DE EDUCACIÓN,GASTOS ADMINISTRATIVOS HUASCO,34,SERVICIO DE LA DEUDA,20.0,20.0,0.0,-20.0,-100.0,-103.8
9,MINISTERIO DE EDUCACIÓN,GASTOS ADMINISTRATIVOS LITORAL,23,PRESTACIONES DE SEGURIDAD SOCIAL,20.0,20.0,0.0,-20.0,-100.0,-103.8
9,MINISTERIO DE EDUCACIÓN,GASTOS ADMINISTRATIVOS ARAUCO NORTE,23,PRESTACIONES DE SEGURIDAD SOCIAL,20.0,20.0,0.0,-20.0,-100.0,-103.8
9,MINISTERIO DE EDUCACIÓN,GASTOS ADMINISTRATIVOS CACHAPOAL NORTE,34,SERVICIO DE LA DEUDA,20.0,20.0,0.0,-20.0,-100.0,-103.8
9,MINISTERIO DE EDUCACIÓN,SERVICIO EDUCATIVO CHINCHORRO,34,SERVICIO DE LA DEUDA,20.0,20.0,0.0,-20.0,-100.0,-103.8
9,MINISTERIO DE EDUCACIÓN,MEJORAMIENTO DE LA CALIDAD DE LA EDUCACIÓN,25,INTEGROS AL FISCO,20.0,20.0,0.0,-20.0,-100.0,-103.8
9,MINISTERIO DE EDUCACIÓN,GASTOS ADMINISTRATIVOS CHACABUCO,23,PRESTACIONES DE SEGURIDAD SOCIAL,20.0,20.0,0.0,-20.0,-100.0,-103.8
9,MINISTERIO DE EDUCACIÓN,SUPERINTENDENCIA DE EDUCACIÓN SUPERIOR,23,PRESTACIONES DE SEGURIDAD SOCIAL,20.0,20.0,0.0,-20.0,-100.0,-103.8
9,MINISTERIO DE EDUCACIÓN,SERVICIO EDUCATIVO ELQUI,34,SERVICIO DE LA DEUDA,20.0,3840908.0,0.0,-20.0,-100.0,-103.8
9,MINISTERIO DE EDUCACIÓN,GASTOS ADMINISTRATIVOS CAUTÍN NORTE,34,SERVICIO DE LA DEUDA,20.0,20.0,0.0,-20.0,-100.0,-103.8
29,"MINISTERIO DE LAS CULTURAS, LAS ARTES Y EL PATRIMONIO",SUBSECRETARÍA DEL PATRIMONIO CULTURAL,34,SERVICIO DE LA DEUDA,20.0,459606.0,0.0,-20.0,-100.0,-103.8
9,MINISTERIO DE EDUCACIÓN,SUBSECRETARÍA DE EDUCACIÓN,34,SERVICIO DE LA DEUDA,20.0,12094822.0,0.0,-20.0,-100.0,-103.8
9,MINISTERIO DE EDUCACIÓN,CONSEJO DE RECTORES,23,PRESTACIONES DE SEGURIDAD SOCIAL,20.0,20.0,0.0,-20.0,-100.0,-103.8
9,MINISTERIO DE EDUCACIÓN,PROGRAMAS ALTERNATIVOS DE ENSEÑANZA PRE-ESCOLAR,34,SERVICIO DE LA DEUDA,20.0,1723860.0,0.0,-20.0,-100.0,-103.8
9,MINISTERIO DE EDUCACIÓN,SERVICIO EDUCATIVO PUERTO CORDILLERA,23,PRESTACIONES DE SEGURIDAD SOCIAL,20.0,20.0,0.0,-20.0,-100.0,-103.8
9,MINISTERIO DE EDUCACIÓN,SERVICIO EDUCATIVO LOS ÁLAMOS,23,PRESTACIONES DE SEGURIDAD SOCIAL,20.0,20.0,0.0,-20.0,-100.0,-103.8
9,MINISTERIO DE EDUCACIÓN,GASTOS ADMINISTRATIVOS ACONCAGUA,34,SERVICIO DE LA DEUDA,20.0,391016.0,0.0,-20.0,-100.0,-103.8
9,MINISTERIO DE EDUCACIÓN,GASTOS ADMINISTRATIVOS MAIPO SUR,23,PRESTACIONES DE SEGURIDAD SOCIAL,20.0,20.0,0.0,-20.0,-100.0,-103.8
29,"MINISTERIO DE LAS CULTURAS, LAS ARTES Y EL PATRIMONIO",FONDOS CULTURALES Y ARTÍSTICOS,34,SERVICIO DE LA DEUDA,20.0,11785830.0,0.0,-20.0,-100.0,-103.8
29,"MINISTERIO DE LAS CULTURAS, LAS ARTES Y EL PATRIMONIO",FOMENTO A LAS ORGANIZACIONES Y AL DESARROLLO CULTURAL,34,SERVICIO DE LA DEUDA,20.0,10731144.0,0.0,-20.0,-100.0,-103.8
29,"MINISTERIO DE LAS CULTURAS, LAS ARTES Y EL PATRIMONIO",MUSEOS NACIONALES Y REGIONALES,34,SERVICIO DE LA DEUDA,20.0,1902726.0,0.0,-20.0,-100.0,-103.8
9,MINISTERIO DE EDUCACIÓN,GASTOS ADMINISTRATIVOS COSTA CENTRAL,23,PRESTACIONES DE SEGURIDAD SOCIAL,20.0,20.0,0.0,-20.0,-100.0,-103.8
9,MINISTERIO DE EDUCACIÓN,GASTOS ADMINISTRATIVOS MAULE COSTA,23,PRESTACIONES DE SEGURIDAD SOCIAL,20.0,20.0,0.0,-20.0,-100.0,-103.8
9,MINISTERIO DE EDUCACIÓN,SUPERINTENDENCIA DE EDUCACIÓN,34,SERVICIO DE LA DEUDA,20.0,3233098.0,0.0,-20.0,-100.0,-103.8
9,MINISTERIO DE EDUCACIÓN,SERVICIO EDUCATIVO COSTA CENTRAL,34,SERVICIO DE LA DEUDA,20.0,4162098.0,0.0,-20.0,-100.0,-103.8
9,MINISTERIO DE EDUCACIÓN,GASTOS ADMINISTRATIVOS SANTA ROSA,34,SERVICIO DE LA DEUDA,20.0,20.0,0.0,-20.0,-100.0,-103.8
9,MINISTERIO DE EDUCACIÓN,SERVICIO EDUCATIVO ANDALIÉN COSTA,23,PRESTACIONES DE SEGURIDAD SOCIAL,20.0,20.0,0.0,-20.0,-100.0,-103.8
9,MINISTERIO DE EDUCACIÓN,SERVICIO EDUCATIVO ANDALIÉN SUR,34,SERVICIO DE LA DEUDA,20.0,20.0,0.0,-20.0,-100.0,-103.8
9,MINISTERIO DE EDUCACIÓN,SERVICIO EDUCATIVO LLANQUIHUE,34,SERVICIO DE LA DEUDA,20.0,6601948.0,0.0,-20.0,-100.0,-103.8
9,MINISTERIO DE EDUCACIÓN,SERVICIO EDUCATIVO SANTIAGO CENTRO,23,PRESTACIONES DE SEGURIDAD SOCIAL,20.0,20.0,0.0,-20.0,-100.0,-103.8
9,MINISTERIO DE EDUCACIÓN,GASTOS ADMINISTRATIVOS CHILOÉ,23,PRESTACIONES DE SEGURIDAD SOCIAL,20.0,20.0,0.0,-20.0,-100.0,-103.8
9,MINISTERIO DE EDUCACIÓN,GASTOS ADMINISTRATIVOS ANTOFAGASTA,23,PRESTACIONES DE SEGURIDAD SOCIAL,20.0,20.0,0.0,-20.0,-100.0,-103.8
9,MINISTERIO DE EDUCACIÓN,GASTOS ADMINISTRATIVOS VALPARAÍSO,23,PRESTACIONES DE SEGURIDAD SOCIAL,20.0,20.0,0.0,-20.0,-100.0,-103.8
9,MINISTERIO DE EDUCACIÓN,SUBSECRETARÍA DE EDUCACIÓN PARVULARIA,23,PRESTACIONES DE SEGURIDAD SOCIAL,20.0,134710.0,0.0,-20.0,-100.0,-103.8
9,MINISTERIO DE EDUCACIÓN,GASTOS ADMINISTRATIVOS LOS ANDES,34,SERVICIO DE LA DEUDA,20.0,551934.0,0.0,-20.0,-100.0,-103.8
9,MINISTERIO DE EDUCACIÓN,GASTOS ADMINISTRATIVOS DEL PINO,23,PRESTACIONES DE SEGURIDAD SOCIAL,20.0,20.0,0.0,-20.0,-100.0,-103.8
9,MINISTERIO DE EDUCACIÓN,GASTOS ADMINISTRATIVOS LOS ANDES,23,PRESTACIONES DE SEGURIDAD SOCIAL,20.0,20.0,0.0,-20.0,-100.0,-103.8
29,"MINISTERIO DE LAS CULTURAS, LAS ARTES Y EL PATRIMONIO",FOMENTO A LAS ORGANIZACIONES Y AL DESARROLLO CULTURAL,25,INTEGROS AL FISCO,20.0,20.0,0.0,-20.0,-100.0,-103.8
9,MINISTERIO DE EDUCACIÓN,SERVICIO EDUCATIVO LOS ANDES,23,PRESTACIONES DE SEGURIDAD SOCIAL,20.0,20.0,0.0,-20.0,-100.0,-103.8
9,MINISTERIO DE EDUCACIÓN,GASTOS ADMINISTRATIVOS CACHAPOAL NORTE,23,PRESTACIONES DE SEGURIDAD SOCIAL,20.0,20.0,0.0,-20.0,-100.0,-103.8
29,"MINISTERIO DE LAS CULTURAS, LAS ARTES Y EL PATRIMONIO",SERVICIO NACIONAL DEL PATRIMONIO CULTURAL,34,SERVICIO DE LA DEUDA,20.0,9192252.0,0.0,-20.0,-100.0,-103.8
9,MINISTERIO DE EDUCACIÓN,GASTOS ADMINISTRATIVOS LOS COPIHUES,34,SERVICIO DE LA DEUDA,20.0,20.0,0.0,-20.0,-100.0,-103.8
9,MINISTERIO DE EDUCACIÓN,RECURSOS EDUCATIVOS,34,SERVICIO DE LA DEUDA,20.0,22156842.0,0.0,-20.0,-100.0,-103.8
9,MINISTERIO DE EDUCACIÓN,SUPERINTENDENCIA DE EDUCACIÓN,23,PRESTACIONES DE SEGURIDAD SOCIAL,20.0,20.0,0.0,-20.0,-100.0,-103.8
9,MINISTERIO DE EDUCACIÓN,GASTOS ADMINISTRATIVOS ANTOFAGASTA,34,SERVICIO DE LA DEUDA,20.0,72636.0,0.0,-20.0,-100.0,-103.8
9,MINISTERIO DE EDUCACIÓN,CONSEJO DE RECTORES,34,SERVICIO DE LA DEUDA,20.0,40926.0,0.0,-20.0,-100.0,-103.8
9,MINISTERIO DE EDUCACIÓN,GASTOS ADMINISTRATIVOS CHINCHORRO,34,SERVICIO DE LA DEUDA,20.0,20.0,0.0,-20.0,-100.0,-103.8
9,MINISTERIO DE EDUCACIÓN,SERVICIO EDUCATIVO ANDALIÉN COSTA,34,SERVICIO DE LA DEUDA,20.0,6435768.0,0.0,-20.0,-100.0,-103.8
9,MINISTERIO DE EDUCACIÓN,GASTOS ADMINISTRATIVOS COSTA CENTRAL,34,SERVICIO DE LA DEUDA,20.0,157462.0,0.0,-20.0,-100.0,-103.8
9,MINISTERIO DE EDUCACIÓN,GASTOS ADMINISTRATIVOS CAUTÍN NORTE,23,PRESTACIONES DE SEGURIDAD SOCIAL,20.0,20.0,0.0,-20.0,-100.0,-103.8
9,MINISTERIO DE EDUCACIÓN,GASTOS ADMINISTRATIVOS ANDALIÉN SUR,23,PRESTACIONES DE SEGURIDAD SOCIAL,20.0,20.0,0.0,-20.0,-100.0,-103.8
9,MINISTERIO DE EDUCACIÓN,GASTOS ADMINISTRATIVOS CHOAPA,34,SERVICIO DE LA DEUDA,20.0,20.0,0.0,-20.0,-100.0,-103.8
9,MINISTERIO DE EDUCACIÓN,GASTOS ADMINISTRATIVOS LOS PARQUES,23,PRESTACIONES DE SEGURIDAD SOCIAL,20.0,20.0,0.0,-20.0,-100.0,-103.8
9,MINISTERIO DE EDUCACIÓN,GASTOS ADMINISTRATIVOS VALDIVIA,23,PRESTACIONES DE SEGURIDAD SOCIAL,20.0,20.0,0.0,-20.0,-100.0,-103.8
9,MINISTERIO DE EDUCACIÓN,SERVICIO EDUCATIVO HUASCO,34,SERVICIO DE LA DEUDA,20.0,20.0,0.0,-20.0,-100.0,-103.8
9,MINISTERIO DE EDUCACIÓN,GASTOS ADMINISTRATIVOS ATACAMA,34,SERVICIO DE LA DEUDA,20.0,20.0,0.0,-20.0,-100.0,-103.8
9,MINISTERIO DE EDUCACIÓN,SERVICIO EDUCATIVO ELQUI,23,PRESTACIONES DE SEGURIDAD SOCIAL,20.0,20.0,0.0,-20.0,-100.0,-103.8
9,MINISTERIO DE EDUCACIÓN,SERVICIO EDUCATIVO ANDALIÉN SUR,23,PRESTACIONES DE SEGURIDAD SOCIAL,20.0,6107678.0,0.0,-20.0,-100.0,-103.8
9,MINISTERIO DE EDUCACIÓN,SUBSECRETARÍA DE EDUCACIÓN,23,PRESTACIONES DE SEGURIDAD SOCIAL,20.0,20.0,0.0,-20.0,-100.0,-103.8
9,MINISTERIO DE EDUCACIÓN,GASTOS ADMINISTRATIVOS LOS CEREZOS,34,SERVICIO DE LA DEUDA,20.0,20.0,0.0,-20.0,-100.0,-103.8
9,MINISTERIO DE EDUCACIÓN,SERVICIO EDUCATIVO SANTA CORINA,34,SERVICIO DE LA DEUDA,20.0,20.0,0.0,-20.0,-100.0,-103.8
9,MINISTERIO DE EDUCACIÓN,GASTOS ADMINISTRATIVOS LICANCABUR,34,SERVICIO DE LA DEUDA,20.0,20.0,0.0,-20.0,-100.0,-103.8
9,MINISTERIO DE EDUCACIÓN,GASTOS ADMINISTRATIVOS VALPARAÍSO,34,SERVICIO DE LA DEUDA,20.0,20.0,0.0,-20.0,-100.0,-103.8
9,MINISTERIO DE EDUCACIÓN,DIRECCIÓN DE EDUCACIÓN PÚBLICA,34,SERVICIO DE LA DEUDA,20.0,20.0,0.0,-20.0,-100.0,-103.8
9,MINISTERIO DE EDUCACIÓN,GASTOS ADMINISTRATIVOS DEL PINO,34,SERVICIO DE LA DEUDA,20.0,20.0,0.0,-20.0,-100.0,-103.8
9,MINISTERIO DE EDUCACIÓN,GASTOS ADMINISTRATIVOS LA QUEBRADA,23,PRESTACIONES DE SEGURIDAD SOCIAL,20.0,20.0,0.0,-20.0,-100.0,-103.8
9,MINISTERIO DE EDUCACIÓN,GASTOS ADMINISTRATIVOS BARRANCAS,23,PRESTACIONES DE SEGURIDAD SOCIAL,20.0,20.0,0.0,-20.0,-100.0,-103.8
9,MINISTERIO DE EDUCACIÓN,GASTOS ADMINISTRATIVOS AYSÉN,34,SERVICIO DE LA DEUDA,20.0,20.0,0.0,-20.0,-100.0,-103.8
9,MINISTERIO DE EDUCACIÓN,SERVICIO EDUCATIVO PUNILLA CORDILLERA,34,SERVICIO DE LA DEUDA,20.0,20.0,0.0,-20.0,-100.0,-103.8
9,MINISTERIO DE EDUCACIÓN,GASTOS ADMINISTRATIVOS LIMARÍ,34,SERVICIO DE LA DEUDA,20.0,20.0,0.0,-20.0,-100.0,-103.8
29,"MINISTERIO DE LAS CULTURAS, LAS ARTES Y EL PATRIMONIO",FORMACIÓN ARTÍSTICA TEMPRANA,25,INTEGROS AL FISCO,20.0,20.0,0.0,-20.0,-100.0,-103.8
9,MINISTERIO DE EDUCACIÓN,GASTOS ADMINISTRATIVOS VALLE DIGUILLÍN,34,SERVICIO DE LA DEUDA,20.0,435182.0,0.0,-20.0,-100.0,-103.8
29,"MINISTERIO DE LAS CULTURAS, LAS ARTES Y EL PATRIMONIO",MUSEOS NACIONALES Y REGIONALES,23,PRESTACIONES DE SEGURIDAD SOCIAL,20.0,244302.0,0.0,-20.0,-100.0,-103.8
9,MINISTERIO DE EDUCACIÓN,GASTOS ADMINISTRATIVOS HANGA ROA,34,SERVICIO DE LA DEUDA,20.0,20.0,0.0,-20.0,-100.0,-103.8
9,MINISTERIO DE EDUCACIÓN,SERVICIO EDUCATIVO LOS PARQUES,23,PRESTACIONES DE SEGURIDAD SOCIAL,20.0,20.0,0.0,-20.0,-100.0,-103.8
9,MINISTERIO DE EDUCACIÓN,BECAS Y ASISTENCIALIDAD ESTUDIANTIL,34,SERVICIO DE LA DEUDA,20.0,71510524.0,0.0,-20.0,-100.0,-103.8
9,MINISTERIO DE EDUCACIÓN,GASTOS ADMINISTRATIVOS TALAGANTE,23,PRESTACIONES DE SEGURIDAD SOCIAL,20.0,20.0,0.0,-20.0,-100.0,-103.8
9,MINISTERIO DE EDUCACIÓN,GASTOS ADMINISTRATIVOS MAPOCHO,23,PRESTACIONES DE SEGURIDAD SOCIAL,20.0,20.0,0.0,-20.0,-100.0,-103.8
9,MINISTERIO DE EDUCACIÓN,GASTOS ADMINISTRATIVOS ELQUI,34,SERVICIO DE LA DEUDA,20.0,147446.0,0.0,-20.0,-100.0,-103.8
29,"MINISTERIO DE LAS CULTURAS, LAS ARTES Y EL PATRIMONIO",FORMACIÓN ARTÍSTICA TEMPRANA,34,SERVICIO DE LA DEUDA,20.0,1620200.0,0.0,-20.0,-100.0,-103.8
9,MINISTERIO DE EDUCACIÓN,SERVICIO EDUCATIVO CHINCHORRO,23,PRESTACIONES DE SEGURIDAD SOCIAL,20.0,3252448.0,0.0,-20.0,-100.0,-103.8
9,MINISTERIO DE EDUCACIÓN,GASTOS ADMINISTRATIVOS SANTIAGO CENTRO,34,SERVICIO DE LA DEUDA,20.0,287546.0,0.0,-20.0,-100.0,-103.8
29,"MINISTERIO DE LAS CULTURAS, LAS ARTES Y EL PATRIMONIO",FONDOS CULTURALES Y ARTÍSTICOS,23,PRESTACIONES DE SEGURIDAD SOCIAL,20.0,20.0,0.0,-20.0,-100.0,-103.8
9,MINISTERIO DE EDUCACIÓN,GASTOS ADMINISTRATIVOS MAULE VALLE,34,SERVICIO DE LA DEUDA,20.0,20.0,0.0,-20.0,-100.0,-103.8
9,MINISTERIO DE EDUCACIÓN,GASTOS ADMINISTRATIVOS ACONCAGUA,23,PRESTACIONES DE SEGURIDAD SOCIAL,20.0,20.0,0.0,-20.0,-100.0,-103.8
9,MINISTERIO DE EDUCACIÓN,SERVICIO EDUCATIVO SANTA ROSA,23,PRESTACIONES DE SEGURIDAD SOCIAL,20.0,1914252.0,0.0,-20.0,-100.0,-103.8
9,MINISTERIO DE EDUCACIÓN,SERVICIO EDUCATIVO LICANCABUR,34,SERVICIO DE LA DEUDA,20.0,20.0,0.0,-20.0,-100.0,-103.8
9,MINISTERIO DE EDUCACIÓN,SERVICIO EDUCATIVO COLCHAGUA,34,SERVICIO DE LA DEUDA,20.0,20.0,0.0,-20.0,-100.0,-103.8
9,MINISTERIO DE EDUCACIÓN,SERVICIO EDUCATIVO DEL PINO,34,SERVICIO DE LA DEUDA,20.0,20.0,0.0,-20.0,-100.0,-103.8
9,MINISTERIO DE EDUCACIÓN,AGENCIA DE CALIDAD DE LA EDUCACIÓN,23,PRESTACIONES DE SEGURIDAD SOCIAL,20.0,41558.0,0.0,-20.0,-100.0,-103.8
9,MINISTERIO DE EDUCACIÓN,SERVICIO EDUCATIVO LLANQUIHUE,23,PRESTACIONES DE SEGURIDAD SOCIAL,20.0,2028344.0,0.0,-20.0,-100.0,-103.8
9,MINISTERIO DE EDUCACIÓN,GASTOS ADMINISTRATIVOS LOS LIBERTADORES,23,PRESTACIONES DE SEGURIDAD SOCIAL,20.0,20.0,0.0,-20.0,-100.0,-103.8
9,MINISTERIO DE EDUCACIÓN,GASTOS ADMINISTRATIVOS COLCHAGUA,34,SERVICIO DE LA DEUDA,20.0,20.0,0.0,-20.0,-100.0,-103.8
9,MINISTERIO DE EDUCACIÓN,GASTOS ADMINISTRATIVOS MAIPO SUR,34,SERVICIO DE LA DEUDA,20.0,20.0,0.0,-20.0,-100.0,-103.8
29,"MINISTERIO DE LAS CULTURAS, LAS ARTES Y EL PATRIMONIO",RED DE BIBLIOTECAS PÚBLICAS,23,PRESTACIONES DE SEGURIDAD SOCIAL,20.0,333224.0,0.0,-20.0,-100.0,-103.8
9,MINISTERIO DE EDUCACIÓN,SERVICIO EDUCATIVO VALPARAÍSO,34,SERVICIO DE LA DEUDA,20.0,20.0,0.0,-20.0,-100.0,-103.8
9,MINISTERIO DE EDUCACIÓN,GASTOS ADMINISTRATIVOS LOS ÁLAMOS,34,SERVICIO DE LA DEUDA,20.0,354152.0,0.0,-20.0,-100.0,-103.8
9,MINISTERIO DE EDUCACIÓN,GASTOS ADMINISTRATIVOS ANDALIÉN COSTA,23,PRESTACIONES DE SEGURIDAD SOCIAL,20.0,20.0,0.0,-20.0,-100.0,-103.8
9,MINISTERIO DE EDUCACIÓN,GASTOS ADMINISTRATIVOS COSTA ARAUCANÍA,23,PRESTACIONES DE SEGURIDAD SOCIAL,20.0,20.0,0.0,-20.0,-100.0,-103.8
9,MINISTERIO DE EDUCACIÓN,DESARROLLO PROFESIONAL DOCENTE Y DIRECTIVO,34,SERVICIO DE LA DEUDA,20.0,6386288.0,0.0,-20.0,-100.0,-103.8
9,MINISTERIO DE EDUCACIÓN,SERVICIO EDUCATIVO BARRANCAS,23,PRESTACIONES DE SEGURIDAD SOCIAL,20.0,20.0,0.0,-20.0,-100.0,-103.8
9,MINISTERIO DE EDUCACIÓN,SERVICIO EDUCATIVO GABRIELA MISTRAL,23,PRESTACIONES DE SEGURIDAD SOCIAL,20.0,888098.0,0.0,-20.0,-100.0,-103.8
9,MINISTERIO DE EDUCACIÓN,SUBSECRETARÍA DE EDUCACIÓN SUPERIOR,34,SERVICIO DE LA DEUDA,20.0,346582.0,0.0,-20.0,-100.0,-103.8
9,MINISTERIO DE EDUCACIÓN,SUBSECRETARÍA DE EDUCACIÓN SUPERIOR,23,PRESTACIONES DE SEGURIDAD SOCIAL,20.0,20.0,0.0,-20.0,-100.0,-103.8
9,MINISTERIO DE EDUCACIÓN,SERVICIO EDUCATIVO MAGALLANES,34,SERVICIO DE LA DEUDA,20.0,20.0,0.0,-20.0,-100.0,-103.8
9,MINISTERIO DE EDUCACIÓN,CONSEJO NACIONAL DE EDUCACIÓN,34,SERVICIO DE LA DEUDA,20.0,175530.0,0.0,-20.0,-100.0,-103.8
9,MINISTERIO DE EDUCACIÓN,GASTOS ADMINISTRATIVOS CAUTÍN SUR,23,PRESTACIONES DE SEGURIDAD SOCIAL,20.0,20.0,0.0,-20.0,-100.0,-103.8
9,MINISTERIO DE EDUCACIÓN,SERVICIO EDUCATIVO GABRIELA MISTRAL,34,SERVICIO DE LA DEUDA,20.0,20.0,0.0,-20.0,-100.0,-103.8
9,MINISTERIO DE EDUCACIÓN,SERVICIO EDUCATIVO COLCHAGUA,23,PRESTACIONES DE SEGURIDAD SOCIAL,20.0,20.0,0.0,-20.0,-100.0,-103.8
9,MINISTERIO DE EDUCACIÓN,SERVICIO EDUCATIVO HUASCO,23,PRESTACIONES DE SEGURIDAD SOCIAL,20.0,20.0,0.0,-20.0,-100.0,-103.8
9,MINISTERIO DE EDUCACIÓN,SERVICIO EDUCATIVO ACONCAGUA,23,PRESTACIONES DE SEGURIDAD SOCIAL,20.0,20.0,0.0,-20.0,-100.0,-103.8
9,MINISTERIO DE EDUCACIÓN,GASTOS ADMINISTRATIVOS LA QUEBRADA,34,SERVICIO DE LA DEUDA,20.0,20.0,0.0,-20.0,-100.0,-103.8
9,MINISTERIO DE EDUCACIÓN,GASTOS ADMINISTRATIVOS TAMARUGAL,34,SERVICIO DE LA DEUDA,20.0,70490.0,0.0,-20.0,-100.0,-103.8
9,MINISTERIO DE EDUCACIÓN,SERVICIO EDUCATIVO VALDIVIA,23,PRESTACIONES DE SEGURIDAD SOCIAL,20.0,343044.0,0.0,-20.0,-100.0,-103.8
9,MINISTERIO DE EDUCACIÓN,GASTOS ADMINISTRATIVOS TAMARUGAL,23,PRESTACIONES DE SEGURIDAD SOCIAL,20.0,20.0,0.0,-20.0,-100.0,-103.8
9,MINISTERIO DE EDUCACIÓN,GASTOS ADMINISTRATIVOS VALLE DIGUILLÍN,23,PRESTACIONES DE SEGURIDAD SOCIAL,20.0,20.0,0.0,-20.0,-100.0,-103.8
9,MINISTERIO DE EDUCACIÓN,GASTOS ADMINISTRATIVOS PUERTO CORDILLERA,23,PRESTACIONES DE SEGURIDAD SOCIAL,20.0,20.0,0.0,-20.0,-100.0,-103.8
9,MINISTERIO DE EDUCACIÓN,GASTOS ADMINISTRATIVOS SANTA CORINA,34,SERVICIO DE LA DEUDA,20.0,20.0,0.0,-20.0,-100.0,-103.8
29,"MINISTERIO DE LAS CULTURAS, LAS ARTES Y EL PATRIMONIO",RED DE BIBLIOTECAS PÚBLICAS,34,SERVICIO DE LA DEUDA,20.0,10458502.0,0.0,-20.0,-100.0,-103.8
9,MINISTERIO DE EDUCACIÓN,SERVICIO EDUCATIVO VALPARAÍSO,23,PRESTACIONES DE SEGURIDAD SOCIAL,20.0,20.0,0.0,-20.0,-100.0,-103.8
9,MINISTERIO DE EDUCACIÓN,GASTOS ADMINISTRATIVOS ANDALIÉN COSTA,34,SERVICIO DE LA DEUDA,20.0,170356.0,0.0,-20.0,-100.0,-103.8
9,MINISTERIO DE EDUCACIÓN,GASTOS ADMINISTRATIVOS IQUIQUE,23,PRESTACIONES DE SEGURIDAD SOCIAL,20.0,20.0,0.0,-20.0,-100.0,-103.8
9,MINISTERIO DE EDUCACIÓN,GASTOS ADMINISTRATIVOS RELONCAVÍ,23,PRESTACIONES DE SEGURIDAD SOCIAL,20.0,20.0,0.0,-20.0,-100.0,-103.8
29,"MINISTERIO DE LAS CULTURAS, LAS ARTES Y EL PATRIMONIO",SERVICIO NACIONAL DEL PATRIMONIO CULTURAL,23,PRESTACIONES DE SEGURIDAD SOCIAL,20.0,271572.0,0.0,-20.0,-100.0,-103.8
9,MINISTERIO DE EDUCACIÓN,GASTOS ADMINISTRATIVOS PETORCA,23,PRESTACIONES DE SEGURIDAD SOCIAL,20.0,20.0,0.0,-20.0,-100.0,-103.8
9,MINISTERIO DE EDUCACIÓN,GASTOS ADMINISTRATIVOS LLANQUIHUE,23,PRESTACIONES DE SEGURIDAD SOCIAL,20.0,20.0,0.0,-20.0,-100.0,-103.8
9,MINISTERIO DE EDUCACIÓN,SERVICIO EDUCATIVO IQUIQUE,23,PRESTACIONES DE SEGURIDAD SOCIAL,20.0,1163992.0,0.0,-20.0,-100.0,-103.8
9,MINISTERIO DE EDUCACIÓN,GASTOS ADMINISTRATIVOS BARRANCAS,34,SERVICIO DE LA DEUDA,20.0,20.0,0.0,-20.0,-100.0,-103.8
9,MINISTERIO DE EDUCACIÓN,GASTOS ADMINISTRATIVOS GABRIELA MISTRAL,23,PRESTACIONES DE SEGURIDAD SOCIAL,20.0,20.0,0.0,-20.0,-100.0,-103.8
9,MINISTERIO DE EDUCACIÓN,SERVICIO EDUCATIVO MAULE COSTA,23,PRESTACIONES DE SEGURIDAD SOCIAL,20.0,2070126.0,0.0,-20.0,-100.0,-103.8
9,MINISTERIO DE EDUCACIÓN,GASTOS ADMINISTRATIVOS CACHAPOAL COSTA,34,SERVICIO DE LA DEUDA,20.0,20.0,0.0,-20.0,-100.0,-103.8
9,MINISTERIO DE EDUCACIÓN,GASTOS ADMINISTRATIVOS HANGA ROA,23,PRESTACIONES DE SEGURIDAD SOCIAL,20.0,20.0,0.0,-20.0,-100.0,-103.8
9,MINISTERIO DE EDUCACIÓN,GASTOS ADMINISTRATIVOS COSTA COLCHAGUA,34,SERVICIO DE LA DEUDA,20.0,20.0,0.0,-20.0,-100.0,-103.8
9,MINISTERIO DE EDUCACIÓN,GASTOS ADMINISTRATIVOS PUELCHE,34,SERVICIO DE LA DEUDA,20.0,363478.0,0.0,-20.0,-100.0,-103.8
9,MINISTERIO DE EDUCACIÓN,SUPERINTENDENCIA DE EDUCACIÓN SUPERIOR,34,SERVICIO DE LA DEUDA,20.0,286402.0,0.0,-20.0,-100.0,-103.8
9,MINISTERIO DE EDUCACIÓN,GASTOS ADMINISTRATIVOS CAUTÍN SUR,34,SERVICIO DE LA DEUDA,20.0,20.0,0.0,-20.0,-100.0,-103.8
29,"MINISTERIO DE LAS CULTURAS, LAS ARTES Y EL PATRIMONIO",CONSEJO DE MONUMENTOS NACIONALES,23,PRESTACIONES DE SEGURIDAD SOCIAL,20.0,20.0,0.0,-20.0,-100.0,-103.8
9,MINISTERIO DE EDUCACIÓN,AGENCIA DE CALIDAD DE LA EDUCACIÓN,35,SALDO FINAL DE CAJA,10.0,10.0,0.0,-10.0,-100.0,-103.8
9,MINISTERIO DE EDUCACIÓN,GASTOS ADMINISTRATIVOS MAULE VALLE,35,SALDO FINAL DE CAJA,10.0,10.0,0.0,-10.0,-100.0,-103.8
9,MINISTERIO DE EDUCACIÓN,GASTOS ADMINISTRATIVOS LOS PARQUES,35,SALDO FINAL DE CAJA,10.0,10.0,0.0,-10.0,-100.0,-103.8
9,MINISTERIO DE EDUCACIÓN,GASTOS ADMINISTRATIVOS MAULE COSTA,35,SALDO FINAL DE CAJA,10.0,10.0,0.0,-10.0,-100.0,-103.8
9,MINISTERIO DE EDUCACIÓN,GASTOS ADMINISTRATIVOS LOS LIBERTADORES,35,SALDO FINAL DE CAJA,10.0,10.0,0.0,-10.0,-100.0,-103.8
9,MINISTERIO DE EDUCACIÓN,BECAS Y ASISTENCIALIDAD ESTUDIANTIL,35,SALDO FINAL DE CAJA,10.0,10.0,0.0,-10.0,-100.0,-103.8
9,MINISTERIO DE EDUCACIÓN,GASTOS ADMINISTRATIVOS MAPOCHO,35,SALDO FINAL DE CAJA,10.0,10.0,0.0,-10.0,-100.0,-103.8
9,MINISTERIO DE EDUCACIÓN,GASTOS ADMINISTRATIVOS TALAGANTE,35,SALDO FINAL DE CAJA,10.0,10.0,0.0,-10.0,-100.0,-103.8
9,MINISTERIO DE EDUCACIÓN,GASTOS ADMINISTRATIVOS COSTA ARAUCANÍA,35,SALDO FINAL DE CAJA,10.0,10.0,0.0,-10.0,-100.0,-103.8
9,MINISTERIO DE EDUCACIÓN,GASTOS ADMINISTRATIVOS JUNTA NACIONAL DE JARDINES INFANTILES,35,SALDO FINAL DE CAJA,10.0,10.0,0.0,-10.0,-100.0,-103.8
9,MINISTERIO DE EDUCACIÓN,GASTOS ADMINISTRATIVOS LOS VIÑEDOS,35,SALDO FINAL DE CAJA,10.0,10.0,0.0,-10.0,-100.0,-103.8
9,MINISTERIO DE EDUCACIÓN,GASTOS ADMINISTRATIVOS ANDALIÉN COSTA,35,SALDO FINAL DE CAJA,10.0,10.0,0.0,-10.0,-100.0,-103.8
9,MINISTERIO DE EDUCACIÓN,GASTOS ADMINISTRATIVOS MAGALLANES,35,SALDO FINAL DE CAJA,10.0,10.0,0.0,-10.0,-100.0,-103.8
9,MINISTERIO DE EDUCACIÓN,GASTOS ADMINISTRATIVOS SANTIAGO CENTRO,35,SALDO FINAL DE CAJA,10.0,10.0,0.0,-10.0,-100.0,-103.8
9,MINISTERIO DE EDUCACIÓN,GASTOS ADMINISTRATIVOS RELONCAVÍ,35,SALDO FINAL DE CAJA,10.0,10.0,0.0,-10.0,-100.0,-103.8
9,MINISTERIO DE EDUCACIÓN,GASTOS ADMINISTRATIVOS GABRIELA MISTRAL,35,SALDO FINAL DE CAJA,10.0,10.0,0.0,-10.0,-100.0,-103.8
9,MINISTERIO DE EDUCACIÓN,GASTOS ADMINISTRATIVOS HUASCO,35,SALDO FINAL DE CAJA,10.0,10.0,0.0,-10.0,-100.0,-103.8
9,MINISTERIO DE EDUCACIÓN,GASTOS ADMINISTRATIVOS IQUIQUE,35,SALDO FINAL DE CAJA,10.0,10.0,0.0,-10.0,-100.0,-103.8
9,MINISTERIO DE EDUCACIÓN,GASTOS ADMINISTRATIVOS MARGA MARGA,35,SALDO FINAL DE CAJA,10.0,10.0,0.0,-10.0,-100.0,-103.8
9,MINISTERIO DE EDUCACIÓN,GASTOS ADMINISTRATIVOS ANDALIÉN SUR,35,SALDO FINAL DE CAJA,10.0,10.0,0.0,-10.0,-100.0,-103.8
9,MINISTERIO DE EDUCACIÓN,GASTOS ADMINISTRATIVOS CHILOÉ,35,SALDO FINAL DE CAJA,10.0,10.0,0.0,-10.0,-100.0,-103.8
9,MINISTERIO DE EDUCACIÓN,GASTOS ADMINISTRATIVOS COSTA CENTRAL,35,SALDO FINAL DE CAJA,10.0,10.0,0.0,-10.0,-100.0,-103.8
9,MINISTERIO DE EDUCACIÓN,MEJORAMIENTO DE LA CALIDAD DE LA EDUCACIÓN,35,SALDO FINAL DE CAJA,10.0,10.0,0.0,-10.0,-100.0,-103.8
9,MINISTERIO DE EDUCACIÓN,GASTOS ADMINISTRATIVOS MAIPO SUR,35,SALDO FINAL DE CAJA,10.0,10.0,0.0,-10.0,-100.0,-103.8
9,MINISTERIO DE EDUCACIÓN,CONSEJO DE RECTORES,35,SALDO FINAL DE CAJA,10.0,10.0,0.0,-10.0,-100.0,-103.8
9,MINISTERIO DE EDUCACIÓN,GASTOS ADMINISTRATIVOS LITORAL,35,SALDO FINAL DE CAJA,10.0,10.0,0.0,-10.0,-100.0,-103.8
9,MINISTERIO DE EDUCACIÓN,GASTOS ADMINISTRATIVOS ANTOFAGASTA,35,SALDO FINAL DE CAJA,10.0,10.0,0.0,-10.0,-100.0,-103.8
9,MINISTERIO DE EDUCACIÓN,GASTOS ADMINISTRATIVOS VALPARAÍSO,35,SALDO FINAL DE CAJA,10.0,10.0,0.0,-10.0,-100.0,-103.8
9,MINISTERIO DE EDUCACIÓN,GASTOS ADMINISTRATIVOS ARAUCO NORTE,35,SALDO FINAL DE CAJA,10.0,10.0,0.0,-10.0,-100.0,-103.8
9,MINISTERIO DE EDUCACIÓN,GASTOS ADMINISTRATIVOS CHACABUCO,35,SALDO FINAL DE CAJA,10.0,10.0,0.0,-10.0,-100.0,-103.8
9,MINISTERIO DE EDUCACIÓN,GASTOS ADMINISTRATIVOS COSTA COLCHAGUA,35,SALDO FINAL DE CAJA,10.0,10.0,0.0,-10.0,-100.0,-103.8
9,MINISTERIO DE EDUCACIÓN,PROGRAMAS ALTERNATIVOS DE ENSEÑANZA PRE-ESCOLAR,35,SALDO FINAL DE CAJA,10.0,10.0,0.0,-10.0,-100.0,-103.8
9,MINISTERIO DE EDUCACIÓN,SUPERINTENDENCIA DE EDUCACIÓN,35,SALDO FINAL DE CAJA,10.0,10.0,0.0,-10.0,-100.0,-103.8
9,MINISTERIO DE EDUCACIÓN,GASTOS ADMINISTRATIVOS LOS COPIHUES,35,SALDO FINAL DE CAJA,10.0,10.0,0.0,-10.0,-100.0,-103.8
9,MINISTERIO DE EDUCACIÓN,GASTOS ADMINISTRATIVOS ACONCAGUA,35,SALDO FINAL DE CAJA,10.0,10.0,0.0,-10.0,-100.0,-103.8
9,MINISTERIO DE EDUCACIÓN,GASTOS ADMINISTRATIVOS TAMARUGAL,35,SALDO FINAL DE CAJA,10.0,10.0,0.0,-10.0,-100.0,-103.8
9,MINISTERIO DE EDUCACIÓN,GASTOS ADMINISTRATIVOS HANGA ROA,35,SALDO FINAL DE CAJA,10.0,10.0,0.0,-10.0,-100.0,-103.8
9,MINISTERIO DE EDUCACIÓN,GASTOS ADMINISTRATIVOS CACHAPOAL NORTE,35,SALDO FINAL DE CAJA,10.0,10.0,0.0,-10.0,-100.0,-103.8
9,MINISTERIO DE EDUCACIÓN,GASTOS ADMINISTRATIVOS ELQUI,35,SALDO FINAL DE CAJA,10.0,10.0,0.0,-10.0,-100.0,-103.8
9,MINISTERIO DE EDUCACIÓN,GASTOS ADMINISTRATIVOS PUELCHE,35,SALDO FINAL DE CAJA,10.0,10.0,0.0,-10.0,-100.0,-103.8
9,MINISTERIO DE EDUCACIÓN,FORTALECIMIENTO DE LA EDUCACIÓN ESCOLAR PÚBLICA,35,SALDO FINAL DE CAJA,10.0,10.0,0.0,-10.0,-100.0,-103.8
9,MINISTERIO DE EDUCACIÓN,GASTOS ADMINISTRATIVOS CACHAPOAL COSTA,35,SALDO FINAL DE CAJA,10.0,10.0,0.0,-10.0,-100.0,-103.8
9,MINISTERIO DE EDUCACIÓN,SALUD ESCOLAR,35,SALDO FINAL DE CAJA,10.0,10.0,0.0,-10.0,-100.0,-103.8
9,MINISTERIO DE EDUCACIÓN,GASTOS ADMINISTRATIVOS COLCHAGUA,35,SALDO FINAL DE CAJA,10.0,10.0,0.0,-10.0,-100.0,-103.8
9,MINISTERIO DE EDUCACIÓN,GASTOS ADMINISTRATIVOS CAUTÍN SUR,35,SALDO FINAL DE CAJA,10.0,10.0,0.0,-10.0,-100.0,-103.8
9,MINISTERIO DE EDUCACIÓN,GASTOS ADMINISTRATIVOS PUNILLA CORDILLERA,35,SALDO FINAL DE CAJA,10.0,10.0,0.0,-10.0,-100.0,-103.8
9,MINISTERIO DE EDUCACIÓN,DIRECCIÓN DE EDUCACIÓN PÚBLICA,35,SALDO FINAL DE CAJA,10.0,10.0,0.0,-10.0,-100.0,-103.8
9,MINISTERIO DE EDUCACIÓN,SUBSECRETARÍA DE EDUCACIÓN,35,SALDO FINAL DE CAJA,10.0,10.0,0.0,-10.0,-100.0,-103.8
9,MINISTERIO DE EDUCACIÓN,GASTOS ADMINISTRATIVOS LOS ANDES,35,SALDO FINAL DE CAJA,10.0,10.0,0.0,-10.0,-100.0,-103.8
9,MINISTERIO DE EDUCACIÓN,CONSEJO NACIONAL DE EDUCACIÓN,35,SALDO FINAL DE CAJA,10.0,10.0,0.0,-10.0,-100.0,-103.8
9,MINISTERIO DE EDUCACIÓN,GASTOS ADMINISTRATIVOS VALLE DIGUILLÍN,35,SALDO FINAL DE CAJA,10.0,10.0,0.0,-10.0,-100.0,-103.8
9,MINISTERIO DE EDUCACIÓN,GASTOS ADMINISTRATIVOS ATACAMA,35,SALDO FINAL DE CAJA,10.0,10.0,0.0,-10.0,-100.0,-103.8
9,MINISTERIO DE EDUCACIÓN,GASTOS ADMINISTRATIVOS AYSÉN,35,SALDO FINAL DE CAJA,10.0,10.0,0.0,-10.0,-100.0,-103.8
9,MINISTERIO DE EDUCACIÓN,GASTOS ADMINISTRATIVOS DEL PINO,35,SALDO FINAL DE CAJA,10.0,10.0,0.0,-10.0,-100.0,-103.8
9,MINISTERIO DE EDUCACIÓN,SUBSECRETARÍA DE EDUCACIÓN PARVULARIA,35,SALDO FINAL DE CAJA,10.0,10.0,0.0,-10.0,-100.0,-103.8
9,MINISTERIO DE EDUCACIÓN,GASTOS ADMINISTRATIVOS CHINCHORRO,35,SALDO FINAL DE CAJA,10.0,10.0,0.0,-10.0,-100.0,-103.8
9,MINISTERIO DE EDUCACIÓN,GASTOS ADMINISTRATIVOS PETORCA,35,SALDO FINAL DE CAJA,10.0,10.0,0.0,-10.0,-100.0,-103.8
9,MINISTERIO DE EDUCACIÓN,GASTOS ADMINISTRATIVOS BARRANCAS,35,SALDO FINAL DE CAJA,10.0,10.0,0.0,-10.0,-100.0,-103.8
9,MINISTERIO DE EDUCACIÓN,GASTOS ADMINISTRATIVOS VALDIVIA,35,SALDO FINAL DE CAJA,10.0,10.0,0.0,-10.0,-100.0,-103.8
9,MINISTERIO DE EDUCACIÓN,GASTOS ADMINISTRATIVOS CHOAPA,35,SALDO FINAL DE CAJA,10.0,10.0,0.0,-10.0,-100.0,-103.8
9,MINISTERIO DE EDUCACIÓN,GASTOS ADMINISTRATIVOS LOS CEREZOS,35,SALDO FINAL DE CAJA,10.0,10.0,0.0,-10.0,-100.0,-103.8
9,MINISTERIO DE EDUCACIÓN,JUNTA NACIONAL DE JARDINES INFANTILES,35,SALDO FINAL DE CAJA,10.0,10.0,0.0,-10.0,-100.0,-103.8
9,MINISTERIO DE EDUCACIÓN,GASTOS ADMINISTRATIVOS VALLE CACHAPOAL,35,SALDO FINAL DE CAJA,10.0,10.0,0.0,-10.0,-100.0,-103.8
9,MINISTERIO DE EDUCACIÓN,GASTOS ADMINISTRATIVOS LIMARÍ,35,SALDO FINAL DE CAJA,10.0,10.0,0.0,-10.0,-100.0,-103.8
9,MINISTERIO DE EDUCACIÓN,GASTOS ADMINISTRATIVOS LOS ÁLAMOS,35,SALDO FINAL DE CAJA,10.0,10.0,0.0,-10.0,-100.0,-103.8
9,MINISTERIO DE EDUCACIÓN,DESARROLLO PROFESIONAL DOCENTE Y DIRECTIVO,35,SALDO FINAL DE CAJA,10.0,10.0,0.0,-10.0,-100.0,-103.8
9,MINISTERIO DE EDUCACIÓN,RECURSOS EDUCATIVOS,35,SALDO FINAL DE CAJA,10.0,10.0,0.0,-10.0,-100.0,-103.8
9,MINISTERIO DE EDUCACIÓN,GASTOS ADMINISTRATIVOS CAUTÍN NORTE,35,SALDO FINAL DE CAJA,10.0,10.0,0.0,-10.0,-100.0,-103.8
9,MINISTERIO DE EDUCACIÓN,GASTOS ADMINISTRATIVOS LICANCABUR,35,SALDO FINAL DE CAJA,10.0,10.0,0.0,-10.0,-100.0,-103.8
9,MINISTERIO DE EDUCACIÓN,GASTOS ADMINISTRATIVOS LLANQUIHUE,35,SALDO FINAL DE CAJA,10.0,10.0,0.0,-10.0,-100.0,-103.8
9,MINISTERIO DE EDUCACIÓN,GASTOS ADMINISTRATIVOS SANTA ROSA,35,SALDO FINAL DE CAJA,10.0,10.0,0.0,-10.0,-100.0,-103.8
9,MINISTERIO DE EDUCACIÓN,JUNTA NACIONAL DE AUXILIO ESCOLAR Y BECAS,35,SALDO FINAL DE CAJA,10.0,10.0,0.0,-10.0,-100.0,-103.8
9,MINISTERIO DE EDUCACIÓN,GASTOS ADMINISTRATIVOS LA QUEBRADA,35,SALDO FINAL DE CAJA,10.0,10.0,0.0,-10.0,-100.0,-103.8
9,MINISTERIO DE EDUCACIÓN,GASTOS ADMINISTRATIVOS SANTA CORINA,35,SALDO FINAL DE CAJA,10.0,10.0,0.0,-10.0,-100.0,-103.8
9,MINISTERIO DE EDUCACIÓN,GASTOS ADMINISTRATIVOS PUERTO CORDILLERA,35,SALDO FINAL DE CAJA,10.0,10.0,0.0,-10.0,-100.0,-103.8
31,FINANCIAMIENTO GOBIERNOS REGIONALES,GOBIERNO REGIONAL REGIÓN DEL LIBERTADOR GENERAL BERNARDO O'HIGGINS,34,SERVICIO DE LA DEUDA,0.0,4100518.0,0.0,0.0,,
31,FINANCIAMIENTO GOBIERNOS REGIONALES,GOBIERNO REGIONAL REGIÓN DE LOS LAGOS,34,SERVICIO DE LA DEUDA,0.0,28024044.0,0.0,0.0,,
31,FINANCIAMIENTO GOBIERNOS REGIONALES,GOBIERNO REGIONAL REGIÓN DE COQUIMBO,34,SERVICIO DE LA DEUDA,0.0,17828608.0,0.0,0.0,,
31,FINANCIAMIENTO GOBIERNOS REGIONALES,GOBIERNO REGIONAL REGIÓN DEL BIOBÍO,34,SERVICIO DE LA DEUDA,0.0,7170562.0,0.0,0.0,,
31,FINANCIAMIENTO GOBIERNOS REGIONALES,GOBIERNO REGIONAL REGIÓN DE ARICA Y PARINACOTA,34,SERVICIO DE LA DEUDA,0.0,9729222.0,0.0,0.0,,
31,FINANCIAMIENTO GOBIERNOS REGIONALES,GOBIERNO REGIONAL REGIÓN DE ÑUBLE,34,SERVICIO DE LA DEUDA,0.0,3835646.0,0.0,0.0,,
9,MINISTERIO DE EDUCACIÓN,GASTOS ADMINISTRATIVOS LICANCABUR,26,OTROS GASTOS CORRIENTES,0.0,6210.0,0.0,0.0,,
31,FINANCIAMIENTO GOBIERNOS REGIONALES,GOBIERNO REGIONAL REGIÓN DE TARAPACÁ,34,SERVICIO DE LA DEUDA,0.0,25946580.0,0.0,0.0,,
31,FINANCIAMIENTO GOBIERNOS REGIONALES,GOBIERNO REGIONAL REGIÓN DE LA ARAUCANÍA,34,SERVICIO DE LA DEUDA,0.0,19987238.0,0.0,0.0,,
31,FINANCIAMIENTO GOBIERNOS REGIONALES,GOBIERNO REGIONAL REGIÓN DEL MAULE,34,SERVICIO DE LA DEUDA,0.0,782082.0,0.0,0.0,,
31,FINANCIAMIENTO GOBIERNOS REGIONALES,GOBIERNO REGIONAL REGIÓN DE LOS RÍOS,34,SERVICIO DE LA DEUDA,0.0,16849682.0,0.0,0.0,,
9,MINISTERIO DE EDUCACIÓN,MINISTERIO DE EDUCACIÓN,35,Saldo Final de Caja 50 10 10 10 30 30,0.0,0.0,10.0,10.0,,
9,MINISTERIO DE EDUCACIÓN,MINISTERIO DE EDUCACIÓN,23,Prestaciones de Seguridad Social 10 10 10 10 10 60,0.0,0.0,10.0,10.0,,
9,MINISTERIO DE EDUCACIÓN,MINISTERIO DE EDUCACIÓN,34,Servicio de la Deuda 50 10 10 10 30 7.762.807,0.0,0.0,10.0,10.0,,
31,FINANCIAMIENTO GOBIERNOS REGIONALES,FINANCIAMIENTO GOBIERNOS REGIONALES,98,. 010 .,0.0,0.0,11.0,11.0,,
9,MINISTERIO DE EDUCACIÓN,MINISTERIO DE EDUCACIÓN,25,Integros al Fisco 1.597 20 20 20 20 60,0.0,0.0,20.0,20.0,,
31,FINANCIAMIENTO GOBIERNOS REGIONALES,Fundac i ón Las Rosas se entenderá como beneficiaria final de los recursos a,45,.,0.0,0.0,38.0,38.0,,
29,"MINISTERIO DE LAS CULTURAS, LAS ARTES Y EL PATRIMONIO","MINISTERIO DE LAS CULTURAS, LAS ARTES Y EL PATRIMONIO",23,Prestaciones de Seguridad Social 20 10,0.0,0.0,40.0,40.0,,
31,FINANCIAMIENTO GOBIERNOS REGIONALES,a) Dotación máxima de personal,40,. 7,0.0,0.0,42.0,42.0,,
29,"MINISTERIO DE LAS CULTURAS, LAS ARTES Y EL PATRIMONIO","MINISTERIO DE LAS CULTURAS, LAS ARTES Y EL PATRIMONIO",34,Servicio de la Deuda 50 10,0.0,0.0,50.0,50.0,,
29,"MINISTERIO DE LAS CULTURAS, LAS ARTES Y EL PATRIMONIO","MINISTERIO DE LAS CULTURAS, LAS ARTES Y EL PATRIMONIO",35,Saldo Final de Caja 50 10,0.0,0.0,50.0,50.0,,
29,"MINISTERIO DE LAS CULTURAS, LAS ARTES Y EL PATRIMONIO","MINISTERIO DE LAS CULTURAS, LAS ARTES Y EL PATRIMONIO",23,Prestaciones de Seguridad Social,0.0,0.0,70.0,70.0,,
29,"MINISTERIO DE LAS CULTURAS, LAS ARTES Y EL PATRIMONIO","MINISTERIO DE LAS CULTURAS, LAS ARTES Y EL PATRIMONIO",23,PRESTACIONES DE SEGURIDAD SOCIAL,0.0,0.0,70.0,70.0,,
31,FINANCIAMIENTO GOBIERNOS REGIONALES,Miles de S,23,.,0.0,0.0,85.0,85.0,,
31,FINANCIAMIENTO GOBIERNOS REGIONALES,a ) Dotación máxima de personal,74,.,0.0,0.0,102.0,102.0,,
31,FINANCIAMIENTO GOBIERNOS REGIONALES,FINANCIAMIENTO GOBIERNOS REGIONALES,88,.,0.0,0.0,104.0,104.0,,
31,FINANCIAMIENTO GOBIERNOS REGIONALES,Fundac i ón Las Rosas se entenderá como beneficiaria final de los recursos a,30,.,0.0,0.0,105.0,105.0,,
29,"MINISTERIO DE LAS CULTURAS, LAS ARTES Y EL PATRIMONIO","MINISTERIO DE LAS CULTURAS, LAS ARTES Y EL PATRIMONIO",34,Servicio de la Deuda,0.0,0.0,110.0,110.0,,
29,"MINISTERIO DE LAS CULTURAS, LAS ARTES Y EL PATRIMONIO","MINISTERIO DE LAS CULTURAS, LAS ARTES Y EL PATRIMONIO",34,SERVICIO DE LA DEUDA,0.0,0.0,110.0,110.0,,
29,"MINISTERIO DE LAS CULTURAS, LAS ARTES Y EL PATRIMONIO","MINISTERIO DE LAS CULTURAS, LAS ARTES Y EL PATRIMONIO",35,Saldo Final de Caja,0.0,0.0,110.0,110.0,,
29,"MINISTERIO DE LAS CULTURAS, LAS ARTES Y EL PATRIMONIO","MINISTERIO DE LAS CULTURAS, LAS ARTES Y EL PATRIMONIO",35,SALDO FINAL DE CAJA,0.0,0.0,110.0,110.0,,
31,FINANCIAMIENTO GOBIERNOS REGIONALES,a) Dotación máxima de personal,61,.,0.0,0.0,113.0,113.0,,
31,FINANCIAMIENTO GOBIERNOS REGIONALES,Fundac i ón Las Rosas se entenderá como beneficiaria final de los recursos a,61,.,0.0,0.0,113.0,113.0,,
31,FINANCIAMIENTO GOBIERNOS REGIONALES,a ) Dotación máxima de personal,45,.,0.0,0.0,117.0,117.0,,
31,FINANCIAMIENTO GOBIERNOS REGIONALES,Fundac i ón Las Rosas se entenderá como beneficiaria final de los recursos a,54,.,0.0,0.0,125.0,125.0,,
31,FINANCIAMIENTO GOBIERNOS REGIONALES,Miles de$,44,.,0.0,0.0,134.0,134.0,,
29,"MINISTERIO DE LAS CULTURAS, LAS ARTES Y EL PATRIMONIO","MINISTERIO DE LAS CULTURAS, LAS ARTES Y EL PATRIMONIO",99,Otros Integros al Fisco,0.0,0.0,160.0,160.0,,
31,FINANCIAMIENTO GOBIERNOS REGIONALES,FINANCIAMIENTO GOBIERNOS REGIONALES,83,. 995 .,0.0,0.0,215.0,215.0,,
31,FINANCIAMIENTO GOBIERNOS REGIONALES,FINANCIAMIENTO GOBIERNOS REGIONALES,35,. 602 l. 978 . 096 l. 257 . 972 1 . 869 .,0.0,0.0,244.0,244.0,,
31,FINANCIAMIENTO GOBIERNOS REGIONALES,FINANCIAMIENTO GOBIERNOS REGIONALES,35,. 497.185 8 . 874 . 761 5 . 830 . 029 10 . 923 .,0.0,0.0,246.0,246.0,,
31,FINANCIAMIENTO GOBIERNOS REGIONALES,a) Dotación máxima de personal,60,.,0.0,0.0,327.0,327.0,,
31,FINANCIAMIENTO GOBIERNOS REGIONALES,FINANCIAMIENTO GOBIERNOS REGIONALES,89,. 211.,0.0,0.0,356.0,356.0,,
31,FINANCIAMIENTO GOBIERNOS REGIONALES,Miles de$,71,.,0.0,0.0,358.0,358.0,,
31,FINANCIAMIENTO GOBIERNOS REGIONALES,a ) Dotación máxima de personal,82,.,0.0,0.0,364.0,364.0,,
31,FINANCIAMIENTO GOBIERNOS REGIONALES,Fundac i ón Las Rosas se entenderá como beneficiaria final de los recursos a,57,.,0.0,0.0,376.0,376.0,,
31,FINANCIAMIENTO GOBIERNOS REGIONALES,a) Dotación máxima de personal,23,.,0.0,0.0,414.0,414.0,,
31,FINANCIAMIENTO GOBIERNOS REGIONALES,FINANCIAMIENTO GOBIERNOS REGIONALES,75,. 617 .,0.0,0.0,419.0,419.0,,
31,FINANCIAMIENTO GOBIERNOS REGIONALES,Miles de S,33,.,0.0,0.0,449.0,449.0,,
31,FINANCIAMIENTO GOBIERNOS REGIONALES,FINANCIAMIENTO GOBIERNOS REGIONALES,44,. 008 . 843 11.002.788 6 . 789 . 803 13 . 542 .,0.0,0.0,466.0,466.0,,
31,FINANCIAMIENTO GOBIERNOS REGIONALES,a ) Dotación máxima de personal,26,.,0.0,0.0,481.0,481.0,,
31,FINANCIAMIENTO GOBIERNOS REGIONALES,Miles de$,26,.,0.0,0.0,481.0,481.0,,
31,FINANCIAMIENTO GOBIERNOS REGIONALES,Miles de S,71,.,0.0,0.0,495.0,495.0,,
31,FINANCIAMIENTO GOBIERNOS REGIONALES,Miles de$,56,.,0.0,0.0,502.0,502.0,,
31,FINANCIAMIENTO GOBIERNOS REGIONALES,FINANCIAMIENTO GOBIERNOS REGIONALES,83,. 780 .,0.0,0.0,507.0,507.0,,
31,FINANCIAMIENTO GOBIERNOS REGIONALES,FINANCIAMIENTO GOBIERNOS REGIONALES,45,.,0.0,0.0,512.0,512.0,,
31,FINANCIAMIENTO GOBIERNOS REGIONALES,FINANCIAMIENTO GOBIERNOS REGIONALES,29,.,0.0,0.0,534.0,534.0,,
31,FINANCIAMIENTO GOBIERNOS REGIONALES,Fundac i ón Las Rosas se entenderá como beneficiaria final de los recursos a,63,.,0.0,0.0,552.0,552.0,,
31,FINANCIAMIENTO GOBIERNOS REGIONALES,a ) Dotación máxima de personal,30,.,0.0,0.0,557.0,557.0,,
31,FINANCIAMIENTO GOBIERNOS REGIONALES,"servicios urbanos a escala metropolitana que incluye, e ntre otras, proyectos de",30,.,0.0,0.0,557.0,557.0,,
31,FINANCIAMIENTO GOBIERNOS REGIONALES,FINANCIAMIENTO GOBIERNOS REGIONALES,73,. 079 .,0.0,0.0,599.0,599.0,,
31,FINANCIAMIENTO GOBIERNOS REGIONALES,a) Dotación máxima de personal,70,.,0.0,0.0,615.0,615.0,,
31,FINANCIAMIENTO GOBIERNOS REGIONALES,Miles de$,30,.,0.0,0.0,642.0,642.0,,
31,FINANCIAMIENTO GOBIERNOS REGIONALES,FINANCIAMIENTO GOBIERNOS REGIONALES,36,.,0.0,0.0,710.0,710.0,,
31,FINANCIAMIENTO GOBIERNOS REGIONALES,Miles de S,94,.,0.0,0.0,748.0,748.0,,
31,FINANCIAMIENTO GOBIERNOS REGIONALES,FINANCIAMIENTO GOBIERNOS REGIONALES,28,.,0.0,0.0,783.0,783.0,,
31,FINANCIAMIENTO GOBIERNOS REGIONALES,a) Dotación máxima de personal,47,.,0.0,0.0,822.0,822.0,,
31,FINANCIAMIENTO GOBIERNOS REGIONALES,a) Dotación máxima de personal,45,.,0.0,0.0,835.0,835.0,,
31,FINANCIAMIENTO GOBIERNOS REGIONALES,FINANCIAMIENTO GOBIERNOS REGIONALES,76,. 810 .,0.0,0.0,847.0,847.0,,
31,FINANCIAMIENTO GOBIERNOS REGIONALES,a) Dotación máxima de personal,40,.,0.0,0.0,854.0,854.0,,
31,FINANCIAMIENTO GOBIERNOS REGIONALES,Miles de$,83,.,0.0,0.0,856.0,856.0,,
31,FINANCIAMIENTO GOBIERNOS REGIONALES,Fundac i ón Las Rosas se entenderá como beneficiaria final de los recursos a,73,.,0.0,0.0,863.0,863.0,,
31,FINANCIAMIENTO GOBIERNOS REGIONALES,Miles de$,41,.,0.0,0.0,870.0,870.0,,
31,FINANCIAMIENTO GOBIERNOS REGIONALES,"servicios urbanos a escala metropolitana que incluye, e ntre otras, proyectos de",45,.,0.0,0.0,875.0,875.0,,
31,FINANCIAMIENTO GOBIERNOS REGIONALES,a) Dotación máxima de personal,79,.,0.0,0.0,880.0,880.0,,
31,FINANCIAMIENTO GOBIERNOS REGIONALES,a) Dotación máxima de personal,56,.,0.0,0.0,890.0,890.0,,
31,FINANCIAMIENTO GOBIERNOS REGIONALES,a ) Dotación máxima de personal,23,.,0.0,0.0,911.0,911.0,,
31,FINANCIAMIENTO GOBIERNOS REGIONALES,Miles de$,50,.,0.0,0.0,928.0,928.0,,
31,FINANCIAMIENTO GOBIERNOS REGIONALES,FINANCIAMIENTO GOBIERNOS REGIONALES,78,. 276 .,0.0,0.0,941.0,941.0,,
31,FINANCIAMIENTO GOBIERNOS REGIONALES,Fundac i ón Las Rosas se entenderá como beneficiaria final de los recursos a,24,.,0.0,0.0,956.0,956.0,,
31,FINANCIAMIENTO GOBIERNOS REGIONALES,Fundac i ón Las Rosas se entenderá como beneficiaria final de los recursos a,72,.,0.0,0.0,959.0,959.0,,
31,FINANCIAMIENTO GOBIERNOS REGIONALES,Miles de$,35,.,0.0,0.0,973.0,973.0,,
31,FINANCIAMIENTO GOBIERNOS REGIONALES,Miles de$,65,.,0.0,0.0,990.0,990.0,,
31,FINANCIAMIENTO GOBIERNOS REGIONALES,a) Dotación máxima de personal,25,.,0.0,0.0,1272.0,1272.0,,
9,MINISTERIO DE EDUCACIÓN,MINISTERIO DE EDUCACIÓN,35,SALDO FINAL DE CAJA,0.0,0.0,1340.0,1340.0,,
9,MINISTERIO DE EDUCACIÓN,MINISTERIO DE EDUCACIÓN,35,Saldo Final de Caja 1.340 -,0.0,0.0,1340.0,1340.0,,
31,FINANCIAMIENTO GOBIERNOS REGIONALES,a) Dotación máxima de personal,73,.,0.0,0.0,1438.0,1438.0,,
9,MINISTERIO DE EDUCACIÓN,MINISTERIO DE EDUCACIÓN,99,Otros Integros al Fisco,0.0,0.0,2530.0,2530.0,,
29,"MINISTERIO DE LAS CULTURAS, LAS ARTES Y EL PATRIMONIO","MINISTERIO DE LAS CULTURAS, LAS ARTES Y EL PATRIMONIO",25,Integros al Fisco 70 20,0.0,0.0,3070.0,3070.0,,
29,"MINISTERIO DE LAS CULTURAS, LAS ARTES Y EL PATRIMONIO","MINISTERIO DE LAS CULTURAS, LAS ARTES Y EL PATRIMONIO",25,INTEGROS AL FISCO,0.0,0.0,3160.0,3160.0,,
29,"MINISTERIO DE LAS CULTURAS, LAS ARTES Y EL PATRIMONIO","MINISTERIO DE LAS CULTURAS, LAS ARTES Y EL PATRIMONIO",25,Integros al Fisco,0.0,0.0,3160.0,3160.0,,
9,MINISTERIO DE EDUCACIÓN,MINISTERIO DE EDUCACIÓN,25,Integros al Fisco 4.097 -,0.0,0.0,4097.0,4097.0,,
9,MINISTERIO DE EDUCACIÓN,MINISTERIO DE EDUCACIÓN,25,INTEGROS AL FISCO,0.0,0.0,4097.0,4097.0,,
9,MINISTERIO DE EDUCACIÓN,MINISTERIO DE EDUCACIÓN,29,Adquisición de Activos No Financieros 3.717.420 326.170 592.783 46.663 1.215.030 3.158.470,0.0,0.0,4242.0,4242.0,,
31,FINANCIAMIENTO GOBIERNOS REGIONALES,FINANCIAMIENTO GOBIERNOS REGIONALES,32,1.673 . 464 l. 092 . 001,0.0,0.0,12123.0,12123.0,,
9,MINISTERIO DE EDUCACIÓN,MINISTERIO DE EDUCACIÓN,22,Bienes y Servicios de Consumo 12.997.826 7.587.010 1.669.679 822.707 6.049.967 55.202.344,0.0,0.0,78824.0,78824.0,,
31,FINANCIAMIENTO GOBIERNOS REGIONALES,FINANCIAMIENTO GOBIERNOS REGIONALES,42,. 394 1 . 982.067 526 . 899,0.0,0.0,100197.0,100197.0,,
29,"MINISTERIO DE LAS CULTURAS, LAS ARTES Y EL PATRIMONIO","MINISTERIO DE LAS CULTURAS, LAS ARTES Y EL PATRIMONIO",29,ADQUISICIÓN DE ACTIVOS NO FINANCIEROS 04,0.0,0.0,123664.0,123664.0,,
9,MINISTERIO DE EDUCACIÓN,MINISTERIO DE EDUCACIÓN,99,Otros Activos no Financieros,0.0,0.0,295621.0,295621.0,,
9,MINISTERIO DE EDUCACIÓN,MINISTERIO DE EDUCACIÓN,21,Gastos en Personal 117.698.572 37.553.581 18.188.453 5.478.038 33.361.419 392.079.677,0.0,0.0,478403.0,478403.0,,
29,"MINISTERIO DE LAS CULTURAS, LAS ARTES Y EL PATRIMONIO","MINISTERIO DE LAS CULTURAS, LAS ARTES Y EL PATRIMONIO",99,Otros,0.0,0.0,596794.0,596794.0,,
29,"MINISTERIO DE LAS CULTURAS, LAS ARTES Y EL PATRIMONIO","MINISTERIO DE LAS CULTURAS, LAS ARTES Y EL PATRIMONIO",22,"BIENES Y SERVICIOS DE CONSUMO 03, 04",0.0,0.0,1440781.0,1440781.0,,
29,"MINISTERIO DE LAS CULTURAS, LAS ARTES Y EL PATRIMONIO","MINISTERIO DE LAS CULTURAS, LAS ARTES Y EL PATRIMONIO",22,BIENES Y SERVICIOS DE CONSUMO,0.0,0.0,1809372.0,1809372.0,,
9,MINISTERIO DE EDUCACIÓN,MINISTERIO DE EDUCACIÓN,22,BIENES Y SERVICIOS DE CONSUMO 02,0.0,0.0,2305259.0,2305259.0,,
29,"MINISTERIO DE LAS CULTURAS, LAS ARTES Y EL PATRIMONIO","MINISTERIO DE LAS CULTURAS, LAS ARTES Y EL PATRIMONIO",22,BIENES Y SERVICIOS DE CONSUMO 02,0.0,0.0,2639253.0,2639253.0,,
29,"MINISTERIO DE LAS CULTURAS, LAS ARTES Y EL PATRIMONIO","MINISTERIO DE LAS CULTURAS, LAS ARTES Y EL PATRIMONIO",29,Adquisición de Activos No Financieros 1.168.998 97.345,0.0,0.0,2761710.0,2761710.0,,
9,MINISTERIO DE EDUCACIÓN,MINISTERIO DE EDUCACIÓN,29,ADQUISICIÓN DE ACTIVOS NO FINANCIEROS 10,0.0,0.0,2975042.0,2975042.0,,
9,MINISTERIO DE EDUCACIÓN,MINISTERIO DE EDUCACIÓN,26,Otros Gastos Corrientes 3.372.086 -,0.0,0.0,3372086.0,3372086.0,,
9,MINISTERIO DE EDUCACIÓN,MINISTERIO DE EDUCACIÓN,26,OTROS GASTOS CORRIENTES,0.0,0.0,3372086.0,3372086.0,,
29,"MINISTERIO DE LAS CULTURAS, LAS ARTES Y EL PATRIMONIO","MINISTERIO DE LAS CULTURAS, LAS ARTES Y EL PATRIMONIO",29,ADQUISICIÓN DE ACTIVOS NO FINANCIEROS,0.0,0.0,3904389.0,3904389.0,,
29,"MINISTERIO DE LAS CULTURAS, LAS ARTES Y EL PATRIMONIO","MINISTERIO DE LAS CULTURAS, LAS ARTES Y EL PATRIMONIO",29,Adquisición de Activos No Financieros,0.0,0.0,4028053.0,4028053.0,,
9,MINISTERIO DE EDUCACIÓN,MINISTERIO DE EDUCACIÓN,23,PRESTACIONES DE SEGURIDAD SOCIAL,0.0,0.0,6070453.0,6070453.0,,
9,MINISTERIO DE EDUCACIÓN,MINISTERIO DE EDUCACIÓN,23,Prestaciones de Seguridad Social 6.070.453 -,0.0,0.0,6070453.0,6070453.0,,
29,"MINISTERIO DE LAS CULTURAS, LAS ARTES Y EL PATRIMONIO","MINISTERIO DE LAS CULTURAS, LAS ARTES Y EL PATRIMONIO",21,GASTOS EN PERSONAL 01,0.0,0.0,6079503.0,6079503.0,,
9,MINISTERIO DE EDUCACIÓN,MINISTERIO DE EDUCACIÓN,22,BIENES Y SERVICIOS DE CONSUMO 04,0.0,0.0,7813447.0,7813447.0,,
29,"MINISTERIO DE LAS CULTURAS, LAS ARTES Y EL PATRIMONIO","MINISTERIO DE LAS CULTURAS, LAS ARTES Y EL PATRIMONIO",24,TRANSFERENCIAS CORRIENTES 01,0.0,0.0,10023243.0,10023243.0,,
29,"MINISTERIO DE LAS CULTURAS, LAS ARTES Y EL PATRIMONIO","MINISTERIO DE LAS CULTURAS, LAS ARTES Y EL PATRIMONIO",33,Transferencias de Capital 5.925.292 -,0.0,0.0,18782734.0,18782734.0,,
9,MINISTERIO DE EDUCACIÓN,MINISTERIO DE EDUCACIÓN,21,GASTOS EN PERSONAL 01,0.0,0.0,21317060.0,21317060.0,,
9,MINISTERIO DE EDUCACIÓN,MINISTERIO DE EDUCACIÓN,99,Otros,0.0,0.0,22708375.0,22708375.0,,
29,"MINISTERIO DE LAS CULTURAS, LAS ARTES Y EL PATRIMONIO","MINISTERIO DE LAS CULTURAS, LAS ARTES Y EL PATRIMONIO",33,Transferencias de Capital,0.0,0.0,24708026.0,24708026.0,,
29,"MINISTERIO DE LAS CULTURAS, LAS ARTES Y EL PATRIMONIO","MINISTERIO DE LAS CULTURAS, LAS ARTES Y EL PATRIMONIO",33,TRANSFERENCIAS DE CAPITAL,0.0,0.0,24708026.0,24708026.0,,
29,"MINISTERIO DE LAS CULTURAS, LAS ARTES Y EL PATRIMONIO","MINISTERIO DE LAS CULTURAS, LAS ARTES Y EL PATRIMONIO",24,Transferencias Corrientes 189.491.296 12.159,0.0,0.0,25080541.0,25080541.0,,
29,"MINISTERIO DE LAS CULTURAS, LAS ARTES Y EL PATRIMONIO","MINISTERIO DE LAS CULTURAS, LAS ARTES Y EL PATRIMONIO",22,Bienes y Servicios de Consumo 8.672.312 1.440.781,0.0,0.0,27211364.0,27211364.0,,
29,"MINISTERIO DE LAS CULTURAS, LAS ARTES Y EL PATRIMONIO","MINISTERIO DE LAS CULTURAS, LAS ARTES Y EL PATRIMONIO",22,BIENES Y SERVICIOS DE CONSUMO 03,0.0,0.0,31435051.0,31435051.0,,
29,"MINISTERIO DE LAS CULTURAS, LAS ARTES Y EL PATRIMONIO","MINISTERIO DE LAS CULTURAS, LAS ARTES Y EL PATRIMONIO",22,Bienes y Servicios de Consumo,0.0,0.0,37324457.0,37324457.0,,
9,MINISTERIO DE EDUCACIÓN,MINISTERIO DE EDUCACIÓN,29,ADQUISICIÓN DE ACTIVOS NO FINANCIEROS,0.0,0.0,37998890.0,37998890.0,,
9,MINISTERIO DE EDUCACIÓN,MINISTERIO DE EDUCACIÓN,29,Adquisición de Activos No Financieros 40.973.932 -,0.0,0.0,40973932.0,40973932.0,,
9,MINISTERIO DE EDUCACIÓN,MINISTERIO DE EDUCACIÓN,21,GASTOS EN PERSONAL 03,0.0,0.0,46849490.0,46849490.0,,
9,MINISTERIO DE EDUCACIÓN,MINISTERIO DE EDUCACIÓN,33,Transferencias de Capital - 98.372.991 - 55.175.095 -,0.0,0.0,46860265.0,46860265.0,,
29,"MINISTERIO DE LAS CULTURAS, LAS ARTES Y EL PATRIMONIO","MINISTERIO DE LAS CULTURAS, LAS ARTES Y EL PATRIMONIO",31,Iniciativas de Inversión 2.114.090 -,0.0,0.0,47400543.0,47400543.0,,
29,"MINISTERIO DE LAS CULTURAS, LAS ARTES Y EL PATRIMONIO","MINISTERIO DE LAS CULTURAS, LAS ARTES Y EL PATRIMONIO",31,Iniciativas de Inversión,0.0,0.0,49514633.0,49514633.0,,
29,"MINISTERIO DE LAS CULTURAS, LAS ARTES Y EL PATRIMONIO","MINISTERIO DE LAS CULTURAS, LAS ARTES Y EL PATRIMONIO",31,INICIATIVAS DE INVERSIÓN,0.0,0.0,49514633.0,49514633.0,,
29,"MINISTERIO DE LAS CULTURAS, LAS ARTES Y EL PATRIMONIO","MINISTERIO DE LAS CULTURAS, LAS ARTES Y EL PATRIMONIO",21,Gastos en Personal 41.804.493 1.835.043,0.0,0.0,66716232.0,66716232.0,,
9,MINISTERIO DE EDUCACIÓN,MINISTERIO DE EDUCACIÓN,31,INICIATIVAS DE INVERSIÓN,0.0,0.0,71017412.0,71017412.0,,
9,MINISTERIO DE EDUCACIÓN,MINISTERIO DE EDUCACIÓN,31,Iniciativas de Inversión 71.017.412 -,0.0,0.0,71017412.0,71017412.0,,
9,MINISTERIO DE EDUCACIÓN,MINISTERIO DE EDUCACIÓN,33,TRANSFERENCIAS DE CAPITAL 09,0.0,0.0,98372991.0,98372991.0,,
29,"MINISTERIO DE LAS CULTURAS, LAS ARTES Y EL PATRIMONIO","MINISTERIO DE LAS CULTURAS, LAS ARTES Y EL PATRIMONIO",21,GASTOS EN PERSONAL 02,0.0,0.0,104276265.0,104276265.0,,
29,"MINISTERIO DE LAS CULTURAS, LAS ARTES Y EL PATRIMONIO","MINISTERIO DE LAS CULTURAS, LAS ARTES Y EL PATRIMONIO",21,Gastos en Personal,0.0,0.0,110355768.0,110355768.0,,
9,MINISTERIO DE EDUCACIÓN,MINISTERIO DE EDUCACIÓN,33,TRANSFERENCIAS DE CAPITAL,0.0,0.0,134894941.0,134894941.0,,
9,MINISTERIO DE EDUCACIÓN,MINISTERIO DE EDUCACIÓN,33,Transferencias de Capital 233.267.932 93.720.531,0.0,0.0,139547401.0,139547401.0,,
29,"MINISTERIO DE LAS CULTURAS, LAS ARTES Y EL PATRIMONIO","MINISTERIO DE LAS CULTURAS, LAS ARTES Y EL PATRIMONIO",24,TRANSFERENCIAS CORRIENTES,0.0,0.0,204560753.0,204560753.0,,
29,"MINISTERIO DE LAS CULTURAS, LAS ARTES Y EL PATRIMONIO","MINISTERIO DE LAS CULTURAS, LAS ARTES Y EL PATRIMONIO",24,Transferencias Corrientes,0.0,0.0,214583996.0,214583996.0,,
9,MINISTERIO DE EDUCACIÓN,MINISTERIO DE EDUCACIÓN,34,SERVICIO DE LA DEUDA,0.0,0.0,372895446.0,372895446.0,,
9,MINISTERIO DE EDUCACIÓN,MINISTERIO DE EDUCACIÓN,34,Servicio de la Deuda 372.895.446 -,0.0,0.0,372895446.0,372895446.0,,
9,MINISTERIO DE EDUCACIÓN,MINISTERIO DE EDUCACIÓN,22,BIENES Y SERVICIOS DE CONSUMO 03,0.0,0.0,421915011.0,421915011.0,,
9,MINISTERIO DE EDUCACIÓN,MINISTERIO DE EDUCACIÓN,22,Bienes y Servicios de Consumo 432.033.717 -,0.0,0.0,432033717.0,432033717.0,,
9,MINISTERIO DE EDUCACIÓN,MINISTERIO DE EDUCACIÓN,30,Adquisición de Activos Financieros 489.335.511 -,0.0,0.0,489335511.0,489335511.0,,
9,MINISTERIO DE EDUCACIÓN,MINISTERIO DE EDUCACIÓN,30,ADQUISICIÓN DE ACTIVOS FINANCIEROS,0.0,0.0,489335511.0,489335511.0,,
9,MINISTERIO DE EDUCACIÓN,MINISTERIO DE EDUCACIÓN,24,Transferencias Corrientes 10 458.366.137 8.978.254 3.525.294.242 -,0.0,0.0,3136028815.0,3136028815.0,,
9,MINISTERIO DE EDUCACIÓN,MINISTERIO DE EDUCACIÓN,21,GASTOS EN PERSONAL 02,0.0,0.0,3527112026.0,3527112026.0,,
9,MINISTERIO DE EDUCACIÓN,MINISTERIO DE EDUCACIÓN,21,Gastos en Personal 3.595.278.576 -,0.0,0.0,3595278576.0,3595278576.0,,
9,MINISTERIO DE EDUCACIÓN,MINISTERIO DE EDUCACIÓN,24,TRANSFERENCIAS CORRIENTES 02,0.0,0.0,9502115519.0,9502115519.0,,
9,MINISTERIO DE EDUCACIÓN,MINISTERIO DE EDUCACIÓN,24,TRANSFERENCIAS CORRIENTES,0.0,0.0,9783950507.0,9783950507.0,,
9,MINISTERIO DE EDUCACIÓN,MINISTERIO DE EDUCACIÓN,24,Transferencias Corrientes 19.286.066.026 6.272.057.629,0.0,0.0,13014008397.0,13014008397.0,,
